cow_id,scan_number,day,conductivity_raw_mScm,temperature_C,conductivity_temp_adjusted_mScm,milk_pH,somatic_cell_count,milk_yield_L,clotting,as7343_F1,as7343_F2,as7343_FZ,as7343_F3,as7343_F4,as7343_F5,as7343_FY,as7343_FXL,as7343_F6,as7343_F7,as7343_F8,as7343_NIR,as7343_VIS,as7343_FD,conductivity_deviation,risk_label
C0001,1,3,4.73,35.37,4.742,6.485,153,18.06,0,1210,916,2684,2170,2843,3250,4202,4507,4237,4150,3742,2410,17931,1357,0.053,Healthy
C0001,2,6,4.838,35.44,4.844,6.481,144,17.57,0,1242,946,2607,2253,2923,3224,4502,4590,4312,4066,3648,2687,19339,1471,0.155,Healthy
C0001,3,9,4.704,35.23,4.728,6.47,134,17.02,0,1287,953,2743,2223,2864,3226,4251,4695,4372,4024,3487,2482,18705,1347,0.039,Healthy
C0001,4,12,4.589,35.27,4.609,6.491,159,17.19,0,1245,951,2555,2012,2921,3280,4278,4756,4562,4047,3556,2632,19479,1391,-0.08,Healthy
C0001,5,15,4.626,35.39,4.636,6.478,138,17.49,0,1131,849,2432,2018,2611,3142,4182,4765,4474,3748,3447,2516,17907,1359,-0.053,Healthy
C0001,6,18,4.62,35.53,4.617,6.506,147,16.77,0,1198,906,2648,2072,2856,3293,4283,4276,4363,3773,3676,2300,18617,1421,-0.072,Healthy
C0002,1,3,5.061,35.52,5.059,6.475,90,20.5,0,1021,825,2185,1839,2726,2883,3905,4221,3971,3619,3009,2129,16268,1255,0.37,Healthy
C0002,2,6,5.028,35.66,5.013,6.451,89,20.04,0,1092,818,2437,1827,2639,2901,3892,4374,4048,3789,3306,2228,17631,1316,0.324,Healthy
C0002,3,9,5.074,35.54,5.07,6.446,103,20.21,0,1079,839,2314,1995,2715,2859,3973,4590,4428,3993,3527,2358,17873,1348,0.381,Healthy
C0002,4,12,5.143,35.75,5.119,6.467,94,20.25,0,1124,819,2544,1961,2849,3157,4025,4471,4361,3700,3305,2391,18451,1398,0.43,Healthy
C0002,5,15,4.992,35.67,4.976,6.476,92,19.8,0,1050,842,2419,1944,2546,2982,3808,4359,4084,3775,3297,2237,16995,1220,0.287,Healthy
C0002,6,18,5.033,35.76,5.008,6.467,103,20.08,0,997,855,2435,1948,2694,2955,4007,4329,4140,3827,3201,2342,17550,1271,0.319,Healthy
C0004,1,3,4.506,36.21,4.445,6.691,80,23.49,0,1223,914,2529,2026,2529,3165,3831,4439,4229,4110,3426,2113,18386,1391,-0.244,Healthy
C0004,2,6,4.461,36.24,4.398,6.713,95,22.92,0,1207,942,2585,2000,2767,3283,4194,4915,4292,4035,3492,2358,17969,1289,-0.291,Healthy
C0004,3,9,4.559,36.15,4.503,6.702,107,22.8,0,1290,971,2681,2265,3025,3260,4208,4490,4658,4238,3555,2284,19704,1433,-0.186,Healthy
C0004,4,12,4.381,36.17,4.325,6.659,96,23.25,0,1159,835,2517,2035,2701,3114,4032,4544,4170,3974,3347,2169,17818,1287,-0.364,Healthy
C0004,5,15,4.374,36.26,4.311,6.674,88,24.27,0,1079,805,2518,1852,2669,2928,3741,4409,4047,3852,3113,2222,18009,1245,-0.378,Healthy
C0004,6,18,4.561,36.12,4.507,6.658,97,24.15,0,1245,911,2696,2006,2605,3240,4319,4741,4344,4126,3106,2230,18908,1511,-0.182,Healthy
C0005,1,3,5.026,35.52,5.024,6.57,132,23.24,0,1216,911,2411,2012,2815,3396,4243,4634,4339,4079,3733,2517,18336,1395,0.335,Healthy
C0005,2,6,5.025,35.49,5.026,6.566,136,24.02,0,1217,888,2545,2093,2992,3208,4471,4870,4515,4009,3569,2451,19475,1458,0.337,Healthy
C0005,3,9,5.187,35.5,5.187,6.541,132,24.23,0,1181,951,2562,2137,2848,3178,4326,4645,4441,4109,3721,2588,19374,1456,0.498,Healthy
C0005,4,12,5.116,35.39,5.127,6.576,149,24.11,0,1235,873,2512,2172,2841,3517,4129,4700,4581,4078,3872,2584,19225,1472,0.438,Healthy
C0005,5,15,4.975,35.4,4.984,6.558,134,23.49,0,1237,861,2587,2143,3061,3587,4302,4826,4644,3867,3527,2555,19119,1409,0.295,Healthy
C0005,6,18,5.028,35.53,5.025,6.555,142,24.63,0,1266,877,2608,2093,3001,3413,4290,4915,4278,3905,3808,2653,19547,1464,0.336,Healthy
C0006,1,3,4.693,35.99,4.649,6.696,99,22.84,0,1118,791,2385,2006,2661,3210,4099,4708,4411,3683,3446,2296,17690,1300,-0.04,Healthy
C0006,2,6,4.677,36.05,4.628,6.691,101,21.84,0,1047,798,2269,1872,2685,3005,4171,4598,4267,4099,2999,2223,18246,1346,-0.061,Healthy
C0006,3,9,4.651,35.96,4.61,6.682,109,22.79,0,1011,783,2225,1868,2610,3104,4254,4471,4255,4107,3363,2303,16930,1212,-0.079,Healthy
C0006,4,12,4.636,35.97,4.595,6.722,110,22.88,0,1037,732,2393,1841,2626,3041,3883,4407,4236,3966,3409,2251,17502,1322,-0.094,Healthy
C0006,5,15,4.492,35.98,4.451,6.71,112,22.86,0,1073,822,2371,1835,2737,3076,3856,4757,4246,3915,3265,2152,17588,1293,-0.238,Healthy
C0006,6,18,4.687,36.15,4.629,6.694,115,22.93,0,1119,769,2412,1907,2715,3330,4035,4730,4450,4190,3471,2345,17883,1328,-0.06,Healthy
C0007,1,3,4.783,35.65,4.769,6.436,169,20.94,0,1366,941,2925,2116,3420,3817,5026,5376,4824,4878,3870,2751,22068,1601,0.08,Healthy
C0007,2,6,4.929,35.54,4.925,6.391,169,21.44,0,1303,925,2857,2257,3447,3843,4936,5442,5089,4500,4151,2842,20530,1493,0.236,Healthy
C0007,3,9,4.788,35.72,4.768,6.391,167,21.01,0,1378,969,2906,2384,3311,3712,4596,5529,5119,4526,4018,2547,21937,1603,0.079,Healthy
C0007,4,12,5.074,35.72,5.053,6.377,156,20.99,0,1207,971,2793,2263,3337,3735,4791,5561,5188,4755,3988,2610,20795,1467,0.364,Healthy
C0007,5,15,4.781,35.66,4.766,6.366,177,21.33,0,1311,1034,2799,2269,3134,3918,5121,5212,4876,4605,3996,2666,21701,1561,0.077,Healthy
C0007,6,18,4.813,35.62,4.802,6.365,187,21.1,0,1278,1017,2911,2381,3520,3843,5033,5534,5101,4649,4099,2866,21525,1505,0.113,Healthy
C0009,1,3,4.669,35.68,4.653,6.677,146,15.42,0,1058,824,2530,2018,2791,3229,4108,4478,4121,3956,3567,2327,18589,1343,-0.036,Healthy
C0009,2,6,4.538,35.73,4.518,6.668,127,16.15,0,1126,833,2346,1876,2652,2910,3943,4290,4102,3786,3431,2425,17298,1357,-0.171,Healthy
C0009,3,9,4.546,35.72,4.527,6.696,136,16.55,0,1088,787,2457,1842,2685,3155,3966,4241,4458,4079,3513,2387,18246,1417,-0.162,Healthy
C0009,4,12,4.427,35.74,4.407,6.68,134,16.71,0,1130,788,2392,1902,2581,3230,3856,4264,3918,3891,3564,2305,17625,1357,-0.282,Healthy
C0009,5,15,4.638,35.73,4.618,6.676,133,16.3,0,1073,785,2414,1931,2749,3128,3925,4267,3940,3713,3406,2414,17282,1377,-0.071,Healthy
C0009,6,18,4.593,35.85,4.562,6.694,139,16.41,0,1040,818,2477,1828,2671,3195,4121,4282,4143,3899,3509,2411,18059,1405,-0.127,Healthy
C0010,1,3,4.762,35.71,4.743,6.724,184,26.1,0,1250,939,2904,2244,3048,3422,4340,5103,4828,4648,3945,2695,20653,1482,0.054,Healthy
C0010,2,6,4.629,35.62,4.618,6.752,193,26.2,0,1271,983,2977,2338,2822,3293,4388,4777,4947,4475,3759,2711,19942,1536,-0.071,Healthy
C0010,3,9,4.729,35.65,4.716,6.76,184,25.46,0,1366,1039,2871,2461,2862,3486,4495,5050,4895,4549,3704,2626,20798,1564,0.027,Healthy
C0010,4,12,4.647,35.69,4.63,6.724,187,25.52,0,1384,952,3001,2099,2923,3235,4193,5053,4495,4377,3726,2534,19768,1434,-0.059,Healthy
C0010,5,15,4.754,35.68,4.738,6.711,180,25.92,0,1291,971,2924,2355,3103,3288,4410,5280,4716,4483,3928,2790,20572,1493,0.049,Healthy
C0010,6,18,4.658,35.7,4.64,6.757,186,26.54,0,1321,972,2814,2232,3095,3332,4550,4939,4376,4197,3725,2512,20476,1446,-0.049,Healthy
C0012,1,3,4.623,35.75,4.601,6.663,141,22.87,0,1036,850,2518,2064,2823,3296,4016,4935,4240,3897,3858,2425,18375,1386,-0.088,Healthy
C0012,2,6,4.85,35.89,4.814,6.693,234,18.9,0,1335,934,2752,2247,2893,3573,4726,4786,5214,4464,4103,2958,20607,1470,0.125,Healthy
C0012,3,9,4.978,36.43,4.89,6.736,306,17.44,0,1325,992,2956,2277,3285,3587,4748,4878,4800,4677,4396,2961,20595,1535,0.201,Healthy
C0012,4,12,5.509,36.97,5.355,6.791,426,15.53,0,1515,1094,3496,2695,3565,4177,5019,5955,5361,5049,4872,3432,22266,1628,0.666,Subclinical
C0012,5,15,5.872,37.63,5.634,6.855,573,13.7,1,1914,1428,4110,3558,4539,5336,7121,7545,7202,6742,6489,4412,30103,1978,0.945,Clinical
C0012,6,18,6.29,38.37,5.947,6.93,762,10.8,1,1879,1476,4317,3356,4935,5726,7262,7587,7061,6715,6901,4234,32077,2095,1.258,Clinical
C0013,1,3,4.826,35.74,4.804,6.573,109,23.69,0,1111,799,2335,1862,2611,3055,3803,4233,3846,3806,3232,2331,17553,1317,0.115,Healthy
C0013,2,6,4.524,35.65,4.511,6.536,119,22.32,0,1114,844,2482,1998,2828,3075,4038,4282,4008,3443,3499,2206,17256,1269,-0.178,Healthy
C0013,3,9,4.593,35.66,4.579,6.593,123,23.24,0,1112,792,2511,2008,2610,2983,3811,4617,4202,3582,3452,2258,18131,1421,-0.11,Healthy
C0013,4,12,4.45,35.6,4.442,6.519,114,23.18,0,1146,837,2528,1912,2885,3166,3874,4669,4098,3850,3526,2389,17841,1313,-0.247,Healthy
C0013,5,15,4.49,35.65,4.477,6.55,113,22.73,0,1117,836,2421,1855,2718,3061,3917,4020,3970,3507,3573,2351,16480,1297,-0.212,Healthy
C0013,6,18,4.614,35.68,4.598,6.549,103,23.45,0,1108,763,2448,1822,2631,3075,3512,3858,3909,3488,3406,2097,16400,1185,-0.091,Healthy
C0014,1,3,4.139,35.77,4.118,6.719,89,17.7,0,962,766,2032,1761,2354,2830,3475,3879,3953,3647,3043,1918,16139,1203,-0.571,Healthy
C0014,2,6,4.08,35.87,4.051,6.692,93,18.19,0,938,722,2023,1685,2607,2852,3511,3907,3844,3598,2909,2009,15746,1167,-0.638,Healthy
C0014,3,9,4.097,35.8,4.074,6.65,91,17.15,0,959,684,2198,1614,2358,2658,3661,3909,3627,3799,2938,2156,15980,1173,-0.615,Healthy
C0014,4,12,4.314,35.83,4.287,6.742,98,18.46,0,974,713,2090,1687,2433,2819,3690,3971,3497,3497,3042,2044,15814,1197,-0.402,Healthy
C0014,5,15,4.137,35.77,4.116,6.665,81,18.4,0,984,714,1960,1708,2535,2729,3483,3894,3477,3441,2804,2147,15365,1212,-0.573,Healthy
C0014,6,18,4.085,35.76,4.065,6.68,107,18.74,0,900,722,2032,1654,2463,2833,3469,3761,3809,3446,2906,1968,15797,1288,-0.624,Healthy
C0015,1,3,4.77,35.59,4.762,6.668,177,20.7,0,1126,837,2461,2057,2707,3258,4217,4288,4053,3754,3534,2527,18268,1346,0.073,Healthy
C0015,2,6,4.911,35.87,4.876,6.709,178,19.14,0,1174,804,2354,2004,2905,3289,4159,4629,4229,3802,3435,2394,18263,1358,0.187,Healthy
C0015,3,9,5.051,36.35,4.969,6.767,255,15.05,0,1199,872,2526,2111,3075,3716,4395,4716,4400,3982,3929,2558,19442,1435,0.28,Healthy
C0015,4,12,5.48,36.77,5.348,6.841,344,12.75,0,1335,948,2781,2266,3203,3595,5128,5035,4847,4639,4282,2722,20332,1435,0.659,Subclinical
C0015,5,15,5.962,37.27,5.761,6.929,460,9.48,0,1441,1042,2954,2319,3368,4185,5313,5297,5367,5007,4660,3122,23128,1621,1.072,Subclinical
C0015,6,18,6.47,37.88,6.177,7.03,597,5.5,0,1530,1066,3279,2700,3778,4336,5484,5753,5325,4894,4790,3369,23398,1731,1.488,Clinical
C0016,1,3,4.672,35.71,4.653,6.681,147,18.07,0,1106,832,2298,1968,2594,3175,3816,4791,4465,3950,3630,2455,17667,1339,-0.036,Healthy
C0016,2,6,4.97,35.91,4.931,6.75,195,20.62,0,1235,975,2762,2193,2930,3398,4473,5285,4735,4578,4030,2912,20548,1574,0.242,Healthy
C0016,3,9,5.253,36.13,5.19,6.85,278,18.92,0,1350,1070,2975,2315,2921,3593,4673,5650,5017,4838,4489,3132,21166,1515,0.501,Healthy
C0016,4,12,5.619,36.65,5.496,6.976,387,18.31,0,1386,1128,3164,2605,3310,3936,4678,5717,5748,5015,4647,3294,22430,1556,0.807,Subclinical
C0016,5,15,6.145,37.1,5.958,7.127,514,16.15,1,1978,1566,4447,3290,4333,4474,5313,6940,7322,7042,6327,4407,28787,1980,1.269,Clinical
C0016,6,18,6.68,37.58,6.416,7.3,685,15.0,1,2071,1592,4234,3468,5015,5628,6869,8693,7954,7440,6725,4374,32039,2169,1.727,Clinical
C0017,1,3,4.922,35.77,4.897,6.669,166,19.85,0,1236,898,2458,2031,2809,3128,4194,4815,4212,4168,3563,2607,18307,1335,0.208,Healthy
C0017,2,6,4.86,36.19,4.796,6.712,213,19.72,0,1195,874,2524,2018,3013,3219,4346,4700,4381,4382,3751,2426,19393,1433,0.107,Healthy
C0017,3,9,5.253,36.69,5.134,6.773,323,17.6,0,1336,985,2903,2314,3268,3839,4539,5417,5043,4629,4070,2861,21745,1543,0.445,Healthy
C0017,4,12,5.401,37.31,5.215,6.851,431,16.39,0,1434,1018,3008,2362,3380,3554,4958,5312,5606,4627,4269,2821,21889,1492,0.526,Subclinical
C0017,5,15,5.884,38.19,5.583,6.943,594,13.74,1,1741,1341,4169,3285,4035,4421,5986,6435,6934,6049,5666,3719,27151,1784,0.894,Clinical
C0017,6,18,6.33,39.09,5.898,7.05,777,12.5,1,1896,1434,3996,3385,4329,4867,6214,6850,6860,6955,6210,4079,29247,1949,1.209,Clinical
C0018,1,3,4.693,36.58,4.597,6.711,148,18.72,0,1354,960,2573,2237,3204,3547,4538,4829,4362,4395,3707,2550,19087,1452,-0.092,Healthy
C0018,2,6,4.713,36.33,4.639,6.73,147,18.36,0,1231,940,2842,2115,3045,3725,4384,4752,4682,4109,3680,2548,20194,1499,-0.05,Healthy
C0018,3,9,4.734,36.36,4.657,6.711,144,18.11,0,1254,900,2483,2289,2966,3507,4419,4525,4406,4075,3655,2406,19084,1358,-0.032,Healthy
C0018,4,12,4.706,36.33,4.632,6.728,153,19.28,0,1263,918,2710,2105,3050,3446,4380,4539,4297,4084,3684,2400,18696,1328,-0.057,Healthy
C0018,5,15,4.553,36.3,4.484,6.733,132,19.35,0,1114,895,2458,2005,2935,3285,4317,4868,4221,3875,3446,2278,19136,1363,-0.205,Healthy
C0018,6,18,4.658,36.31,4.586,6.722,166,18.66,0,1263,959,2512,2241,3239,3608,4744,4731,4274,3947,3760,2553,19558,1383,-0.103,Healthy
C0019,1,3,5.048,35.5,5.048,6.778,151,16.34,0,1138,804,2420,1994,2742,3306,4144,4845,4478,4098,3814,2652,18422,1324,0.359,Healthy
C0019,2,6,5.159,35.44,5.165,6.741,150,16.04,0,1158,826,2557,1945,2901,3226,4113,4647,4587,4329,3938,2637,19549,1334,0.476,Healthy
C0019,3,9,4.831,35.6,4.822,6.72,156,15.89,0,1094,875,2330,2117,2813,3138,3850,4505,4525,4024,3947,2600,17957,1228,0.133,Healthy
C0019,4,12,5.082,35.49,5.083,6.733,147,15.45,0,1062,827,2442,1999,2564,3024,4157,4733,4388,3892,3813,2672,18305,1242,0.394,Healthy
C0019,5,15,4.974,35.36,4.987,6.686,156,15.96,0,1119,841,2531,1991,2834,3234,4108,4772,4299,3990,3688,2698,18681,1308,0.298,Healthy
C0019,6,18,4.977,35.54,4.973,6.735,172,16.66,0,1098,819,2280,2090,2462,3125,4042,4492,4341,3990,3669,2398,17516,1366,0.284,Healthy
C0020,1,3,4.747,34.78,4.812,6.634,85,18.49,0,1057,754,2181,1826,2429,2781,3599,4195,3970,3661,3366,2293,16355,1412,0.123,Healthy
C0020,2,6,4.433,34.74,4.497,6.616,84,18.23,0,1026,737,2204,1687,2422,2809,3483,4173,3708,3407,2892,2215,15827,1311,-0.192,Healthy
C0020,3,9,4.465,34.9,4.516,6.655,63,19.05,0,974,670,2058,1755,2294,2768,3334,3598,3560,3011,3046,1977,14367,1151,-0.173,Healthy
C0020,4,12,4.456,34.75,4.519,6.608,73,18.11,0,935,681,1948,1625,2104,2557,3170,3669,3401,3340,2971,2055,13956,1083,-0.17,Healthy
C0020,5,15,4.584,34.88,4.638,6.62,90,17.94,0,931,730,2121,1725,2291,2742,3424,3782,3478,3445,3429,2337,14629,1135,-0.051,Healthy
C0020,6,18,4.368,34.84,4.423,6.644,83,18.31,0,925,713,1984,1620,2107,2536,3436,3609,3720,3234,3089,2091,14675,1163,-0.266,Healthy
C0021,1,3,4.204,35.65,4.192,6.662,217,20.91,0,1445,1084,3229,2515,3022,3702,4751,4972,4811,4406,4224,2841,20623,1577,-0.497,Healthy
C0021,2,6,4.273,35.46,4.276,6.64,233,20.51,0,1423,1111,3275,2509,3281,3719,4654,5509,5093,4481,4475,2895,21329,1478,-0.413,Healthy
C0021,3,9,4.17,35.45,4.174,6.624,213,20.9,0,1479,1065,3154,2664,3141,3604,4551,4867,5289,4672,4232,2908,21201,1516,-0.515,Healthy
C0021,4,12,4.032,35.7,4.017,6.639,227,20.55,0,1481,1047,3154,2385,3211,3538,4674,5272,5004,4207,4275,2725,21065,1513,-0.672,Healthy
C0021,5,15,4.236,35.65,4.224,6.643,226,20.68,0,1467,1173,3010,2640,3184,3856,4848,5015,5033,4586,4269,2712,21448,1526,-0.465,Healthy
C0021,6,18,4.271,35.42,4.277,6.653,215,20.97,0,1443,1033,2874,2362,3082,3550,4415,5305,4524,4401,4203,2808,20165,1369,-0.412,Healthy
C0022,1,3,4.652,35.19,4.679,6.514,138,19.81,0,1126,866,2486,2031,3010,3201,4311,4498,4143,3998,3363,2344,19106,1388,-0.01,Healthy
C0022,2,6,4.691,35.02,4.734,6.515,151,20.44,0,1271,945,2659,2132,3054,3605,4456,4746,4699,4022,3786,2543,19506,1362,0.045,Healthy
C0022,3,9,4.817,35.24,4.841,6.498,128,19.56,0,1131,918,2605,1991,2989,3323,4465,4775,4156,3713,3401,2318,19013,1499,0.152,Healthy
C0022,4,12,4.702,35.1,4.738,6.498,144,19.82,0,1170,890,2705,2168,2761,3447,4403,4868,4214,4444,3876,2450,18787,1409,0.049,Healthy
C0022,5,15,4.558,35.05,4.597,6.491,135,20.73,0,1173,834,2512,2015,2991,3388,4368,4586,3966,3942,3260,2404,18953,1443,-0.092,Healthy
C0022,6,18,4.699,35.17,4.728,6.498,136,20.55,0,1206,830,2612,1978,2762,2990,4441,4647,4199,4210,3367,2151,18319,1318,0.039,Healthy
C0023,1,3,4.806,35.91,4.769,6.619,187,18.45,0,1305,1016,2689,2258,3031,3357,4921,4869,4700,4554,3667,2582,21410,1507,0.08,Healthy
C0023,2,6,4.487,36.06,4.439,6.633,183,18.52,0,1269,917,2851,2165,3035,3712,4395,5131,4845,4380,4306,2587,19742,1528,-0.25,Healthy
C0023,3,9,4.612,35.79,4.587,6.619,172,18.68,0,1236,916,2577,2100,3115,3400,4232,4789,4359,4241,3600,2528,18789,1429,-0.102,Healthy
C0023,4,12,4.568,35.81,4.541,6.631,181,19.11,0,1231,887,2769,2031,2912,3369,4638,4891,4739,4372,3867,2419,19666,1451,-0.148,Healthy
C0023,5,15,4.633,35.96,4.593,6.629,177,17.97,0,1173,869,2644,2103,2927,3250,4598,4896,4316,4375,3851,2457,19177,1465,-0.096,Healthy
C0023,6,18,4.577,35.82,4.549,6.619,169,19.33,0,1160,900,2444,2159,2875,3409,4317,4596,4291,4241,3612,2582,18401,1450,-0.14,Healthy
C0025,1,3,4.608,35.26,4.629,6.89,151,20.94,0,1130,849,2258,2012,2654,3253,4338,4247,4005,3989,3482,2353,17577,1331,-0.06,Healthy
C0025,2,6,4.647,35.3,4.665,6.93,174,20.9,0,1216,844,2590,2080,2975,3243,4081,4727,4645,4124,3441,2394,19411,1440,-0.024,Healthy
C0025,3,9,4.645,35.33,4.66,6.913,153,21.59,0,1168,881,2450,2066,2862,3263,4067,4664,4609,4131,3734,2386,19121,1395,-0.029,Healthy
C0025,4,12,4.679,35.48,4.681,6.898,156,21.13,0,1249,871,2664,2006,2788,3139,4310,4842,4407,4297,3494,2411,18480,1244,-0.008,Healthy
C0025,5,15,4.586,35.38,4.596,6.893,173,21.11,0,1178,855,2642,2023,2877,3113,4264,4745,4128,4044,3622,2377,19043,1428,-0.093,Healthy
C0025,6,18,4.595,35.33,4.61,6.941,163,20.64,0,1154,876,2657,2065,2773,3092,4151,4686,4368,3828,3577,2184,18008,1345,-0.079,Healthy
C0026,1,3,4.789,34.53,4.877,6.553,100,26.07,0,1099,830,2403,1971,2461,3092,3978,4372,4183,4014,3580,2416,17743,1332,0.188,Healthy
C0026,2,6,4.832,34.5,4.924,6.539,86,25.53,0,1067,838,2297,2050,2707,3073,3883,4407,4013,3806,3697,2301,17163,1393,0.235,Healthy
C0026,3,9,4.798,34.58,4.882,6.591,97,26.49,0,1081,830,2334,1871,2770,3126,4017,4480,4287,3801,3594,2406,17788,1344,0.193,Healthy
C0026,4,12,4.801,34.64,4.879,6.552,103,26.82,0,1082,800,2380,2036,2688,3059,4140,4192,4140,3671,3645,2370,17517,1277,0.19,Healthy
C0026,5,15,4.909,34.65,4.988,6.561,104,26.15,0,1172,795,2296,1890,2729,3221,3945,4427,4060,3651,3541,2453,18255,1385,0.299,Healthy
C0026,6,18,4.988,34.61,5.072,6.564,96,25.97,0,1103,815,2393,1976,2655,3006,3992,4579,3850,3690,3623,2333,16832,1280,0.383,Healthy
C0027,1,3,4.737,35.24,4.76,6.804,168,22.04,0,1185,939,2532,2036,2849,3310,3975,4341,4242,3912,3793,2458,17899,1385,0.071,Healthy
C0027,2,6,4.564,35.33,4.579,6.794,173,22.48,0,1204,855,2383,1909,2786,3044,3956,4359,4147,3728,3473,2466,17426,1282,-0.11,Healthy
C0027,3,9,4.725,35.4,4.734,6.812,167,21.54,0,1140,881,2387,1857,2746,3124,4160,4087,4104,3683,3575,2344,17580,1280,0.045,Healthy
C0027,4,12,4.655,35.29,4.674,6.803,176,20.89,0,1241,803,2487,1946,2785,2964,4116,4061,4283,3545,3405,2396,17394,1282,-0.015,Healthy
C0027,5,15,4.82,35.15,4.852,6.831,163,21.59,0,1108,836,2534,2025,2931,3167,3962,4158,4104,4003,3420,2296,17088,1212,0.163,Healthy
C0027,6,18,4.644,35.42,4.651,6.809,156,20.3,0,1124,807,2371,1935,2763,3226,4032,4118,3964,3674,3534,2416,17625,1300,-0.038,Healthy
C0028,1,3,4.688,34.35,4.79,6.724,137,21.52,0,1195,907,2665,2053,3085,3507,4698,4804,4455,4375,3941,2393,20207,1533,0.101,Healthy
C0028,2,6,4.855,34.28,4.968,6.719,150,21.26,0,1265,997,2667,2245,3164,3608,4353,4851,4554,4120,3975,2522,19902,1412,0.279,Healthy
C0028,3,9,4.785,34.31,4.893,6.725,134,21.98,0,1118,924,2632,2031,3132,3517,4817,4306,4426,4246,3653,2557,19136,1341,0.204,Healthy
C0028,4,12,4.782,34.38,4.884,6.761,138,22.03,0,1175,984,2621,2218,3229,3485,4727,4623,4416,4008,3643,2660,19601,1404,0.195,Healthy
C0028,5,15,4.854,34.4,4.955,6.748,137,22.15,0,1215,906,2518,2067,2997,3480,4659,4755,4493,3834,3833,2480,18706,1389,0.266,Healthy
C0028,6,18,4.722,34.43,4.818,6.753,135,21.08,0,1260,940,2744,2010,2968,3577,4475,4535,4275,3944,3385,2513,19456,1387,0.129,Healthy
C0029,1,3,5.324,34.66,5.409,6.671,147,20.76,0,1269,1013,2789,2157,3074,3690,4978,5139,4492,4342,3831,2625,20628,1488,0.72,Healthy
C0029,2,6,5.082,34.77,5.152,6.661,157,21.91,0,1149,901,2705,2156,3111,3373,4644,4785,4395,4173,3624,2350,19255,1420,0.463,Healthy
C0029,3,9,5.24,34.62,5.328,6.676,163,22.14,0,1164,894,2624,2024,3128,3304,4466,4664,4359,4164,3737,2401,19122,1402,0.639,Healthy
C0029,4,12,5.261,34.55,5.356,6.66,149,21.36,0,1290,872,2626,2155,2926,3510,4661,4696,4411,4453,3943,2617,19996,1446,0.667,Healthy
C0029,5,15,5.42,34.76,5.496,6.708,146,21.99,0,1197,907,2696,2068,3115,3425,4439,4732,4307,4193,3433,2654,19718,1514,0.807,Healthy
C0029,6,18,5.246,34.66,5.33,6.698,156,21.9,0,1163,905,2440,2048,3168,3418,4438,4526,4519,4025,3753,2323,18975,1402,0.641,Healthy
C0033,1,3,4.69,35.02,4.733,6.662,169,19.63,0,1260,984,2819,2396,3038,3724,4579,4645,4527,4041,3858,2854,19758,1374,0.044,Healthy
C0033,2,6,4.514,34.93,4.563,6.646,181,18.53,0,1261,912,2571,2143,2715,2980,4283,4615,4289,3690,3657,2620,17549,1321,-0.126,Healthy
C0033,3,9,4.444,35.05,4.482,6.672,170,19.31,0,1239,934,2639,2075,2766,3043,4250,4334,4264,3746,3836,2457,17775,1319,-0.207,Healthy
C0033,4,12,4.426,35.1,4.46,6.652,177,18.49,0,1324,1002,2624,2128,2680,3426,4656,4905,4295,3866,4164,2719,19126,1442,-0.229,Healthy
C0033,5,15,4.42,35.13,4.451,6.637,166,19.16,0,1275,1017,2744,2112,2885,3127,4381,4874,4533,4031,3580,2861,18662,1360,-0.238,Healthy
C0033,6,18,4.34,34.9,4.389,6.62,180,18.68,0,1244,919,2770,2349,2828,3203,4133,4493,3969,3968,3599,2537,18793,1406,-0.3,Healthy
C0035,1,3,4.863,35.59,4.855,6.677,163,18.33,0,1293,960,2748,2114,3103,3617,4409,5132,4608,4319,3965,2544,19612,1435,0.166,Healthy
C0035,2,6,5.061,35.84,5.028,6.737,226,18.69,0,1405,955,2904,2282,3236,3753,5186,5163,5094,4867,4230,2704,21860,1543,0.339,Healthy
C0035,3,9,5.399,36.46,5.301,6.822,315,16.38,0,1437,1071,3009,2337,3636,4192,5251,5768,5388,5168,4297,2946,23170,1581,0.612,Subclinical
C0035,4,12,5.883,36.85,5.732,6.931,441,14.04,0,1513,1052,3329,2553,3713,4420,5614,6035,5666,5120,4736,3057,24764,1654,1.043,Subclinical
C0035,5,15,6.352,37.45,6.117,7.061,594,11.7,1,1995,1627,4438,3498,4978,5348,6346,7441,7313,7110,6482,4305,31383,2054,1.428,Clinical
C0035,6,18,7.08,38.04,6.738,7.21,791,9.1,1,2219,1685,4971,3939,5489,6316,8683,9142,8274,7460,6649,4762,35710,2300,2.049,Clinical
C0036,1,3,4.726,35.09,4.763,6.603,164,21.05,0,1047,825,2385,1872,2863,3380,4195,4418,4212,3941,3452,2279,18238,1218,0.074,Healthy
C0036,2,6,4.791,34.91,4.845,6.609,174,20.83,0,1006,843,2385,1988,2893,3172,4025,4495,4445,4172,3492,2278,18108,1347,0.156,Healthy
C0036,3,9,4.754,34.81,4.816,6.574,173,22.19,0,1088,851,2381,1817,2868,3415,4216,4868,4420,4029,3468,2445,18331,1457,0.127,Healthy
C0036,4,12,4.978,34.88,5.037,6.582,178,21.71,0,1043,864,2236,2002,2822,3304,4407,4749,4196,3870,3343,2418,18245,1385,0.348,Healthy
C0036,5,15,4.752,34.84,4.812,6.591,168,20.29,0,1147,803,2337,1849,2862,3133,4029,4781,4174,4095,3749,2483,18200,1343,0.123,Healthy
C0036,6,18,4.833,34.8,4.897,6.55,176,21.32,0,1186,858,2393,1960,3122,3299,4210,4321,4142,4220,3700,2528,18900,1353,0.208,Healthy
C0037,1,3,5.523,36.15,5.455,6.506,159,19.31,0,1343,1099,3088,2507,3022,3600,4834,5037,4362,4243,4044,2579,20340,1392,0.766,Healthy
C0037,2,6,5.456,36.26,5.377,6.523,150,18.64,0,1395,1043,2747,2352,2962,3349,4438,4741,4568,4336,3622,2399,19038,1437,0.688,Healthy
C0037,3,9,5.389,36.18,5.319,6.542,140,19.72,0,1365,912,2838,2303,2805,3313,4155,4585,4324,4218,3851,2604,19032,1416,0.63,Healthy
C0037,4,12,5.291,36.22,5.219,6.566,155,19.17,0,1212,942,2834,2146,2840,3061,4247,4592,4070,3885,3622,2525,18589,1317,0.53,Healthy
C0037,5,15,5.419,36.23,5.344,6.534,147,19.02,0,1254,919,2819,2155,2751,3129,4155,4451,4280,4095,3617,2585,18673,1420,0.655,Healthy
C0037,6,18,5.321,36.14,5.256,6.498,131,19.35,0,1268,976,2623,2345,2857,3238,4263,4611,4184,3827,3995,2537,18624,1412,0.567,Healthy
C0038,1,3,4.83,35.89,4.794,6.672,154,21.44,0,1123,763,2430,1875,2682,2975,4087,4768,3979,3654,3641,2262,17902,1304,0.105,Healthy
C0038,2,6,4.972,35.98,4.927,6.721,189,19.26,0,1117,813,2508,2036,2797,3142,4256,4597,4064,3814,3342,2551,18182,1337,0.238,Healthy
C0038,3,9,5.232,36.29,5.153,6.792,253,16.48,0,1199,971,2590,1996,2750,3461,4335,4744,4485,3947,3802,2444,19124,1413,0.464,Healthy
C0038,4,12,5.651,36.63,5.53,6.881,338,15.92,0,1305,1025,2657,2410,3422,3696,4809,5356,4889,4677,4196,3017,20452,1500,0.841,Subclinical
C0038,5,15,6.23,37.11,6.039,6.987,449,13.06,1,1871,1386,4196,3072,4618,5493,6903,7212,6826,6248,5814,3917,29549,1926,1.35,Subclinical
C0038,6,18,6.83,37.62,6.555,7.11,569,10.3,1,1894,1450,4162,3448,4632,5336,6726,7147,6854,6232,5840,3921,29604,2004,1.866,Clinical
C0039,1,3,4.586,35.43,4.592,6.571,79,21.54,0,930,715,1944,1598,2406,2930,3404,3627,3635,3289,3140,2056,15687,1215,-0.097,Healthy
C0039,2,6,4.486,35.38,4.496,6.601,70,21.6,0,909,711,2011,1660,2407,2711,3531,3716,3305,3169,2918,2064,14929,1221,-0.193,Healthy
C0039,3,9,4.559,35.51,4.558,6.558,81,21.13,0,986,675,2017,1611,2441,2679,3621,3700,3775,3287,3157,2052,15168,1219,-0.131,Healthy
C0039,4,12,4.541,35.4,4.55,6.579,81,21.3,0,943,722,2161,1641,2573,2878,3661,3616,3688,3657,3279,2130,15607,1211,-0.139,Healthy
C0039,5,15,4.675,35.27,4.695,6.543,59,21.77,0,867,680,1929,1663,2429,2804,3431,3862,3625,3210,3151,1921,15487,1243,0.006,Healthy
C0039,6,18,4.463,35.25,4.484,6.558,84,21.68,0,964,683,2048,1649,2566,2808,3623,3850,3557,3378,3044,2102,15397,1129,-0.205,Healthy
C0041,1,3,4.95,35.72,4.929,6.779,85,23.42,0,1191,810,2569,2024,2883,3222,4175,4408,3976,3771,3387,2370,18296,1390,0.24,Healthy
C0041,2,6,5.021,35.61,5.011,6.743,82,23.89,0,1097,846,2696,2043,2940,3304,3973,4577,4323,3906,3844,2558,18066,1316,0.322,Healthy
C0041,3,9,4.94,35.55,4.935,6.794,76,24.07,0,1122,838,2370,1866,2698,3139,4106,4233,3799,3795,3324,2361,17465,1206,0.246,Healthy
C0041,4,12,4.92,35.54,4.916,6.764,73,24.55,0,1197,882,2300,1994,2777,3209,4001,4214,4031,3705,3526,2425,17517,1291,0.227,Healthy
C0041,5,15,4.953,35.64,4.94,6.757,88,24.88,0,1150,906,2509,1974,2689,3232,4418,4367,4161,3872,3452,2471,17831,1329,0.251,Healthy
C0041,6,18,4.826,35.62,4.815,6.781,97,24.05,0,1072,772,2386,1886,2686,3144,4147,4107,4115,3564,3404,2245,17131,1353,0.126,Healthy
C0042,1,3,4.733,35.61,4.723,6.668,135,17.38,0,1148,888,2647,1978,2893,3463,4218,4439,4279,4047,3934,2745,18582,1347,0.034,Healthy
C0042,2,6,4.885,35.96,4.842,6.707,175,18.91,0,1289,852,2696,2103,3241,3698,4512,4802,4929,4464,4139,2941,19671,1476,0.153,Healthy
C0042,3,9,5.485,36.33,5.399,6.764,223,16.75,0,1430,1053,3017,2425,3407,3898,5012,4982,4770,4622,4216,2979,21707,1521,0.71,Healthy
C0042,4,12,5.995,36.88,5.838,6.836,293,14.49,0,1449,1143,3190,2482,3740,4287,5652,5732,5162,5050,4644,3375,23156,1649,1.149,Subclinical
C0042,5,15,6.462,37.39,6.23,6.921,367,11.03,1,2038,1483,4190,3462,5161,5691,7724,7623,7287,6453,6618,4342,31264,2106,1.541,Subclinical
C0042,6,18,7.14,38.06,6.793,7.02,459,8.2,1,1969,1560,4509,3572,4943,5433,7084,7630,7315,7295,6851,4551,32134,2143,2.104,Clinical
C0043,1,3,5.114,35.59,5.105,6.665,166,15.22,0,1188,941,2794,2117,2912,3314,4307,5045,4667,4324,3879,2476,19420,1375,0.416,Healthy
C0043,2,6,5.219,35.43,5.226,6.646,160,15.49,0,1206,895,2667,2033,2800,3252,4164,4790,4300,3977,3632,2416,18572,1355,0.537,Healthy
C0043,3,9,5.032,35.43,5.039,6.626,175,16.3,0,1305,946,2701,2367,2896,3147,4263,4730,4928,4448,3618,2552,19632,1456,0.35,Healthy
C0043,4,12,5.21,35.33,5.227,6.634,160,16.11,0,1259,934,2638,2194,2978,3348,4496,4997,4702,4422,3689,2544,19513,1352,0.538,Healthy
C0043,5,15,5.078,35.41,5.087,6.664,154,15.88,0,1206,925,2691,2223,2854,3350,4050,4219,4156,4369,3516,2313,18434,1399,0.398,Healthy
C0043,6,18,5.263,35.35,5.278,6.622,163,16.57,0,1275,943,2835,2299,2992,3212,4434,4950,4751,4587,3811,2611,20005,1396,0.589,Healthy
C0044,1,3,4.564,35.82,4.536,6.671,144,23.77,0,1233,863,2534,2053,2782,3065,3991,4592,4025,4084,3227,2315,18112,1285,-0.153,Healthy
C0044,2,6,5.043,36.15,4.981,6.718,214,21.23,0,1263,916,2783,2272,2834,3723,4578,5041,4701,4313,3797,2499,20315,1443,0.292,Healthy
C0044,3,9,5.485,36.5,5.381,6.785,251,16.29,0,1445,989,3208,2482,3137,3603,4932,5219,4749,4754,4074,2732,21646,1510,0.692,Healthy
C0044,4,12,5.841,37.0,5.675,6.871,314,15.05,0,1425,1152,3055,2735,3295,4035,5202,5100,5363,4645,4039,2855,22868,1616,0.986,Subclinical
C0044,5,15,6.415,37.67,6.151,6.973,407,11.95,1,2141,1477,4429,3605,4685,5223,7312,6850,6762,6519,5640,3860,29467,1983,1.462,Subclinical
C0044,6,18,7.08,38.34,6.698,7.09,525,9.2,1,2037,1590,4452,3564,4624,5523,6532,8075,7142,7610,5761,4066,32291,2129,2.009,Clinical
C0045,1,3,3.878,35.15,3.904,6.725,148,20.39,0,1055,868,2507,1929,2503,2803,3765,4068,3875,3376,3464,2394,16471,1212,-0.785,Healthy
C0045,2,6,3.943,35.09,3.974,6.72,154,20.87,0,1123,810,2392,1982,2525,2890,3771,4460,3816,3673,3418,2331,17238,1352,-0.715,Healthy
C0045,3,9,3.994,34.86,4.043,6.721,141,20.03,0,1079,790,2435,1806,2279,2629,3682,3869,3737,3546,3699,2222,16137,1240,-0.646,Healthy
C0045,4,12,4.031,34.96,4.072,6.729,129,18.66,0,1031,761,2149,1814,2226,2651,3461,3899,3414,3462,3076,2225,15240,1230,-0.617,Healthy
C0045,5,15,4.146,34.96,4.189,6.71,134,20.33,0,1043,777,2144,1896,2437,2637,3515,4141,3621,3438,3161,2247,16386,1148,-0.5,Healthy
C0045,6,18,4.057,35.1,4.088,6.712,138,20.0,0,1028,854,2297,1814,2487,2583,3642,4071,3901,3676,3388,2345,16588,1286,-0.601,Healthy
C0046,1,3,4.739,35.69,4.722,6.665,173,19.2,0,1272,952,2632,2054,2793,3404,4403,4223,4462,3904,3633,2544,18818,1359,0.033,Healthy
C0046,2,6,4.943,35.9,4.905,6.698,206,16.14,0,1291,960,2665,2280,2886,3156,4568,5104,4482,4169,3780,2542,20425,1508,0.216,Healthy
C0046,3,9,5.368,36.21,5.296,6.745,306,17.96,0,1427,1073,3029,2354,2978,3985,4825,5341,4851,4471,4229,2755,20872,1578,0.607,Healthy
C0046,4,12,5.655,36.67,5.529,6.806,416,15.76,0,1431,1086,3135,2463,3665,4052,5134,5373,4771,4676,4453,3011,22198,1518,0.84,Subclinical
C0046,5,15,6.214,37.09,6.026,6.877,570,13.81,0,1580,1181,3129,2810,3730,4037,5527,5954,5413,4972,4534,3053,24034,1710,1.337,Subclinical
C0046,6,18,6.78,37.62,6.507,6.96,759,11.0,0,1733,1277,3801,3073,4387,4902,6014,6581,5850,5828,5370,3503,26362,1773,1.818,Clinical
C0047,1,3,5.073,36.46,4.98,6.573,275,24.02,0,1358,935,2742,2293,3027,3376,4800,5467,4741,4766,4225,2783,20497,1393,0.291,Healthy
C0047,2,6,4.923,36.17,4.86,6.543,277,24.65,0,1335,1003,2745,2334,3023,3322,4241,4999,4699,4742,4258,2828,20516,1520,0.171,Healthy
C0047,3,9,5.092,36.56,4.989,6.586,274,23.84,0,1314,997,2982,2380,3141,3247,4634,5405,5120,4867,4139,2747,20924,1583,0.3,Healthy
C0047,4,12,4.965,36.34,4.886,6.592,270,23.72,0,1224,971,2976,2257,3190,3329,4590,5565,4859,4534,4249,2774,21129,1607,0.197,Healthy
C0047,5,15,5.062,36.38,4.977,6.608,271,23.42,0,1416,1000,2830,2494,3164,3446,4525,5553,4844,4715,3816,2835,20807,1508,0.288,Healthy
C0047,6,18,5.012,36.66,4.902,6.581,276,23.82,0,1278,891,2771,2316,2925,3424,4382,5204,4698,4424,3900,2448,20843,1431,0.213,Healthy
C0048,1,3,4.241,35.7,4.225,6.707,147,20.07,0,1224,906,2658,2037,3048,3607,4715,4869,4693,4485,3528,2417,19053,1389,-0.464,Healthy
C0048,2,6,4.185,35.92,4.152,6.68,140,20.83,0,1247,933,2637,2074,2884,3259,4388,4724,4459,4269,3671,2420,19528,1419,-0.537,Healthy
C0048,3,9,4.166,35.9,4.134,6.651,137,20.2,0,1124,873,2516,1912,2850,3318,4480,4448,4220,4133,3368,2263,18615,1423,-0.555,Healthy
C0048,4,12,4.436,35.73,4.417,6.668,140,21.11,0,1250,897,2454,2085,2939,3124,4521,4908,4332,4017,3631,2362,18347,1358,-0.272,Healthy
C0048,5,15,4.124,35.85,4.097,6.694,138,20.89,0,1126,887,2580,1989,3029,3320,4178,4672,4544,4226,3553,2446,18857,1294,-0.592,Healthy
C0048,6,18,4.288,35.85,4.259,6.677,141,20.22,0,1188,876,2620,2035,2871,3568,4154,4527,4123,4268,3414,2436,18020,1369,-0.43,Healthy
C0049,1,3,4.813,35.84,4.782,6.682,133,22.08,0,1216,874,2551,2190,2982,3068,4288,4772,4279,4104,3744,2345,18933,1395,0.093,Healthy
C0049,2,6,5.021,35.88,4.985,6.755,162,21.11,0,1303,890,2827,2065,2989,3290,4252,4713,4486,4221,3843,2686,19013,1436,0.296,Healthy
C0049,3,9,5.303,36.5,5.202,6.859,215,18.84,0,1350,1004,2870,2365,3348,3743,4273,4994,4692,4655,4160,2855,19837,1452,0.513,Healthy
C0049,4,12,5.871,37.09,5.694,6.991,247,17.97,0,1451,1087,3006,2494,3465,3965,4933,5337,4914,4730,4486,2944,22010,1592,1.005,Subclinical
C0049,5,15,6.548,37.82,6.259,7.149,319,15.06,1,1905,1348,4207,3327,4644,5003,7255,7247,7066,6681,5805,3642,30271,2016,1.57,Subclinical
C0049,6,18,7.2,38.54,6.784,7.33,388,13.4,1,2058,1544,4199,3581,4880,5314,6360,7513,7376,7010,5977,4405,32200,2134,2.095,Clinical
C0051,1,3,4.844,36.25,4.775,6.449,154,18.64,0,1258,890,2621,2096,3054,3517,4457,4775,4405,4273,3823,2443,19435,1430,0.086,Healthy
C0051,2,6,4.807,36.35,4.729,6.46,160,17.93,0,1230,966,2561,2105,2766,3510,4520,4935,3903,4186,3508,2569,18822,1421,0.04,Healthy
C0051,3,9,4.85,36.07,4.797,6.479,153,17.57,0,1206,902,2799,2263,3051,3370,4238,4614,4356,3802,3444,2402,19576,1427,0.108,Healthy
C0051,4,12,4.76,36.19,4.698,6.441,162,18.68,0,1251,947,2746,2186,2923,3345,4302,4827,4597,4198,3727,2458,19491,1449,0.009,Healthy
C0051,5,15,4.868,36.24,4.8,6.406,163,18.6,0,1233,954,2644,2208,3088,3372,4155,4579,4399,4032,3477,2323,19024,1295,0.111,Healthy
C0051,6,18,4.705,36.05,4.656,6.457,166,18.79,0,1223,964,2638,2146,3118,3240,4409,4692,4364,4218,3656,2440,18875,1383,-0.033,Healthy
C0052,1,3,4.531,36.07,4.482,6.712,153,22.07,0,1199,854,2660,2066,2689,3156,4177,4705,4321,3946,3624,2443,18052,1307,-0.207,Healthy
C0052,2,6,4.345,35.89,4.313,6.712,157,21.61,0,1200,892,2689,2208,2888,3483,4414,4980,4425,4267,3927,2500,19537,1408,-0.376,Healthy
C0052,3,9,4.374,36.1,4.324,6.695,135,21.8,0,1112,907,2537,2073,2659,3212,4103,4412,4279,4102,3755,2367,18196,1396,-0.365,Healthy
C0052,4,12,4.309,35.96,4.271,6.682,136,21.35,0,1089,873,2536,1923,2576,3183,3871,4619,4509,3880,3715,2298,17578,1245,-0.418,Healthy
C0052,5,15,4.22,36.02,4.178,6.704,140,20.97,0,1262,888,2521,2004,2759,3270,4056,4757,4391,4155,3609,2457,18726,1413,-0.511,Healthy
C0052,6,18,4.402,36.07,4.354,6.707,124,21.76,0,1053,792,2400,2035,2683,3052,4014,4251,4142,3712,3261,2274,17463,1331,-0.335,Healthy
C0053,1,3,4.421,35.47,4.424,6.612,131,19.3,0,1139,858,2532,2052,2744,3241,3928,4557,4316,4179,3306,2423,18206,1409,-0.265,Healthy
C0053,2,6,4.59,35.53,4.587,6.554,128,18.94,0,1171,858,2492,1906,2666,2796,4095,4570,4052,4321,3530,2259,18362,1267,-0.102,Healthy
C0053,3,9,4.427,35.57,4.421,6.58,121,20.15,0,1133,814,2488,1859,2428,2832,3763,4379,4311,3977,3442,2292,17346,1331,-0.268,Healthy
C0053,4,12,4.561,35.6,4.552,6.547,131,19.25,0,1178,817,2538,2088,2678,2960,4054,4595,4411,4069,3510,2526,18134,1359,-0.137,Healthy
C0053,5,15,4.379,35.45,4.383,6.586,132,19.74,0,1098,821,2342,2000,2437,2785,3574,4506,4174,3777,3198,2209,17445,1307,-0.306,Healthy
C0053,6,18,4.417,35.57,4.411,6.588,125,20.41,0,1147,893,2510,1926,2491,2995,3856,4471,4196,4170,3324,2271,17712,1389,-0.278,Healthy
C0054,1,3,4.481,35.2,4.507,6.518,230,19.54,0,1399,1049,3051,2507,3002,3560,4550,5393,5167,4871,4089,2707,21248,1424,-0.182,Healthy
C0054,2,6,4.296,35.19,4.321,6.527,222,19.3,0,1357,1078,3035,2535,3168,3718,4309,5370,4940,4566,3919,2607,20633,1490,-0.368,Healthy
C0054,3,9,4.355,35.19,4.381,6.555,224,18.89,0,1384,1036,2963,2525,3117,3590,4711,5251,5112,4889,3899,2865,21464,1577,-0.308,Healthy
C0054,4,12,4.507,35.21,4.532,6.506,217,20.29,0,1412,994,3033,2516,3067,3390,4397,5216,4799,4624,3840,2469,21124,1439,-0.157,Healthy
C0054,5,15,4.51,35.13,4.542,6.536,234,19.27,0,1397,1096,3024,2495,3022,3607,4500,5254,4739,4845,4064,2641,20891,1526,-0.147,Healthy
C0054,6,18,4.397,35.24,4.419,6.556,229,18.53,0,1339,1012,2976,2330,2944,3179,4627,5188,4660,4468,3883,2686,19749,1451,-0.27,Healthy
C0056,1,3,4.916,35.67,4.9,6.66,146,20.75,0,1246,963,2788,2128,2836,3502,4290,5340,4718,4178,4156,2819,19602,1474,0.211,Healthy
C0056,2,6,4.747,35.73,4.726,6.681,173,20.62,0,1274,967,2815,2274,2866,3482,4413,4755,4330,4433,4098,2740,19862,1483,0.037,Healthy
C0056,3,9,5.179,36.13,5.117,6.712,188,15.91,0,1416,1033,2909,2361,3141,3699,4570,5235,4782,4571,4206,3158,21046,1419,0.428,Healthy
C0056,4,12,5.35,36.41,5.257,6.75,254,12.63,0,1396,1101,3215,2346,3316,3766,5227,5690,5008,4500,4588,3074,22448,1508,0.568,Healthy
C0056,5,15,5.703,36.79,5.563,6.797,330,10.86,1,1976,1511,4348,3398,4452,5057,6210,7315,7160,6538,6416,4330,30651,2029,0.874,Subclinical
C0056,6,18,6.16,37.21,5.96,6.85,396,8.1,1,2062,1466,4525,3476,4686,5248,7004,8229,7100,6627,6329,4507,30490,1979,1.271,Subclinical
C0057,1,3,4.803,35.94,4.763,6.595,79,18.15,0,999,747,2213,1788,2343,2727,3613,3868,3674,3398,3090,1967,15882,1298,0.074,Healthy
C0057,2,6,4.959,35.96,4.916,6.595,60,18.7,0,1055,794,2199,1900,2655,2723,3517,4030,3848,3380,3121,2025,16099,1191,0.227,Healthy
C0057,3,9,4.912,35.92,4.873,6.613,61,18.89,0,1022,750,2144,1687,2241,2777,3456,3772,3748,3436,2927,2146,15382,1200,0.184,Healthy
C0057,4,12,4.673,36.05,4.624,6.578,50,18.57,0,984,780,2172,1773,2430,2663,3541,3910,3563,3275,3111,1965,16325,1274,-0.065,Healthy
C0057,5,15,4.636,36.2,4.574,6.589,66,19.01,0,995,741,2355,1784,2369,2793,3324,3687,3446,3316,2990,2043,14899,1279,-0.115,Healthy
C0057,6,18,4.902,36.0,4.855,6.586,62,18.94,0,1027,801,2407,1808,2440,2598,3401,4057,3758,3318,3012,2038,15824,1272,0.166,Healthy
C0058,1,3,3.821,35.91,3.791,6.443,140,20.63,0,1247,953,2660,1994,2840,3099,4115,4667,4563,4106,3430,2354,18663,1347,-0.898,Healthy
C0058,2,6,3.838,35.79,3.817,6.415,144,22.57,0,1227,900,2601,2061,2775,3235,3973,4685,4278,4050,3630,2301,18484,1390,-0.872,Healthy
C0058,3,9,3.743,35.71,3.728,6.449,130,22.53,0,1107,858,2443,1999,2522,3080,3831,4244,4267,3749,3443,2228,16735,1302,-0.961,Healthy
C0058,4,12,3.913,35.86,3.886,6.446,130,22.32,0,1175,839,2561,2049,2612,2881,3916,4437,4153,3828,3437,2169,17293,1329,-0.803,Healthy
C0058,5,15,3.959,35.88,3.93,6.429,138,22.64,0,1123,851,2698,2155,2677,3060,3820,4265,3893,3817,3428,2230,17600,1274,-0.759,Healthy
C0058,6,18,3.824,35.76,3.805,6.414,130,22.03,0,1051,824,2564,2004,2572,2949,3796,4426,3892,3819,3105,2015,16813,1366,-0.884,Healthy
C0059,1,3,4.485,35.66,4.471,6.67,152,18.89,0,1186,946,2706,2136,2820,3245,4381,4375,4214,3817,3773,2579,18845,1331,-0.218,Healthy
C0059,2,6,5.051,35.7,5.032,6.716,175,17.34,0,1329,957,2880,2338,3254,3587,4742,4904,4509,4205,3971,2790,20512,1509,0.343,Healthy
C0059,3,9,5.277,36.08,5.219,6.782,235,14.04,0,1365,955,2976,2311,2966,3493,4608,5022,4610,4411,4412,2974,19641,1391,0.53,Healthy
C0059,4,12,5.432,36.42,5.337,6.866,311,14.2,0,1454,1100,3146,2683,3509,3898,5134,5244,5018,5075,5020,3261,22378,1598,0.648,Healthy
C0059,5,15,5.816,36.79,5.673,6.965,406,10.64,1,1914,1499,4100,3533,4577,5494,7157,7167,7263,6729,6346,4133,30879,2040,0.984,Subclinical
C0059,6,18,6.43,37.21,6.221,7.08,506,6.8,1,1990,1512,4343,3436,4745,5052,6116,7325,6534,6766,6814,4477,28832,1877,1.532,Clinical
C0060,1,3,4.922,35.97,4.878,6.681,161,19.52,0,1241,975,2718,2309,3071,3384,4414,4902,4618,4261,4147,2647,19150,1292,0.189,Healthy
C0060,2,6,4.742,35.99,4.698,6.75,194,18.19,0,1213,971,2591,2240,2874,3418,4486,5037,4934,4509,4206,2760,19626,1469,0.009,Healthy
C0060,3,9,5.187,36.58,5.081,6.85,269,17.0,0,1353,990,2952,2581,3556,3809,4430,5680,5146,5213,4430,3229,23330,1608,0.392,Healthy
C0060,4,12,5.685,37.1,5.512,6.976,357,14.4,0,1463,1085,3102,2608,3562,4107,5153,6229,5730,5238,4973,3310,24251,1690,0.823,Subclinical
C0060,5,15,6.102,37.69,5.848,7.127,480,12.72,1,1905,1511,4486,3430,4860,5609,7194,8374,7555,7172,6812,4497,31906,2186,1.159,Clinical
C0060,6,18,6.73,38.45,6.353,7.3,624,9.7,1,2069,1505,4529,3629,4854,5843,7524,8710,8292,7660,7296,4724,32960,2191,1.664,Clinical
C0061,1,3,4.647,36.11,4.593,6.748,174,23.13,0,1278,956,2761,2177,2854,3209,4168,4886,4375,4105,3707,2659,18762,1251,-0.096,Healthy
C0061,2,6,4.717,36.26,4.649,6.708,194,23.3,0,1255,883,2652,2152,2944,3177,4245,4850,4228,4094,3705,2532,19473,1366,-0.04,Healthy
C0061,3,9,4.682,36.26,4.614,6.72,192,22.97,0,1256,986,2904,2320,2901,3156,4418,4708,4509,4141,3713,2645,20195,1378,-0.075,Healthy
C0061,4,12,4.476,35.98,4.435,6.71,189,22.59,0,1237,988,2603,2233,2912,3251,4378,4965,4315,4244,3671,2478,18985,1357,-0.254,Healthy
C0061,5,15,4.575,36.28,4.507,6.732,196,23.35,0,1317,952,2749,2060,2826,3153,4087,4627,4486,4255,3771,2388,19035,1385,-0.182,Healthy
C0061,6,18,4.724,36.15,4.666,6.689,199,22.66,0,1256,948,2678,2281,2794,3528,4131,5088,4477,4371,3542,2495,19460,1535,-0.023,Healthy
C0062,1,3,4.578,35.53,4.575,6.516,201,20.86,0,1232,921,2598,2146,2897,3337,4596,4924,4407,4351,3394,2489,19968,1494,-0.114,Healthy
C0062,2,6,4.45,35.65,4.437,6.529,205,20.6,0,1209,906,2683,2116,3191,3616,4359,4562,4858,4631,3561,2595,19485,1438,-0.252,Healthy
C0062,3,9,4.544,35.52,4.542,6.535,213,20.04,0,1221,881,2665,2154,3134,3427,4425,5062,4626,4657,3440,2496,20388,1491,-0.147,Healthy
C0062,4,12,4.284,35.58,4.277,6.54,227,20.69,0,1264,922,2717,2173,3214,3504,4632,4902,4423,4370,3813,2558,19381,1437,-0.412,Healthy
C0062,5,15,4.542,35.64,4.53,6.554,198,20.86,0,1118,902,2557,2100,2843,3378,4515,4612,4404,4243,3413,2356,19377,1337,-0.159,Healthy
C0062,6,18,4.584,35.6,4.575,6.533,213,20.6,0,1207,907,2556,2155,2993,3255,4663,5007,4513,4324,3673,2301,19246,1345,-0.114,Healthy
C0063,1,3,4.95,36.66,4.841,6.633,149,18.57,0,1218,922,2519,2073,2940,3117,4188,4279,3737,3896,3653,2528,17799,1349,0.152,Healthy
C0063,2,6,4.957,36.56,4.857,6.598,157,20.04,0,1272,922,2598,2001,2762,3142,4204,4500,4177,3985,3586,2474,18092,1345,0.168,Healthy
C0063,3,9,4.93,36.41,4.845,6.63,157,20.13,0,1203,927,2636,2272,3028,3270,4137,4346,4303,3808,3652,2484,19284,1424,0.156,Healthy
C0063,4,12,4.814,36.49,4.723,6.656,155,19.14,0,1183,836,2555,1955,2790,3138,4512,4471,4011,4057,3682,2459,18659,1448,0.034,Healthy
C0063,5,15,4.829,36.56,4.732,6.662,162,19.87,0,1222,842,2521,1976,2652,3255,4013,4204,3869,3837,3508,2153,17458,1279,0.043,Healthy
C0063,6,18,4.859,36.44,4.772,6.65,157,19.53,0,1253,870,2619,2028,2900,3237,4407,4497,4070,3999,3339,2389,18220,1335,0.083,Healthy
C0065,1,3,4.679,36.37,4.602,6.728,42,27.2,0,1069,743,2210,1889,2809,2989,4092,4257,4011,3651,3109,2161,17197,1307,-0.087,Healthy
C0065,2,6,4.663,36.39,4.584,6.752,49,26.87,0,1041,789,2340,1938,2754,3035,3837,3923,3953,3632,3189,2226,16767,1197,-0.105,Healthy
C0065,3,9,4.674,36.32,4.601,6.697,58,26.81,0,1016,805,2224,1888,2667,2842,3815,4196,3526,3851,3185,2178,16657,1252,-0.088,Healthy
C0065,4,12,4.852,36.32,4.776,6.696,38,27.4,0,1086,816,2295,1799,2629,2918,3683,3995,3803,3617,3135,2087,16312,1221,0.087,Healthy
C0065,5,15,4.513,36.44,4.432,6.71,43,27.27,0,1035,740,2233,1725,2726,2969,3833,4092,3736,3591,3081,2075,16279,1262,-0.257,Healthy
C0065,6,18,4.669,36.42,4.587,6.75,53,27.19,0,1033,777,2300,1856,2422,2992,3724,4114,4044,3681,3190,2165,16783,1178,-0.102,Healthy
C0069,1,3,4.874,35.55,4.869,6.665,167,20.52,0,1323,963,2637,2226,3054,3307,4263,5484,4880,4354,3812,2776,20020,1540,0.18,Healthy
C0069,2,6,5.01,35.8,4.981,6.699,180,17.37,0,1323,1052,2629,2303,3026,3445,4524,5272,4946,4786,4204,2596,20116,1430,0.292,Healthy
C0069,3,9,5.155,36.39,5.068,6.748,209,18.1,0,1278,983,2937,2294,2992,3413,4503,5242,4918,4700,4031,2549,21320,1487,0.379,Healthy
C0069,4,12,5.612,36.72,5.482,6.811,282,14.14,0,1408,1131,2888,2577,3469,3663,4698,5989,5265,5163,4166,2965,21969,1554,0.793,Subclinical
C0069,5,15,6.274,37.31,6.058,6.885,347,12.09,1,1860,1449,4184,3313,4301,4962,6138,7859,7149,6583,6038,3987,29803,2048,1.369,Subclinical
C0069,6,18,6.88,37.89,6.568,6.97,427,8.6,1,2054,1472,4359,3362,4386,4390,5917,7665,7106,6802,6213,3925,30533,2031,1.879,Clinical
C0070,1,3,4.83,35.65,4.816,6.669,154,18.94,0,1102,843,2398,1958,2794,3227,4121,5035,4413,4150,3541,2590,18498,1364,0.127,Healthy
C0070,2,6,4.889,35.95,4.847,6.712,207,15.93,0,1153,851,2509,2161,2875,3340,4648,5028,4685,4484,4035,2662,19657,1406,0.158,Healthy
C0070,3,9,5.192,36.15,5.128,6.773,255,14.4,0,1265,949,2733,2056,3162,3551,4586,5408,5260,4673,4383,2778,21215,1495,0.439,Healthy
C0070,4,12,5.725,36.58,5.608,6.851,340,12.51,0,1312,919,2853,2231,3381,4121,5082,5474,5061,4862,4441,3008,21361,1573,0.919,Subclinical
C0070,5,15,6.33,37.0,6.15,6.943,453,10.3,1,1839,1324,4083,3440,4407,5111,6884,7371,7572,6624,5833,4039,29159,1951,1.461,Subclinical
C0070,6,18,7.0,37.51,6.733,7.05,573,6.3,1,2004,1415,3697,3320,4778,5410,7174,8305,7126,6862,6454,4103,30835,2057,2.044,Clinical
C0071,1,3,3.868,35.69,3.854,6.731,159,18.84,0,1271,962,2582,2124,2743,3379,4479,4988,4772,4289,4170,2598,19617,1398,-0.835,Healthy
C0071,2,6,4.019,35.65,4.008,6.715,159,19.28,0,1182,930,2609,2124,2749,3380,4300,4309,3972,3940,3878,2584,18312,1392,-0.681,Healthy
C0071,3,9,3.827,35.8,3.805,6.742,155,18.67,0,1155,903,2636,2067,2888,3367,4002,4641,4529,3993,3955,2953,19243,1463,-0.884,Healthy
C0071,4,12,4.036,35.68,4.022,6.725,150,18.61,0,1175,902,2659,1939,2926,3257,4250,4697,4287,4109,4050,2678,18370,1319,-0.667,Healthy
C0071,5,15,3.967,35.83,3.942,6.755,147,17.9,0,1185,897,2528,2048,2879,3434,4046,4555,4217,3651,3704,2493,18200,1310,-0.747,Healthy
C0071,6,18,3.851,35.82,3.828,6.726,146,18.83,0,1097,818,2467,1951,2773,3052,4282,4806,4179,3911,3814,2672,18737,1343,-0.861,Healthy
C0072,1,3,4.872,35.15,4.904,6.729,153,19.58,0,1422,1007,2837,2324,3266,3620,4582,5167,5050,4621,4233,2741,20899,1546,0.215,Healthy
C0072,2,6,5.018,35.33,5.034,6.74,156,20.12,0,1317,959,3084,2330,3168,3742,4677,5224,4582,4674,4257,2759,21761,1504,0.345,Healthy
C0072,3,9,4.958,35.27,4.98,6.747,164,19.38,0,1337,995,3048,2348,3277,3571,4925,5451,4984,4705,4023,2796,21377,1510,0.291,Healthy
C0072,4,12,4.874,35.21,4.901,6.751,166,19.9,0,1280,967,2889,2157,3212,3707,4754,5169,4931,4361,3801,2861,20437,1430,0.212,Healthy
C0072,5,15,4.871,35.1,4.908,6.725,163,20.36,0,1297,971,2770,2234,3031,3453,4602,5000,4655,4411,3818,2522,20087,1531,0.219,Healthy
C0072,6,18,4.816,35.27,4.837,6.77,156,20.86,0,1195,952,2749,2213,2977,3550,4643,4870,4636,4436,3933,2716,20081,1431,0.148,Healthy
C0074,1,3,4.766,35.94,4.726,6.673,160,19.81,0,1335,971,2853,2320,3109,3565,4768,5034,4630,4747,3719,2794,20535,1470,0.037,Healthy
C0074,2,6,4.932,35.94,4.891,6.726,204,21.35,0,1353,1073,3012,2432,3327,3851,4887,5681,5542,4844,4262,2813,22680,1577,0.202,Healthy
C0074,3,9,5.116,36.18,5.05,6.801,268,16.18,0,1413,1072,3285,2400,3574,3946,5001,5536,5377,4863,4393,3148,22624,1574,0.361,Healthy
C0074,4,12,5.298,36.7,5.177,6.896,357,14.11,0,1542,1146,3430,2665,3879,4348,5448,6217,5644,5261,4552,3292,24318,1743,0.488,Subclinical
C0074,5,15,5.603,37.1,5.433,7.009,460,12.45,1,2052,1599,4562,3768,4966,5610,7297,8382,8305,7199,6388,4333,32837,2167,0.744,Subclinical
C0074,6,18,6.0,37.67,5.753,7.14,595,9.9,1,2327,1717,4585,4036,5191,5988,7489,8816,7983,7823,6607,4448,35177,2252,1.064,Clinical
C0075,1,3,4.131,36.21,4.075,6.673,140,14.79,0,936,765,2224,1693,2315,2591,3570,3952,3612,3329,2995,2065,15346,1129,-0.614,Healthy
C0075,2,6,4.026,36.36,3.96,6.67,128,15.06,0,1024,736,2131,1821,2352,2541,3298,3856,3694,3456,3102,2141,15351,1204,-0.729,Healthy
C0075,3,9,4.197,36.38,4.127,6.67,118,14.4,0,935,828,2090,1756,2264,2616,3383,3753,3611,3630,2934,2085,15588,1165,-0.562,Healthy
C0075,4,12,4.376,36.34,4.306,6.684,126,13.88,0,970,784,2137,1755,2240,2677,3252,4447,3914,3616,3049,2078,16334,1169,-0.383,Healthy
C0075,5,15,4.552,36.27,4.485,6.696,137,15.1,0,950,791,2247,1741,2265,2745,3498,4166,3824,3670,3272,2229,16247,1293,-0.204,Healthy
C0075,6,18,4.327,36.39,4.254,6.712,125,15.21,0,996,753,2083,1742,2213,2550,3434,4342,3832,3609,3123,2146,16114,1181,-0.435,Healthy
C0076,1,3,4.728,35.7,4.71,6.585,76,21.57,0,1157,806,2364,2047,2371,2713,3496,4313,4168,3918,3376,2247,17200,1216,0.021,Healthy
C0076,2,6,4.856,35.72,4.836,6.548,89,20.48,0,1159,853,2574,2023,2515,2908,3672,4845,4523,3983,3406,2401,18017,1335,0.147,Healthy
C0076,3,9,4.98,35.68,4.963,6.547,67,21.91,0,1086,883,2350,2077,2492,2910,3655,4506,4241,3919,3266,2350,17571,1303,0.274,Healthy
C0076,4,12,4.798,35.71,4.779,6.578,78,20.5,0,1154,807,2429,1966,2484,2573,3512,4498,4185,4039,3378,2117,17767,1288,0.09,Healthy
C0076,5,15,4.925,35.63,4.913,6.572,81,21.6,0,1202,832,2441,1984,2596,2809,3637,4609,4253,3985,3502,2383,17507,1323,0.224,Healthy
C0076,6,18,4.787,35.73,4.766,6.574,86,22.33,0,1130,860,2405,2010,2296,2726,3648,4409,4196,4008,3211,2270,16791,1260,0.077,Healthy
C0080,1,3,4.75,34.88,4.806,6.613,206,14.25,0,1268,970,2701,2249,2806,3302,3885,4721,4147,3894,3400,2474,18998,1404,0.117,Healthy
C0080,2,6,4.641,35.0,4.685,6.579,219,15.05,0,1268,929,2576,2231,2674,2905,4199,4659,4442,4137,3440,2410,18166,1324,-0.004,Healthy
C0080,3,9,4.896,34.99,4.943,6.585,212,15.97,0,1311,901,2641,2213,2607,3235,4418,4460,4210,4161,3521,2650,18723,1400,0.254,Healthy
C0080,4,12,4.823,35.12,4.858,6.64,208,14.86,0,1251,902,2684,2133,2851,3231,4286,4443,4063,3783,3605,2518,18629,1346,0.169,Healthy
C0080,5,15,4.666,35.02,4.709,6.608,216,15.73,0,1188,895,2627,1975,2592,2997,4095,4307,3801,4008,3516,2419,17853,1303,0.02,Healthy
C0080,6,18,4.704,35.03,4.746,6.605,183,15.15,0,1157,889,2701,2133,2805,3262,3785,4391,3898,3485,3479,2489,17806,1283,0.057,Healthy
C0081,1,3,4.269,35.35,4.281,6.671,155,20.89,0,1214,842,2568,2004,2898,3240,4415,4675,4205,4120,3442,2336,19059,1408,-0.408,Healthy
C0081,2,6,4.223,35.33,4.237,6.657,142,19.72,0,1226,866,2768,2148,2854,3117,4340,4701,4334,4069,3393,2299,19406,1441,-0.452,Healthy
C0081,3,9,4.293,35.31,4.308,6.685,148,19.78,0,1176,878,2548,2122,2625,3352,4368,4568,4222,3887,3411,2316,18050,1343,-0.381,Healthy
C0081,4,12,4.227,35.41,4.234,6.676,136,20.0,0,1208,911,2642,2040,2993,3104,4102,4469,4391,3900,3526,2240,18562,1358,-0.455,Healthy
C0081,5,15,4.212,35.25,4.232,6.675,137,19.96,0,1159,878,2710,2042,2867,3238,4050,4433,4098,3860,3374,2165,17925,1340,-0.457,Healthy
C0081,6,18,4.224,35.41,4.231,6.656,147,19.78,0,1180,863,2510,2032,2749,3327,4121,4536,4350,3858,3386,2179,18698,1426,-0.458,Healthy
C0083,1,3,4.747,35.79,4.721,6.674,153,17.94,0,1365,963,2753,2283,3052,3768,4332,4579,4506,4304,4122,2768,19334,1337,0.032,Healthy
C0083,2,6,5.252,36.15,5.187,6.727,190,19.05,0,1350,1017,2870,2296,3256,3875,5044,5236,5278,4632,4237,2847,21460,1519,0.498,Healthy
C0083,3,9,5.219,36.45,5.125,6.804,267,15.04,0,1488,1095,3138,2442,3567,4040,5357,5607,5386,5147,4607,2975,23375,1666,0.436,Healthy
C0083,4,12,5.861,37.17,5.675,6.901,344,13.75,0,1583,1185,3590,2796,4073,4468,5596,6511,5791,5443,5170,3111,25588,1758,0.986,Subclinical
C0083,5,15,6.488,37.7,6.217,7.017,438,8.33,1,2017,1593,4574,3533,5307,5711,7921,8795,7690,7004,6345,4417,33242,2218,1.528,Clinical
C0083,6,18,7.17,38.48,6.764,7.15,553,4.9,1,2225,1691,4898,3798,5303,6195,8022,9211,8502,7984,7130,4807,35779,2292,2.075,Clinical
C0084,1,3,4.704,35.77,4.68,6.671,136,20.41,0,1068,858,2438,2153,2702,3074,4156,4419,3847,3719,3296,2459,17526,1292,-0.009,Healthy
C0084,2,6,4.952,35.93,4.912,6.718,182,19.89,0,1316,915,2754,2165,2789,3421,4405,4545,4388,3967,3943,2492,18657,1359,0.223,Healthy
C0084,3,9,5.316,36.43,5.222,6.785,226,16.99,0,1240,1041,3088,2544,3240,3778,4823,4779,4647,4222,4310,2822,19937,1471,0.533,Healthy
C0084,4,12,5.812,36.86,5.662,6.871,303,14.18,0,1440,1082,3050,2455,3446,3600,5066,5344,4957,4586,4413,2713,21713,1667,0.973,Subclinical
C0084,5,15,6.377,37.49,6.136,6.973,391,10.75,1,1866,1491,4499,3202,4400,4733,6876,7060,6457,6475,5734,3798,29518,1973,1.447,Subclinical
C0084,6,18,7.07,38.14,6.715,7.09,509,7.8,1,2073,1538,4830,3913,5267,6013,7669,7695,7659,7022,6533,4433,33270,2169,2.026,Clinical
C0086,1,3,4.332,36.34,4.263,6.746,133,21.55,0,1112,825,2420,1903,2928,3144,4058,4279,4092,4085,3454,2407,17865,1307,-0.426,Healthy
C0086,2,6,4.331,36.28,4.267,6.758,133,21.03,0,1215,867,2456,2010,2844,3251,4189,4682,4126,3997,3671,2297,18344,1358,-0.422,Healthy
C0086,3,9,4.508,36.37,4.433,6.742,139,20.67,0,1041,831,2206,1995,2781,3207,4188,4142,4039,3824,3532,2391,17757,1213,-0.256,Healthy
C0086,4,12,4.438,36.41,4.361,6.727,128,20.79,0,1086,831,2321,1920,2749,3057,4190,4471,4101,3744,3338,2237,17406,1351,-0.328,Healthy
C0086,5,15,4.45,36.25,4.387,6.766,138,20.8,0,1101,815,2313,1979,2968,3407,4101,4327,4078,3635,3464,2377,16942,1269,-0.302,Healthy
C0086,6,18,4.359,36.05,4.313,6.784,131,20.08,0,1123,751,2396,1895,2869,3154,4221,4414,3802,3574,3385,2256,17363,1346,-0.376,Healthy
C0088,1,3,4.596,35.91,4.56,6.665,172,20.89,0,1341,1034,2894,2387,3133,3489,4602,4931,4365,4328,3714,2365,19718,1459,-0.129,Healthy
C0088,2,6,4.906,35.89,4.87,6.699,178,18.62,0,1419,1036,2864,2356,3088,3277,4520,4987,4596,4413,3721,2592,19856,1446,0.181,Healthy
C0088,3,9,5.233,36.36,5.147,6.748,200,15.22,0,1422,1016,2942,2463,3088,3631,4743,4953,4916,4504,3970,2513,20647,1487,0.458,Healthy
C0088,4,12,5.689,36.88,5.54,6.811,269,13.71,0,1598,1170,3402,2654,3399,3808,5043,5441,5323,4765,4270,2845,23527,1617,0.851,Subclinical
C0088,5,15,6.01,37.4,5.793,6.885,353,10.83,1,1979,1436,3926,3495,4272,5224,6485,7302,6880,6198,5425,3634,29637,1973,1.104,Subclinical
C0088,6,18,6.46,38.05,6.147,6.97,443,7.0,1,2099,1603,4570,3746,4652,5210,6929,7338,7276,6587,5539,3923,30566,1982,1.458,Subclinical
C0089,1,3,4.74,35.73,4.719,6.665,171,19.75,0,1162,878,2327,2031,2681,3042,3998,5005,4455,4293,3908,2650,18320,1333,0.03,Healthy
C0089,2,6,5.242,35.81,5.211,6.699,185,19.54,0,1222,973,2659,2249,2886,3364,4546,5059,4645,4510,3975,2720,19895,1537,0.522,Healthy
C0089,3,9,5.473,36.35,5.385,6.748,223,17.25,0,1269,1031,2885,2009,3072,3578,4448,5173,4947,4654,4151,2926,20323,1472,0.696,Healthy
C0089,4,12,6.02,36.82,5.869,6.811,334,15.98,0,1530,1063,3166,2642,3406,4081,4803,6107,5663,4928,4497,3139,23188,1647,1.18,Subclinical
C0089,5,15,6.752,37.36,6.513,6.885,434,14.36,1,1955,1505,4330,3495,4543,5296,6818,7909,7583,7024,5731,4127,31193,2064,1.824,Clinical
C0089,6,18,7.61,37.98,7.251,6.97,552,12.2,1,2034,1540,4695,3320,4925,5526,7367,8325,8239,7147,7004,4598,32997,2168,2.562,Clinical
C0090,1,3,4.723,36.12,4.667,6.684,115,21.55,0,1158,814,2462,2063,2984,3549,4655,4599,4362,3940,3599,2358,18205,1357,-0.022,Healthy
C0090,2,6,4.853,35.95,4.812,6.666,121,22.0,0,1257,833,2709,2066,2982,3249,4261,4706,4078,3990,3412,2409,18980,1383,0.123,Healthy
C0090,3,9,4.712,35.99,4.668,6.66,125,21.64,0,1095,925,2490,2035,2986,3314,4629,4632,4212,4215,3399,2438,18718,1406,-0.021,Healthy
C0090,4,12,4.855,36.02,4.807,6.665,127,22.25,0,1111,869,2563,1894,3179,3277,4794,4777,4261,3951,3534,2346,19364,1383,0.118,Healthy
C0090,5,15,4.7,36.15,4.642,6.706,120,22.81,0,1064,868,2370,2003,2894,3036,4262,4766,4161,3890,3584,2292,18973,1327,-0.047,Healthy
C0090,6,18,4.703,36.0,4.658,6.651,135,21.97,0,1143,858,2637,2087,3098,3555,4472,4832,4004,4239,3671,2403,18616,1383,-0.031,Healthy
C0091,1,3,4.131,36.36,4.063,6.791,163,25.91,0,1115,813,2482,1896,3005,3688,4379,4769,4430,3808,3586,2428,18876,1439,-0.626,Healthy
C0091,2,6,3.968,36.4,3.9,6.813,163,25.51,0,1134,865,2625,2048,3257,3732,5080,5011,4043,3918,3538,2497,19497,1393,-0.789,Healthy
C0091,3,9,4.254,36.39,4.182,6.816,162,25.59,0,1063,805,2352,1873,3083,3489,4252,4352,4034,3944,3412,2210,18276,1390,-0.507,Healthy
C0091,4,12,4.315,36.43,4.239,6.804,158,25.48,0,1099,778,2266,1974,3171,3486,4466,4260,4252,3855,3482,2502,17583,1347,-0.45,Healthy
C0091,5,15,4.195,36.19,4.14,6.824,154,25.16,0,1082,797,2425,1907,3034,3507,4686,4425,4271,3908,3484,2390,18493,1437,-0.549,Healthy
C0091,6,18,4.189,36.36,4.121,6.851,162,24.92,0,1124,855,2267,1907,2984,3743,4494,4531,4007,3906,3591,2346,18184,1434,-0.568,Healthy
C0092,1,3,4.922,35.22,4.948,6.627,105,28.22,0,1267,903,2611,2131,2985,3682,4393,5203,4710,4273,3915,2494,20587,1508,0.259,Healthy
C0092,2,6,4.779,35.38,4.79,6.628,102,28.19,0,1217,892,2593,1982,3092,3334,4427,4643,4568,4202,3643,2422,19903,1439,0.101,Healthy
C0092,3,9,4.797,35.39,4.807,6.649,102,28.62,0,1232,904,2806,2082,3228,3556,4834,4778,4402,4110,3563,2426,19685,1360,0.118,Healthy
C0092,4,12,5.017,35.25,5.041,6.628,108,27.34,0,1267,926,2675,2164,3162,3646,4515,4717,4528,3994,3525,2612,19139,1447,0.352,Healthy
C0092,5,15,5.013,35.31,5.031,6.628,96,28.04,0,1229,949,2650,2195,2927,3564,4508,4759,4365,4246,3725,2710,19137,1453,0.342,Healthy
C0092,6,18,5.054,35.24,5.079,6.609,78,28.21,0,1153,836,2507,2047,3000,3366,4158,4395,4335,3957,3447,2341,18462,1354,0.39,Healthy
C0093,1,3,4.591,35.68,4.575,6.672,171,20.6,0,1177,926,2499,2012,2849,3395,4428,4519,4494,4279,3752,2458,18427,1379,-0.114,Healthy
C0093,2,6,5.027,35.88,4.991,6.721,175,17.23,0,1199,936,2641,2228,2923,3193,4524,5011,4402,4042,3760,2501,19482,1375,0.302,Healthy
C0093,3,9,5.227,36.27,5.151,6.792,234,16.25,0,1287,1018,2852,2410,3215,3434,4635,5354,4941,4453,4226,2577,20750,1464,0.462,Healthy
C0093,4,12,5.71,36.62,5.588,6.881,311,13.62,0,1455,1012,2970,2493,3499,4040,5220,5513,5289,4619,4367,2983,22548,1531,0.899,Subclinical
C0093,5,15,6.083,37.16,5.891,6.987,397,11.83,0,1510,1129,3098,2542,3641,3975,5274,6090,6115,5263,4630,3100,24144,1690,1.202,Subclinical
C0093,6,18,6.71,37.73,6.426,7.11,498,8.7,0,1678,1302,3490,2814,3905,4319,5523,6153,5846,5866,4890,3399,26055,1765,1.737,Clinical
C0094,1,3,4.584,35.77,4.56,6.679,165,22.92,0,1133,883,2564,2052,2945,2997,4278,4479,4416,3864,3419,2274,18592,1429,-0.129,Healthy
C0094,2,6,5.016,36.16,4.953,6.744,179,17.35,0,1313,954,2666,2210,2951,3365,4782,4801,4334,4134,3955,2371,19651,1441,0.264,Healthy
C0094,3,9,5.253,36.24,5.179,6.838,237,18.14,0,1285,1005,2722,2258,3274,3616,4456,5198,4746,4219,4143,2652,20424,1489,0.49,Healthy
C0094,4,12,5.542,36.86,5.399,6.956,326,15.29,0,1403,1055,3193,2476,3341,4055,5234,5605,4737,4735,4395,3074,21338,1524,0.71,Subclinical
C0094,5,15,5.882,37.44,5.665,7.097,412,14.09,1,1837,1489,4118,3381,4519,5256,6955,7254,6544,6360,5300,3602,29688,2054,0.976,Subclinical
C0094,6,18,6.39,38.05,6.08,7.26,520,11.7,1,2179,1529,4361,3539,4613,5409,7121,7523,7279,6554,6400,4257,31447,2145,1.391,Clinical
C0095,1,3,4.55,35.64,4.538,6.675,140,21.1,0,1088,842,2343,1859,2718,3198,3944,4457,4169,3916,3608,2316,17648,1313,-0.151,Healthy
C0095,2,6,5.135,36.09,5.077,6.73,191,18.76,0,1171,836,2619,2093,2952,3522,4464,4951,4127,4134,3704,2440,19776,1451,0.388,Healthy
C0095,3,9,5.322,36.46,5.225,6.81,240,16.22,0,1264,981,2739,2240,3403,3736,5040,4807,4702,4562,4147,2709,20137,1521,0.536,Healthy
C0095,4,12,5.746,36.82,5.602,6.911,314,12.83,0,1322,1014,2760,2267,3528,3761,4914,5533,5239,4578,4168,2692,21328,1470,0.913,Subclinical
C0095,5,15,6.547,37.41,6.309,7.031,383,11.14,0,1467,1195,3386,2749,3945,4402,5722,5994,5856,5467,4772,2916,24597,1716,1.62,Subclinical
C0095,6,18,7.21,38.08,6.857,7.17,483,7.6,0,1597,1179,3448,2734,3734,3492,4524,5334,5759,5850,4706,3514,23348,1618,2.168,Clinical
C0096,1,3,4.284,35.88,4.253,6.582,129,23.57,0,1109,774,2306,1856,2694,3045,3954,4238,4334,3510,3256,2106,17025,1353,-0.436,Healthy
C0096,2,6,4.304,36.02,4.261,6.552,130,24.57,0,1084,785,2196,1871,2804,2989,4035,4486,3773,3732,2941,2064,16781,1297,-0.428,Healthy
C0096,3,9,4.359,36.05,4.313,6.552,126,24.52,0,1038,795,2278,1918,2770,3239,4026,4248,3990,3757,3345,2088,17273,1222,-0.376,Healthy
C0096,4,12,4.307,36.1,4.258,6.575,120,24.31,0,1030,751,2417,1819,2611,2868,3811,4215,3910,3548,3240,2002,17067,1270,-0.431,Healthy
C0096,5,15,4.218,35.87,4.188,6.552,135,24.86,0,1039,831,2175,1849,2791,3032,3995,4002,3869,3753,2820,2066,17204,1359,-0.501,Healthy
C0096,6,18,4.357,35.95,4.32,6.553,128,24.78,0,1055,827,2262,1912,2712,2956,4002,3947,3964,3822,3245,2071,16788,1313,-0.369,Healthy
C0099,1,3,4.791,36.23,4.725,6.659,113,22.64,0,1033,783,2486,1921,2754,3111,3845,4219,3758,3641,3578,2330,17188,1254,0.036,Healthy
C0099,2,6,4.735,36.11,4.68,6.636,98,23.02,0,1032,747,2177,1792,2645,2859,4055,4001,3903,3402,3564,2288,16294,1235,-0.009,Healthy
C0099,3,9,4.797,36.25,4.729,6.648,116,23.77,0,1079,796,2444,1874,2618,3080,3922,4093,3908,3701,3653,2431,16201,1238,0.04,Healthy
C0099,4,12,4.995,36.38,4.911,6.644,99,23.19,0,1060,846,2362,1963,2845,3205,4047,4069,3839,3503,3470,2242,16838,1295,0.222,Healthy
C0099,5,15,4.901,36.18,4.838,6.654,130,24.3,0,1126,845,2437,2027,2766,3176,4121,4271,4231,3850,3689,2481,17550,1329,0.149,Healthy
C0099,6,18,4.961,36.19,4.896,6.667,106,23.74,0,1094,777,2195,1899,2766,2872,3846,4180,3788,3646,3388,2205,16947,1236,0.207,Healthy
C0100,1,3,4.542,35.62,4.532,6.669,155,20.17,0,1148,866,2605,2084,2881,3364,4171,4386,4400,4073,3901,2681,18037,1369,-0.157,Healthy
C0100,2,6,4.789,36.04,4.74,6.713,219,21.71,0,1281,939,2637,2133,3055,3559,4631,4875,4634,4264,4285,2821,20588,1522,0.051,Healthy
C0100,3,9,5.322,36.46,5.225,6.776,271,17.16,0,1305,1073,2979,2398,3191,3676,4754,5267,4933,4555,4251,2726,21851,1503,0.536,Healthy
C0100,4,12,5.466,36.97,5.313,6.856,365,15.08,0,1448,1087,3371,2465,3607,4043,5370,5704,5459,5083,4593,3037,23826,1625,0.624,Subclinical
C0100,5,15,6.116,37.52,5.881,6.951,491,12.64,1,1976,1425,4377,3381,5181,5429,7090,7787,7600,6621,6210,4039,31216,2059,1.192,Subclinical
C0100,6,18,6.71,38.21,6.365,7.06,624,10.4,1,2019,1571,4754,3529,5218,5854,7795,7866,6803,7798,6712,4530,31617,2099,1.676,Clinical
C0101,1,3,4.699,35.66,4.685,6.669,162,20.71,0,1073,895,2374,1925,2697,3109,4062,4561,4391,3650,3599,2396,18113,1358,-0.004,Healthy
C0101,2,6,5.168,35.93,5.126,6.712,219,19.07,0,1275,923,2788,2200,2909,3341,4367,5060,4433,4262,3903,2717,19273,1408,0.437,Healthy
C0101,3,9,5.448,36.34,5.361,6.773,277,16.38,0,1393,964,2788,2308,3252,3714,4785,5374,4948,4624,4060,2803,21506,1468,0.672,Subclinical
C0101,4,12,5.949,36.69,5.814,6.851,356,13.15,0,1434,1059,3089,2438,3436,3815,4987,5589,4954,4938,4356,3003,22425,1629,1.125,Subclinical
C0101,5,15,6.475,37.12,6.276,6.943,487,11.83,1,1826,1398,4267,3378,4402,5313,6842,7081,7160,6217,5556,3954,29427,1924,1.587,Clinical
C0101,6,18,7.16,37.68,6.863,7.05,631,8.2,1,2011,1536,4242,3486,4836,5729,6960,7744,6979,7128,6221,4684,30637,2096,2.174,Clinical
C0103,1,3,4.736,35.4,4.745,6.671,147,19.84,0,1150,839,2570,2002,2893,3437,4424,4459,4317,4015,3759,2334,19274,1408,0.056,Healthy
C0103,2,6,4.938,35.99,4.892,6.718,194,16.84,0,1207,867,2409,2178,3257,3523,4828,4690,4035,4039,3830,2461,19035,1434,0.203,Healthy
C0103,3,9,5.309,36.14,5.244,6.785,244,14.89,0,1288,989,2800,2250,3308,3897,4928,4712,4555,4545,3927,2689,20543,1556,0.555,Healthy
C0103,4,12,5.939,36.55,5.821,6.871,310,12.27,0,1320,1056,3019,2358,3591,3995,5466,5535,5139,4676,4707,2917,22905,1604,1.132,Subclinical
C0103,5,15,6.381,36.91,6.21,6.973,401,9.0,1,1977,1456,3793,3076,5263,5665,7979,7546,6550,6871,5509,3987,30756,1967,1.521,Subclinical
C0103,6,18,6.97,37.4,6.718,7.09,510,5.2,1,1959,1473,3938,3375,5080,5419,7138,7520,7000,6534,5918,3974,30184,2109,2.029,Clinical
C0104,1,3,4.492,35.56,4.487,6.759,124,22.23,0,1034,803,2194,1808,2549,3067,4146,4145,3926,3813,3550,2323,17726,1319,-0.202,Healthy
C0104,2,6,4.29,35.66,4.277,6.76,121,21.99,0,1084,770,2262,1848,2849,3082,4070,4145,3871,3618,3477,2346,16861,1342,-0.412,Healthy
C0104,3,9,4.273,35.76,4.252,6.746,106,22.51,0,1013,744,2284,1916,2774,3038,3961,3979,3911,3611,3444,2284,17294,1290,-0.437,Healthy
C0104,4,12,4.187,35.55,4.183,6.748,122,24.03,0,1098,767,2385,1954,2923,3220,4070,4387,4084,3711,3548,2496,17786,1353,-0.506,Healthy
C0104,5,15,4.58,35.76,4.557,6.749,116,22.69,0,1075,765,2261,1840,2692,3073,3820,4210,3701,3396,3213,2172,16680,1237,-0.132,Healthy
C0104,6,18,4.403,35.75,4.382,6.778,118,22.56,0,1143,787,2221,1924,2595,2911,4033,4119,4107,3657,3468,2352,16875,1248,-0.307,Healthy
C0105,1,3,4.839,35.34,4.854,6.569,86,16.78,0,1086,815,2382,1910,2626,3126,3839,4312,3928,3742,3563,2408,17146,1374,0.165,Healthy
C0105,2,6,4.805,35.42,4.812,6.593,80,16.78,0,1057,785,2265,1932,2470,2894,3543,4263,3548,3549,3616,2383,16893,1321,0.123,Healthy
C0105,3,9,4.759,35.12,4.793,6.536,96,16.42,0,1038,774,2279,1800,2534,2914,3762,4114,3792,3535,3693,2397,16738,1269,0.104,Healthy
C0105,4,12,4.866,35.22,4.892,6.584,96,17.34,0,1061,787,2359,1820,2520,3011,3844,4161,3896,3545,3425,2276,16286,1288,0.203,Healthy
C0105,5,15,4.74,35.32,4.756,6.555,97,16.9,0,1118,771,2231,1807,2595,2983,3786,3913,3877,3911,3782,2428,16403,1222,0.067,Healthy
C0105,6,18,4.687,35.17,4.716,6.622,88,16.27,0,1024,797,2241,1794,2567,2941,3804,3925,3308,3563,3385,2331,16221,1242,0.027,Healthy
C0106,1,3,5.027,35.55,5.022,6.681,163,18.57,0,1154,869,2620,2075,2966,3495,4350,4715,4626,4062,3788,2656,19423,1423,0.333,Healthy
C0106,2,6,4.785,36.01,4.739,6.752,218,20.54,0,1167,891,2629,2032,3075,3465,4632,4956,4919,4381,3946,2690,20237,1429,0.05,Healthy
C0106,3,9,5.38,36.14,5.315,6.853,335,18.89,0,1441,1092,3137,2420,3543,4047,5711,5963,5468,5038,4269,3037,23437,1599,0.626,Healthy
C0106,4,12,5.515,36.66,5.393,6.981,451,15.48,0,1514,1149,3307,2760,3996,4297,5872,6377,5828,5283,4788,3398,24612,1619,0.704,Subclinical
C0106,5,15,5.892,37.12,5.711,7.134,622,13.79,1,1910,1378,4220,3450,5318,5814,7482,8316,7844,7073,6618,4093,32209,2078,1.022,Clinical
C0106,6,18,6.24,37.66,5.984,7.31,818,11.9,1,2039,1521,4245,3531,4900,5573,7850,8215,7204,6964,6478,4098,30781,2125,1.295,Clinical
C0107,1,3,4.761,35.76,4.737,6.677,160,21.36,0,1289,956,2887,2281,3205,3541,4685,5256,4956,4421,4072,2611,21434,1449,0.048,Healthy
C0107,2,6,4.993,36.18,4.928,6.737,189,17.45,0,1329,989,2974,2183,3138,3548,4784,4975,4990,4620,4174,2820,19695,1432,0.239,Healthy
C0107,3,9,5.184,36.59,5.077,6.822,243,16.62,0,1394,1053,3029,2430,3467,3720,4822,5253,4857,4540,4496,2836,21327,1530,0.388,Healthy
C0107,4,12,5.934,37.12,5.751,6.931,277,16.07,0,1474,1142,3360,2707,3552,3916,5596,5842,5644,4747,4465,3100,22713,1588,1.062,Subclinical
C0107,5,15,6.451,37.92,6.154,7.061,359,13.64,1,2135,1613,4694,3552,4998,5689,8121,8525,8312,7602,6743,4631,33849,2251,1.465,Subclinical
C0107,6,18,7.15,38.7,6.715,7.21,448,11.2,1,2318,1668,4484,3928,5405,5482,6756,7787,7869,7818,6893,4455,33562,2184,2.026,Clinical
C0108,1,3,5.031,36.09,4.975,6.745,122,21.74,0,1169,899,2508,2004,2904,3553,4746,4340,4348,4026,3402,2223,18043,1385,0.286,Healthy
C0108,2,6,5.208,36.06,5.153,6.749,132,22.58,0,1305,976,2894,2247,2937,3819,4308,4685,4327,4233,3746,2563,19812,1464,0.464,Healthy
C0108,3,9,5.145,36.12,5.084,6.743,129,21.26,0,1257,933,2684,2228,3210,3442,5020,4524,4283,4052,3601,2355,19954,1387,0.395,Healthy
C0108,4,12,5.094,36.03,5.043,6.764,131,22.46,0,1269,1006,2750,2184,3120,3352,4670,4439,4265,4556,3524,2350,19435,1471,0.354,Healthy
C0108,5,15,5.203,36.14,5.14,6.761,127,22.47,0,1243,923,2718,2294,2953,3476,4849,4867,4286,3966,3337,2333,20649,1472,0.451,Healthy
C0108,6,18,5.016,36.16,4.953,6.741,128,22.34,0,1206,874,2608,2071,3304,3654,4742,4701,4143,4290,3407,2322,18708,1298,0.264,Healthy
C0109,1,3,4.789,35.76,4.765,6.674,129,17.9,0,1162,842,2478,1959,3059,3336,4542,4075,4016,4095,3639,2428,17702,1345,0.076,Healthy
C0109,2,6,4.73,35.7,4.712,6.696,157,18.23,0,1229,901,2520,2114,3125,3576,4587,4287,4409,4074,4056,2680,18994,1382,0.023,Healthy
C0109,3,9,4.723,35.84,4.692,6.687,147,18.63,0,1156,923,2583,2006,2997,3305,4582,4384,4470,3906,3789,2509,18687,1451,0.003,Healthy
C0109,4,12,4.613,35.8,4.587,6.691,145,17.99,0,1197,932,2620,1969,3141,3523,4279,4304,4238,3963,3793,2521,18746,1430,-0.102,Healthy
C0109,5,15,4.578,35.7,4.561,6.66,136,18.25,0,1144,854,2450,1942,2831,3414,4614,4792,3913,3805,3892,2364,18793,1343,-0.128,Healthy
C0109,6,18,4.712,35.77,4.688,6.676,126,17.44,0,1139,830,2399,2055,2933,3150,4033,4261,4110,3886,3886,2292,17405,1350,-0.001,Healthy
C0112,1,3,4.595,34.05,4.722,6.569,190,19.31,0,1187,916,2679,2049,2663,3289,4292,4787,4470,4128,3591,2593,19159,1371,0.033,Healthy
C0112,2,6,4.642,34.01,4.773,6.572,200,20.55,0,1260,875,2732,2234,2967,3272,4792,4480,4893,4473,3711,2543,19406,1462,0.084,Healthy
C0112,3,9,4.636,34.06,4.763,6.557,199,19.74,0,1188,867,2794,2076,2676,3438,4333,4537,4688,4090,3628,2382,19181,1411,0.074,Healthy
C0112,4,12,4.511,34.0,4.64,6.536,187,19.1,0,1191,889,2684,2181,2863,3101,4336,4944,4534,3882,3690,2638,18296,1449,-0.049,Healthy
C0112,5,15,4.521,34.12,4.64,6.573,199,18.92,0,1189,911,2663,2086,2795,3308,4533,4732,4566,4306,3830,2514,19303,1441,-0.049,Healthy
C0112,6,18,4.511,34.11,4.63,6.535,192,19.95,0,1118,894,2426,1938,2862,3298,4196,4669,4317,3958,3369,2472,18111,1295,-0.059,Healthy
C0113,1,3,4.892,36.06,4.84,6.702,133,15.91,0,1218,900,2582,2062,2723,2988,3985,4892,4820,4013,3760,2619,17931,1341,0.151,Healthy
C0113,2,6,4.926,36.08,4.872,6.686,131,17.09,0,1141,876,2567,2014,2594,3097,4125,4606,4183,4010,3821,2582,17914,1281,0.183,Healthy
C0113,3,9,5.048,36.11,4.989,6.731,135,16.24,0,1224,921,2562,2170,2902,3059,4072,4638,4407,4172,3856,2608,18207,1442,0.3,Healthy
C0113,4,12,4.833,36.04,4.783,6.691,146,16.69,0,1187,870,2650,2021,2596,3295,3833,4595,4349,4150,3847,2511,18217,1307,0.094,Healthy
C0113,5,15,4.869,36.01,4.822,6.742,144,15.81,0,1175,903,2511,2132,2831,2917,3942,4730,4272,3931,3566,2588,18343,1409,0.133,Healthy
C0113,6,18,5.039,36.03,4.988,6.7,135,15.78,0,1155,940,2554,2052,2804,2972,4267,4669,4597,4459,3754,2500,19063,1441,0.299,Healthy
C0114,1,3,4.74,34.54,4.826,6.532,75,16.42,0,1206,831,2361,1925,2853,3159,4378,4569,4264,3982,3528,2461,17583,1286,0.137,Healthy
C0114,2,6,4.538,34.61,4.615,6.56,74,16.11,0,1056,806,2391,1831,2665,3060,4299,4588,4240,3998,3465,2251,18145,1363,-0.074,Healthy
C0114,3,9,4.573,34.57,4.654,6.563,80,17.33,0,1104,810,2275,1835,2931,3255,4256,4652,4308,3948,3314,2397,18362,1371,-0.035,Healthy
C0114,4,12,4.471,34.64,4.544,6.545,69,15.76,0,1113,817,2117,1906,2757,3278,4045,4276,4068,3936,3343,2288,17405,1345,-0.145,Healthy
C0114,5,15,4.705,34.65,4.781,6.566,65,16.4,0,1111,779,2431,1844,2734,3327,4213,4519,4530,4076,3476,2130,17865,1341,0.092,Healthy
C0114,6,18,4.426,34.56,4.505,6.516,77,16.77,0,1043,840,2249,1822,2764,3144,4147,4439,4066,3995,3323,2315,17531,1284,-0.184,Healthy
C0115,1,3,4.694,35.39,4.704,6.684,132,26.59,0,1185,854,2477,2154,2864,3150,4016,4053,3922,3816,3538,2371,18234,1378,0.015,Healthy
C0115,2,6,4.641,35.4,4.65,6.709,138,26.66,0,1187,896,2580,2197,2861,3174,4035,4485,4081,4073,3625,2535,18552,1396,-0.039,Healthy
C0115,3,9,4.624,35.31,4.641,6.732,140,25.83,0,1233,921,2748,2214,2811,3215,4063,4403,4209,3830,3426,2513,18739,1339,-0.048,Healthy
C0115,4,12,4.813,35.21,4.84,6.672,131,25.93,0,1213,924,2517,2116,2871,3130,4186,4258,4270,3971,3466,2364,17902,1231,0.151,Healthy
C0115,5,15,4.781,35.25,4.804,6.698,115,26.25,0,1124,816,2469,1961,2810,3055,3864,3978,3983,3421,3208,2295,16857,1304,0.115,Healthy
C0115,6,18,4.775,35.32,4.791,6.693,141,26.41,0,1155,865,2557,2250,2782,3097,4452,4440,3910,3527,3331,2268,17535,1331,0.102,Healthy
C0116,1,3,4.824,34.91,4.878,6.486,133,17.63,0,1161,922,2524,2174,2765,3162,4368,4857,4365,4176,3622,2412,18642,1395,0.189,Healthy
C0116,2,6,4.917,35.06,4.958,6.511,133,17.78,0,1269,996,2590,2136,2790,3330,4353,4820,4744,4238,3379,2587,19911,1504,0.269,Healthy
C0116,3,9,4.975,34.83,5.038,6.518,123,17.01,0,1232,961,2538,2152,2853,3327,4243,4811,4502,4112,3588,2445,18882,1428,0.349,Healthy
C0116,4,12,4.79,34.75,4.858,6.521,122,17.86,0,1199,885,2665,2096,2743,3160,4340,4757,4142,4063,3561,2449,18374,1419,0.169,Healthy
C0116,5,15,4.822,34.84,4.882,6.554,130,16.98,0,1153,815,2582,2061,2663,3133,4017,4634,4687,4208,3504,2365,18660,1412,0.193,Healthy
C0116,6,18,4.792,34.89,4.848,6.532,125,17.28,0,1111,881,2759,1951,2971,3238,4184,4438,4207,4094,3718,2324,18285,1362,0.159,Healthy
C0117,1,3,4.717,35.0,4.762,6.718,124,19.38,0,1206,886,2466,2159,2737,3106,3924,4522,4233,3908,3535,2401,18105,1290,0.073,Healthy
C0117,2,6,4.821,34.7,4.894,6.722,140,19.65,0,1220,902,2561,2131,2755,3403,4178,4668,4325,4158,3603,2207,18573,1441,0.205,Healthy
C0117,3,9,4.825,34.86,4.884,6.74,126,19.1,0,1208,852,2672,2062,2692,3215,4064,4535,4114,4071,3568,2391,18350,1350,0.195,Healthy
C0117,4,12,4.847,34.77,4.914,6.793,134,19.82,0,1159,886,2640,2206,2537,2950,3851,4705,4467,3810,3346,2183,17973,1311,0.225,Healthy
C0117,5,15,4.814,34.68,4.889,6.768,128,18.73,0,1138,832,2519,1959,2748,2985,3687,4268,4199,3777,3543,2307,17040,1316,0.2,Healthy
C0117,6,18,4.621,34.81,4.682,6.689,108,19.38,0,1099,856,2232,1919,2299,2674,3540,4188,3940,3749,3142,2098,16774,1190,-0.007,Healthy
C0118,1,3,3.892,36.05,3.851,6.513,135,19.08,0,1115,859,2500,1850,2836,2967,4259,4300,4021,3685,3626,2263,18243,1320,-0.838,Healthy
C0118,2,6,4.102,36.12,4.054,6.476,111,19.2,0,1073,801,2257,1848,2504,3279,4020,4180,4001,3624,3399,2382,17274,1272,-0.635,Healthy
C0118,3,9,4.051,36.13,4.003,6.51,122,18.2,0,1046,795,2256,1863,2670,3242,3960,4613,4004,3652,3468,2383,16899,1250,-0.686,Healthy
C0118,4,12,4.092,36.03,4.051,6.52,118,19.25,0,1057,758,2331,1861,2767,2951,4203,4348,3891,3853,3257,2217,17293,1388,-0.638,Healthy
C0118,5,15,4.317,35.97,4.278,6.516,107,19.29,0,1075,776,2240,1888,2501,3149,4109,4305,4073,3592,3189,2432,17263,1296,-0.411,Healthy
C0118,6,18,4.022,36.06,3.979,6.547,134,19.3,0,1040,828,2170,1790,2662,3193,4112,4068,3995,3872,3216,2344,16613,1235,-0.71,Healthy
C0120,1,3,4.861,35.75,4.838,6.679,139,21.55,0,1364,1002,2901,2200,2832,3399,4338,4629,4358,4215,3617,2477,19342,1362,0.149,Healthy
C0120,2,6,4.935,35.68,4.918,6.702,132,20.9,0,1179,1008,2750,2346,3105,3564,4246,4870,4513,4194,3608,2635,19558,1418,0.229,Healthy
C0120,3,9,5.043,35.61,5.032,6.736,148,20.94,0,1296,1051,3069,2263,3206,3380,4880,5506,4678,4403,3772,2638,21283,1514,0.343,Healthy
C0120,4,12,5.066,35.68,5.049,6.688,144,21.71,0,1381,1008,2810,2314,3166,3589,4584,4957,4900,4491,3873,2522,19730,1378,0.36,Healthy
C0120,5,15,4.969,35.69,4.951,6.722,144,21.38,0,1355,979,2974,2324,3126,3524,4361,5050,4847,4649,3756,2625,20272,1549,0.262,Healthy
C0120,6,18,4.967,35.68,4.95,6.737,122,21.51,0,1246,934,2639,2332,2971,3398,4400,4350,4469,4112,3627,2458,19708,1453,0.261,Healthy
C0122,1,3,4.857,35.83,4.827,6.671,158,20.76,0,1158,861,2556,1953,2741,3148,4088,4544,4084,3527,4001,2413,17739,1339,0.138,Healthy
C0122,2,6,4.626,35.98,4.584,6.718,185,18.47,0,1139,863,2480,1925,2543,3232,4170,4103,3879,3827,3955,2452,17337,1380,-0.105,Healthy
C0122,3,9,5.257,36.39,5.168,6.785,242,16.78,0,1201,1018,2798,2279,2995,3402,4285,4730,4275,4496,4111,2789,19693,1474,0.479,Healthy
C0122,4,12,5.636,36.79,5.498,6.871,312,15.17,0,1448,988,3044,2313,3121,3497,4717,5119,4548,4388,4144,2987,20556,1562,0.809,Subclinical
C0122,5,15,6.131,37.31,5.92,6.973,407,12.81,0,1480,1057,3090,2489,3221,3857,5207,5411,4988,4643,4399,3018,22061,1599,1.231,Subclinical
C0122,6,18,6.69,37.89,6.386,7.09,520,11.1,0,1480,1158,3252,2708,3419,3596,4520,5554,5118,5503,5009,3029,22366,1599,1.697,Clinical
C0123,1,3,4.136,35.53,4.134,6.676,160,15.82,0,1197,945,2680,2213,2834,3199,4137,4989,4886,4468,4247,2713,20077,1413,-0.555,Healthy
C0123,2,6,4.289,35.56,4.284,6.686,178,16.13,0,1249,989,2527,2264,3090,3311,4365,5368,4583,4310,4038,2930,19858,1457,-0.405,Healthy
C0123,3,9,4.205,35.49,4.206,6.727,160,16.48,0,1276,938,2788,2101,2779,3338,4423,5126,4498,4287,4075,2966,19318,1391,-0.483,Healthy
C0123,4,12,4.248,35.53,4.246,6.706,167,16.43,0,1151,974,2825,2092,2796,3350,4399,4891,4471,4791,4289,2914,20096,1493,-0.443,Healthy
C0123,5,15,4.051,35.5,4.051,6.62,172,15.52,0,1188,913,2730,2243,2768,3235,4302,4505,4535,4223,3941,2898,19222,1346,-0.638,Healthy
C0123,6,18,4.314,35.45,4.318,6.682,156,15.82,0,1128,896,2710,1987,2844,3381,4255,4952,4547,4217,4077,2799,18820,1380,-0.371,Healthy
C0124,1,3,4.429,34.63,4.502,6.595,107,23.24,0,1006,793,2195,1750,2625,2892,3684,4195,3725,3562,3171,2127,15094,1181,-0.187,Healthy
C0124,2,6,4.46,34.71,4.527,6.637,114,24.08,0,1041,807,2285,1894,2615,2941,4113,3974,3887,3593,3236,2180,17015,1366,-0.162,Healthy
C0124,3,9,4.412,34.72,4.477,6.6,94,24.22,0,1014,739,2096,1870,2378,2820,3626,3823,3635,3516,3028,2177,15683,1167,-0.212,Healthy
C0124,4,12,4.243,34.9,4.291,6.606,128,24.01,0,1046,829,2456,1857,2533,2932,3543,4247,3783,3697,3295,2347,16706,1321,-0.398,Healthy
C0124,5,15,4.223,34.97,4.266,6.569,109,24.05,0,999,764,2185,1797,2558,2789,3531,4096,3826,3496,3210,2059,16527,1296,-0.423,Healthy
C0124,6,18,4.524,34.83,4.582,6.563,125,23.76,0,1078,782,2314,1790,2706,2831,3861,4307,3757,3768,3140,2210,16539,1248,-0.107,Healthy
C0125,1,3,4.691,35.78,4.666,6.668,159,17.88,0,1312,999,2824,2271,3203,3563,4413,5248,4773,4136,3960,2534,19843,1460,-0.023,Healthy
C0125,2,6,5.278,36.12,5.216,6.709,210,19.57,0,1409,1034,2855,2322,3090,3576,4690,5356,4715,4653,4237,2996,20311,1456,0.527,Healthy
C0125,3,9,5.346,36.5,5.244,6.767,295,16.98,0,1461,1118,2991,2506,3445,3944,5110,5466,5151,4828,4536,3028,23317,1633,0.555,Healthy
C0125,4,12,5.865,37.17,5.679,6.841,397,13.95,0,1532,1199,3387,2809,3513,4103,5630,5817,6024,5540,4779,3197,25108,1765,0.99,Subclinical
C0125,5,15,6.313,37.86,6.03,6.929,544,10.37,1,2074,1519,4441,3589,4703,5519,7314,7850,8062,6938,6338,4093,32679,2262,1.341,Clinical
C0125,6,18,6.9,38.66,6.486,7.03,712,6.8,1,2273,1698,4789,3975,4769,5393,6734,8172,7314,7932,6731,4537,31623,2133,1.797,Clinical
C0126,1,3,4.534,35.16,4.563,6.438,94,25.15,0,1100,935,2676,2073,2988,3462,4314,4651,4619,4069,3623,2467,18605,1384,-0.126,Healthy
C0126,2,6,4.663,35.28,4.682,6.473,127,24.44,0,1246,891,2685,2048,3026,3438,4545,5052,4834,4280,3876,2458,20147,1522,-0.007,Healthy
C0126,3,9,4.592,35.27,4.612,6.48,107,25.29,0,1198,903,2636,2159,3271,3357,4572,4460,4575,4267,3632,2475,19623,1365,-0.077,Healthy
C0126,4,12,4.721,35.22,4.746,6.474,99,25.1,0,1170,850,2568,1949,2916,3475,4412,4687,4334,3913,3656,2352,18668,1359,0.057,Healthy
C0126,5,15,4.564,35.26,4.585,6.442,103,24.8,0,1158,904,2494,1994,3058,3420,4456,4506,4039,4250,3644,2455,18265,1358,-0.104,Healthy
C0126,6,18,4.573,35.31,4.59,6.437,100,24.4,0,1062,906,2440,2028,2896,3482,4489,4725,4357,4052,3471,2341,19269,1363,-0.099,Healthy
C0127,1,3,4.5,34.68,4.57,6.69,85,12.43,0,993,747,2205,1827,2516,2633,3480,3855,3694,3442,3025,2078,16307,1223,-0.119,Healthy
C0127,2,6,4.479,34.8,4.539,6.683,75,13.86,0,1084,824,2217,1752,2389,2555,3695,4046,3715,3499,3089,2077,16121,1162,-0.15,Healthy
C0127,3,9,4.518,34.71,4.586,6.665,94,12.76,0,1033,804,2308,1748,2459,2767,3477,3922,3791,3465,3142,2138,15738,1158,-0.103,Healthy
C0127,4,12,4.46,34.79,4.52,6.694,98,13.1,0,1049,815,2285,1866,2402,2816,3533,4086,3720,3466,3264,2185,16636,1254,-0.169,Healthy
C0127,5,15,4.595,34.74,4.661,6.647,88,12.98,0,1001,767,2145,1738,2394,2660,3221,3969,3552,3378,3054,2058,15443,1157,-0.028,Healthy
C0127,6,18,4.314,34.69,4.38,6.719,92,13.4,0,1052,806,2233,1788,2432,2603,3658,3993,3437,3250,3156,2074,16167,1258,-0.309,Healthy
C0128,1,3,4.345,35.29,4.362,6.471,164,19.81,0,1254,887,2571,2162,2872,3238,4229,4656,4486,3868,3694,2583,18604,1385,-0.327,Healthy
C0128,2,6,4.206,35.29,4.223,6.498,163,19.76,0,1203,916,2761,2033,2770,3169,4458,4720,4169,3991,3848,2533,19490,1438,-0.466,Healthy
C0128,3,9,4.433,35.26,4.453,6.496,169,20.94,0,1209,905,2683,1959,2804,3262,4228,4502,4189,4151,3688,2517,18367,1337,-0.236,Healthy
C0128,4,12,4.438,35.39,4.447,6.479,160,21.65,0,1268,886,2485,2253,2811,3285,4166,4289,4288,4171,3650,2474,18294,1405,-0.242,Healthy
C0128,5,15,4.343,35.31,4.359,6.468,151,20.33,0,1197,881,2575,2030,2828,3118,3919,4294,4021,3953,3488,2375,18162,1371,-0.33,Healthy
C0128,6,18,4.509,35.34,4.523,6.496,146,21.62,0,1254,907,2349,2041,2729,3237,4200,4097,3958,3626,3580,2311,17581,1327,-0.166,Healthy
C0129,1,3,4.696,36.26,4.628,6.648,111,25.9,0,1160,877,2662,2021,2613,3354,4145,4427,4218,3937,3380,2229,18378,1371,-0.061,Healthy
C0129,2,6,4.611,36.14,4.555,6.67,118,26.09,0,1264,894,2524,2155,2880,3244,4214,4564,3941,3799,3213,2256,17905,1325,-0.134,Healthy
C0129,3,9,4.712,36.21,4.648,6.642,123,25.12,0,1150,862,2595,2031,2916,3249,4224,4468,4277,3872,3247,2349,18011,1400,-0.041,Healthy
C0129,4,12,4.788,36.33,4.712,6.642,120,26.34,0,1172,814,2340,1829,2572,3049,4088,4568,4171,3926,3443,2128,17553,1367,0.023,Healthy
C0129,5,15,4.667,36.32,4.594,6.671,116,25.61,0,1203,904,2435,2012,2942,3069,3980,4610,4051,3937,3379,2148,18198,1334,-0.095,Healthy
C0129,6,18,4.613,36.25,4.547,6.664,108,24.55,0,1121,855,2513,1977,2823,3171,4064,4331,3949,3912,3172,2187,17527,1321,-0.142,Healthy
C0130,1,3,4.836,35.77,4.811,6.647,160,17.79,0,1109,831,2337,1923,2674,3017,4171,4024,3969,3642,3456,2303,17539,1297,0.122,Healthy
C0130,2,6,4.936,36.01,4.888,6.627,155,18.33,0,1192,837,2430,2008,2746,3332,4291,4697,4239,3860,3549,2440,18332,1469,0.199,Healthy
C0130,3,9,4.82,35.89,4.784,6.625,148,17.78,0,1088,831,2536,1909,2862,3330,4183,4313,4120,4070,3469,2351,18749,1370,0.095,Healthy
C0130,4,12,4.755,35.99,4.711,6.613,172,18.76,0,1221,898,2693,1966,2716,3321,4338,4723,4241,4210,3784,2414,18407,1416,0.022,Healthy
C0130,5,15,4.674,35.95,4.634,6.581,167,19.24,0,1049,827,2466,1908,2662,3093,3986,4425,4306,3816,3468,2295,17815,1450,-0.055,Healthy
C0130,6,18,4.722,35.94,4.683,6.61,166,19.65,0,1133,797,2211,1750,2504,2847,3833,4312,3704,3674,3459,2197,16747,1285,-0.006,Healthy
C0131,1,3,5.445,35.35,5.461,6.697,64,19.44,0,1079,788,2399,1700,2556,2925,4085,4140,3688,3695,3442,2172,16865,1199,0.772,Healthy
C0131,2,6,5.175,35.38,5.187,6.737,63,20.22,0,1007,725,2069,1774,2602,2916,3841,4270,3784,3502,3111,2022,16408,1320,0.498,Healthy
C0131,3,9,5.272,35.24,5.298,6.722,60,19.51,0,974,757,2117,1735,2452,2737,3583,3923,3866,3432,2944,2128,16126,1214,0.609,Healthy
C0131,4,12,5.362,35.43,5.369,6.737,64,19.57,0,985,719,2177,1809,2545,2897,3731,3737,3552,3303,3179,2051,15392,1166,0.68,Healthy
C0131,5,15,5.284,35.39,5.295,6.696,42,19.83,0,1040,758,2416,1812,2529,2951,3673,4230,3952,3699,3169,2240,16872,1358,0.606,Healthy
C0131,6,18,5.245,35.37,5.258,6.728,53,18.5,0,991,717,2219,1664,2440,2796,3530,3813,3479,3354,3099,2046,15196,1127,0.569,Healthy
C0132,1,3,4.338,35.33,4.352,6.608,209,20.42,0,1327,947,2709,2073,2760,3245,4090,5056,4459,4007,3918,2727,18797,1448,-0.337,Healthy
C0132,2,6,4.336,35.46,4.339,6.577,199,21.44,0,1315,911,2578,2086,2783,3015,4181,4927,4378,3966,4015,2551,18787,1373,-0.35,Healthy
C0132,3,9,4.154,35.22,4.176,6.616,193,21.11,0,1200,894,2673,2117,2634,3032,4052,4627,4137,3868,3694,2375,18469,1282,-0.513,Healthy
C0132,4,12,4.319,35.35,4.331,6.596,211,20.87,0,1204,901,2638,2281,2800,3155,4333,4503,4348,4325,3741,2793,18383,1401,-0.358,Healthy
C0132,5,15,4.191,35.26,4.21,6.612,204,20.44,0,1204,953,2679,2152,2763,3233,4099,4587,4157,3968,3843,2504,19083,1298,-0.479,Healthy
C0132,6,18,4.285,35.26,4.305,6.63,202,21.44,0,1211,941,2514,2042,2735,3146,4254,4848,4437,4094,3841,2474,19113,1399,-0.384,Healthy
C0133,1,3,5.168,35.43,5.175,6.619,165,18.68,0,1112,860,2549,1957,3162,3478,4466,5247,4447,3962,3987,2541,19386,1343,0.486,Healthy
C0133,2,6,5.067,35.42,5.075,6.635,181,17.86,0,1116,858,2564,1976,3154,3414,4784,4957,4523,4457,3735,2644,19297,1397,0.386,Healthy
C0133,3,9,5.072,35.32,5.089,6.599,175,18.68,0,1229,841,2373,1975,3067,3267,4586,4820,4431,4128,3968,2435,19627,1461,0.4,Healthy
C0133,4,12,4.868,35.29,4.887,6.618,179,18.59,0,1117,820,2480,2009,2998,3118,4400,4502,4284,4153,3957,2487,18698,1397,0.198,Healthy
C0133,5,15,5.091,35.32,5.108,6.637,188,18.72,0,1131,831,2572,2124,3121,3312,4537,4748,4658,4377,4034,2456,19655,1440,0.419,Healthy
C0133,6,18,5.042,35.32,5.059,6.609,168,18.48,0,1121,790,2423,1896,2781,3184,3997,4671,4347,4132,3799,2436,17945,1382,0.37,Healthy
C0134,1,3,4.883,36.68,4.774,6.736,82,19.21,0,1007,811,2245,1849,2656,2996,3996,4259,4235,3668,3176,2265,17254,1299,0.085,Healthy
C0134,2,6,5.075,36.44,4.984,6.708,101,19.11,0,1117,880,2531,1975,2975,3231,4719,4358,4267,4279,3777,2363,18570,1362,0.295,Healthy
C0134,3,9,5.071,36.49,4.976,6.696,84,18.99,0,1079,881,2411,1827,2801,3324,4258,4525,4102,3864,3354,2377,18463,1378,0.287,Healthy
C0134,4,12,4.933,36.61,4.829,6.72,91,18.61,0,1161,815,2366,2041,2687,3191,4016,4554,4259,4089,3367,2145,18540,1340,0.14,Healthy
C0134,5,15,4.971,36.64,4.863,6.711,98,19.56,0,1081,807,2376,1753,2799,3183,4156,4412,4073,3850,3295,2214,17610,1357,0.174,Healthy
C0134,6,18,4.929,36.56,4.83,6.72,94,18.01,0,992,802,2454,1777,2606,3047,3947,4545,4008,3784,3265,2156,17134,1296,0.141,Healthy
C0135,1,3,4.442,35.79,4.418,6.676,94,19.66,0,1058,753,2283,1889,2489,2716,3563,4054,3731,3602,3205,2311,16462,1288,-0.271,Healthy
C0135,2,6,4.634,35.79,4.608,6.673,82,18.87,0,954,706,2002,1688,2270,2661,3538,3850,3583,3339,2921,2027,15445,1191,-0.081,Healthy
C0135,3,9,4.539,35.62,4.529,6.709,91,17.99,0,931,754,2231,1673,2421,2567,3693,3973,3800,3478,3067,2075,15454,1222,-0.16,Healthy
C0135,4,12,4.476,35.67,4.462,6.68,100,17.58,0,1018,773,2324,1845,2529,2937,3621,4254,3981,3586,3140,2177,16561,1291,-0.227,Healthy
C0135,5,15,4.425,35.83,4.397,6.687,83,19.39,0,1018,736,2155,1797,2409,2707,3546,4017,3825,3469,3326,2133,16619,1173,-0.292,Healthy
C0135,6,18,4.403,35.63,4.392,6.649,99,19.21,0,1016,784,2209,1671,2303,2755,3442,3877,3758,3701,3342,2109,15817,1154,-0.297,Healthy
C0136,1,3,4.799,35.79,4.773,6.69,211,16.64,0,1466,1103,3039,2368,3178,3830,4895,5525,5135,5127,4772,2837,22217,1547,0.084,Healthy
C0136,2,6,4.558,35.49,4.559,6.675,223,18.16,0,1280,1030,2774,2380,3225,3584,4386,5290,5227,4598,4184,2968,21168,1508,-0.13,Healthy
C0136,3,9,4.824,35.85,4.792,6.648,205,18.08,0,1361,1039,2904,2310,3204,3567,4795,5325,4939,4887,4322,3029,21047,1565,0.103,Healthy
C0136,4,12,4.735,35.77,4.711,6.694,217,18.41,0,1297,1024,2956,2349,3260,3830,4754,5438,5035,4772,4339,2888,21853,1572,0.022,Healthy
C0136,5,15,4.728,35.64,4.715,6.71,218,17.7,0,1276,1077,2872,2478,3246,3494,4516,5344,5192,4825,4096,2925,21439,1553,0.026,Healthy
C0136,6,18,4.703,35.68,4.687,6.667,222,18.02,0,1372,1024,2981,2133,3178,3356,4577,5383,5098,4670,4083,2878,21410,1597,-0.002,Healthy
C0137,1,3,4.474,36.02,4.43,6.71,126,22.88,0,1181,854,2633,2009,2640,3059,3860,4159,3723,3647,3381,2381,16634,1327,-0.259,Healthy
C0137,2,6,4.642,35.94,4.603,6.717,126,24.25,0,1131,852,2525,1979,2456,2716,3704,3840,4052,3505,3554,2287,16709,1224,-0.086,Healthy
C0137,3,9,4.537,35.97,4.496,6.679,132,23.35,0,1166,881,2662,1885,2616,3064,3805,3902,4004,3436,3435,2526,17072,1344,-0.193,Healthy
C0137,4,12,4.48,35.94,4.443,6.698,109,23.46,0,1064,789,2354,1872,2411,2821,3665,3737,3721,3336,3477,2319,15525,1209,-0.246,Healthy
C0137,5,15,4.655,36.06,4.605,6.71,119,23.6,0,1068,822,2412,2007,2705,2855,3468,3880,3514,3252,3355,2197,16024,1208,-0.084,Healthy
C0137,6,18,4.573,35.98,4.531,6.713,113,22.98,0,1092,850,2390,1862,2352,2732,3722,4050,3715,3414,3363,2236,16359,1237,-0.158,Healthy
C0139,1,3,4.849,35.71,4.83,6.667,148,20.67,0,1233,998,2842,2261,3186,3664,4640,4940,4382,4345,3592,2291,20269,1406,0.141,Healthy
C0139,2,6,4.949,35.94,4.908,6.706,156,17.39,0,1262,948,2712,2256,2997,3381,4492,4679,4587,4077,3402,2528,18946,1422,0.219,Healthy
C0139,3,9,5.424,36.26,5.346,6.761,204,15.9,0,1347,1095,3136,2413,3424,3962,5085,5274,5080,4448,4141,2702,21726,1587,0.657,Healthy
C0139,4,12,5.748,36.63,5.625,6.831,265,13.31,0,1455,1074,3143,2387,3640,3919,5068,5553,4865,4867,3997,2774,22066,1581,0.936,Subclinical
C0139,5,15,6.185,37.22,5.983,6.914,319,11.02,1,2112,1455,4495,3571,4796,5494,7201,7651,7413,6361,5747,3650,31321,2003,1.294,Subclinical
C0139,6,18,6.84,37.76,6.546,7.01,389,7.7,1,2177,1634,4507,3778,4762,4888,6160,7542,7127,6752,6073,3912,30386,1986,1.857,Clinical
C0141,1,3,4.776,35.51,4.775,6.565,152,18.99,0,1295,879,2533,2060,2956,3306,4503,4859,4480,3844,3522,2391,19369,1434,0.086,Healthy
C0141,2,6,4.916,35.4,4.925,6.576,143,19.08,0,1258,905,2520,1974,2920,3335,4318,4374,4467,4101,3660,2360,19001,1422,0.236,Healthy
C0141,3,9,4.913,35.44,4.919,6.533,139,19.11,0,1218,916,2491,2167,3037,3426,4315,4810,4523,4178,3626,2447,18775,1434,0.23,Healthy
C0141,4,12,4.844,35.48,4.846,6.568,141,19.6,0,1210,821,2698,2016,2905,3317,4128,4395,4293,3890,3514,2588,18946,1361,0.157,Healthy
C0141,5,15,4.937,35.37,4.949,6.512,145,19.51,0,1213,870,2585,2149,3032,3225,4455,4953,4409,3969,3535,2617,19466,1407,0.26,Healthy
C0141,6,18,4.803,35.4,4.812,6.534,151,18.87,0,1149,900,2390,2071,3076,3465,4217,4662,4524,3836,3634,2379,18063,1365,0.123,Healthy
C0142,1,3,4.639,35.47,4.642,6.586,188,17.97,0,1363,953,2789,2246,3073,3411,4363,5054,4844,4318,3453,2532,19791,1355,-0.047,Healthy
C0142,2,6,4.514,35.52,4.512,6.641,158,18.97,0,1339,1003,2691,2253,2925,3445,4441,4818,4490,4400,3775,2453,19233,1482,-0.177,Healthy
C0142,3,9,4.688,35.67,4.673,6.633,185,18.17,0,1312,937,2778,2312,3106,3765,4551,5230,4731,4142,3830,2573,20553,1486,-0.016,Healthy
C0142,4,12,4.522,35.41,4.53,6.628,173,17.02,0,1335,1011,2937,2410,3330,3651,4753,4670,4447,4259,3717,2652,20121,1414,-0.159,Healthy
C0142,5,15,4.589,35.48,4.591,6.692,180,17.44,0,1324,906,2707,2339,3005,3378,4511,4942,4772,4341,3493,2367,19989,1499,-0.098,Healthy
C0142,6,18,4.446,35.5,4.446,6.603,174,17.19,0,1392,1001,2811,2420,3156,3400,4744,4999,4973,4422,3968,2788,21374,1530,-0.243,Healthy
C0143,1,3,4.182,35.94,4.147,6.633,101,18.89,0,960,730,2226,1849,2296,2614,3558,4047,3663,3473,3295,2318,16213,1209,-0.542,Healthy
C0143,2,6,4.313,35.82,4.287,6.655,87,19.0,0,982,779,2194,1755,2380,2749,3393,3901,3555,3399,3214,2227,15256,1232,-0.402,Healthy
C0143,3,9,4.168,35.76,4.147,6.629,89,18.14,0,982,706,2181,1759,2427,2643,3489,3711,3807,3351,3037,2222,15677,1108,-0.542,Healthy
C0143,4,12,4.081,35.77,4.06,6.642,99,18.5,0,1063,764,2026,1881,2465,2759,3546,4180,3805,3428,3417,2199,16656,1285,-0.629,Healthy
C0143,5,15,4.147,35.83,4.121,6.64,99,18.66,0,1033,702,2076,1665,2386,2596,3438,3991,3767,3471,3383,2291,15293,1250,-0.568,Healthy
C0143,6,18,4.277,35.79,4.253,6.667,89,18.86,0,1019,772,2115,1665,2554,2685,3436,3864,3478,3195,3185,2139,15663,1174,-0.436,Healthy
C0144,1,3,4.513,35.55,4.509,6.667,97,19.81,0,1014,803,2267,1794,2607,2996,3638,4563,4300,3706,3267,2144,17109,1233,-0.18,Healthy
C0144,2,6,4.806,35.55,4.801,6.649,93,20.71,0,1022,792,2250,1819,2628,3019,3629,4499,4172,3813,3407,2274,16816,1294,0.112,Healthy
C0144,3,9,4.595,35.55,4.591,6.662,78,19.93,0,1031,783,2077,1779,2387,2667,3648,4358,4005,3786,3141,2056,16941,1251,-0.098,Healthy
C0144,4,12,4.793,35.62,4.782,6.64,85,20.27,0,989,762,2081,1699,2412,2820,3420,4238,3978,3912,3326,2135,16173,1341,0.093,Healthy
C0144,5,15,4.738,35.42,4.745,6.642,93,19.9,0,968,773,2371,1821,2507,2781,3504,4489,4052,3741,3270,2262,16694,1244,0.056,Healthy
C0144,6,18,4.815,35.61,4.805,6.632,83,19.33,0,1010,747,2151,1700,2367,2790,3684,4314,3974,3797,2931,2132,16334,1240,0.116,Healthy
C0145,1,3,4.805,35.8,4.778,6.674,168,21.66,0,1184,923,2674,2087,3064,3492,4489,4708,4343,4332,3676,2703,19812,1463,0.089,Healthy
C0145,2,6,4.793,35.94,4.753,6.727,218,18.97,0,1304,905,2660,2163,3172,3449,4851,5128,4867,4207,3972,2865,20677,1405,0.064,Healthy
C0145,3,9,5.244,36.27,5.167,6.804,278,17.69,0,1378,1015,2960,2527,3406,4129,4933,5437,4826,4773,4598,2817,21613,1541,0.478,Healthy
C0145,4,12,5.659,36.76,5.524,6.901,390,15.25,0,1483,1138,3189,2517,3780,4283,5576,5828,5513,5379,4811,3438,24041,1723,0.835,Subclinical
C0145,5,15,6.23,37.35,6.011,7.017,504,12.49,1,1952,1498,4117,3451,5044,5653,7659,7917,7343,6604,6677,4458,32002,2106,1.322,Subclinical
C0145,6,18,6.74,37.96,6.425,7.15,662,10.8,1,2185,1546,4214,3431,5143,5223,6371,7394,7439,6971,6710,4630,31552,2034,1.736,Clinical
C0146,1,3,4.593,35.75,4.571,6.68,155,20.12,0,1333,939,2890,2245,3006,3405,4822,5606,4595,4956,4187,2635,20699,1469,-0.118,Healthy
C0146,2,6,5.169,35.91,5.129,6.749,181,19.33,0,1356,1086,3001,2317,2987,3708,4697,5620,4954,4745,4056,2820,21963,1472,0.44,Healthy
C0146,3,9,5.022,36.34,4.942,6.847,227,18.05,0,1314,990,3025,2386,3120,3565,4761,5683,5072,4845,4048,2807,21903,1542,0.253,Healthy
C0146,4,12,5.62,36.76,5.485,6.971,317,16.16,0,1527,1188,3402,2719,3622,3952,5172,6023,6046,5338,4390,3044,23714,1704,0.796,Subclinical
C0146,5,15,6.069,37.22,5.871,7.119,365,13.35,1,1934,1511,4217,3590,4832,5762,7293,7672,7593,7482,5856,3997,32481,2108,1.182,Subclinical
C0146,6,18,6.63,37.81,6.339,7.29,470,11.1,1,2192,1515,4765,3604,4817,5420,7398,8768,8008,7229,6385,4331,33630,2231,1.65,Clinical
C0147,1,3,4.54,35.6,4.531,6.762,87,18.38,0,949,793,2255,1805,2463,2785,3847,3980,3779,3511,3195,2003,15993,1163,-0.158,Healthy
C0147,2,6,4.17,35.7,4.154,6.759,88,18.7,0,1034,786,2306,1825,2577,2826,3826,4108,3758,3476,2961,2209,16584,1347,-0.535,Healthy
C0147,3,9,4.361,35.41,4.368,6.739,105,17.88,0,1075,826,2460,1839,2577,2755,3832,3847,3988,3468,3382,2285,16534,1310,-0.321,Healthy
C0147,4,12,4.509,35.54,4.506,6.775,77,19.13,0,1024,754,2349,1694,2347,2714,3459,4268,3796,3280,3263,2121,15437,1177,-0.183,Healthy
C0147,5,15,4.452,35.73,4.433,6.792,104,18.16,0,1045,823,2378,1885,2495,2772,3801,4282,4064,3700,3470,2222,15812,1160,-0.256,Healthy
C0147,6,18,4.43,35.4,4.438,6.777,85,18.09,0,1054,725,2277,1815,2495,2999,3604,4293,4044,3639,3378,2186,17391,1284,-0.251,Healthy
C0148,1,3,4.451,35.72,4.432,6.671,176,19.98,0,1097,834,2546,1988,2823,3011,3965,4272,4170,3920,3438,2261,17704,1336,-0.257,Healthy
C0148,2,6,4.949,36.13,4.89,6.72,210,17.37,0,1211,868,2572,2151,2861,3233,4262,4824,4518,4228,3964,2450,19093,1449,0.201,Healthy
C0148,3,9,5.21,36.62,5.099,6.789,297,16.63,0,1338,969,2779,2346,3070,3753,4434,5265,4692,4459,3981,2624,20104,1361,0.41,Healthy
C0148,4,12,5.518,37.23,5.337,6.876,404,15.41,0,1398,1049,3051,2315,3091,3588,4788,5483,4885,4925,3817,2959,21179,1569,0.648,Subclinical
C0148,5,15,5.807,38.02,5.529,6.98,560,12.58,1,1773,1333,3817,3154,4231,5098,6333,7263,6743,6445,5524,3556,29880,2005,0.84,Subclinical
C0148,6,18,6.24,38.8,5.849,7.1,735,9.8,1,2062,1529,4376,3525,4553,5424,6679,7468,7375,6878,6206,4153,32414,2080,1.16,Clinical
C0149,1,3,4.404,36.04,4.359,6.69,154,12.44,0,1300,943,2824,2247,2969,3142,4522,4788,4540,4161,3607,2508,18767,1267,-0.33,Healthy
C0149,2,6,4.408,35.87,4.377,6.71,159,12.86,0,1342,1011,2749,2366,2834,3361,4472,4637,4563,4100,3788,2613,19512,1429,-0.312,Healthy
C0149,3,9,4.408,35.9,4.374,6.682,137,11.35,0,1305,971,2686,2174,2802,3274,4322,4427,4273,4216,3775,2502,19584,1437,-0.315,Healthy
C0149,4,12,4.388,35.93,4.352,6.695,159,11.14,0,1310,979,2856,2055,2783,3287,4350,4608,4565,4131,3613,2624,19249,1381,-0.337,Healthy
C0149,5,15,4.503,36.0,4.46,6.718,153,11.74,0,1310,934,2739,2271,2980,3287,4021,4549,4264,4003,3655,2525,19079,1440,-0.229,Healthy
C0149,6,18,4.297,35.96,4.259,6.7,143,11.74,0,1256,866,2711,2174,2769,3179,4109,4510,4238,3951,3747,2430,18390,1453,-0.43,Healthy
C0150,1,3,4.456,35.56,4.451,6.813,192,19.76,0,1225,912,2612,1956,2855,3233,4570,5238,4764,4336,3585,2542,19857,1424,-0.238,Healthy
C0150,2,6,4.302,35.74,4.282,6.775,182,19.28,0,1201,891,2625,2069,2945,3282,4442,5015,4525,4353,3755,2709,19998,1416,-0.407,Healthy
C0150,3,9,4.529,35.62,4.519,6.783,191,19.49,0,1119,846,2502,1953,2811,3473,3995,4871,4736,4346,3554,2500,19203,1483,-0.17,Healthy
C0150,4,12,4.504,35.74,4.483,6.748,197,19.73,0,1190,866,2583,2116,3118,3173,4340,4959,4674,4085,3675,2392,18816,1375,-0.206,Healthy
C0150,5,15,4.508,35.73,4.488,6.769,188,19.17,0,1207,943,2498,2092,3021,3273,4212,4863,4752,4376,3801,2513,19123,1431,-0.201,Healthy
C0150,6,18,4.563,35.64,4.551,6.778,201,19.56,0,1230,868,2538,2041,2948,3356,4048,5125,4861,4425,3937,2528,19794,1411,-0.138,Healthy
C0151,1,3,4.645,36.03,4.598,6.7,165,24.77,0,1169,895,2484,2113,3015,3214,4670,5041,4664,4288,3860,2646,19536,1476,-0.091,Healthy
C0151,2,6,4.483,36.0,4.44,6.686,148,26.66,0,1105,858,2500,2018,2641,3324,4278,4806,4514,4172,3618,2388,18530,1313,-0.249,Healthy
C0151,3,9,4.597,35.83,4.568,6.706,146,25.21,0,1155,836,2459,1959,2985,3109,4275,4733,4365,4128,3824,2436,18197,1357,-0.121,Healthy
C0151,4,12,4.52,35.99,4.478,6.696,140,24.64,0,1074,864,2428,1885,2906,3125,4047,4815,4657,4172,3741,2493,18213,1365,-0.211,Healthy
C0151,5,15,4.529,35.92,4.493,6.664,151,26.1,0,1212,914,2558,1958,2915,3194,4159,4734,4288,4191,3494,2508,18409,1354,-0.196,Healthy
C0151,6,18,4.558,36.0,4.515,6.686,148,24.98,0,1141,854,2525,1952,2973,3127,4082,4822,4400,4346,3849,2535,18909,1361,-0.174,Healthy
C0152,1,3,4.932,35.49,4.933,6.669,149,20.41,0,1268,935,2697,2258,2953,3428,4488,4803,4204,4086,3944,2672,19095,1481,0.244,Healthy
C0152,2,6,5.239,35.88,5.201,6.71,194,19.17,0,1360,1022,2786,2197,3015,3545,4275,4807,4432,4570,4169,2841,19916,1482,0.512,Healthy
C0152,3,9,5.169,36.27,5.093,6.77,269,16.08,0,1451,1100,2991,2483,3303,3829,5107,5285,4549,4625,4633,2907,21596,1499,0.404,Healthy
C0152,4,12,5.899,36.72,5.762,6.846,340,14.03,0,1457,1144,3150,2659,3644,4116,5032,5704,5525,4741,4761,3331,23401,1552,1.073,Subclinical
C0152,5,15,6.489,37.27,6.271,6.936,457,10.93,1,2128,1535,4503,3751,4819,5366,6731,7331,7208,6533,6674,4290,30432,2090,1.582,Clinical
C0152,6,18,7.05,37.83,6.738,7.04,582,8.0,1,2267,1552,4665,3876,4731,4823,6044,7416,7015,6926,7333,4741,31564,2044,2.049,Clinical
C0153,1,3,4.446,36.58,4.355,6.84,146,22.05,0,1129,842,2458,2058,2825,3294,4046,4646,4553,4142,3662,2364,17941,1340,-0.334,Healthy
C0153,2,6,4.588,36.54,4.497,6.909,142,21.84,0,1107,818,2451,1952,2885,3312,4095,4744,4351,4234,3654,2434,18447,1369,-0.192,Healthy
C0153,3,9,4.367,36.57,4.278,6.886,148,22.78,0,1102,856,2504,1867,2774,2937,3880,4485,4248,3954,3614,2400,17586,1330,-0.411,Healthy
C0153,4,12,4.304,36.52,4.221,6.822,146,23.33,0,1078,840,2526,1953,2623,3386,4010,4689,4201,3970,3632,2418,17864,1257,-0.468,Healthy
C0153,5,15,4.428,36.61,4.335,6.865,143,21.88,0,1205,844,2459,2044,2810,2989,3974,4697,4380,4152,3711,2365,17516,1298,-0.354,Healthy
C0153,6,18,4.507,36.54,4.418,6.866,139,21.52,0,1160,827,2495,1982,2713,2989,4079,4552,4151,3843,3362,2451,18284,1355,-0.271,Healthy
C0154,1,3,4.813,35.39,4.823,6.734,188,19.56,0,1329,952,2636,2255,3458,3790,5015,5006,4484,4193,3999,2821,20874,1496,0.134,Healthy
C0154,2,6,4.869,35.37,4.881,6.775,178,21.31,0,1290,1028,3001,2206,3304,3777,4936,4834,4765,4354,3885,2733,20974,1536,0.192,Healthy
C0154,3,9,4.937,35.46,4.941,6.772,201,19.89,0,1327,1048,2966,2252,3349,4127,5217,4857,4604,4141,4425,2809,20705,1496,0.252,Healthy
C0154,4,12,4.776,35.49,4.777,6.726,202,21.59,0,1317,1016,2789,2234,3100,3837,4873,4874,4773,4168,3775,2639,20241,1483,0.088,Healthy
C0154,5,15,4.869,35.49,4.87,6.734,180,19.67,0,1348,975,2665,2232,3145,3720,4809,4996,4390,4322,4152,2623,20077,1427,0.181,Healthy
C0154,6,18,4.846,35.48,4.848,6.782,200,20.6,0,1277,977,2781,2399,3449,3902,4886,5040,4381,4032,4143,2894,20438,1551,0.159,Healthy
C0155,1,3,4.188,36.16,4.135,6.701,109,18.46,0,1096,904,2525,2005,2794,3195,4011,4738,4448,3819,3456,2379,18603,1360,-0.554,Healthy
C0155,2,6,4.16,35.98,4.122,6.672,124,17.92,0,1209,839,2539,2049,2778,3098,4031,4604,4320,3884,3423,2655,18018,1356,-0.567,Healthy
C0155,3,9,4.38,36.07,4.333,6.687,112,17.84,0,1052,816,2487,1909,2852,3157,4066,4617,4057,3619,3501,2272,17448,1315,-0.356,Healthy
C0155,4,12,4.284,36.14,4.232,6.655,112,17.57,0,1087,827,2380,1975,2845,3126,4209,4475,4353,4287,3494,2410,18383,1381,-0.457,Healthy
C0155,5,15,4.283,36.15,4.23,6.657,107,18.09,0,1078,830,2279,1912,2576,2920,3999,4380,3972,3895,3445,2314,17276,1354,-0.459,Healthy
C0155,6,18,4.159,36.03,4.117,6.674,112,18.27,0,1052,812,2427,1937,2819,3215,4091,4606,3962,3875,3209,2352,18033,1304,-0.572,Healthy
C0157,1,3,4.329,35.79,4.305,6.661,142,20.66,0,1210,960,2778,2023,2870,3341,4305,5206,4913,4525,3727,2580,19619,1343,-0.384,Healthy
C0157,2,6,4.491,35.69,4.475,6.65,153,20.45,0,1364,960,2609,2236,3247,3281,4436,5342,4973,4632,3876,2624,21322,1509,-0.214,Healthy
C0157,3,9,4.386,35.72,4.368,6.669,134,20.57,0,1256,928,2551,2321,2885,3284,4414,5148,4983,4493,3807,2542,20076,1451,-0.321,Healthy
C0157,4,12,4.767,35.63,4.755,6.648,147,20.32,0,1215,886,2581,2104,2886,3180,4116,5103,4950,4350,3825,2638,19004,1332,0.066,Healthy
C0157,5,15,4.419,35.94,4.382,6.687,149,20.61,0,1292,900,2967,2172,2690,3272,4283,5311,4737,4797,3797,2662,19643,1444,-0.307,Healthy
C0157,6,18,4.377,35.64,4.365,6.662,137,20.68,0,1206,884,2562,2066,2721,3176,4180,4963,4742,4389,3856,2496,19715,1489,-0.324,Healthy
C0158,1,3,4.779,35.03,4.822,6.612,35,18.07,0,1031,745,2264,1879,2578,2814,3686,4298,3883,3815,3290,2308,17176,1304,0.133,Healthy
C0158,2,6,4.801,34.94,4.852,6.633,38,17.75,0,1040,785,2296,1838,2361,2922,3641,4331,3825,3496,3185,2320,16812,1274,0.163,Healthy
C0158,3,9,4.767,35.06,4.807,6.639,32,18.26,0,1105,801,2390,1822,2622,2824,3738,3955,3879,3624,3580,2243,16412,1229,0.118,Healthy
C0158,4,12,4.844,35.04,4.886,6.642,28,18.02,0,987,770,2312,1849,2495,2780,3779,4496,3768,3625,3337,2156,16529,1276,0.197,Healthy
C0158,5,15,4.863,34.88,4.92,6.669,34,17.1,0,1024,818,2332,1739,2405,2762,3926,4227,3812,3477,3357,2265,15925,1180,0.231,Healthy
C0158,6,18,4.902,35.02,4.947,6.635,41,17.69,0,1072,783,2122,1782,2403,2893,3645,4105,3771,3476,3338,2292,16058,1125,0.258,Healthy
C0159,1,3,4.571,35.14,4.602,6.624,217,17.43,0,1194,934,2564,2097,2966,3241,4245,4527,4254,4108,3955,2341,18744,1452,-0.087,Healthy
C0159,2,6,4.634,35.28,4.653,6.598,219,17.57,0,1293,904,2766,2157,2873,3030,4215,4688,4462,4237,3680,2459,19557,1469,-0.036,Healthy
C0159,3,9,4.555,35.15,4.585,6.583,223,17.49,0,1284,917,2651,2087,2741,3289,4152,4792,4141,4096,3776,2484,18590,1323,-0.104,Healthy
C0159,4,12,4.672,35.08,4.709,6.644,213,17.66,0,1228,943,2549,2138,2927,3237,4221,5104,4421,3909,3629,2434,18893,1324,0.02,Healthy
C0159,5,15,4.738,35.3,4.756,6.589,211,17.46,0,1195,919,2519,2134,2904,3164,4297,4987,4064,3955,3633,2484,18794,1388,0.067,Healthy
C0159,6,18,4.636,35.24,4.659,6.571,225,17.23,0,1212,969,2577,2148,2795,3197,4193,4401,4343,3974,3612,2409,18796,1387,-0.03,Healthy
C0160,1,3,4.589,36.48,4.504,6.84,111,18.56,0,1267,863,2510,2047,3056,3208,4360,4606,4000,4288,3788,2458,19309,1449,-0.185,Healthy
C0160,2,6,4.523,36.42,4.444,6.806,112,19.32,0,1198,828,2476,1956,2971,3285,4220,4515,4084,4063,3685,2471,18093,1330,-0.245,Healthy
C0160,3,9,4.512,36.55,4.422,6.812,129,18.73,0,1177,898,2509,1994,3079,3252,4280,4912,4389,4267,3768,2331,19004,1447,-0.267,Healthy
C0160,4,12,4.322,36.52,4.238,6.796,115,18.71,0,1138,833,2553,2040,2897,3335,4560,4641,4141,3960,3591,2402,18712,1369,-0.451,Healthy
C0160,5,15,4.519,36.54,4.43,6.819,110,19.54,0,1135,875,2412,1966,2766,3243,4211,4407,4027,3773,3507,2544,17770,1382,-0.259,Healthy
C0160,6,18,4.547,36.41,4.468,6.824,96,19.3,0,1115,792,2498,2004,2655,3298,4400,4436,4288,3940,3425,2304,18018,1333,-0.221,Healthy
C0161,1,3,4.727,35.29,4.746,6.549,166,25.62,0,1124,901,2774,2140,2817,3285,4311,4477,4011,3895,3458,2098,18341,1320,0.057,Healthy
C0161,2,6,4.687,35.39,4.697,6.583,171,25.56,0,1160,848,2471,1927,2800,3308,4413,4620,4163,3935,3174,2284,17932,1319,0.008,Healthy
C0161,3,9,4.83,35.28,4.85,6.545,174,25.51,0,1247,908,2625,2130,2893,3186,4303,4985,4529,4071,3414,2333,18912,1420,0.161,Healthy
C0161,4,12,4.635,35.35,4.648,6.553,176,24.89,0,1103,911,2587,2120,2884,3274,4173,4691,4277,3911,3261,2324,18100,1361,-0.041,Healthy
C0161,5,15,4.822,35.4,4.831,6.596,168,25.14,0,1194,875,2526,1934,3018,3298,4373,4628,4197,4045,3430,2282,18659,1379,0.142,Healthy
C0161,6,18,4.842,35.42,4.849,6.549,168,26.45,0,1224,839,2587,2085,2830,3400,4163,4703,4115,3731,3275,2394,18256,1307,0.16,Healthy
C0162,1,3,4.057,35.69,4.042,6.824,160,28.03,0,1222,906,2746,2250,2913,3189,4522,4823,4334,4157,4129,2547,19048,1395,-0.647,Healthy
C0162,2,6,4.143,35.48,4.145,6.79,163,27.43,0,1359,937,2733,2170,2812,3316,4543,4817,4546,4362,4122,2678,19595,1398,-0.544,Healthy
C0162,3,9,4.083,35.64,4.072,6.799,145,27.52,0,1195,858,2777,2126,3092,3322,4471,4617,4063,4313,3786,2527,18171,1319,-0.617,Healthy
C0162,4,12,4.188,35.69,4.173,6.779,146,27.59,0,1272,977,2733,2206,2798,3525,4200,4954,4625,4181,3940,2686,19388,1461,-0.516,Healthy
C0162,5,15,4.118,35.67,4.105,6.822,147,27.55,0,1240,943,2679,2237,2861,3372,4496,4821,4501,4347,3949,2697,19604,1394,-0.584,Healthy
C0162,6,18,4.207,35.53,4.205,6.793,146,26.93,0,1202,875,2858,2053,2915,3112,4109,4470,4068,4206,3641,2579,18879,1351,-0.484,Healthy
C0163,1,3,4.752,35.78,4.727,6.673,194,20.8,0,1308,1053,2884,2434,3143,3411,4233,5327,4940,4807,4357,3034,21048,1522,0.038,Healthy
C0163,2,6,5.04,36.02,4.99,6.723,213,20.9,0,1401,1000,2989,2223,3371,3645,4875,5070,4994,4597,4258,2942,21721,1503,0.301,Healthy
C0163,3,9,4.786,35.72,4.766,6.689,209,21.47,0,1379,1013,2920,2453,3202,3598,4630,4904,4853,4773,4073,2952,20310,1442,0.077,Healthy
C0163,4,12,4.775,35.97,4.732,6.708,208,19.83,0,1329,970,2873,2376,3097,3506,4760,4921,5124,4554,4241,2725,21211,1603,0.043,Healthy
C0163,5,15,4.861,35.98,4.817,6.696,198,20.65,0,1315,963,3040,2364,3338,3526,4790,5321,4945,4346,4146,2845,21174,1507,0.128,Healthy
C0163,6,18,4.892,35.96,4.849,6.718,189,20.51,0,1364,961,2828,2425,3263,3706,4653,5301,5056,4476,4299,3036,20874,1528,0.16,Healthy
C0164,1,3,4.886,35.89,4.85,6.5,174,18.65,0,1224,891,2669,2034,3049,3508,4870,4814,4471,4029,3541,2252,19609,1542,0.161,Healthy
C0164,2,6,4.803,35.72,4.783,6.504,169,18.52,0,1133,883,2321,2005,3052,3421,4396,4426,4292,4148,3234,2296,19813,1449,0.094,Healthy
C0164,3,9,4.726,35.79,4.7,6.517,179,18.55,0,1232,878,2392,2040,2968,3192,4361,4443,4198,4012,3465,2367,18477,1390,0.011,Healthy
C0164,4,12,4.739,35.78,4.714,6.513,160,19.03,0,1103,879,2689,2059,3007,3579,4461,4738,4034,3839,3467,2380,18871,1402,0.025,Healthy
C0164,5,15,4.742,35.81,4.714,6.503,182,18.1,0,1087,822,2442,2002,3064,3387,4546,4647,4085,4192,3380,2181,19092,1385,0.025,Healthy
C0164,6,18,4.899,35.71,4.879,6.525,143,19.28,0,1106,889,2290,1951,2896,3497,3919,4541,4189,4096,3353,2196,18132,1353,0.19,Healthy
C0165,1,3,4.682,35.78,4.657,6.673,168,21.61,0,1332,983,2695,2285,3060,3611,4686,5146,4801,4447,3812,2760,20164,1451,-0.032,Healthy
C0165,2,6,4.982,35.8,4.954,6.726,182,17.96,0,1322,1025,3155,2341,3393,3546,5095,5517,4900,4688,4294,2926,22298,1535,0.265,Healthy
C0165,3,9,5.383,36.05,5.327,6.801,215,16.71,0,1372,1108,2884,2509,3213,3897,5025,5728,5239,4964,4146,2951,21641,1578,0.638,Healthy
C0165,4,12,5.601,36.36,5.509,6.896,231,15.06,0,1516,1149,3073,2513,3377,4223,5124,6333,5551,4770,4534,2976,23350,1553,0.82,Healthy
C0165,5,15,6.188,36.72,6.045,7.009,290,13.64,1,2039,1566,4125,3634,4909,5343,7207,8094,7810,7136,6321,4130,32113,2117,1.356,Subclinical
C0165,6,18,6.73,37.1,6.525,7.14,364,10.7,1,2224,1632,4681,4000,4998,5626,7192,8005,7670,8018,6833,4464,32950,2150,1.836,Clinical
C0166,1,3,5.018,35.79,4.99,6.421,116,21.15,0,1182,832,2454,1992,2782,3101,4052,4523,4266,3832,3659,2243,17516,1267,0.301,Healthy
C0166,2,6,4.899,35.68,4.882,6.465,109,20.65,0,1148,904,2482,2105,2758,3245,4070,4403,4524,4230,3419,2351,18472,1394,0.193,Healthy
C0166,3,9,4.873,35.67,4.857,6.447,114,20.53,0,1139,825,2664,2006,2573,3089,3947,4361,4336,4074,3534,2506,18120,1301,0.168,Healthy
C0166,4,12,5.171,35.72,5.149,6.438,110,21.03,0,1224,953,2471,2015,2788,3152,3971,4855,4238,4047,3323,2403,18809,1366,0.46,Healthy
C0166,5,15,4.997,35.66,4.982,6.433,114,21.1,0,1098,865,2487,1986,2743,3261,3995,4549,4229,4014,3413,2224,17841,1364,0.293,Healthy
C0166,6,18,5.097,35.7,5.078,6.442,107,22.35,0,1068,834,2532,2027,2722,3150,4009,4691,4254,4158,3448,2325,17969,1252,0.389,Healthy
C0167,1,3,4.446,36.73,4.342,6.719,185,25.09,0,1249,910,2654,2081,3122,3583,4389,5007,5081,4654,4248,2886,20912,1549,-0.347,Healthy
C0167,2,6,4.416,36.55,4.328,6.695,178,26.16,0,1340,930,2860,2321,3217,3751,4694,5247,5093,4804,4118,2629,21041,1506,-0.361,Healthy
C0167,3,9,4.315,36.6,4.225,6.713,164,25.18,0,1244,929,2634,2164,3026,3442,4762,5215,4914,4418,4040,2645,20168,1445,-0.464,Healthy
C0167,4,12,4.346,36.7,4.247,6.699,190,25.2,0,1265,921,2697,2225,2932,3512,4518,4994,4986,4467,3777,2704,20652,1424,-0.442,Healthy
C0167,5,15,4.418,36.81,4.308,6.717,176,25.35,0,1130,873,2625,2174,2888,3609,4126,4837,4590,4550,3817,2505,18828,1390,-0.381,Healthy
C0167,6,18,4.362,36.58,4.272,6.702,167,25.48,0,1212,888,2411,2106,3041,3394,4697,4828,4480,4349,3694,2589,19004,1396,-0.417,Healthy
C0168,1,3,5.038,35.39,5.049,6.768,74,18.68,0,1125,785,2492,1901,2709,3082,4013,4577,4426,3967,3333,2259,18530,1394,0.36,Healthy
C0168,2,6,5.02,35.39,5.03,6.73,79,19.13,0,1077,865,2627,2084,2929,3157,4187,4826,4429,4317,3434,2295,18681,1356,0.341,Healthy
C0168,3,9,5.043,35.51,5.042,6.742,67,18.6,0,1153,838,2410,2107,2783,3243,4371,4992,4542,4177,3438,2426,18779,1339,0.353,Healthy
C0168,4,12,5.103,35.46,5.107,6.778,76,18.49,0,1105,821,2327,1918,2687,3115,4068,4495,4535,4003,3731,2503,17864,1347,0.418,Healthy
C0168,5,15,5.11,35.4,5.12,6.749,77,18.65,0,1270,821,2615,2080,2871,3148,4021,4656,4225,4468,3593,2399,18589,1346,0.431,Healthy
C0168,6,18,5.043,35.53,5.04,6.749,65,18.96,0,1018,818,2545,1880,3003,3050,4180,4400,4213,4343,3295,2384,18091,1368,0.351,Healthy
C0170,1,3,4.603,36.05,4.555,6.648,97,22.6,0,1112,814,2260,1878,2458,2904,3907,3868,3803,3527,3130,2133,16352,1265,-0.134,Healthy
C0170,2,6,4.589,36.03,4.543,6.655,107,22.68,0,1109,766,2205,1829,2547,2780,3859,4066,3902,3664,3118,2092,16273,1244,-0.146,Healthy
C0170,3,9,4.49,36.1,4.439,6.622,107,21.79,0,990,739,2259,1846,2499,2973,3865,3732,3723,3384,3151,2100,15475,1177,-0.25,Healthy
C0170,4,12,4.477,35.98,4.436,6.63,108,21.4,0,1132,815,2304,1711,2744,3041,4194,4173,4254,3695,3373,2196,17134,1346,-0.253,Healthy
C0170,5,15,4.672,35.99,4.629,6.642,129,21.5,0,1106,827,2359,1939,2616,3072,4097,4150,4038,3710,3489,2296,17006,1330,-0.06,Healthy
C0170,6,18,4.624,35.99,4.581,6.632,110,21.51,0,1034,779,2190,1862,2836,3051,3638,4104,3909,3554,3271,2153,16315,1200,-0.108,Healthy
C0171,1,3,4.468,36.01,4.425,6.875,197,22.68,0,1220,905,2568,2010,2782,3369,4222,5168,4628,4400,3621,2550,19416,1423,-0.264,Healthy
C0171,2,6,4.657,35.91,4.621,6.837,195,22.7,0,1178,893,2685,2144,2886,3150,4317,4807,4510,4228,3775,2453,18994,1358,-0.068,Healthy
C0171,3,9,4.625,36.02,4.579,6.857,194,23.1,0,1215,955,2639,2167,2641,3297,4190,4892,4783,4090,3721,2402,19685,1454,-0.11,Healthy
C0171,4,12,4.817,35.97,4.774,6.834,187,23.19,0,1153,887,2494,1937,2756,3215,3872,4441,4428,3865,3444,2371,18087,1378,0.085,Healthy
C0171,5,15,4.45,36.16,4.394,6.82,205,22.25,0,1212,911,2736,2109,2979,3384,4277,5421,4753,4328,3739,2522,20310,1397,-0.295,Healthy
C0171,6,18,4.616,35.98,4.574,6.845,181,22.82,0,1184,844,2470,2185,2617,3215,3718,4390,4370,4210,3553,2360,18044,1339,-0.115,Healthy
C0172,1,3,4.53,35.97,4.49,6.569,159,15.7,0,1165,847,2402,1982,2960,3290,4130,4233,4050,3569,3342,2262,17438,1328,-0.199,Healthy
C0172,2,6,4.674,36.18,4.614,6.597,155,13.94,0,1131,861,2567,2061,2852,3279,4066,3863,4094,3837,3186,2197,17958,1342,-0.075,Healthy
C0172,3,9,4.581,36.06,4.532,6.633,154,13.75,0,1220,888,2591,2117,2840,3425,4205,4210,4210,3966,3397,2262,17981,1419,-0.157,Healthy
C0172,4,12,4.721,36.08,4.669,6.595,166,15.4,0,1141,867,2493,2043,2883,3236,4387,4549,3972,3803,3261,2266,18633,1304,-0.02,Healthy
C0172,5,15,4.75,35.94,4.71,6.625,161,14.65,0,1111,817,2444,2034,2713,3159,3916,4349,3939,3626,3264,1973,17166,1355,0.021,Healthy
C0172,6,18,4.734,36.1,4.68,6.613,141,14.77,0,1156,835,2447,1831,2910,3264,4030,4354,3986,3803,3129,2257,18005,1301,-0.009,Healthy
C0173,1,3,5.188,35.85,5.153,6.542,168,20.1,0,1209,934,2676,2108,3305,3609,4543,4868,4823,4449,4093,2759,20317,1371,0.464,Healthy
C0173,2,6,5.237,35.86,5.201,6.565,185,19.71,0,1233,885,2590,1920,3275,3740,4973,5251,4357,4296,4593,2862,19771,1452,0.512,Healthy
C0173,3,9,4.938,35.88,4.902,6.55,176,19.73,0,1080,874,2644,1946,3180,3473,4799,4824,4478,4183,4059,2718,19991,1444,0.213,Healthy
C0173,4,12,5.01,35.91,4.971,6.543,162,19.75,0,1201,919,2633,2060,2992,3304,4737,4962,4434,4106,4339,2895,20182,1464,0.282,Healthy
C0173,5,15,4.998,35.88,4.962,6.538,180,20.93,0,1135,938,2604,2073,3352,3704,4778,5349,4498,4314,4201,2954,19998,1473,0.273,Healthy
C0173,6,18,5.025,35.98,4.979,6.541,169,21.55,0,1098,854,2442,2010,3004,3244,4282,4806,4205,3746,3822,2685,18167,1374,0.29,Healthy
C0174,1,3,4.517,34.94,4.565,6.807,159,22.01,0,1174,910,2746,2153,3153,3379,4544,5121,4896,4431,3939,2757,20182,1436,-0.124,Healthy
C0174,2,6,4.478,34.93,4.526,6.809,158,20.32,0,1159,860,2592,2115,3051,3480,4236,5103,4291,4243,3889,2699,19636,1467,-0.163,Healthy
C0174,3,9,4.545,34.98,4.59,6.78,154,21.64,0,1170,911,2521,2100,3053,3453,4378,5217,4632,4324,4264,2678,20173,1369,-0.099,Healthy
C0174,4,12,4.579,34.96,4.626,6.784,165,21.12,0,1144,913,2488,2060,2771,3408,4214,4957,4252,4114,3839,2706,18664,1372,-0.063,Healthy
C0174,5,15,4.423,34.9,4.473,6.78,157,21.55,0,1203,961,2615,1988,2812,3073,4219,5034,4476,3988,3933,2919,18881,1439,-0.216,Healthy
C0174,6,18,4.466,34.94,4.514,6.809,162,20.79,0,1177,888,2387,1992,3113,3318,4284,5087,4522,4149,3975,2608,19034,1410,-0.175,Healthy
C0176,1,3,5.096,34.79,5.165,6.669,122,18.01,0,1318,1000,2739,2230,3076,3353,4488,5070,4717,4148,3797,2578,20255,1533,0.476,Healthy
C0176,2,6,5.23,34.9,5.29,6.65,116,17.39,0,1204,964,2749,2388,2959,3575,4427,4589,4381,4191,3339,2614,19329,1438,0.601,Healthy
C0176,3,9,4.875,34.86,4.934,6.643,127,18.11,0,1234,945,2781,2190,2863,3242,4260,4416,4536,3833,3844,2601,18357,1441,0.245,Healthy
C0176,4,12,5.044,35.05,5.087,6.703,116,18.11,0,1295,845,2754,2183,2856,3218,4282,4503,3973,3761,3781,2610,19082,1382,0.398,Healthy
C0176,5,15,5.015,34.99,5.064,6.654,113,18.79,0,1256,921,2584,2049,2730,3043,4183,4188,4225,3774,3482,2470,17341,1359,0.375,Healthy
C0176,6,18,4.926,35.02,4.971,6.662,122,17.35,0,1235,881,2593,2076,2620,3186,3925,4345,4427,4127,3439,2449,18113,1289,0.282,Healthy
C0177,1,3,4.538,35.69,4.522,6.724,190,22.61,0,1269,911,2723,2294,3015,3036,4532,4820,4701,4199,4182,2806,19403,1450,-0.167,Healthy
C0177,2,6,4.386,35.76,4.364,6.774,189,23.16,0,1301,912,2791,2160,3025,3323,4141,4956,4595,4216,4052,2546,19228,1402,-0.325,Healthy
C0177,3,9,4.51,35.62,4.5,6.755,174,22.23,0,1284,891,2704,2100,2867,3425,4378,5079,4495,4219,3800,2417,19162,1409,-0.189,Healthy
C0177,4,12,4.595,35.66,4.581,6.751,175,22.56,0,1188,873,2649,2090,2634,3096,4330,4699,4723,4094,3716,2685,18373,1393,-0.108,Healthy
C0177,5,15,4.406,35.66,4.393,6.738,178,22.64,0,1153,896,2489,2275,2803,3071,4453,4944,4242,4256,3811,2531,18686,1411,-0.296,Healthy
C0177,6,18,4.407,35.68,4.392,6.797,169,23.53,0,1194,887,2587,2113,2981,3416,4154,4973,4474,4104,3650,2719,19128,1440,-0.297,Healthy
C0178,1,3,5.023,35.06,5.065,6.79,165,18.17,0,1481,1005,2872,2270,3193,3994,4813,4648,4857,4226,4126,2945,20809,1510,0.376,Healthy
C0178,2,6,4.949,35.04,4.992,6.791,163,18.38,0,1227,923,2953,2220,3348,3542,5034,4803,4636,4679,3802,2856,20469,1500,0.303,Healthy
C0178,3,9,4.959,35.13,4.994,6.811,150,18.91,0,1295,980,2829,2367,3263,4000,4729,4902,4843,4191,3689,2433,20488,1467,0.305,Healthy
C0178,4,12,5.087,35.24,5.112,6.786,150,18.07,0,1242,942,2955,2172,3286,3798,4676,4994,4724,4419,3880,2774,20160,1430,0.423,Healthy
C0178,5,15,5.157,35.12,5.194,6.802,150,18.23,0,1323,966,2797,2341,3236,3911,4952,5068,4575,4192,3884,2673,20753,1499,0.505,Healthy
C0178,6,18,4.974,35.2,5.002,6.78,153,18.78,0,1265,996,2813,2253,3193,3679,4922,5041,4761,4113,4294,2667,20502,1381,0.313,Healthy
C0179,1,3,5.269,35.45,5.274,6.55,197,15.31,0,1263,897,2792,2074,3103,3538,4405,4902,4519,4400,4212,2724,19924,1465,0.585,Healthy
C0179,2,6,5.399,35.4,5.409,6.594,190,15.06,0,1187,928,2911,2152,3054,3347,4486,4972,4424,4228,3842,2642,19435,1458,0.72,Healthy
C0179,3,9,5.194,35.4,5.204,6.583,197,14.72,0,1252,937,2635,2147,2922,3216,4317,4636,4483,4210,3834,2668,18721,1408,0.515,Healthy
C0179,4,12,5.085,35.35,5.099,6.603,209,15.19,0,1291,882,2441,2272,2977,3339,4267,4953,4639,4191,3796,2747,19369,1388,0.41,Healthy
C0179,5,15,5.194,35.51,5.193,6.572,189,15.57,0,1223,988,2539,2239,2941,3244,4293,4886,4502,4507,4142,2611,19647,1339,0.504,Healthy
C0179,6,18,5.244,35.45,5.249,6.612,195,14.89,0,1201,943,2641,2089,2905,3030,4161,4906,4537,3975,3546,2591,18506,1397,0.56,Healthy
C0180,1,3,4.676,35.64,4.664,6.599,152,14.88,0,1383,1026,2859,2518,3201,3747,4866,5176,4740,4512,4403,2880,20833,1460,-0.025,Healthy
C0180,2,6,4.622,35.75,4.6,6.622,165,14.54,0,1415,1025,2954,2430,3471,3726,4672,5046,4468,4498,4573,3006,20385,1413,-0.089,Healthy
C0180,3,9,4.513,35.74,4.492,6.571,144,13.83,0,1364,1031,2960,2267,3361,3561,4895,5007,4554,4291,4170,3015,20157,1501,-0.197,Healthy
C0180,4,12,4.55,35.63,4.539,6.646,161,13.35,0,1448,1004,2792,2469,3364,3942,5104,5080,4950,4347,4392,3008,21156,1453,-0.15,Healthy
C0180,5,15,4.464,35.79,4.439,6.599,162,13.96,0,1448,968,2967,2301,3236,4031,4955,4843,4798,4423,4480,2907,20707,1481,-0.25,Healthy
C0180,6,18,4.678,35.67,4.663,6.582,162,13.25,0,1367,1038,2924,2530,3172,3650,5010,4966,4666,4492,4211,3095,21301,1602,-0.026,Healthy
C0181,1,3,4.901,35.56,4.895,6.794,108,24.49,0,1189,897,2467,2163,2874,3267,4081,4152,4314,3989,3549,2313,18235,1323,0.206,Healthy
C0181,2,6,4.891,35.81,4.862,6.741,115,23.64,0,1263,922,2579,2077,3076,3259,4094,4532,4567,3971,3346,2358,19287,1363,0.173,Healthy
C0181,3,9,4.983,35.61,4.973,6.766,113,23.62,0,1169,903,2566,2164,2800,3587,4454,4522,4259,3867,3356,2346,19259,1432,0.284,Healthy
C0181,4,12,4.878,35.74,4.856,6.755,105,23.83,0,1092,919,2582,2062,2881,3220,4128,4232,4226,3957,3488,2163,18171,1364,0.167,Healthy
C0181,5,15,4.878,35.58,4.871,6.758,121,24.26,0,1248,880,2796,2234,2890,3452,4382,4781,4440,4054,3457,2345,18543,1295,0.182,Healthy
C0181,6,18,4.954,35.71,4.934,6.759,97,24.3,0,1236,875,2599,2034,2844,3416,4306,4644,4198,3893,3533,2377,18776,1385,0.245,Healthy
C0182,1,3,4.614,35.73,4.594,6.848,114,20.7,0,1051,822,2288,1927,2609,3111,4071,4600,4057,3798,3373,2396,17969,1391,-0.095,Healthy
C0182,2,6,4.25,35.68,4.235,6.817,129,22.19,0,1084,796,2362,1847,2718,3156,4233,4742,4584,4169,3645,2356,18641,1438,-0.454,Healthy
C0182,3,9,4.29,35.72,4.272,6.839,118,22.28,0,1049,774,2245,1938,2782,3260,4020,4510,4384,4126,3312,2334,18160,1337,-0.417,Healthy
C0182,4,12,4.314,35.77,4.292,6.812,117,21.26,0,1025,797,2188,1920,2741,3120,3694,4424,4103,3938,3607,2177,17243,1321,-0.397,Healthy
C0182,5,15,4.441,35.7,4.424,6.822,108,21.83,0,1045,737,2083,1744,2596,2844,3910,4394,4167,3809,3424,2421,16545,1284,-0.265,Healthy
C0182,6,18,4.442,35.79,4.418,6.799,113,21.49,0,998,777,2152,1900,2582,2915,3976,4460,4160,3958,3326,2414,17501,1358,-0.271,Healthy
C0183,1,3,5.075,36.28,5.0,6.72,152,21.03,0,1116,824,2580,1863,2567,2997,3780,4659,4388,3873,3121,2199,17692,1319,0.311,Healthy
C0183,2,6,4.811,36.36,4.732,6.703,146,19.73,0,1099,826,2400,2063,2696,3186,3826,4524,3976,4248,3339,2283,17995,1398,0.043,Healthy
C0183,3,9,4.908,36.19,4.844,6.671,161,20.86,0,1073,786,2198,2078,2646,3207,4097,4358,4165,3791,3309,2194,17401,1274,0.155,Healthy
C0183,4,12,4.849,36.38,4.768,6.706,153,20.31,0,1139,833,2346,1958,2640,3207,4038,4450,4359,3817,3214,2293,18562,1406,0.079,Healthy
C0183,5,15,4.806,36.36,4.727,6.756,162,20.66,0,1111,811,2315,1966,2651,2976,3605,4425,4620,3833,3476,2316,17638,1275,0.038,Healthy
C0183,6,18,5.026,36.3,4.95,6.702,163,20.3,0,1123,832,2423,1974,2617,3024,3982,4556,4113,3894,3447,2131,17559,1235,0.261,Healthy
C0184,1,3,4.711,35.62,4.7,6.588,52,19.01,0,984,765,2246,1779,2488,2776,3641,4012,3665,3675,3065,1971,15772,1245,0.011,Healthy
C0184,2,6,4.892,35.62,4.881,6.558,53,18.56,0,1044,798,2326,2047,2584,2886,3795,4105,3928,3545,3278,2100,16307,1380,0.192,Healthy
C0184,3,9,4.829,35.69,4.812,6.541,58,18.68,0,1103,802,2325,1842,2671,3009,3815,4054,3895,3639,2818,2214,17045,1302,0.123,Healthy
C0184,4,12,4.746,35.72,4.726,6.551,57,18.74,0,1146,793,2247,1924,2475,2845,3614,4160,3833,3149,3023,2037,16046,1223,0.037,Healthy
C0184,5,15,4.643,35.67,4.628,6.533,79,18.18,0,992,779,2190,1816,2587,3022,3850,4206,3526,3608,3059,2189,16329,1304,-0.061,Healthy
C0184,6,18,4.552,35.71,4.534,6.52,74,17.93,0,1037,818,2258,1930,2647,2782,3602,3917,3709,3607,3127,2075,16133,1217,-0.155,Healthy
C0185,1,3,4.87,35.86,4.837,6.681,150,21.28,0,1233,853,2728,2277,2904,3323,4331,4329,4355,3963,3335,2213,18373,1281,0.148,Healthy
C0185,2,6,5.102,36.17,5.037,6.752,175,18.1,0,1242,944,2924,2251,3093,3330,4556,4753,4057,3966,3590,2345,19180,1447,0.348,Healthy
C0185,3,9,5.04,36.78,4.917,6.853,295,18.74,0,1384,1037,2887,2375,3079,3351,4524,5209,4417,4180,3666,2575,20137,1527,0.228,Healthy
C0185,4,12,5.411,37.53,5.202,6.981,387,16.23,0,1418,1115,3154,2474,3339,3758,4928,5203,4779,4656,3962,2823,21156,1519,0.513,Subclinical
C0185,5,15,5.727,38.33,5.419,7.134,515,13.42,1,1924,1386,4219,3223,4457,5122,6672,7240,6820,5950,5459,3705,29342,1978,0.73,Subclinical
C0185,6,18,6.01,39.32,5.574,7.31,674,11.1,1,1997,1482,4591,3525,4423,4806,5955,6548,6447,6899,5644,3842,28229,1875,0.885,Clinical
C0186,1,3,4.494,35.64,4.482,6.679,134,19.31,0,1238,859,2529,2184,3138,3387,4392,4713,4382,4333,3653,2480,19146,1396,-0.207,Healthy
C0186,2,6,5.09,35.85,5.056,6.744,187,19.91,0,1332,1045,3028,2342,3387,3932,5081,5799,5268,5147,3973,3028,22708,1609,0.367,Healthy
C0186,3,9,5.339,36.05,5.283,6.838,275,17.53,0,1411,1043,3005,2693,3627,4211,5455,6012,5264,5075,4450,3185,23427,1641,0.594,Healthy
C0186,4,12,5.825,36.43,5.722,6.956,383,14.6,0,1578,1156,3347,2615,4036,4333,5900,6251,5976,5335,4472,3145,24302,1688,1.033,Subclinical
C0186,5,15,6.249,36.82,6.092,7.097,500,12.6,1,1991,1563,4589,3585,5004,5085,6674,7966,8214,7173,6662,3984,30352,1878,1.403,Clinical
C0186,6,18,6.83,37.25,6.603,7.26,661,9.8,1,2226,1804,4568,3874,5431,5833,7448,8776,8159,7799,6699,4588,35062,2286,1.914,Clinical
C0187,1,3,4.086,36.02,4.046,6.609,209,18.77,0,1204,975,2735,2243,3236,3597,4708,4717,4342,4266,4016,2764,20128,1397,-0.643,Healthy
C0187,2,6,4.119,36.21,4.063,6.607,209,18.47,0,1191,902,2773,2012,2969,3298,4636,4806,4415,4359,4046,2534,19614,1450,-0.626,Healthy
C0187,3,9,4.052,35.98,4.015,6.593,200,18.54,0,1222,858,2669,2064,2889,3346,3962,4896,4442,4200,3813,2593,18854,1435,-0.674,Healthy
C0187,4,12,4.251,36.13,4.2,6.592,183,18.64,0,1184,911,2753,2161,2890,3557,4834,4823,4502,4178,3982,2529,19614,1454,-0.489,Healthy
C0187,5,15,4.278,36.02,4.236,6.575,192,18.47,0,1170,891,2660,2080,2997,3463,4384,4191,4446,3791,3738,2586,18605,1322,-0.453,Healthy
C0187,6,18,4.173,36.17,4.12,6.59,190,18.39,0,1222,831,2572,2150,3095,3572,4475,4475,4262,4098,3902,2626,19289,1373,-0.569,Healthy
C0188,1,3,4.732,34.97,4.78,6.672,81,13.66,0,1057,789,2517,1938,2713,3139,4206,4261,3817,3553,3223,2224,17307,1299,0.091,Healthy
C0188,2,6,4.833,34.94,4.884,6.663,77,14.0,0,1110,817,2348,1872,2748,2912,3816,4037,3524,3769,3329,2259,16836,1314,0.195,Healthy
C0188,3,9,4.903,34.84,4.964,6.683,87,13.44,0,1133,828,2176,1901,2894,3052,4417,4460,4104,3861,3504,2313,18342,1404,0.275,Healthy
C0188,4,12,4.667,34.94,4.717,6.675,95,13.14,0,1102,842,2329,2003,2673,2952,4045,4441,3702,3633,3072,2258,16855,1293,0.028,Healthy
C0188,5,15,4.919,34.73,4.991,6.694,79,13.43,0,1129,768,2307,1804,2645,3001,3993,4098,3895,3340,3283,2290,16666,1223,0.302,Healthy
C0188,6,18,4.827,34.78,4.893,6.682,90,14.26,0,1110,843,2445,1881,2828,2993,4077,4100,3804,3638,3499,2188,16891,1332,0.204,Healthy
C0189,1,3,4.897,35.77,4.872,6.671,152,20.74,0,1195,878,2419,1926,2678,3105,3951,4372,4230,3863,3710,2442,17603,1317,0.183,Healthy
C0189,2,6,5.085,36.05,5.032,6.72,235,20.23,0,1277,959,2784,2222,2872,3304,4185,5075,4784,4374,4300,2644,19698,1415,0.343,Healthy
C0189,3,9,5.241,36.44,5.147,6.789,369,16.61,0,1323,955,2976,2466,3222,3813,4635,5269,4962,4508,4173,2838,20788,1471,0.458,Subclinical
C0189,4,12,5.576,37.05,5.412,6.876,527,15.69,0,1525,1106,3050,2537,3474,3884,5434,5745,5314,5130,4712,3122,22314,1509,0.723,Subclinical
C0189,5,15,5.925,37.77,5.669,6.98,714,11.85,1,1921,1394,4104,3358,4615,5060,6608,7310,7121,6120,6199,4238,28747,1981,0.98,Clinical
C0189,6,18,6.45,38.54,6.077,7.1,952,9.3,1,1940,1403,4147,3494,4620,5517,6652,7741,7193,6524,6182,4364,30794,2038,1.388,Clinical
C0190,1,3,4.563,35.91,4.527,6.733,247,19.24,0,1222,894,2639,2252,2814,3241,4108,4701,4364,4075,3447,2290,18541,1339,-0.162,Healthy
C0190,2,6,4.602,35.79,4.577,6.771,243,19.33,0,1283,897,2602,2026,2777,3199,4287,4576,4904,4207,3954,2632,18987,1422,-0.112,Healthy
C0190,3,9,4.531,35.92,4.495,6.73,231,19.45,0,1244,948,2660,2199,2932,3296,4174,4734,4269,4312,3788,2536,19095,1436,-0.194,Healthy
C0190,4,12,4.628,35.64,4.616,6.742,224,19.01,0,1296,930,2615,2160,2680,3272,4235,4980,4647,3988,3698,2470,19444,1341,-0.073,Healthy
C0190,5,15,4.442,35.78,4.418,6.74,242,19.39,0,1249,866,2593,2079,2749,3352,4262,5019,4466,4087,3588,2303,18940,1461,-0.271,Healthy
C0190,6,18,4.64,35.79,4.614,6.738,236,18.4,0,1216,873,2773,2113,2709,3199,4145,4738,4323,4059,3572,2302,18784,1483,-0.075,Healthy
C0191,1,3,5.049,35.46,5.053,6.686,94,22.47,0,1056,810,2342,1966,2609,3121,3817,3984,3770,3555,3544,2466,16379,1255,0.364,Healthy
C0191,2,6,4.978,35.41,4.987,6.694,108,21.7,0,1124,846,2284,2019,2760,3049,3888,4151,3852,3561,3762,2505,17016,1297,0.298,Healthy
C0191,3,9,4.967,35.24,4.992,6.693,114,21.57,0,1150,890,2573,2158,2736,3236,4128,4453,4081,3512,3542,2551,17578,1424,0.303,Healthy
C0191,4,12,4.919,35.27,4.94,6.684,99,20.9,0,1108,831,2427,1902,2546,3055,3829,3793,3535,3301,3440,2305,16277,1196,0.251,Healthy
C0191,5,15,4.953,35.23,4.978,6.719,109,21.85,0,1151,846,2270,1972,2725,3013,3827,3910,3761,3500,3519,2519,16767,1249,0.289,Healthy
C0191,6,18,4.892,35.37,4.904,6.719,95,21.21,0,1077,796,2264,1862,2607,2812,3925,3885,3773,3199,3267,2182,16168,1265,0.215,Healthy
C0192,1,3,4.576,36.3,4.506,6.665,176,19.6,0,1295,907,2838,2301,3053,3380,4526,5022,4604,4567,3867,2555,19975,1500,-0.183,Healthy
C0192,2,6,4.631,36.19,4.57,6.699,188,20.11,0,1333,1019,2869,2273,3090,3519,4624,4987,4764,4355,4014,2787,20466,1477,-0.119,Healthy
C0192,3,9,4.679,36.21,4.616,6.714,174,20.0,0,1258,958,2810,2271,3110,3321,4447,4742,4860,4205,3932,2598,19669,1395,-0.073,Healthy
C0192,4,12,4.637,36.37,4.56,6.722,187,19.9,0,1378,1029,2820,2277,2874,3415,4700,5149,4767,4196,3988,2688,20048,1511,-0.129,Healthy
C0192,5,15,4.616,36.17,4.557,6.707,161,20.0,0,1204,980,2718,2259,3004,3606,4259,4957,4563,4161,4075,2518,19247,1408,-0.132,Healthy
C0192,6,18,4.695,36.03,4.648,6.688,183,20.63,0,1325,1012,2502,2159,2994,3441,4639,4934,4475,4277,4017,2349,19889,1444,-0.041,Healthy
C0194,1,3,4.885,35.54,4.881,6.715,91,24.35,0,1034,747,2279,1824,2285,2616,3467,4036,3845,3450,3264,2071,15708,1189,0.192,Healthy
C0194,2,6,5.047,35.57,5.04,6.711,95,24.39,0,1092,790,2072,1884,2489,2804,3630,4200,3870,3583,3376,2213,16678,1251,0.351,Healthy
C0194,3,9,4.945,35.52,4.943,6.724,85,24.13,0,999,785,2185,1773,2325,2904,3533,3993,3775,3581,3104,2050,15928,1185,0.254,Healthy
C0194,4,12,5.012,35.57,5.005,6.675,83,23.54,0,998,722,2218,1622,2228,2784,3505,3996,3638,3354,3080,2193,15597,1159,0.316,Healthy
C0194,5,15,5.057,35.5,5.057,6.72,86,24.23,0,1070,833,2304,1783,2314,2569,3552,3940,3816,3420,3225,2148,15733,1315,0.368,Healthy
C0194,6,18,5.11,35.65,5.095,6.734,78,23.59,0,1058,769,2141,1655,2444,2646,3433,3850,3961,3443,3018,2046,16329,1208,0.406,Healthy
C0195,1,3,4.278,35.3,4.294,6.392,168,22.62,0,1199,860,2416,2048,3125,3424,4724,4754,4105,4194,3544,2526,19278,1423,-0.395,Healthy
C0195,2,6,4.646,35.39,4.656,6.429,178,23.91,0,1172,841,2587,2187,3161,3572,4335,4802,4588,4067,3573,2554,19161,1400,-0.033,Healthy
C0195,3,9,4.304,35.45,4.308,6.435,178,23.16,0,1194,870,2253,1962,3116,3301,4104,4708,4349,4130,3824,2534,18854,1434,-0.381,Healthy
C0195,4,12,4.557,35.5,4.557,6.39,172,21.95,0,1128,858,2401,1872,3030,3387,4250,4888,4342,4018,3591,2303,18615,1379,-0.132,Healthy
C0195,5,15,4.419,35.39,4.428,6.434,161,24.09,0,1192,866,2584,2069,3058,3258,4326,4725,4174,3862,3474,2342,19353,1477,-0.261,Healthy
C0195,6,18,4.515,35.36,4.527,6.416,174,23.45,0,1126,843,2571,1943,2844,3440,4462,4618,4330,3865,3610,2453,19129,1396,-0.162,Healthy
C0196,1,3,5.004,35.43,5.011,6.589,169,21.2,0,1210,919,2819,2238,3058,3553,4273,4966,4671,4247,4107,2727,19928,1457,0.322,Healthy
C0196,2,6,4.61,35.44,4.615,6.61,175,21.66,0,1162,963,2656,2181,2894,3385,4467,4620,4002,4151,3572,2804,18809,1418,-0.074,Healthy
C0196,3,9,4.799,35.45,4.804,6.581,180,21.58,0,1246,948,2512,2218,3138,3582,4529,4891,4720,4115,3569,2706,19526,1433,0.115,Healthy
C0196,4,12,4.745,35.55,4.74,6.636,199,21.48,0,1250,924,2624,2233,3145,3718,4604,4753,4416,3956,4015,2518,19952,1471,0.051,Healthy
C0196,5,15,4.74,35.64,4.727,6.663,166,21.61,0,1313,926,2633,2217,3001,3730,4223,4546,4356,4198,3839,2706,19869,1456,0.038,Healthy
C0196,6,18,4.875,35.46,4.879,6.576,182,21.42,0,1236,978,2709,2107,3161,3685,5158,4714,4311,4092,3790,2715,19817,1376,0.19,Healthy
C0197,1,3,4.58,35.02,4.622,6.686,132,20.16,0,1105,786,2361,1835,2806,3048,3989,4462,3935,3968,3271,2352,17701,1358,-0.067,Healthy
C0197,2,6,4.81,34.95,4.86,6.684,126,19.87,0,1059,829,2490,2003,2613,3188,3801,4247,4192,3707,3194,2273,17616,1372,0.171,Healthy
C0197,3,9,4.788,34.86,4.846,6.668,117,20.34,0,1087,817,2352,1883,2723,3192,4014,4589,4036,3637,3406,2364,17877,1327,0.157,Healthy
C0197,4,12,4.779,34.9,4.833,6.701,124,20.7,0,1182,852,2390,1908,2654,3190,4243,4173,4123,3861,3482,2357,17441,1300,0.144,Healthy
C0197,5,15,4.662,35.05,4.702,6.623,118,19.55,0,1043,793,2413,1816,2746,2843,3745,4406,3888,3642,3346,2251,17098,1304,0.013,Healthy
C0197,6,18,4.604,34.94,4.653,6.662,118,20.35,0,1093,786,2206,1848,2666,3094,3666,4102,4167,3689,3244,2146,17697,1411,-0.036,Healthy
C0198,1,3,4.274,34.67,4.341,6.502,190,16.05,0,1227,960,2545,2092,2859,3464,4440,4771,4380,4116,3537,2322,19166,1391,-0.348,Healthy
C0198,2,6,4.034,34.66,4.098,6.57,196,16.83,0,1217,953,2571,2062,2999,3336,4482,4519,4608,3931,3422,2295,19193,1434,-0.591,Healthy
C0198,3,9,4.143,34.82,4.197,6.5,202,16.8,0,1258,820,2683,2083,2847,3412,4666,4495,4474,4181,3510,2403,19315,1404,-0.492,Healthy
C0198,4,12,4.213,34.75,4.273,6.507,200,16.72,0,1126,916,2513,2078,3009,3387,4549,4800,4325,4051,3388,2377,19279,1437,-0.416,Healthy
C0198,5,15,4.269,34.69,4.335,6.518,204,16.21,0,1271,899,2575,2043,3199,3098,4547,4599,4426,4090,3432,2389,18622,1317,-0.354,Healthy
C0198,6,18,4.166,34.73,4.227,6.579,211,16.67,0,1292,885,2561,2073,2778,3407,4243,4867,4547,4285,3492,2295,19967,1529,-0.462,Healthy
C0201,1,3,4.265,35.0,4.306,6.839,157,20.68,0,1250,876,2612,2131,2988,3351,4635,4858,4246,3894,3628,2540,19496,1381,-0.383,Healthy
C0201,2,6,3.887,34.89,3.932,6.829,155,20.43,0,1166,919,2510,2026,3115,3570,4802,4610,4148,3997,3637,2380,19016,1474,-0.757,Healthy
C0201,3,9,4.012,35.07,4.045,6.848,156,21.0,0,1187,869,2687,2075,3132,3554,4599,4322,4426,4168,3710,2432,19423,1368,-0.644,Healthy
C0201,4,12,4.235,34.96,4.278,6.821,151,20.35,0,1218,883,2528,2240,3183,3651,4587,4234,4239,3960,3757,2426,18606,1328,-0.411,Healthy
C0201,5,15,4.22,35.08,4.254,6.793,140,21.54,0,1166,897,2622,2177,3150,3510,4514,4563,4750,4349,3555,2326,20185,1491,-0.435,Healthy
C0201,6,18,4.053,35.06,4.087,6.801,144,21.59,0,1178,910,2564,2042,3030,3511,4388,4496,4315,3591,3648,2507,18790,1396,-0.602,Healthy
C0202,1,3,4.612,35.55,4.608,6.664,153,22.63,0,1281,921,2626,2307,2843,3314,4272,4930,4722,4210,3903,2588,19723,1414,-0.081,Healthy
C0202,2,6,4.934,36.17,4.871,6.695,188,19.08,0,1273,941,2680,2102,2852,3329,4584,4747,4467,4421,3983,2861,18963,1438,0.182,Healthy
C0202,3,9,5.192,36.6,5.083,6.739,232,16.29,0,1318,1049,2761,2230,3149,3689,4415,4979,4977,4370,4568,2834,20115,1467,0.394,Healthy
C0202,4,12,5.563,37.1,5.394,6.796,309,15.18,0,1442,1005,2926,2496,3362,3713,5068,5801,5158,4792,4399,3149,22261,1658,0.705,Subclinical
C0202,5,15,5.956,37.85,5.69,6.863,401,11.39,1,1885,1381,4344,3165,4503,5174,6356,7979,7092,6826,6157,4320,29543,1895,1.001,Subclinical
C0202,6,18,6.37,38.63,5.991,6.94,508,7.9,1,2100,1416,4155,3608,4666,4711,6226,6836,6893,7249,6490,4584,29301,1938,1.302,Clinical
C0203,1,3,4.505,35.14,4.536,6.6,109,16.45,0,1140,825,2531,2067,2921,3265,4066,4390,4377,4218,3343,2378,18755,1456,-0.153,Healthy
C0203,2,6,4.689,35.26,4.71,6.587,128,15.94,0,1228,891,2628,2074,2770,3185,4368,4868,4436,4038,3566,2387,18672,1399,0.021,Healthy
C0203,3,9,4.707,35.14,4.739,6.616,120,15.6,0,1207,923,2705,2137,2835,3204,4125,4774,4346,4224,3335,2362,19039,1392,0.05,Healthy
C0203,4,12,4.701,35.16,4.731,6.632,126,15.79,0,1254,890,2802,2130,2833,3279,4227,4506,4567,4052,3297,2284,18622,1356,0.042,Healthy
C0203,5,15,4.765,35.3,4.783,6.617,123,15.42,0,1249,891,2620,2082,2888,3420,4329,4812,4331,4163,3393,2418,19316,1428,0.094,Healthy
C0203,6,18,4.599,35.21,4.624,6.626,120,14.97,0,1166,822,2514,1956,2552,3095,4128,4494,4352,3885,3414,2288,17555,1264,-0.065,Healthy
C0204,1,3,4.405,34.71,4.471,6.653,177,16.52,0,1313,947,2705,2160,2896,3425,4770,5046,4908,4131,4252,2796,20264,1400,-0.218,Healthy
C0204,2,6,4.231,34.75,4.291,6.603,172,16.66,0,1286,938,2615,2395,2974,3238,4353,4706,4539,4445,4278,2904,20368,1496,-0.398,Healthy
C0204,3,9,4.25,34.76,4.31,6.599,194,17.11,0,1244,1037,2747,2254,3263,3489,4615,5183,4847,4768,4228,3156,20515,1517,-0.379,Healthy
C0204,4,12,3.971,34.78,4.025,6.639,188,16.29,0,1234,923,2753,2423,3078,3544,4749,4758,4799,4263,4215,2889,19898,1487,-0.664,Healthy
C0204,5,15,4.28,34.8,4.337,6.605,182,16.45,0,1260,950,2586,2187,3095,3445,4427,4793,4804,4402,4227,2807,20260,1445,-0.352,Healthy
C0204,6,18,4.297,34.87,4.348,6.633,190,16.66,0,1255,997,2878,2302,3027,3427,4394,4807,4568,4216,4071,2789,19786,1417,-0.341,Healthy
C0206,1,3,4.764,36.1,4.71,6.654,189,19.94,0,1107,963,2712,2147,2730,3120,4083,4957,4619,4197,3391,2382,18618,1397,0.021,Healthy
C0206,2,6,4.822,35.89,4.786,6.602,182,20.74,0,1182,867,2503,1984,2728,3152,4020,4654,4574,4012,3385,2475,17895,1347,0.097,Healthy
C0206,3,9,4.973,35.97,4.929,6.553,168,20.73,0,1162,854,2513,1888,2575,3268,4010,4576,4132,4175,3481,2396,17795,1415,0.24,Healthy
C0206,4,12,4.812,36.01,4.765,6.621,194,20.33,0,1187,861,2641,2044,2621,3018,4230,5163,4627,4307,3583,2380,19363,1398,0.076,Healthy
C0206,5,15,5.085,35.97,5.04,6.591,177,21.14,0,1129,926,2713,1929,2790,3108,4058,4727,4557,4255,3562,2394,18621,1455,0.351,Healthy
C0206,6,18,4.862,36.0,4.816,6.6,194,19.83,0,1223,904,2627,2143,2817,3098,4022,4757,4422,3967,3585,2432,18378,1279,0.127,Healthy
C0207,1,3,4.789,35.26,4.811,6.682,144,23.81,0,1213,960,2765,2107,3031,3314,4707,4446,4341,4066,3806,2564,19163,1426,0.122,Healthy
C0207,2,6,4.731,35.2,4.758,6.659,139,23.59,0,1251,968,2701,2187,3096,3412,4530,4583,4613,4156,3974,2551,19719,1363,0.069,Healthy
C0207,3,9,4.448,35.19,4.474,6.676,145,23.06,0,1297,945,2902,2037,2963,3269,4413,4397,4376,3917,3680,2529,19501,1376,-0.215,Healthy
C0207,4,12,4.829,34.95,4.879,6.684,155,23.53,0,1405,952,2828,2430,3075,3496,4610,4840,4381,4241,3825,2708,20140,1414,0.19,Healthy
C0207,5,15,4.682,35.21,4.708,6.693,141,22.86,0,1249,994,2708,2069,2844,3357,4175,4592,4078,3907,3664,2502,19312,1365,0.019,Healthy
C0207,6,18,4.685,35.13,4.718,6.681,147,23.87,0,1202,880,2643,2138,2851,3279,4327,4580,4604,3836,3924,2612,19086,1372,0.029,Healthy
C0208,1,3,4.526,36.62,4.43,6.592,189,19.94,0,1283,970,2878,2091,3146,3299,4799,5052,4444,4227,3872,2571,19838,1540,-0.259,Healthy
C0208,2,6,4.552,36.61,4.456,6.597,172,20.3,0,1287,947,2720,2118,3104,3490,4767,4845,4682,4438,3813,2484,20445,1435,-0.233,Healthy
C0208,3,9,4.719,36.55,4.625,6.576,170,19.64,0,1273,972,2772,2314,3159,3501,4513,4828,4531,4506,3945,2554,20324,1395,-0.064,Healthy
C0208,4,12,4.673,36.56,4.579,6.529,174,20.34,0,1349,968,2700,2177,3110,3695,4544,4908,4736,4237,3793,2459,20570,1504,-0.11,Healthy
C0208,5,15,4.572,36.47,4.488,6.568,175,20.02,0,1184,906,2610,2071,3166,3420,4645,4806,4315,4344,3661,2393,19797,1450,-0.201,Healthy
C0208,6,18,4.675,36.65,4.573,6.606,177,19.95,0,1203,911,2668,2084,2849,3466,4379,4623,4676,4345,3771,2388,19391,1516,-0.116,Healthy
C0213,1,3,4.735,34.73,4.804,6.722,144,22.26,0,1273,926,2699,2293,3051,3696,4443,4579,4420,4222,3746,2537,19944,1421,0.115,Healthy
C0213,2,6,4.688,34.82,4.749,6.766,146,23.49,0,1297,976,2753,2239,3140,3660,4905,5131,4697,4485,3839,2515,20853,1593,0.06,Healthy
C0213,3,9,4.811,34.79,4.876,6.725,141,23.87,0,1329,940,2794,2162,3197,3688,4961,4920,4612,4214,3934,2497,20148,1443,0.187,Healthy
C0213,4,12,4.886,34.77,4.954,6.775,159,23.28,0,1347,972,2966,2479,3530,3646,4855,5208,4833,4464,4157,2803,21913,1572,0.265,Healthy
C0213,5,15,4.651,34.77,4.716,6.732,152,22.93,0,1217,914,2548,2081,3189,3521,4894,4908,4257,4467,3644,2407,20031,1471,0.027,Healthy
C0213,6,18,4.827,34.97,4.876,6.751,154,23.2,0,1310,995,2737,2223,3105,3501,4854,4882,4566,4185,3795,2550,19749,1359,0.187,Healthy
C0214,1,3,5.153,34.71,5.23,6.585,92,22.2,0,1217,871,2605,1992,2611,3186,3962,4643,4038,4080,3702,2280,17364,1228,0.541,Healthy
C0214,2,6,5.028,34.71,5.103,6.616,98,23.02,0,1121,841,2382,1990,2799,3283,4050,4387,4234,3979,3559,2405,18102,1384,0.414,Healthy
C0214,3,9,4.929,34.65,5.009,6.618,95,21.68,0,1201,810,2465,2047,2734,2971,3975,4355,4198,3951,3478,2254,17619,1272,0.32,Healthy
C0214,4,12,5.098,34.79,5.167,6.588,89,22.89,0,1178,939,2412,2020,2757,3225,4072,4587,4313,4087,3703,2442,18353,1360,0.478,Healthy
C0214,5,15,4.983,34.81,5.048,6.552,91,22.95,0,1168,861,2450,2053,2923,3151,3729,4579,4079,3844,3664,2354,17794,1261,0.359,Healthy
C0214,6,18,5.165,34.69,5.244,6.636,93,22.8,0,1214,893,2318,1890,2775,3249,4025,4678,4276,3925,3664,2340,17334,1289,0.555,Healthy
C0215,1,3,4.598,35.94,4.56,6.671,204,20.98,0,1243,926,2882,2259,2917,3577,4609,5029,4612,4264,3873,2628,19920,1455,-0.129,Healthy
C0215,2,6,4.407,36.09,4.358,6.673,190,21.37,0,1267,930,2623,2091,3020,3573,4844,4618,4188,4064,3746,2640,18928,1298,-0.331,Healthy
C0215,3,9,4.54,35.89,4.506,6.689,205,20.39,0,1192,952,2543,1975,3067,3352,4513,4623,3952,4146,3734,2594,18604,1376,-0.183,Healthy
C0215,4,12,4.475,36.03,4.43,6.65,198,21.07,0,1177,909,2719,2314,3143,3321,4470,4698,4471,4129,3864,2608,19213,1412,-0.259,Healthy
C0215,5,15,4.696,36.23,4.631,6.644,205,21.49,0,1165,920,2519,2156,2998,3258,4404,4521,4129,4237,3858,2558,18814,1364,-0.058,Healthy
C0215,6,18,4.598,35.97,4.557,6.671,214,20.97,0,1265,884,2580,2187,3063,3465,4665,4652,4289,4188,3922,2613,19484,1372,-0.132,Healthy
C0217,1,3,4.484,36.17,4.427,6.675,181,18.59,0,1178,843,2577,2056,2762,3654,4099,4357,4300,4084,3595,2557,18654,1395,-0.262,Healthy
C0217,2,6,4.565,36.25,4.5,6.638,181,18.51,0,1277,923,2820,2087,2739,3600,4090,4504,4124,3895,3418,2370,17955,1355,-0.189,Healthy
C0217,3,9,4.434,36.15,4.379,6.595,179,19.96,0,1240,913,2519,2209,2788,3395,4097,4304,4664,3949,3453,2382,19226,1428,-0.31,Healthy
C0217,4,12,4.713,36.2,4.65,6.637,190,18.95,0,1250,935,2868,2170,2777,3140,4358,4491,4166,3854,3578,2435,18472,1393,-0.039,Healthy
C0217,5,15,4.561,36.13,4.506,6.685,177,18.65,0,1271,884,2548,2063,2709,3334,4286,4343,4169,4138,3675,2367,18627,1309,-0.183,Healthy
C0217,6,18,4.562,36.15,4.506,6.686,174,19.13,0,1165,868,2720,2007,2906,2955,4140,4256,4164,3696,3505,2436,17617,1342,-0.183,Healthy
C0218,1,3,4.472,35.83,4.444,6.704,206,15.51,0,1282,966,2761,2222,3102,3684,4611,4935,4560,4071,3860,2647,20623,1493,-0.245,Healthy
C0218,2,6,4.703,35.72,4.683,6.67,207,16.1,0,1291,903,2842,2102,3268,3168,4427,4904,4600,4101,3943,2689,19058,1370,-0.006,Healthy
C0218,3,9,4.836,35.83,4.806,6.689,199,16.08,0,1221,952,2869,2219,3024,3403,4158,4780,4837,4169,3627,2394,18580,1377,0.117,Healthy
C0218,4,12,4.667,35.61,4.657,6.712,193,16.14,0,1255,886,2870,2284,2902,3589,4510,4886,4367,4170,3942,2608,20202,1456,-0.032,Healthy
C0218,5,15,4.789,35.89,4.754,6.7,207,16.54,0,1279,980,2669,2383,2928,3475,4514,4701,4115,4291,3690,2441,18971,1392,0.065,Healthy
C0218,6,18,4.784,35.91,4.747,6.669,201,17.26,0,1216,945,2585,2069,3052,3180,4266,4730,4168,4074,3807,2510,18750,1389,0.058,Healthy
C0220,1,3,4.685,35.98,4.642,6.659,119,18.15,0,1082,851,2375,1999,2763,3221,4177,4450,4186,3927,3379,2329,18253,1362,-0.047,Healthy
C0220,2,6,4.613,35.85,4.582,6.627,133,18.33,0,1159,928,2710,2054,2899,3484,4313,4872,4030,4147,3273,2353,18630,1411,-0.107,Healthy
C0220,3,9,4.819,35.86,4.786,6.612,128,17.83,0,1211,876,2546,1991,2796,3222,4140,4642,4296,3996,3556,2287,18694,1437,0.097,Healthy
C0220,4,12,4.732,35.93,4.693,6.614,127,16.36,0,1171,858,2544,1994,3081,3198,4365,4619,4378,4122,3322,2365,18792,1418,0.004,Healthy
C0220,5,15,4.921,35.84,4.889,6.604,127,18.95,0,1241,950,2682,1909,3014,3464,4496,4939,4197,4266,3220,2250,19307,1435,0.2,Healthy
C0220,6,18,4.69,35.89,4.655,6.684,119,17.83,0,1141,892,2604,2047,2784,3384,4052,4402,4018,3943,3549,2065,18266,1240,-0.034,Healthy
C0221,1,3,4.29,35.92,4.256,6.651,176,16.9,0,1398,892,2877,2393,3201,3624,4749,5275,4655,4582,4268,2844,21245,1491,-0.433,Healthy
C0221,2,6,4.277,35.94,4.241,6.608,203,16.49,0,1326,1003,2901,2314,3017,3595,5037,4976,4963,4635,3992,2754,20532,1493,-0.448,Healthy
C0221,3,9,4.324,35.73,4.305,6.621,172,16.74,0,1317,973,2839,2416,3268,3930,4877,5023,4940,4541,4353,2742,21709,1513,-0.384,Healthy
C0221,4,12,4.275,35.84,4.247,6.61,174,17.72,0,1337,978,2759,2464,3119,3631,4768,5513,4766,4487,4225,2636,21491,1490,-0.442,Healthy
C0221,5,15,4.29,35.85,4.261,6.652,188,16.94,0,1326,1013,3001,2378,3249,3687,4861,5201,5060,4481,4176,2941,20971,1456,-0.428,Healthy
C0221,6,18,4.332,35.71,4.315,6.657,195,16.28,0,1284,1030,2980,2485,3015,3652,4911,5439,4500,4496,4123,3000,21688,1622,-0.374,Healthy
C0222,1,3,4.473,35.69,4.457,6.559,157,20.42,0,1038,791,2324,1971,2708,3227,4074,4262,3887,3715,3345,2266,17298,1243,-0.232,Healthy
C0222,2,6,4.54,35.64,4.528,6.587,155,19.09,0,1052,816,2373,1997,2881,3327,4063,4256,4006,3583,3395,2265,17779,1318,-0.161,Healthy
C0222,3,9,4.456,35.58,4.449,6.566,148,18.3,0,1087,798,2315,1745,2704,3079,4004,4074,4007,3418,3253,2294,16727,1237,-0.24,Healthy
C0222,4,12,4.593,35.58,4.586,6.6,148,20.87,0,1033,765,2232,1678,2525,3203,4029,4141,3854,3482,3342,2201,16978,1245,-0.103,Healthy
C0222,5,15,4.49,35.68,4.475,6.588,148,20.0,0,1059,767,2040,1749,2632,2939,3869,4068,3902,3525,3328,2166,16315,1266,-0.214,Healthy
C0222,6,18,4.689,35.63,4.677,6.601,154,20.83,0,1048,801,2191,1797,2646,2988,3933,4104,4008,3773,3272,2315,16973,1321,-0.012,Healthy
C0223,1,3,4.414,35.62,4.404,6.617,184,17.54,0,1292,948,2862,2360,3271,3538,4749,5003,4853,4450,4085,2705,19580,1374,-0.285,Healthy
C0223,2,6,4.294,35.53,4.292,6.615,189,18.08,0,1241,962,2694,2318,3046,3407,4622,5105,4602,4557,3865,2708,19993,1452,-0.397,Healthy
C0223,3,9,4.403,35.44,4.408,6.656,175,18.27,0,1246,868,2694,2078,2823,3431,4359,4902,4512,4211,3938,2681,19079,1394,-0.281,Healthy
C0223,4,12,4.299,35.64,4.288,6.627,174,17.48,0,1262,962,2728,2118,2942,3285,4455,4908,4303,4174,3765,2586,18575,1351,-0.401,Healthy
C0223,5,15,4.387,35.55,4.383,6.604,190,17.38,0,1313,934,2748,2182,2990,3196,4438,4927,4782,4180,3864,2485,19950,1405,-0.306,Healthy
C0223,6,18,4.407,35.56,4.402,6.622,189,18.22,0,1268,1024,2718,2054,3002,3146,4253,4627,4773,4081,3684,2529,19039,1447,-0.287,Healthy
C0224,1,3,4.752,35.34,4.766,6.504,85,24.76,0,1059,750,2245,1777,2354,2581,3430,3962,3485,3478,3016,2252,15009,1129,0.077,Healthy
C0224,2,6,4.811,35.46,4.815,6.508,58,24.8,0,958,748,2166,1666,2399,2593,3235,3790,3516,3356,3212,2056,15327,1134,0.126,Healthy
C0224,3,9,4.882,35.49,4.883,6.5,69,25.2,0,960,742,1996,1601,2148,2378,3461,3288,3268,3413,2958,2066,14732,1210,0.194,Healthy
C0224,4,12,4.821,35.41,4.829,6.481,64,24.56,0,998,709,2169,1664,2169,2545,3323,3559,3513,3350,3060,1996,14839,1175,0.14,Healthy
C0224,5,15,4.599,35.37,4.61,6.479,74,24.86,0,982,717,2065,1675,1995,2443,3059,3556,3287,3181,3009,2170,13805,1056,-0.079,Healthy
C0224,6,18,4.887,35.47,4.89,6.514,84,23.64,0,997,753,2062,1779,2318,2563,3313,4012,3449,3118,3116,2184,14537,1146,0.201,Healthy
C0225,1,3,5.089,35.1,5.128,6.616,165,18.02,0,1181,879,2690,2079,2801,3182,4400,4959,4541,4518,3780,2610,18888,1361,0.439,Healthy
C0225,2,6,5.104,35.04,5.149,6.592,166,17.33,0,1248,951,2689,2206,3066,3412,4241,4875,4984,4363,3921,2492,19532,1491,0.46,Healthy
C0225,3,9,5.011,35.33,5.027,6.602,169,17.83,0,1122,849,2409,2108,2802,3229,4631,4758,4609,3874,3541,2621,19487,1411,0.338,Healthy
C0225,4,12,4.994,35.21,5.022,6.581,168,17.4,0,1193,855,2376,1990,2922,3244,3878,4808,4296,4070,3643,2465,18297,1380,0.333,Healthy
C0225,5,15,5.007,35.22,5.034,6.603,157,17.64,0,1081,879,2369,1956,2586,2957,4167,4474,4274,3876,3487,2257,17292,1300,0.345,Healthy
C0225,6,18,4.917,35.07,4.957,6.597,161,17.9,0,1065,835,2426,2008,2887,3185,4063,4505,4672,3964,3514,2506,18132,1412,0.268,Healthy
C0226,1,3,4.933,35.5,4.933,6.632,137,14.84,0,1275,946,2789,2218,3190,3362,4455,5188,4919,4432,3736,2622,20755,1501,0.244,Healthy
C0226,2,6,4.906,35.33,4.922,6.608,124,15.88,0,1313,1006,2593,2003,3062,3393,4542,5085,4532,4182,3694,2645,19879,1495,0.233,Healthy
C0226,3,9,4.845,35.38,4.856,6.61,128,16.23,0,1254,937,2769,2237,2866,3264,4353,4752,4625,4388,3879,2688,19514,1448,0.167,Healthy
C0226,4,12,4.986,35.45,4.991,6.624,123,15.69,0,1284,922,2811,2221,3093,3345,4754,5028,4466,4295,3952,2684,19908,1420,0.302,Healthy
C0226,5,15,4.871,35.42,4.878,6.624,129,15.66,0,1213,934,2682,2030,2953,3346,4146,4779,4484,4233,3890,2415,19097,1400,0.189,Healthy
C0226,6,18,4.96,35.35,4.974,6.619,121,15.62,0,1224,904,2670,2261,2794,3330,4514,4759,4671,4323,4112,2645,19560,1416,0.285,Healthy
C0227,1,3,4.056,34.62,4.124,6.602,228,14.23,0,1189,891,2813,2154,3142,3564,4375,5165,4811,4366,4239,2816,20053,1427,-0.565,Healthy
C0227,2,6,3.925,34.62,3.991,6.627,232,13.35,0,1171,999,2728,2216,2977,3570,4514,4901,4592,4410,4235,2746,19929,1398,-0.698,Healthy
C0227,3,9,3.89,34.58,3.958,6.563,206,13.06,0,1233,883,2586,2220,3052,3395,4380,4961,4683,4237,4106,2712,19493,1483,-0.731,Healthy
C0227,4,12,4.195,34.66,4.262,6.611,204,13.18,0,1302,1014,2809,2195,2943,3449,4109,4924,4623,4509,4032,2758,19426,1326,-0.427,Healthy
C0227,5,15,4.076,34.71,4.137,6.651,206,13.86,0,1263,920,2735,2287,3060,3382,4423,4898,4567,4426,4042,2524,19711,1494,-0.552,Healthy
C0227,6,18,4.277,34.58,4.352,6.608,238,13.32,0,1302,1027,2695,2203,2930,3594,4649,4933,5024,4282,4324,2894,20370,1410,-0.337,Healthy
C0228,1,3,5.252,35.48,5.254,6.656,164,19.78,0,1271,860,2572,2233,2859,3195,4276,4725,4524,4103,3744,2461,18707,1403,0.565,Healthy
C0228,2,6,5.324,35.49,5.325,6.642,184,19.07,0,1226,942,2559,2063,2869,3490,4179,4882,4431,4177,3770,2462,19268,1383,0.636,Healthy
C0228,3,9,5.327,35.53,5.324,6.591,165,19.39,0,1192,913,2776,2191,2787,3102,3973,4775,4445,4305,3842,2433,19198,1331,0.635,Healthy
C0228,4,12,5.443,35.44,5.449,6.6,164,19.66,0,1147,911,2558,1902,2696,3039,4196,4812,4604,4022,3606,2566,18656,1428,0.76,Healthy
C0228,5,15,5.349,35.36,5.363,6.632,183,19.86,0,1330,963,2705,2090,2611,3166,4622,4834,4560,4301,3812,2722,19116,1293,0.674,Healthy
C0228,6,18,5.387,35.51,5.386,6.626,177,20.18,0,1224,886,2670,2126,2748,3084,4295,4858,4705,4060,3531,2547,19043,1433,0.697,Healthy
C0229,1,3,4.756,35.01,4.8,6.626,157,18.07,0,1046,774,2243,1866,2937,3076,4423,4521,4049,4016,3499,2363,18005,1346,0.111,Healthy
C0229,2,6,4.921,35.1,4.958,6.634,149,18.94,0,1073,837,2516,1952,2820,3399,4540,4502,4305,4115,3637,2739,18711,1426,0.269,Healthy
C0229,3,9,4.699,35.02,4.742,6.652,162,17.56,0,1108,802,2251,1861,2697,3298,4116,4490,4414,3935,3459,2358,18498,1396,0.053,Healthy
C0229,4,12,4.773,35.12,4.807,6.596,158,18.72,0,1020,781,2441,1776,2666,3198,4175,4495,3960,3745,3582,2300,17114,1319,0.118,Healthy
C0229,5,15,4.94,34.99,4.988,6.611,144,18.44,0,1126,800,2265,1778,2823,3034,4281,4173,3791,3567,3354,2434,17206,1337,0.299,Healthy
C0229,6,18,4.831,34.93,4.883,6.66,168,18.7,0,985,827,2447,1923,2799,3234,4048,4374,4408,3805,3772,2412,17744,1364,0.194,Healthy
C0230,1,3,4.328,35.03,4.367,6.727,166,15.01,0,1329,919,2504,2164,3177,3570,4621,4780,4465,4169,3540,2767,19163,1424,-0.322,Healthy
C0230,2,6,4.466,35.12,4.498,6.687,169,15.51,0,1290,965,2635,2324,3131,3432,4726,5098,4570,4174,3902,2506,19549,1410,-0.191,Healthy
C0230,3,9,4.392,35.01,4.433,6.721,164,15.47,0,1298,961,2773,2248,3133,3442,4605,5144,4916,4645,4007,2616,20923,1490,-0.256,Healthy
C0230,4,12,4.43,35.04,4.469,6.687,181,16.02,0,1210,891,2450,2184,2960,3157,4467,4551,4622,4169,3756,2611,18476,1371,-0.22,Healthy
C0230,5,15,4.478,34.98,4.522,6.702,161,16.06,0,1323,956,2745,2205,2907,3348,4342,4803,4219,4331,3882,2569,19446,1408,-0.167,Healthy
C0230,6,18,4.377,34.91,4.426,6.705,168,16.64,0,1254,893,2681,2097,2867,3269,4373,4900,4484,4392,3660,2466,19401,1515,-0.263,Healthy
C0231,1,3,4.772,35.56,4.767,6.764,112,23.89,0,1070,816,2312,1800,2675,2961,3833,4375,4201,3666,3568,2235,16885,1275,0.078,Healthy
C0231,2,6,4.914,35.66,4.899,6.747,104,24.7,0,1033,827,2380,2003,2679,3003,3911,4518,4346,3862,3317,2206,18005,1289,0.21,Healthy
C0231,3,9,4.915,35.76,4.891,6.737,109,23.35,0,1105,863,2447,1856,2657,2922,3832,4156,3878,3586,3325,2191,16527,1254,0.202,Healthy
C0231,4,12,4.878,35.64,4.865,6.734,110,24.35,0,1136,858,2280,1959,2638,3072,3743,4476,4349,3941,3767,2454,17447,1272,0.176,Healthy
C0231,5,15,4.721,35.62,4.71,6.732,109,23.57,0,1038,838,2270,1909,2555,2996,3744,4173,3955,3913,3413,2355,16612,1352,0.021,Healthy
C0231,6,18,4.677,35.53,4.674,6.692,126,24.09,0,1102,820,2365,1929,2523,2840,4130,4372,4226,3647,3530,2350,17597,1322,-0.015,Healthy
C0233,1,3,4.458,35.92,4.422,6.532,225,20.13,0,1306,909,2807,2165,3341,3915,4838,5000,4563,4279,3782,2543,20260,1409,-0.267,Healthy
C0233,2,6,4.518,35.88,4.485,6.5,230,19.98,0,1295,1062,2769,2195,3121,3677,4662,5293,4943,4187,4061,2717,20755,1485,-0.204,Healthy
C0233,3,9,4.412,35.97,4.373,6.531,239,20.36,0,1204,936,2876,2206,3173,3789,4604,4600,4593,4352,3650,2550,19659,1512,-0.316,Healthy
C0233,4,12,4.595,36.01,4.55,6.489,225,19.5,0,1308,1012,2812,2159,3420,3739,4930,4764,4569,4509,3831,2500,20055,1486,-0.139,Healthy
C0233,5,15,4.492,36.05,4.445,6.516,232,20.57,0,1362,1006,2706,2245,3282,3908,4592,4961,4693,4436,3646,2527,21028,1502,-0.244,Healthy
C0233,6,18,4.447,36.02,4.403,6.49,218,20.02,0,1273,985,2836,2214,3443,3421,4657,5084,4679,4504,3691,2654,20171,1550,-0.286,Healthy
C0234,1,3,4.804,34.67,4.88,6.548,157,24.52,0,1082,853,2531,1826,2734,3176,4143,4646,4099,3918,3363,2329,18051,1315,0.191,Healthy
C0234,2,6,4.764,34.92,4.816,6.559,175,24.68,0,1195,905,2513,1987,2796,2951,4146,4690,4563,3973,3673,2146,19027,1412,0.127,Healthy
C0234,3,9,4.52,34.66,4.592,6.527,162,23.16,0,1086,813,2428,1785,2615,3087,4231,4620,4037,4029,3334,2243,17168,1281,-0.097,Healthy
C0234,4,12,4.756,34.78,4.821,6.531,174,24.31,0,1209,941,2512,2028,2813,3313,4016,4793,4308,4049,3289,2222,18831,1376,0.132,Healthy
C0234,5,15,4.584,34.61,4.662,6.53,158,24.02,0,1171,836,2598,2087,2845,3293,3614,4503,4170,4163,3125,2312,18146,1366,-0.027,Healthy
C0234,6,18,4.737,34.71,4.808,6.558,175,23.51,0,1163,870,2554,1912,2814,3273,4045,4832,4377,3948,3516,2369,18443,1390,0.119,Healthy
C0235,1,3,4.487,35.08,4.523,6.596,221,21.53,0,1308,996,2941,2209,3157,3601,4792,5499,5076,4641,4329,2881,21242,1509,-0.166,Healthy
C0235,2,6,4.493,35.06,4.531,6.569,216,22.92,0,1322,995,2836,2318,3359,3732,4915,5202,5151,4845,4377,3014,21506,1495,-0.158,Healthy
C0235,3,9,4.429,35.06,4.466,6.587,201,22.17,0,1279,937,2804,2155,3147,3826,4516,5296,4651,4670,4443,2978,20850,1579,-0.223,Healthy
C0235,4,12,4.375,34.97,4.419,6.613,222,21.99,0,1313,1061,3056,2273,3246,3718,4785,5500,5240,5011,4495,3161,21367,1530,-0.27,Healthy
C0235,5,15,4.546,34.97,4.592,6.59,217,21.73,0,1248,1016,2806,2339,3083,3726,4693,5705,4911,4743,4344,2879,21461,1484,-0.097,Healthy
C0235,6,18,4.613,34.98,4.659,6.609,215,21.48,0,1383,1009,2893,2287,3184,3601,5054,5275,5594,4503,4477,3122,21079,1463,-0.03,Healthy
C0237,1,3,4.554,35.18,4.582,6.493,135,16.94,0,1001,763,2275,1757,2454,2907,3867,4326,4100,3838,3146,2170,16441,1280,-0.107,Healthy
C0237,2,6,4.436,34.95,4.482,6.582,114,16.68,0,971,720,2089,1706,2417,2846,3334,3831,3742,3540,3100,2100,15318,1208,-0.207,Healthy
C0237,3,9,4.382,35.04,4.42,6.554,122,17.22,0,964,773,2145,1679,2451,2725,3734,4101,3860,3615,3174,2133,15689,1211,-0.269,Healthy
C0237,4,12,4.439,35.03,4.479,6.566,129,15.88,0,973,796,2246,1692,2447,2808,3558,4280,3757,3557,3285,2159,16449,1251,-0.21,Healthy
C0237,5,15,4.325,35.09,4.359,6.588,122,17.12,0,1062,781,1971,1757,2607,2826,3819,4117,3792,3590,3070,2111,16506,1248,-0.33,Healthy
C0237,6,18,4.447,35.18,4.474,6.57,116,17.27,0,896,740,2061,1761,2404,2840,3576,4242,3703,3446,3101,2199,15776,1260,-0.215,Healthy
C0238,1,3,4.066,35.34,4.078,6.538,160,22.89,0,1198,942,2566,2210,2949,3349,4258,4336,4062,4003,4056,2600,18334,1350,-0.611,Healthy
C0238,2,6,4.432,35.31,4.448,6.517,153,22.49,0,1278,883,2419,2189,3060,3405,4541,4277,4141,3863,3868,2522,18996,1487,-0.241,Healthy
C0238,3,9,4.199,35.28,4.217,6.588,152,22.3,0,1185,899,2464,2054,3022,3285,4564,4235,3855,3583,3791,2548,18069,1440,-0.472,Healthy
C0238,4,12,4.229,35.31,4.244,6.522,136,21.99,0,1148,854,2551,2014,2810,3327,4125,4019,4060,3483,3641,2584,17297,1284,-0.445,Healthy
C0238,5,15,4.382,35.41,4.389,6.51,149,22.63,0,1247,910,2529,1954,2841,3420,4273,4453,4200,3579,3767,2536,18623,1358,-0.3,Healthy
C0238,6,18,4.251,35.38,4.261,6.537,134,22.4,0,1154,877,2573,2020,2891,3098,4300,4072,3907,3550,3588,2407,17584,1315,-0.428,Healthy
C0239,1,3,4.665,35.84,4.635,6.589,155,21.73,0,1102,780,2400,1979,2597,3090,3947,4568,3973,3980,3764,2546,17857,1303,-0.054,Healthy
C0239,2,6,4.628,35.81,4.601,6.583,186,21.59,0,1139,849,2423,1959,2592,3043,4229,4492,4387,3995,3772,2655,18073,1382,-0.088,Healthy
C0239,3,9,4.708,35.89,4.673,6.58,173,19.73,0,1105,861,2423,1926,2732,2908,4029,4865,4198,4091,3622,2627,18816,1438,-0.016,Healthy
C0239,4,12,4.755,35.7,4.737,6.598,161,20.25,0,1078,836,2413,2041,2550,2928,4185,4729,4166,3953,3884,2388,17831,1388,0.048,Healthy
C0239,5,15,4.82,35.96,4.778,6.639,174,21.71,0,1143,872,2450,2053,2713,3202,3967,4665,4413,4288,3917,2608,17714,1315,0.089,Healthy
C0239,6,18,4.721,35.86,4.689,6.586,178,20.96,0,1089,807,2372,2066,2737,3035,3950,4381,4451,4064,3583,2491,17868,1323,0.0,Healthy
C0240,1,3,4.963,35.08,5.003,6.657,122,21.46,0,1229,897,2755,2079,3031,3372,4457,5198,4467,4422,3907,2791,19888,1354,0.314,Healthy
C0240,2,6,4.79,35.24,4.814,6.687,135,20.07,0,1216,933,2545,2050,2806,3318,4364,5140,4645,4091,3844,2779,19464,1391,0.125,Healthy
C0240,3,9,4.861,35.09,4.899,6.63,127,20.25,0,1236,900,2565,2188,2953,3483,4464,4787,4954,4369,3972,2392,20097,1413,0.21,Healthy
C0240,4,12,5.061,35.15,5.095,6.667,134,21.33,0,1306,953,2762,2194,3156,3661,4554,5153,4662,4597,3928,2733,20221,1412,0.406,Healthy
C0240,5,15,4.886,35.01,4.931,6.673,132,21.07,0,1195,892,2656,2079,3132,3487,4084,5012,4647,4252,3810,2594,20100,1434,0.242,Healthy
C0240,6,18,4.983,35.05,5.026,6.673,126,19.82,0,1223,902,2522,2066,2945,3378,4343,5143,4538,4147,3986,2548,19722,1421,0.337,Healthy
C0241,1,3,4.859,35.55,4.854,6.67,192,16.83,0,1282,869,2802,2204,3145,3471,4564,4688,4521,4269,3593,2304,19777,1437,0.165,Healthy
C0241,2,6,4.812,35.58,4.805,6.68,176,18.14,0,1244,950,2716,2228,2765,3260,4306,4758,4120,3879,3207,2289,18480,1428,0.116,Healthy
C0241,3,9,4.893,35.61,4.883,6.709,189,17.98,0,1227,995,2720,2171,2954,3243,4368,4541,4129,4095,3570,2334,19602,1481,0.194,Healthy
C0241,4,12,4.794,35.5,4.794,6.684,177,17.63,0,1178,882,2608,2198,2854,3457,4153,4404,4405,3993,3243,2282,18954,1342,0.105,Healthy
C0241,5,15,4.938,35.58,4.93,6.743,176,17.69,0,1282,914,2691,2241,3107,3434,4451,5017,4450,4177,3447,2213,19500,1442,0.241,Healthy
C0241,6,18,4.811,35.48,4.813,6.706,173,16.28,0,1144,927,2618,2064,2717,3171,4495,4344,4085,3838,3361,2310,18741,1345,0.124,Healthy
C0242,1,3,4.575,35.61,4.565,6.674,165,20.49,0,1154,919,2416,1976,2806,3161,4301,4768,4573,4254,3541,2522,18886,1395,-0.124,Healthy
C0242,2,6,5.018,36.04,4.967,6.729,206,18.8,0,1185,976,2816,2242,3062,3518,4638,5620,4891,4610,3930,2664,21434,1588,0.278,Healthy
C0242,3,9,5.463,36.5,5.359,6.807,242,15.47,0,1291,972,3027,2260,3387,3614,4624,5588,5502,4980,4034,2666,21483,1510,0.67,Healthy
C0242,4,12,5.687,37.1,5.514,6.906,325,13.79,0,1357,1043,3127,2406,3226,3812,5232,5770,5563,5224,4404,2933,22700,1554,0.825,Subclinical
C0242,5,15,6.234,37.67,5.977,7.024,430,11.71,0,1596,1111,3286,2833,3701,4016,5610,6416,5897,5813,4482,3329,25663,1764,1.288,Subclinical
C0242,6,18,6.78,38.38,6.409,7.16,546,8.8,0,1697,1213,3699,2859,3644,4106,4815,5981,6139,6351,5024,3478,24777,1772,1.72,Clinical
C0243,1,3,5.005,35.06,5.047,6.607,104,17.68,0,1181,894,2784,2052,2968,3354,4103,4892,4336,4068,3997,2561,18896,1480,0.358,Healthy
C0243,2,6,4.694,35.22,4.719,6.609,105,17.85,0,1141,808,2385,2078,2689,2925,3838,4376,3918,3757,3643,2339,16360,1222,0.03,Healthy
C0243,3,9,4.745,35.16,4.776,6.598,112,18.17,0,1201,850,2585,1972,2813,3218,4154,4422,4461,4147,3578,2603,18643,1381,0.087,Healthy
C0243,4,12,4.861,35.2,4.889,6.574,116,17.25,0,1184,895,2375,2013,2711,3245,4457,4373,4532,4140,3584,2576,18982,1406,0.2,Healthy
C0243,5,15,4.723,35.19,4.751,6.604,104,18.07,0,1055,838,2297,2025,2754,2766,4149,4127,4000,3944,3444,2375,17013,1222,0.062,Healthy
C0243,6,18,4.816,35.22,4.842,6.594,109,17.96,0,1123,806,2460,2026,2665,3135,4156,4175,4094,4121,3375,2416,17991,1273,0.153,Healthy
C0244,1,3,4.516,35.56,4.511,6.573,172,19.27,0,1211,924,2539,2116,2892,3549,4440,4778,4264,4013,3678,2496,18844,1401,-0.178,Healthy
C0244,2,6,4.461,35.69,4.445,6.542,156,19.93,0,1154,892,2799,2172,2825,3386,4797,4745,4381,4222,3581,2469,18864,1371,-0.244,Healthy
C0244,3,9,4.43,35.72,4.411,6.543,179,19.71,0,1250,949,2730,2182,2944,3564,4538,4918,4585,4113,3674,2521,19571,1363,-0.278,Healthy
C0244,4,12,4.465,35.49,4.466,6.58,174,19.15,0,1245,950,2763,2069,3109,3478,4516,4936,4692,4428,3788,2430,19726,1466,-0.223,Healthy
C0244,5,15,4.6,35.77,4.576,6.558,161,19.42,0,1240,898,2642,1957,3071,3386,4403,4868,4319,3982,3796,2399,19124,1405,-0.113,Healthy
C0244,6,18,4.474,35.61,4.465,6.563,174,19.41,0,1211,918,2506,2056,3038,3293,4744,4930,4121,4212,3648,2389,19120,1402,-0.224,Healthy
C0246,1,3,4.702,35.73,4.681,6.677,147,22.11,0,1057,881,2308,2017,2969,3156,4074,4712,3929,3824,3599,2563,17953,1321,-0.008,Healthy
C0246,2,6,5.098,36.04,5.046,6.737,220,18.44,0,1279,911,2850,2112,3179,3572,4804,4751,4141,4037,4085,2615,19820,1442,0.357,Healthy
C0246,3,9,5.048,36.46,4.956,6.822,304,17.6,0,1254,904,2758,2216,3071,3474,4934,4896,4909,4060,3910,2730,20497,1541,0.267,Healthy
C0246,4,12,5.57,37.07,5.404,6.931,419,15.78,0,1360,942,3313,2478,3310,4013,5484,5385,4963,4960,4645,3189,21498,1539,0.715,Subclinical
C0246,5,15,6.111,37.8,5.844,7.061,586,13.85,1,1906,1373,4186,3314,4530,5385,6686,7233,6938,6769,6449,4224,30262,1948,1.155,Clinical
C0246,6,18,6.59,38.54,6.209,7.21,768,10.8,1,1936,1606,4361,3651,5158,4686,6272,7210,7171,6761,7281,4494,29855,1901,1.52,Clinical
C0247,1,3,4.436,35.64,4.424,6.701,196,15.89,0,1181,952,2676,2157,2704,3371,4065,4747,4457,4064,3666,2350,19268,1299,-0.265,Healthy
C0247,2,6,4.297,35.43,4.303,6.729,200,15.3,0,1184,892,2457,2064,2997,3164,4410,4768,4348,4236,3778,2510,19275,1425,-0.386,Healthy
C0247,3,9,4.395,35.66,4.382,6.702,195,15.88,0,1191,888,2693,2065,2663,3119,4110,4793,4203,4168,3610,2445,18877,1341,-0.307,Healthy
C0247,4,12,4.523,35.51,4.522,6.735,177,15.31,0,1171,889,2845,2110,2664,3220,4382,5022,4209,4322,3828,2510,18894,1412,-0.167,Healthy
C0247,5,15,4.475,35.35,4.488,6.718,190,15.51,0,1298,879,2469,2252,2922,3220,4295,4698,4550,4242,3642,2346,18579,1425,-0.201,Healthy
C0247,6,18,4.416,35.52,4.414,6.665,196,14.81,0,1276,871,2576,2067,2858,3190,4089,4638,4469,3910,3652,2492,19037,1424,-0.275,Healthy
C0248,1,3,4.427,35.73,4.408,6.465,88,17.11,0,978,816,2271,1729,2671,2862,3962,3604,3575,3453,3292,2137,16447,1244,-0.281,Healthy
C0248,2,6,4.596,35.61,4.586,6.499,95,16.7,0,1082,810,2370,1886,2706,2993,3682,3711,3562,3307,3297,2220,15539,1288,-0.103,Healthy
C0248,3,9,4.604,35.79,4.579,6.461,100,16.7,0,1062,781,2399,1757,2495,2726,3533,3756,3605,3286,3075,2130,16181,1219,-0.11,Healthy
C0248,4,12,4.303,35.81,4.278,6.522,97,16.42,0,1088,763,2343,1784,2735,2999,3976,3971,3469,3542,3114,2144,16653,1225,-0.411,Healthy
C0248,5,15,4.471,35.87,4.44,6.42,89,17.68,0,1017,783,2424,1822,2613,3098,3844,3876,3811,3219,3303,2124,16478,1271,-0.249,Healthy
C0248,6,18,4.364,35.83,4.337,6.47,102,16.72,0,1058,736,2325,1931,2623,2864,4206,3991,3715,3399,3298,2141,16372,1285,-0.352,Healthy
C0249,1,3,4.54,35.74,4.519,6.673,164,22.49,0,1245,987,2814,2192,3177,3560,4469,5286,4714,4228,3882,2568,20668,1370,-0.17,Healthy
C0249,2,6,5.012,35.93,4.971,6.724,208,20.2,0,1353,1040,3010,2446,3529,3584,5111,5765,5241,4582,4290,2721,21906,1605,0.282,Healthy
C0249,3,9,5.138,36.39,5.051,6.798,261,16.59,0,1374,1025,3242,2571,3603,4046,5399,5635,5438,4863,4474,2977,22847,1533,0.362,Healthy
C0249,4,12,5.481,36.86,5.339,6.891,346,14.47,0,1564,1245,3352,2825,3597,4499,5838,6046,5871,5736,4816,3117,24081,1582,0.65,Subclinical
C0249,5,15,5.96,37.29,5.757,7.002,443,12.72,1,1954,1450,4597,3517,5268,5892,7867,8356,7141,7134,6385,4302,32479,2121,1.068,Subclinical
C0249,6,18,6.38,37.92,6.087,7.13,566,10.4,1,2231,1716,4657,3777,5723,6199,8068,9188,8449,8479,6678,5122,35543,2257,1.398,Clinical
C0250,1,3,4.473,35.64,4.461,6.67,163,18.6,0,1166,932,2616,2060,2866,3057,4432,5001,4898,4487,3870,2544,18728,1399,-0.228,Healthy
C0250,2,6,5.117,35.95,5.073,6.716,213,19.62,0,1298,925,2730,2318,3082,3341,4641,5228,4830,4747,3794,2563,21187,1531,0.384,Healthy
C0250,3,9,5.389,36.34,5.303,6.782,303,16.84,0,1381,1059,3074,2533,3382,4002,5199,5672,5586,4844,4409,3196,22717,1613,0.614,Subclinical
C0250,4,12,5.819,36.67,5.69,6.866,434,14.19,0,1542,1079,3271,2582,3384,4265,5295,6223,6008,5408,4880,3253,23525,1699,1.001,Subclinical
C0250,5,15,6.499,37.08,6.304,6.965,571,12.08,1,2073,1349,4498,3756,4689,5395,6760,8349,7710,6827,6064,4184,31257,2055,1.615,Clinical
C0250,6,18,7.26,37.63,6.966,7.08,748,8.9,1,2386,1632,4746,3806,5314,6160,7806,9010,8688,7961,7075,4695,35241,2305,2.277,Clinical
C0252,1,3,5.04,35.32,5.057,6.918,136,18.06,0,1190,859,2640,2151,3019,3423,4262,4832,4742,4380,4119,2627,20067,1437,0.368,Healthy
C0252,2,6,4.903,35.26,4.925,6.933,133,18.78,0,1137,814,2437,1901,2927,3036,4021,5021,4109,4066,3753,2580,18222,1255,0.236,Healthy
C0252,3,9,5.072,35.23,5.098,6.926,122,18.6,0,1187,861,2785,1919,3026,3330,4211,4960,4561,4305,3790,2813,18944,1448,0.409,Healthy
C0252,4,12,5.006,35.26,5.029,6.928,150,18.95,0,1223,906,2783,2134,2809,3209,4405,4936,4604,4517,3910,2614,19503,1393,0.34,Healthy
C0252,5,15,4.975,35.28,4.996,6.889,127,17.56,0,1177,855,2492,2077,2865,3119,4135,4911,4597,4021,3828,2452,17588,1300,0.307,Healthy
C0252,6,18,5.041,35.27,5.063,6.905,136,17.76,0,1200,884,2542,2230,2828,3300,4184,5295,4567,4564,3778,2743,19711,1425,0.374,Healthy
C0253,1,3,4.453,35.63,4.442,6.678,128,21.15,0,1214,931,2912,2017,3518,3713,4572,4924,4691,4253,4132,2593,19750,1460,-0.247,Healthy
C0253,2,6,4.245,35.54,4.242,6.692,119,21.77,0,1212,873,2469,2063,3151,3474,4738,5056,4426,4459,3975,2553,19704,1412,-0.447,Healthy
C0253,3,9,4.374,35.66,4.361,6.683,108,21.65,0,1082,839,2538,2137,3209,3554,4735,4564,4716,4158,3959,2589,19734,1483,-0.328,Healthy
C0253,4,12,4.537,35.46,4.54,6.679,102,21.79,0,1169,848,2406,1950,2934,3420,4208,4361,4451,4103,3417,2543,18296,1441,-0.149,Healthy
C0253,5,15,4.542,35.57,4.536,6.672,112,21.89,0,1070,878,2512,2015,2742,3345,4455,4347,4176,4108,3787,2559,18221,1426,-0.153,Healthy
C0253,6,18,4.361,35.61,4.352,6.673,123,20.81,0,1133,894,2397,2118,2984,3305,4278,5103,4519,4202,3974,2395,19277,1422,-0.337,Healthy
C0254,1,3,4.916,35.76,4.892,6.574,122,17.98,0,1240,958,2755,2142,2888,3325,4360,4356,4267,4057,3460,2448,18606,1347,0.203,Healthy
C0254,2,6,4.68,35.79,4.654,6.564,133,17.35,0,1263,941,2584,2224,2882,3473,4112,4602,4320,3960,3524,2407,19172,1377,-0.035,Healthy
C0254,3,9,4.589,35.74,4.568,6.527,128,17.36,0,1107,929,2815,2070,2965,3238,4268,4863,4380,3963,3405,2321,19264,1393,-0.121,Healthy
C0254,4,12,4.749,35.84,4.718,6.534,138,18.09,0,1253,1020,2579,2078,3021,3499,4569,4807,4157,4087,3695,2282,19482,1383,0.029,Healthy
C0254,5,15,4.85,35.82,4.821,6.533,131,16.49,0,1313,915,2774,2214,2746,3409,4248,4796,4281,4209,3629,2438,18920,1409,0.132,Healthy
C0254,6,18,4.849,35.83,4.819,6.552,129,17.67,0,1285,912,2481,1978,2914,3550,4220,4807,4179,4046,3542,2208,19047,1387,0.13,Healthy
C0256,1,3,4.994,35.46,4.998,6.46,180,17.86,0,1275,986,2685,2213,3125,3536,4247,5174,4211,4490,3593,2594,19178,1398,0.309,Healthy
C0256,2,6,5.137,35.46,5.141,6.467,169,16.8,0,1222,950,2691,2107,2917,3281,4530,4706,4762,4142,3667,2360,19326,1443,0.452,Healthy
C0256,3,9,4.971,35.53,4.968,6.476,170,16.89,0,1251,883,2596,2289,2905,3225,4377,4619,4498,4346,3876,2472,19240,1373,0.279,Healthy
C0256,4,12,4.907,35.39,4.917,6.476,186,18.44,0,1226,933,2564,2160,3097,3478,4318,4618,4606,4100,3440,2477,19288,1390,0.228,Healthy
C0256,5,15,4.954,35.41,4.962,6.435,191,17.84,0,1249,913,2473,2191,2992,3592,4622,5085,4580,4084,3952,2488,20706,1403,0.273,Healthy
C0256,6,18,4.996,35.49,4.997,6.481,180,17.19,0,1290,918,2743,2272,2972,3381,4538,5140,4569,4174,3908,2609,19741,1387,0.308,Healthy
C0257,1,3,4.454,35.12,4.486,6.675,144,17.11,0,1154,861,2686,2200,2930,3504,4579,4454,3974,3949,3955,2740,18564,1360,-0.203,Healthy
C0257,2,6,4.704,35.14,4.736,6.634,136,17.17,0,1191,888,2731,2303,3028,3712,4337,4895,4246,3999,3908,2686,19488,1402,0.047,Healthy
C0257,3,9,4.576,35.06,4.614,6.651,128,18.32,0,1178,913,2593,2091,2923,3271,4182,4366,4244,3808,3912,2725,18280,1267,-0.075,Healthy
C0257,4,12,4.564,35.2,4.59,6.62,136,17.41,0,1233,952,2864,2160,3011,3402,4403,4762,4366,3655,3779,2708,18815,1408,-0.099,Healthy
C0257,5,15,4.628,35.09,4.664,6.651,142,16.53,0,1225,934,2735,2146,2928,3547,4639,4612,4589,4099,4074,2660,18814,1345,-0.025,Healthy
C0257,6,18,4.582,35.08,4.619,6.637,135,17.44,0,1276,954,2773,2145,2902,3395,4476,5015,4364,3929,3998,2792,19646,1358,-0.07,Healthy
C0258,1,3,4.756,35.13,4.789,6.604,73,18.51,0,1090,790,2184,1739,2408,2946,3727,4009,4077,3606,3375,2054,16192,1257,0.1,Healthy
C0258,2,6,4.471,35.16,4.5,6.543,78,18.42,0,1006,753,2096,1790,2406,2718,3265,3861,3613,3467,3072,2142,15173,1222,-0.189,Healthy
C0258,3,9,4.48,35.18,4.507,6.57,84,18.19,0,1009,736,2235,1705,2437,2774,3381,3973,3848,3600,3139,2106,15674,1102,-0.182,Healthy
C0258,4,12,4.643,35.17,4.672,6.58,79,19.22,0,999,739,2095,1702,2339,2541,3225,4249,3511,3396,3013,1979,14924,1202,-0.017,Healthy
C0258,5,15,4.722,35.32,4.738,6.55,85,18.27,0,976,796,2327,1862,2521,2857,3703,4225,4045,3491,3191,2212,16836,1266,0.049,Healthy
C0258,6,18,4.56,35.18,4.588,6.575,89,18.38,0,1019,782,2234,1791,2632,2711,3483,3938,3724,3406,3335,2121,16113,1225,-0.101,Healthy
C0259,1,3,4.766,34.76,4.833,6.717,193,19.43,0,1355,1012,2760,2221,3197,3575,4875,4762,4302,4086,3834,2509,20006,1400,0.144,Healthy
C0259,2,6,4.955,34.78,5.023,6.745,199,18.83,0,1343,981,3089,2463,3392,3490,4825,4822,4558,4345,3943,2831,20944,1495,0.334,Healthy
C0259,3,9,4.927,34.68,5.004,6.751,193,19.05,0,1257,968,2759,2292,3163,3664,4650,5003,4520,4178,4014,2592,20295,1462,0.315,Healthy
C0259,4,12,4.821,34.92,4.874,6.756,190,19.56,0,1308,921,2914,2072,3127,3441,4448,4704,4857,4429,3887,2706,20212,1563,0.185,Healthy
C0259,5,15,4.891,34.8,4.956,6.734,201,18.79,0,1318,1016,2990,2232,3175,3784,4459,5128,4742,4335,4038,2692,21322,1546,0.267,Healthy
C0259,6,18,4.85,34.87,4.908,6.726,194,19.73,0,1275,980,2815,2418,3145,3722,4879,5059,4680,4014,4079,2737,20854,1497,0.219,Healthy
C0260,1,3,5.112,36.33,5.031,6.597,129,20.35,0,1273,903,2675,2184,3063,3453,4692,4790,4490,4065,3784,2341,19653,1484,0.342,Healthy
C0260,2,6,4.958,36.38,4.875,6.586,126,20.69,0,1116,807,2492,2022,2751,3067,4285,4796,4134,4005,3603,2348,17933,1376,0.186,Healthy
C0260,3,9,5.037,36.46,4.945,6.597,120,18.93,0,1107,908,2574,2074,2970,3224,3990,4826,4233,3935,3397,2483,17911,1270,0.256,Healthy
C0260,4,12,4.94,36.45,4.851,6.607,119,20.47,0,1149,829,2425,1963,2912,3191,4228,4697,4289,4087,3730,2721,17808,1359,0.162,Healthy
C0260,5,15,4.708,36.38,4.629,6.566,115,19.41,0,1140,851,2413,1916,2599,3072,4159,4358,4098,3792,3531,2381,17940,1341,-0.06,Healthy
C0260,6,18,4.941,36.42,4.855,6.579,118,20.7,0,1139,857,2345,2078,2867,3432,4204,4680,4219,4005,3849,2403,18286,1324,0.166,Healthy
C0262,1,3,4.67,35.15,4.701,6.599,171,8.51,0,1267,911,2729,2160,2946,3277,4332,4760,4743,4525,3921,2445,19630,1438,0.012,Healthy
C0262,2,6,4.59,35.2,4.616,6.608,179,9.26,0,1191,925,2937,2122,2817,3306,4049,4794,4399,4230,3620,2350,18955,1386,-0.073,Healthy
C0262,3,9,4.52,35.27,4.54,6.583,184,9.67,0,1201,945,2520,2190,2876,3044,4005,4957,5000,4182,3743,2375,18829,1391,-0.149,Healthy
C0262,4,12,4.573,35.02,4.615,6.587,167,9.7,0,1229,861,2427,1974,2726,2958,3745,4621,4401,4191,3631,2394,17659,1301,-0.074,Healthy
C0262,5,15,4.818,35.12,4.853,6.587,184,9.9,0,1293,902,2574,2079,2817,3247,4195,4998,4774,4435,3726,2472,20210,1473,0.164,Healthy
C0262,6,18,4.75,35.12,4.784,6.614,158,9.54,0,1125,880,2550,1946,2572,3265,3983,4556,4568,4391,3297,2369,18388,1290,0.095,Healthy
C0263,1,3,4.254,35.04,4.291,6.813,158,17.35,0,1061,813,2198,1921,2493,2968,3777,3795,3542,3486,3338,2263,16264,1339,-0.398,Healthy
C0263,2,6,4.453,35.25,4.474,6.835,150,17.43,0,1023,742,2191,1772,2535,2752,3576,4157,3550,3303,3343,2151,15367,1214,-0.215,Healthy
C0263,3,9,4.533,35.17,4.561,6.841,172,17.87,0,1025,802,2327,1865,2418,2985,3833,3891,3723,3361,3316,2233,15574,1227,-0.128,Healthy
C0263,4,12,4.381,35.21,4.405,6.818,170,17.96,0,1038,758,2130,1791,2426,2751,3708,3679,3397,3420,3146,2191,15350,1146,-0.284,Healthy
C0263,5,15,4.161,35.03,4.198,6.832,163,17.61,0,1078,769,2158,1999,2460,2774,3564,3855,3612,3218,3250,2100,16078,1208,-0.491,Healthy
C0263,6,18,4.437,35.07,4.473,6.844,162,18.1,0,1062,839,2234,1858,2583,2840,3738,4044,3347,3583,3404,2182,16209,1265,-0.216,Healthy
C0264,1,3,3.974,35.97,3.939,6.616,181,18.53,0,1088,819,2358,1799,2836,3318,4396,4796,4310,3938,3494,2361,18189,1335,-0.75,Healthy
C0264,2,6,3.889,36.01,3.851,6.625,193,18.71,0,1152,871,2538,2062,2944,3246,4176,4492,4646,4269,3603,2454,19008,1408,-0.838,Healthy
C0264,3,9,3.907,35.81,3.884,6.61,192,18.56,0,1142,890,2428,1997,2979,3344,4385,4711,4531,4400,3594,2380,18890,1354,-0.805,Healthy
C0264,4,12,4.016,35.97,3.98,6.614,201,19.09,0,1163,825,2422,1993,2903,3214,4344,4836,4262,4633,3647,2471,19491,1362,-0.709,Healthy
C0264,5,15,3.981,36.0,3.943,6.609,205,19.4,0,1213,811,2556,1976,2860,3430,4360,4832,4441,4175,3356,2395,19544,1475,-0.746,Healthy
C0264,6,18,4.017,36.04,3.976,6.595,201,18.77,0,1045,869,2509,1985,2872,3409,4422,4449,4507,4071,3524,2312,18470,1326,-0.713,Healthy
C0265,1,3,4.787,35.38,4.798,6.843,160,24.52,0,1315,923,2911,2253,2986,3469,4503,4608,4569,4184,3766,2751,19362,1456,0.109,Healthy
C0265,2,6,4.87,35.32,4.887,6.809,179,24.23,0,1204,899,2802,2176,2942,3174,4406,4645,4589,4235,3799,2527,19236,1370,0.198,Healthy
C0265,3,9,4.75,35.32,4.766,6.827,167,24.67,0,1293,963,2699,2131,3002,3205,4286,4410,4375,4009,3546,2370,18992,1387,0.077,Healthy
C0265,4,12,4.589,35.38,4.599,6.811,168,25.31,0,1160,858,2623,2084,2823,3245,3972,4429,4101,4093,3586,2355,18121,1329,-0.09,Healthy
C0265,5,15,4.822,35.38,4.833,6.861,160,23.74,0,1211,923,2715,2032,3039,3341,4368,4997,4510,4332,4027,2526,19918,1436,0.144,Healthy
C0265,6,18,4.511,35.31,4.527,6.82,182,24.26,0,1306,1022,2735,2118,2726,3343,4155,4721,4536,4178,3813,2651,19222,1441,-0.162,Healthy
C0268,1,3,4.078,35.67,4.065,6.713,154,24.35,0,1151,778,2254,1867,2644,3097,4075,4043,3985,3663,3213,2488,16714,1293,-0.624,Healthy
C0268,2,6,4.036,35.7,4.021,6.699,159,23.24,0,1050,829,2365,1892,2830,3070,3893,4374,4113,3523,3419,2394,17268,1344,-0.668,Healthy
C0268,3,9,4.122,35.71,4.106,6.659,152,24.67,0,1116,823,2274,2009,2686,3192,3862,4389,3789,3728,3215,2292,16712,1262,-0.583,Healthy
C0268,4,12,4.315,35.56,4.31,6.693,151,24.14,0,1104,841,2489,1777,2547,3091,4016,4534,3923,3565,3435,2251,17088,1174,-0.379,Healthy
C0268,5,15,4.162,35.71,4.145,6.71,162,23.62,0,1082,842,2393,1835,2527,2866,3911,4263,4102,3475,3391,2325,16833,1229,-0.544,Healthy
C0268,6,18,4.203,35.67,4.189,6.728,159,25.02,0,1106,795,2377,1717,2575,2735,3701,4194,4077,3503,3201,2199,16602,1311,-0.5,Healthy
C0269,1,3,4.698,35.07,4.736,6.684,142,15.33,0,1171,904,2381,2053,2856,3306,4452,4810,4586,4323,3771,2426,19839,1518,0.047,Healthy
C0269,2,6,4.544,34.99,4.588,6.692,140,15.9,0,1109,770,2528,1888,2776,3372,4204,4905,4500,4022,3499,2363,18342,1419,-0.101,Healthy
C0269,3,9,4.445,35.11,4.478,6.695,137,16.64,0,1177,897,2473,2061,2721,3290,3882,4612,4733,4173,3630,2597,18119,1327,-0.211,Healthy
C0269,4,12,4.731,35.06,4.771,6.7,139,16.54,0,1207,849,2623,2011,2928,3480,4171,4903,4588,4217,3676,2654,19587,1413,0.082,Healthy
C0269,5,15,4.729,35.06,4.769,6.671,144,16.11,0,1194,855,2519,1913,2824,3197,4194,5085,4319,4149,3790,2532,17080,1323,0.08,Healthy
C0269,6,18,4.73,35.12,4.764,6.697,144,16.02,0,1131,860,2447,1832,2726,3196,4010,4624,4530,3995,3455,2426,17972,1365,0.075,Healthy
C0270,1,3,4.091,36.54,4.01,6.44,191,21.44,0,1187,908,2660,2058,3025,3374,4618,4282,4301,4088,3855,2470,18787,1271,-0.679,Healthy
C0270,2,6,3.814,36.61,3.734,6.452,194,21.57,0,1186,890,2391,2079,2963,3302,4211,4322,4243,3829,3760,2610,17895,1336,-0.955,Healthy
C0270,3,9,4.172,36.68,4.078,6.482,188,21.27,0,1248,957,2548,2146,2927,3449,4448,4618,4297,4010,3680,2491,18966,1391,-0.611,Healthy
C0270,4,12,3.998,36.68,3.908,6.43,196,21.38,0,1256,897,2662,2085,3147,3563,4424,4453,4188,4156,3536,2538,18867,1336,-0.781,Healthy
C0270,5,15,3.971,36.6,3.888,6.419,182,20.69,0,1188,870,2717,2178,3174,3568,4475,4506,4316,4162,3420,2455,18643,1348,-0.801,Healthy
C0270,6,18,3.99,36.58,3.908,6.435,188,20.67,0,1210,955,2543,2011,2975,3521,4589,4481,4382,3889,3804,2483,19179,1417,-0.781,Healthy
C0271,1,3,5.038,34.94,5.092,6.641,153,18.47,0,1284,1028,2912,2114,3261,3860,5031,5031,4739,4360,4237,2713,21118,1502,0.403,Healthy
C0271,2,6,5.098,35.03,5.144,6.623,158,17.58,0,1370,1060,2708,2340,3291,3666,5129,4693,4620,4320,3903,2800,20176,1502,0.455,Healthy
C0271,3,9,5.174,34.87,5.236,6.634,155,17.92,0,1307,1038,3061,2458,3168,3796,5028,4826,4580,4333,3795,2665,20603,1562,0.547,Healthy
C0271,4,12,4.951,34.89,5.008,6.596,164,18.5,0,1386,965,3036,2468,3220,3866,4947,5187,4359,4428,3818,2731,21774,1590,0.319,Healthy
C0271,5,15,5.071,35.02,5.117,6.631,159,17.15,0,1322,1056,3052,2300,3191,3877,5085,4962,4718,4523,4221,2704,21323,1543,0.428,Healthy
C0271,6,18,4.988,34.84,5.051,6.622,173,17.79,0,1394,974,2956,2310,3240,3649,4461,5057,4706,4579,3983,2693,20662,1480,0.362,Healthy
C0272,1,3,4.399,35.67,4.385,6.747,168,18.56,0,1152,854,2602,2043,2658,3110,4053,4358,3769,4086,3438,2433,18360,1396,-0.304,Healthy
C0272,2,6,4.272,35.6,4.264,6.747,150,19.51,0,1091,839,2362,1920,2796,3208,4036,4287,4007,3721,3788,2352,16957,1255,-0.425,Healthy
C0272,3,9,4.342,35.6,4.334,6.732,178,17.79,0,1148,793,2351,1969,2663,3085,4117,4399,4001,3958,3632,2387,16942,1257,-0.355,Healthy
C0272,4,12,4.453,35.64,4.441,6.711,151,18.37,0,1080,803,2477,1881,2715,3062,3983,3942,3821,3735,3512,2270,17106,1235,-0.248,Healthy
C0272,5,15,4.513,35.51,4.512,6.722,159,18.22,0,1119,881,2445,1836,2729,3018,3990,4236,4009,3616,3342,2343,17575,1247,-0.177,Healthy
C0272,6,18,4.353,35.68,4.338,6.746,160,18.61,0,1104,843,2315,1890,2831,2998,3846,4348,4125,3800,3636,2359,16826,1333,-0.351,Healthy
C0273,1,3,5.158,35.82,5.127,6.658,258,17.5,0,1321,1048,2989,2542,3402,3896,4825,5845,5652,4912,4534,2914,22001,1572,0.438,Healthy
C0273,2,6,5.07,35.84,5.037,6.679,254,16.98,0,1342,1109,3190,2434,3443,3814,4841,5539,5250,4889,4332,2926,22580,1616,0.348,Healthy
C0273,3,9,5.012,35.81,4.982,6.613,253,18.39,0,1330,998,2967,2468,3348,3673,5175,5452,5334,4573,4384,2984,21393,1521,0.293,Healthy
C0273,4,12,4.867,35.82,4.837,6.652,252,18.4,0,1424,1016,3025,2421,3478,3648,4718,5016,4989,4800,4406,2861,21302,1607,0.148,Healthy
C0273,5,15,5.138,35.79,5.11,6.62,238,17.74,0,1444,1087,2911,2588,3525,3891,4947,5522,5225,5094,4423,3004,22559,1670,0.421,Healthy
C0273,6,18,5.064,35.92,5.024,6.654,246,17.73,0,1406,984,2950,2396,3410,3791,4853,5407,5151,4806,3996,2855,22212,1571,0.335,Healthy
C0274,1,3,4.937,35.74,4.914,6.535,131,17.2,0,1227,848,2389,2085,2667,3349,3965,4829,4201,4057,3457,2471,18250,1352,0.225,Healthy
C0274,2,6,4.987,35.84,4.955,6.514,136,18.46,0,1158,815,2379,2056,2812,3117,4139,4971,4347,4321,3443,2367,18855,1377,0.266,Healthy
C0274,3,9,5.165,35.79,5.137,6.502,138,18.16,0,1202,878,2689,2341,3061,3550,4484,4733,4616,4491,3913,2435,19375,1365,0.448,Healthy
C0274,4,12,4.741,35.63,4.729,6.514,146,17.68,0,1128,830,2605,2011,2851,3212,4079,4670,4241,4022,3356,2327,18599,1355,0.04,Healthy
C0274,5,15,5.165,35.81,5.135,6.531,137,17.6,0,1106,854,2433,1845,2753,3022,4341,4461,4062,4130,3504,2415,17657,1307,0.446,Healthy
C0274,6,18,5.075,35.88,5.038,6.486,131,17.39,0,1108,869,2516,2091,2842,3242,4030,4421,4296,4138,3454,2494,17817,1230,0.349,Healthy
C0275,1,3,4.448,35.4,4.456,6.609,143,28.82,0,1121,905,2577,1896,2943,3045,4195,4599,4176,3941,3659,2352,18980,1291,-0.233,Healthy
C0275,2,6,4.512,35.37,4.523,6.614,130,28.71,0,1010,764,2276,1916,2512,2897,3941,4517,4055,3827,3124,2191,17812,1327,-0.166,Healthy
C0275,3,9,4.463,35.36,4.475,6.668,143,27.92,0,1092,860,2364,1963,2869,3368,4138,4331,4063,3820,3406,2170,17951,1375,-0.214,Healthy
C0275,4,12,4.497,35.47,4.5,6.647,131,27.17,0,1188,836,2538,1922,2832,3133,4006,4298,3799,3552,3219,2253,17964,1303,-0.189,Healthy
C0275,5,15,4.486,35.39,4.495,6.611,133,29.2,0,1081,849,2355,1866,2761,3257,4081,4428,4249,3819,3493,2307,17706,1403,-0.194,Healthy
C0275,6,18,4.373,35.38,4.383,6.651,134,27.8,0,1099,840,2311,1920,2835,3158,4245,4363,4194,3621,3490,2258,17675,1309,-0.306,Healthy
C0277,1,3,4.82,35.48,4.822,6.781,185,23.28,0,1316,869,2862,2224,2986,3631,4643,4797,4581,4119,3609,2414,20181,1397,0.133,Healthy
C0277,2,6,4.59,35.62,4.58,6.787,194,23.11,0,1171,918,2784,2174,2948,3399,4419,4804,4231,4031,3969,2448,19295,1388,-0.109,Healthy
C0277,3,9,4.53,35.55,4.526,6.773,181,23.55,0,1295,899,2767,2271,3127,3528,4596,4755,4456,4129,3768,2554,19396,1418,-0.163,Healthy
C0277,4,12,4.76,35.37,4.772,6.79,189,23.5,0,1170,925,2702,2132,3081,3420,4372,4527,4366,4117,3633,2586,19198,1351,0.083,Healthy
C0277,5,15,4.913,35.47,4.916,6.774,195,23.05,0,1302,934,2722,2356,3276,3609,4649,4995,4096,3969,3786,2496,19651,1460,0.227,Healthy
C0277,6,18,4.687,35.47,4.69,6.753,194,24.5,0,1194,888,2676,2159,2866,3355,4380,4557,4257,3828,3523,2386,18302,1399,0.001,Healthy
C0278,1,3,5.07,35.71,5.05,6.675,150,19.09,0,1102,884,2398,1981,3031,3179,4453,4799,4491,4543,3908,2643,19486,1376,0.361,Healthy
C0278,2,6,4.828,36.07,4.776,6.732,216,17.6,0,1190,925,2319,1988,2736,3383,4179,4987,4844,4462,4089,2663,18726,1371,0.087,Healthy
C0278,3,9,5.173,36.58,5.067,6.813,265,16.18,0,1298,1031,2835,2281,3167,3567,4811,5641,5071,4560,4393,2796,20962,1497,0.378,Healthy
C0278,4,12,5.785,37.17,5.601,6.916,352,13.7,0,1335,990,3007,2375,3442,3636,5169,5493,5376,4832,4726,3185,23086,1635,0.912,Subclinical
C0278,5,15,6.408,37.86,6.121,7.039,465,11.05,1,1933,1324,4066,3300,4785,5437,6977,8132,7942,6905,6297,4301,31939,2093,1.432,Clinical
C0278,6,18,7.01,38.62,6.594,7.18,599,7.2,1,1837,1527,4455,3368,4698,4860,6438,7814,7104,7321,6609,4498,30792,2011,1.905,Clinical
C0279,1,3,4.725,36.0,4.68,6.738,68,15.31,0,972,807,2152,1780,2463,2825,3690,3505,3702,3309,3074,2009,14948,1125,-0.009,Healthy
C0279,2,6,4.719,35.95,4.679,6.754,63,15.33,0,1112,821,2248,1820,2450,2826,3885,3971,3858,3102,3251,2315,16140,1275,-0.01,Healthy
C0279,3,9,4.627,35.85,4.596,6.729,76,15.94,0,1086,867,2302,2007,2715,2872,3989,4015,3675,3354,3174,2261,16279,1219,-0.093,Healthy
C0279,4,12,4.758,35.98,4.715,6.77,67,14.51,0,972,773,2296,1864,2523,2964,3715,3894,3647,3503,3068,2065,16188,1205,0.026,Healthy
C0279,5,15,4.652,36.06,4.603,6.75,55,14.44,0,995,749,2088,1775,2487,2877,3565,3857,3531,3237,3078,1877,15540,1252,-0.086,Healthy
C0279,6,18,4.778,35.96,4.736,6.745,91,15.09,0,1097,854,2391,1971,2703,3105,3961,4114,3524,3604,3363,2144,16651,1272,0.047,Healthy
C0280,1,3,4.572,36.66,4.471,6.605,136,20.46,0,1083,808,2385,1913,2617,3058,3895,4265,4056,3719,3530,2299,17640,1274,-0.218,Healthy
C0280,2,6,4.619,36.61,4.522,6.641,131,20.8,0,1088,846,2287,1928,2726,3132,4086,4179,3935,3942,3273,2294,17786,1319,-0.167,Healthy
C0280,3,9,4.426,36.52,4.34,6.584,118,21.54,0,1084,835,2280,1822,2763,2977,3966,4203,3834,3514,3183,2175,16532,1216,-0.349,Healthy
C0280,4,12,4.605,36.6,4.509,6.622,129,20.67,0,1108,863,2220,1814,2566,2940,4141,4434,4108,3809,3590,2325,17908,1282,-0.18,Healthy
C0280,5,15,4.528,36.63,4.431,6.595,127,21.21,0,1138,829,2403,1847,2504,3033,4062,4188,4022,3505,3454,2225,16677,1243,-0.258,Healthy
C0280,6,18,4.56,36.5,4.473,6.584,123,21.39,0,1078,803,2245,1850,2603,3038,3795,4324,4136,3694,3316,2183,17660,1312,-0.216,Healthy
C0281,1,3,4.297,35.12,4.328,6.488,95,23.13,0,1030,781,2112,1728,2632,3093,4219,3955,3723,3508,3307,2247,16534,1232,-0.361,Healthy
C0281,2,6,4.262,35.25,4.282,6.451,78,22.62,0,1021,685,2029,1766,2588,2938,3807,3709,3649,3252,3292,2110,15649,1235,-0.407,Healthy
C0281,3,9,4.227,35.27,4.245,6.466,84,22.62,0,968,741,2095,1703,2575,2991,3756,3874,3879,3571,3261,2083,16698,1298,-0.444,Healthy
C0281,4,12,4.122,35.23,4.143,6.471,76,23.37,0,930,731,1991,1814,2610,2884,3832,3944,3645,3501,3244,2067,15994,1198,-0.546,Healthy
C0281,5,15,4.247,35.18,4.273,6.452,83,22.92,0,1019,739,2263,1678,2544,3031,3874,3768,3624,3563,3222,2151,16539,1252,-0.416,Healthy
C0281,6,18,4.19,35.25,4.21,6.499,86,23.05,0,970,722,1917,1697,2428,3021,3662,3769,3750,3214,3246,2034,15187,1164,-0.479,Healthy
C0283,1,3,4.852,35.36,4.865,6.769,171,23.39,0,1416,1063,2869,2326,3438,3816,4815,5056,4211,4484,4152,3002,20464,1427,0.176,Healthy
C0283,2,6,4.714,35.4,4.723,6.807,173,23.46,0,1357,1005,2646,2304,3110,3724,5040,4948,4442,4039,3993,2852,20466,1403,0.034,Healthy
C0283,3,9,4.781,35.46,4.785,6.816,161,23.45,0,1379,1002,2839,2460,3287,3815,4962,5296,4499,4403,4230,2876,21245,1505,0.096,Healthy
C0283,4,12,4.689,35.42,4.696,6.776,168,22.13,0,1331,1002,2941,2252,3184,3601,4837,5086,4589,4644,4161,2729,20427,1457,0.007,Healthy
C0283,5,15,4.822,35.41,4.83,6.801,161,22.49,0,1381,1015,2858,2412,3382,3711,4933,4624,4624,4167,3998,2674,20577,1481,0.141,Healthy
C0283,6,18,4.987,35.54,4.983,6.79,178,23.48,0,1337,1036,3013,2342,3627,3930,5054,4923,4811,4073,4169,2822,21497,1543,0.294,Healthy
C0284,1,3,4.419,36.9,4.301,6.611,109,21.47,0,1047,788,2278,1946,2447,2742,3729,4501,4088,3920,2995,2202,17874,1351,-0.388,Healthy
C0284,2,6,4.557,36.81,4.444,6.607,107,22.44,0,1007,780,2196,1818,2511,2899,3638,4311,4025,3754,3094,2138,17098,1254,-0.245,Healthy
C0284,3,9,4.599,36.74,4.491,6.603,109,22.4,0,1002,797,2185,1903,2446,2867,3654,4344,3909,3823,3230,1989,16772,1275,-0.198,Healthy
C0284,4,12,4.586,36.95,4.46,6.631,118,22.34,0,1027,811,2214,1889,2550,2850,3765,4546,4165,4022,3159,2034,17358,1293,-0.229,Healthy
C0284,5,15,4.542,36.79,4.431,6.628,116,22.16,0,1003,794,2385,1768,2469,2920,3804,4465,4452,3937,3013,2117,17308,1297,-0.258,Healthy
C0284,6,18,4.536,36.69,4.433,6.626,111,22.8,0,1038,742,2240,1686,2491,2846,3551,4328,3968,3711,2960,1975,16529,1239,-0.256,Healthy
C0285,1,3,4.72,34.99,4.766,6.631,84,26.46,0,1116,846,2706,2058,2915,3199,4129,4593,4390,4221,3438,2389,18998,1359,0.077,Healthy
C0285,2,6,4.41,35.14,4.44,6.627,97,25.05,0,1163,852,2584,1986,2697,3326,4217,4415,4375,3820,3758,2530,18524,1358,-0.249,Healthy
C0285,3,9,4.556,35.01,4.598,6.623,103,26.06,0,1228,980,2643,2258,3002,3450,4397,4854,4527,4311,3622,2508,19590,1406,-0.091,Healthy
C0285,4,12,4.516,35.04,4.555,6.662,89,25.46,0,1099,889,2452,2036,2675,3427,4254,4696,4630,4054,3283,2300,18320,1371,-0.134,Healthy
C0285,5,15,4.623,35.13,4.655,6.649,84,25.58,0,1119,915,2479,1967,2738,3137,3722,4326,4450,3649,3315,2594,17596,1360,-0.034,Healthy
C0285,6,18,4.594,35.29,4.612,6.634,101,26.31,0,1231,912,2639,2032,2935,3340,4356,4907,4717,4092,3753,2627,18997,1353,-0.077,Healthy
C0286,1,3,4.71,35.83,4.68,6.673,160,20.61,0,1120,820,2384,1960,2591,2951,3989,4378,4179,3765,3254,2250,17021,1262,-0.009,Healthy
C0286,2,6,5.054,36.19,4.988,6.724,180,17.5,0,1131,852,2450,1912,2666,3194,3911,4349,4072,3990,3460,2327,17902,1439,0.299,Healthy
C0286,3,9,5.407,36.88,5.265,6.798,225,16.36,0,1277,933,2509,2217,2901,3342,4451,4949,4385,4260,3817,2359,19493,1340,0.576,Healthy
C0286,4,12,6.184,37.58,5.94,6.891,292,14.15,0,1361,997,3092,2440,3204,3669,4592,5398,4887,4616,4042,2754,20848,1424,1.251,Subclinical
C0286,5,15,6.979,38.39,6.596,7.002,365,12.14,0,1487,1070,3214,2532,3546,4276,4929,5752,5496,5215,4349,2957,23110,1668,1.907,Subclinical
C0286,6,18,7.83,39.38,7.253,7.13,459,9.3,0,1603,1213,3272,2874,3795,4077,5656,6125,5753,5474,4957,3257,24854,1803,2.564,Clinical
C0288,1,3,4.918,35.72,4.897,6.673,170,19.45,0,1322,1000,2768,2299,2976,3502,4336,4610,4224,3981,3988,2721,19645,1455,0.208,Healthy
C0288,2,6,4.947,35.84,4.915,6.726,147,18.23,0,1217,921,2685,2246,3053,3466,4457,4555,4124,3914,3836,2693,20146,1367,0.226,Healthy
C0288,3,9,5.523,36.29,5.44,6.801,193,16.52,0,1368,1015,2952,2363,3261,3481,4785,4714,4541,4509,4482,2921,20989,1451,0.751,Healthy
C0288,4,12,5.857,36.65,5.729,6.896,248,15.67,0,1494,1143,3193,2734,3449,3752,5308,5193,4704,4751,4616,3106,22203,1584,1.04,Subclinical
C0288,5,15,6.669,37.15,6.46,7.009,320,12.64,1,1933,1518,4295,3611,4742,5405,6197,7584,6375,6137,5984,4277,29612,1916,1.771,Subclinical
C0288,6,18,7.4,37.75,7.084,7.14,388,9.4,1,2131,1683,4555,3812,4698,4930,6254,6548,6995,6614,6568,4614,29337,1878,2.395,Clinical
C0289,1,3,4.54,35.79,4.515,6.89,192,23.91,0,1292,897,2567,2059,3182,3245,4513,5178,4420,4192,3964,2697,19201,1445,-0.174,Healthy
C0289,2,6,4.515,35.85,4.485,6.844,190,24.73,0,1194,855,2635,2063,3026,3486,4394,4871,4573,4222,3979,2944,19523,1435,-0.204,Healthy
C0289,3,9,4.682,35.78,4.657,6.856,174,24.53,0,1236,870,2552,2141,3008,3313,4124,4642,4444,3998,3952,2676,18917,1460,-0.032,Healthy
C0289,4,12,4.754,35.83,4.724,6.885,193,24.33,0,1276,939,2543,1989,2954,3477,4158,4799,4665,4279,4093,2707,20300,1510,0.035,Healthy
C0289,5,15,4.625,35.76,4.602,6.886,169,24.26,0,1172,969,2682,2130,2917,3234,4458,4961,4294,3898,3855,2650,18766,1354,-0.087,Healthy
C0289,6,18,4.65,35.74,4.629,6.864,167,24.05,0,1136,866,2699,1957,2937,3092,4271,4268,4503,3928,3687,2646,18082,1356,-0.06,Healthy
C0290,1,3,4.912,36.47,4.821,6.625,183,14.39,0,1107,905,2503,1897,3236,3555,4719,5065,4375,4237,3758,2483,19689,1397,0.132,Healthy
C0290,2,6,4.767,36.32,4.693,6.639,186,14.6,0,1066,855,2341,1844,2994,3530,4626,4829,4049,4040,3782,2307,18519,1296,0.004,Healthy
C0290,3,9,4.673,36.36,4.597,6.608,177,13.95,0,1111,789,2393,1953,3139,3517,4772,4945,4501,4105,3889,2457,19510,1477,-0.092,Healthy
C0290,4,12,4.828,36.18,4.766,6.633,186,13.78,0,1127,858,2592,2064,3260,3599,4658,4601,4447,4256,3818,2447,19322,1404,0.077,Healthy
C0290,5,15,4.939,36.45,4.85,6.624,172,14.47,0,1104,842,2265,1931,3066,3713,4513,4669,4638,4411,3523,2466,19204,1467,0.161,Healthy
C0290,6,18,4.872,36.28,4.8,6.65,179,13.94,0,1155,756,2452,1958,3153,3330,4585,4368,4499,3959,3731,2466,18894,1394,0.111,Healthy
C0291,1,3,4.903,35.63,4.891,6.669,143,18.57,0,1224,913,2448,2095,2897,3209,4277,4942,4427,4172,3728,2473,18759,1394,0.202,Healthy
C0291,2,6,4.839,36.06,4.788,6.712,170,18.71,0,1209,928,2727,2130,2674,3254,4504,4573,4465,3983,3566,2612,18741,1407,0.099,Healthy
C0291,3,9,5.345,36.25,5.269,6.773,232,14.85,0,1237,1011,2836,2363,3095,3695,4599,5110,4870,4447,4176,2820,20841,1488,0.58,Healthy
C0291,4,12,5.799,36.62,5.676,6.851,308,11.92,0,1427,1051,3282,2225,3547,4000,4738,5219,5550,4734,4467,2949,22200,1560,0.987,Subclinical
C0291,5,15,6.169,37.16,5.974,6.943,414,10.76,0,1585,1114,3434,2699,3618,4278,5135,6048,5468,5167,4942,3139,23593,1659,1.285,Subclinical
C0291,6,18,6.75,37.65,6.474,7.05,524,7.4,0,1481,1232,3574,2979,4069,4773,6137,6614,6276,6044,5226,3475,26513,1864,1.785,Clinical
C0292,1,3,4.684,35.36,4.696,6.498,203,20.25,0,1267,889,2612,2137,2948,3411,4356,4613,4307,4302,3628,2568,19521,1446,0.007,Healthy
C0292,2,6,4.7,35.55,4.696,6.494,193,20.34,0,1225,902,2688,2007,2852,3140,4111,4763,4418,4051,3475,2445,18813,1385,0.007,Healthy
C0292,3,9,4.814,35.43,4.82,6.55,192,19.74,0,1197,912,2656,2177,2892,3151,4374,4595,4231,4082,3564,2522,18630,1356,0.131,Healthy
C0292,4,12,4.84,35.27,4.861,6.509,196,20.24,0,1257,920,2611,2164,2947,3448,4271,4393,4418,4168,3565,2450,19299,1406,0.172,Healthy
C0292,5,15,4.787,35.31,4.804,6.483,201,19.78,0,1309,908,2520,2128,2988,3476,4450,4669,4437,4134,3946,2462,19400,1378,0.115,Healthy
C0292,6,18,4.665,35.36,4.677,6.52,189,19.38,0,1212,858,2510,2078,3027,3271,4285,4778,4311,3854,3538,2446,19221,1363,-0.012,Healthy
C0293,1,3,4.852,35.27,4.873,6.805,233,18.29,0,1277,996,2693,2348,3197,3593,5245,5363,4935,4629,3646,2390,21628,1529,0.184,Healthy
C0293,2,6,4.753,35.2,4.78,6.801,224,18.5,0,1177,925,2688,2309,3239,3442,4349,4959,4574,4500,3575,2368,20406,1473,0.091,Healthy
C0293,3,9,4.824,35.1,4.861,6.778,238,19.23,0,1261,923,2812,2207,3058,3538,4370,5073,5045,4551,3622,2423,20221,1495,0.172,Healthy
C0293,4,12,4.92,35.31,4.938,6.806,226,18.62,0,1271,941,2742,2184,3153,3401,4692,4883,4627,4519,3456,2466,19739,1385,0.249,Healthy
C0293,5,15,4.622,35.25,4.644,6.779,250,18.76,0,1232,922,2738,2123,3159,3605,4816,5137,4695,4347,3674,2239,20634,1485,-0.045,Healthy
C0293,6,18,5.047,35.28,5.068,6.787,243,18.88,0,1252,951,2659,2175,3166,3892,4505,5174,4735,4258,3492,2504,20633,1504,0.379,Healthy
C0294,1,3,4.892,35.03,4.936,6.502,148,20.56,0,1399,987,2778,2217,3035,3394,4300,4873,4608,3965,3843,2544,19524,1380,0.247,Healthy
C0294,2,6,4.974,35.04,5.017,6.504,130,21.46,0,1323,936,2839,2323,2973,3615,4561,4928,4536,3960,3643,2413,19422,1398,0.328,Healthy
C0294,3,9,4.923,35.16,4.955,6.552,129,19.87,0,1292,893,2635,2235,3054,3264,4652,4499,4405,4129,3745,2450,19374,1450,0.266,Healthy
C0294,4,12,4.867,35.04,4.91,6.556,138,20.52,0,1191,936,2731,2345,2904,3221,4300,4737,4629,4277,3884,2580,19539,1422,0.221,Healthy
C0294,5,15,4.929,35.01,4.975,6.53,139,20.03,0,1203,881,2659,2046,2973,3461,4373,4537,4425,4252,3798,2483,18583,1281,0.286,Healthy
C0294,6,18,5.052,34.87,5.112,6.524,136,19.66,0,1236,916,2826,2057,3016,3318,4068,4532,4594,4163,3800,2607,19193,1440,0.423,Healthy
C0296,1,3,4.887,35.71,4.868,6.666,148,21.46,0,1268,894,2381,1970,2654,3275,4126,4768,4153,3907,3754,2567,18622,1334,0.179,Healthy
C0296,2,6,4.88,36.07,4.827,6.703,185,19.19,0,1171,911,2429,2053,2781,2994,4424,4703,4325,3887,4061,2571,18285,1335,0.138,Healthy
C0296,3,9,5.245,36.53,5.142,6.755,277,17.02,0,1323,968,2804,2421,3016,3522,4877,5349,4833,4505,4328,2856,20664,1526,0.453,Healthy
C0296,4,12,5.689,37.16,5.51,6.821,380,13.25,0,1438,1028,3085,2518,3407,3884,5181,5219,4715,4829,4524,3027,22988,1661,0.821,Subclinical
C0296,5,15,6.196,37.81,5.924,6.899,500,10.44,1,1942,1317,3944,3345,4345,5279,6668,7290,6972,6556,5701,4249,29678,1968,1.235,Clinical
C0296,6,18,6.79,38.56,6.395,6.99,652,7.3,1,1953,1502,4100,3351,4595,5132,6740,7539,6775,6492,6116,4080,29642,1956,1.706,Clinical
C0298,1,3,4.665,35.19,4.692,6.593,220,25.27,0,1266,933,2675,2270,3070,3823,4852,5047,4953,4513,4053,2925,20580,1531,0.003,Healthy
C0298,2,6,4.755,35.17,4.785,6.574,219,25.96,0,1359,951,2816,2189,3163,3453,5014,5173,4718,4637,3970,2971,21206,1472,0.096,Healthy
C0298,3,9,4.744,35.16,4.775,6.555,215,26.63,0,1290,924,2750,2207,3169,3556,5141,5029,4542,4432,4155,2870,20427,1441,0.086,Healthy
C0298,4,12,4.92,35.11,4.956,6.554,212,26.07,0,1273,890,2955,2267,3360,3652,4797,5173,4837,4428,4169,2663,20078,1484,0.267,Healthy
C0298,5,15,4.677,35.03,4.719,6.557,207,25.1,0,1301,942,2533,2180,3101,3268,4411,4972,4511,4230,3905,2725,20091,1390,0.03,Healthy
C0298,6,18,4.792,35.07,4.831,6.586,218,26.8,0,1256,957,2860,2286,3307,3807,4662,5281,4739,4674,4102,2775,21115,1487,0.142,Healthy
C0299,1,3,4.854,35.5,4.854,6.604,94,16.57,0,1072,854,2566,2055,2688,3036,4038,4321,4118,3877,3631,2274,18122,1444,0.165,Healthy
C0299,2,6,4.89,35.46,4.894,6.592,93,17.06,0,1090,877,2500,2020,2920,3211,4389,4675,4352,3874,3883,2564,18655,1385,0.205,Healthy
C0299,3,9,4.865,35.52,4.863,6.57,88,17.32,0,1083,848,2500,1876,2653,3100,4095,4026,4119,3760,3659,2444,17410,1295,0.174,Healthy
C0299,4,12,4.703,35.76,4.68,6.597,89,16.89,0,1121,836,2497,1849,2619,2805,3670,3841,3925,3788,3371,2251,16956,1205,-0.009,Healthy
C0299,5,15,4.854,35.67,4.838,6.587,103,17.4,0,1159,888,2500,2128,2789,3095,4181,4690,4413,3943,3539,2409,18410,1254,0.149,Healthy
C0299,6,18,5.075,35.7,5.056,6.583,88,17.05,0,1189,836,2557,1962,2876,3347,3923,4617,4206,3901,3403,2435,18898,1437,0.367,Healthy
C0300,1,3,5.027,34.69,5.104,6.55,130,17.09,0,1300,941,2701,2073,2986,3286,4381,5003,4406,4407,3725,2347,19508,1371,0.415,Healthy
C0300,2,6,5.259,34.69,5.34,6.591,121,16.37,0,1191,945,2733,2088,2765,3005,4217,4938,4400,4372,3634,2405,19697,1435,0.651,Healthy
C0300,3,9,5.123,34.57,5.214,6.624,115,16.76,0,1287,956,2817,2072,3119,3356,4326,4939,4712,4211,3840,2554,19951,1505,0.525,Healthy
C0300,4,12,5.108,34.8,5.176,6.623,116,16.42,0,1220,932,2610,2011,3054,3205,3906,4629,4204,4227,3649,2493,17713,1302,0.487,Healthy
C0300,5,15,5.15,34.73,5.225,6.6,107,16.54,0,1157,896,2632,2162,2775,3222,4277,4394,4411,4037,3691,2417,18209,1331,0.536,Healthy
C0300,6,18,5.277,34.74,5.353,6.621,122,16.8,0,1270,945,2544,2069,2843,3022,4413,4754,4362,3974,3508,2424,19040,1429,0.664,Healthy
C0301,1,3,4.551,35.67,4.536,6.599,197,23.55,0,1161,923,2555,1927,3005,3274,4167,4346,4159,4175,3543,2399,18071,1405,-0.153,Healthy
C0301,2,6,4.661,35.57,4.655,6.606,201,23.81,0,1147,890,2478,1999,2863,3156,4211,4931,4122,3861,3586,2659,17889,1372,-0.034,Healthy
C0301,3,9,4.575,35.68,4.559,6.632,192,23.13,0,1233,838,2380,2044,2818,3232,4109,4317,4335,3838,3611,2327,18533,1435,-0.13,Healthy
C0301,4,12,4.518,35.63,4.507,6.61,204,23.01,0,1215,890,2538,1953,3124,3392,4310,4642,4227,4006,3745,2352,18187,1246,-0.182,Healthy
C0301,5,15,4.627,35.59,4.619,6.609,202,23.19,0,1213,919,2569,2124,2748,3329,4155,4826,4250,4284,3993,2425,19152,1422,-0.07,Healthy
C0301,6,18,4.642,35.76,4.619,6.589,197,23.05,0,1202,815,2523,1906,2739,3363,4016,4419,4122,3775,3294,2460,17776,1385,-0.07,Healthy
C0302,1,3,4.7,35.81,4.672,6.674,133,18.86,0,1004,760,2128,1774,2689,3247,4118,4214,4144,3645,3405,2223,17430,1329,-0.017,Healthy
C0302,2,6,4.834,35.87,4.8,6.729,176,17.87,0,1174,833,2357,1940,2736,3169,3903,4248,4608,4025,3719,2360,18072,1337,0.111,Healthy
C0302,3,9,5.348,36.27,5.27,6.807,244,17.17,0,1275,944,2883,2226,3303,3757,5049,5142,5205,4788,4006,2815,20546,1425,0.581,Healthy
C0302,4,12,5.502,36.62,5.385,6.906,301,14.28,0,1273,1003,2862,2266,3302,3907,5012,5496,4979,4690,4070,2905,21434,1496,0.696,Subclinical
C0302,5,15,6.095,37.07,5.913,7.024,405,12.47,1,1789,1372,4035,3247,4814,5276,7305,7939,7106,6390,6115,3919,30400,2089,1.224,Subclinical
C0302,6,18,6.53,37.57,6.273,7.16,509,9.9,1,1865,1395,4330,3332,5037,5062,7231,7672,7178,7059,5949,4131,31354,2073,1.584,Clinical
C0304,1,3,4.813,35.68,4.797,6.693,179,20.93,0,1219,897,2687,2066,2855,3358,4195,4881,4820,4557,3565,2582,19466,1456,0.108,Healthy
C0304,2,6,4.944,35.65,4.93,6.638,180,21.81,0,1265,951,2765,2239,3053,3337,4280,4958,4659,4558,3899,2812,19733,1494,0.241,Healthy
C0304,3,9,4.9,35.6,4.891,6.642,169,22.33,0,1244,971,2661,2181,2950,3308,4387,5303,4845,4479,3940,2613,19676,1439,0.202,Healthy
C0304,4,12,4.797,35.47,4.8,6.677,181,21.62,0,1217,884,2779,2215,2862,3194,4363,4951,4819,4533,3960,2569,19825,1472,0.111,Healthy
C0304,5,15,4.751,35.75,4.728,6.644,178,20.69,0,1223,902,2665,2126,2995,3365,4317,4881,4745,4307,3636,2458,19621,1489,0.039,Healthy
C0304,6,18,4.891,35.57,4.884,6.668,186,21.27,0,1245,968,2752,2128,3166,3337,4496,5449,5022,4445,3796,2586,20807,1457,0.195,Healthy
C0305,1,3,5.036,36.16,4.973,6.816,164,23.22,0,1196,915,2622,2217,2830,3244,3980,4766,4456,4440,3522,2431,18776,1381,0.284,Healthy
C0305,2,6,5.209,36.16,5.144,6.733,160,24.11,0,1147,946,2480,2093,2745,3043,3799,4823,4635,4172,3676,2609,18572,1340,0.455,Healthy
C0305,3,9,4.959,36.14,4.899,6.766,155,23.52,0,1240,969,2665,2167,2644,3365,3921,4722,4332,4185,3715,2360,18237,1326,0.21,Healthy
C0305,4,12,5.119,36.09,5.062,6.76,155,24.7,0,1216,923,2654,2118,2888,3341,4238,4836,4765,4020,3657,2590,19089,1393,0.373,Healthy
C0305,5,15,4.996,36.01,4.948,6.778,170,23.46,0,1229,908,2576,2159,2875,3410,4250,4917,4459,4211,3515,2450,19000,1352,0.259,Healthy
C0305,6,18,5.052,36.08,4.996,6.777,163,23.72,0,1279,957,2568,2185,2745,3461,4333,5197,4586,4343,3716,2586,20041,1436,0.307,Healthy
C0306,1,3,4.822,35.74,4.8,6.673,166,20.79,0,1203,944,2712,2201,2904,3310,4541,5263,4695,4346,3496,2352,20593,1513,0.111,Healthy
C0306,2,6,4.816,35.82,4.787,6.726,206,19.2,0,1208,868,2595,2093,3135,3403,4750,5191,4958,4649,3655,2533,19888,1439,0.098,Healthy
C0306,3,9,5.181,36.21,5.111,6.801,330,16.64,0,1392,1041,3039,2295,3238,4115,5078,5506,5357,4853,4052,2617,22671,1562,0.422,Healthy
C0306,4,12,5.519,36.68,5.395,6.896,441,15.41,0,1545,1130,3409,2737,3636,4209,5860,6366,5978,5350,4393,3056,25276,1776,0.706,Subclinical
C0306,5,15,5.814,37.06,5.642,7.009,614,12.33,1,1989,1527,4387,3483,4364,4711,5798,7239,7175,6919,5701,4121,29183,1914,0.953,Clinical
C0306,6,18,6.23,37.59,5.983,7.14,803,10.5,1,2188,1550,4446,3542,4882,5634,8029,8478,7994,7448,6486,4297,33093,2120,1.294,Clinical
C0308,1,3,4.895,35.54,4.891,6.661,163,20.17,0,1131,880,2572,2009,2801,3161,4101,4665,4393,4029,3399,2377,18628,1303,0.202,Healthy
C0308,2,6,5.048,36.05,4.995,6.687,184,19.64,0,1174,895,2553,1996,2790,3238,4104,4949,4111,4092,3698,2523,18475,1320,0.306,Healthy
C0308,3,9,5.095,36.44,5.004,6.724,237,16.26,0,1292,1015,2919,2266,2988,3529,4497,5235,4908,4345,3757,2731,20236,1509,0.315,Healthy
C0308,4,12,5.542,37.03,5.381,6.77,343,13.9,0,1413,1000,2941,2365,3412,3843,5098,5669,5073,4831,4176,2770,21850,1616,0.692,Subclinical
C0308,5,15,5.935,37.73,5.684,6.826,433,11.57,1,1987,1430,4019,3305,4678,5083,6894,7598,6508,6482,5746,3794,30011,1994,0.995,Subclinical
C0308,6,18,6.43,38.44,6.071,6.89,565,9.0,1,1992,1340,4304,3212,4491,5691,6379,8010,7483,6519,5842,3782,30675,2140,1.382,Clinical
C0309,1,3,4.337,35.14,4.367,6.798,261,21.76,0,1382,1056,2870,2372,3353,3671,5073,5411,4785,4637,4666,2833,21543,1594,-0.322,Healthy
C0309,2,6,4.282,34.98,4.324,6.762,251,22.61,0,1346,1010,2859,2304,3177,3656,4858,5267,5142,4804,4501,3043,21709,1513,-0.365,Healthy
C0309,3,9,4.289,35.09,4.322,6.766,256,21.85,0,1370,996,2861,2407,3265,3968,4950,5437,4863,4759,4423,2856,21600,1521,-0.367,Healthy
C0309,4,12,4.347,35.32,4.362,6.765,244,21.34,0,1269,944,2812,2346,3124,3399,4886,5126,4842,4685,4598,2703,21296,1459,-0.327,Healthy
C0309,5,15,4.235,35.21,4.258,6.766,267,22.4,0,1320,973,3082,2392,3341,3984,5029,5346,4653,5036,4710,3092,20924,1481,-0.431,Healthy
C0309,6,18,4.233,35.16,4.26,6.761,261,21.95,0,1354,999,3011,2512,3066,3626,4558,5222,4971,4634,4495,2990,20497,1488,-0.429,Healthy
C0310,1,3,4.671,35.38,4.682,6.66,161,17.67,0,1211,848,2709,2118,2738,3090,3949,4466,4174,3824,3428,2207,18712,1381,-0.007,Healthy
C0310,2,6,4.802,35.21,4.828,6.662,186,17.0,0,1241,911,2723,2025,2782,3113,4576,4938,4328,4005,3399,2386,18847,1388,0.139,Healthy
C0310,3,9,4.997,35.48,4.999,6.704,167,17.3,0,1176,963,2638,2130,2844,3064,4076,4566,4323,3921,3171,2228,18524,1414,0.31,Healthy
C0310,4,12,4.882,35.39,4.892,6.677,158,17.42,0,1237,888,2467,2094,2858,3170,4236,4974,4090,4025,3485,2329,19091,1408,0.203,Healthy
C0310,5,15,4.675,35.38,4.686,6.667,169,17.5,0,1139,861,2556,1980,2685,3209,4377,4603,4404,3949,3519,2344,18580,1403,-0.003,Healthy
C0310,6,18,4.941,35.4,4.95,6.664,181,17.72,0,1267,928,2846,2031,2914,3340,4193,4686,4336,3985,3360,2439,19272,1430,0.261,Healthy
C0311,1,3,5.216,35.85,5.181,6.616,127,24.89,0,1178,853,2537,2114,2748,3329,4243,4598,4734,4215,3816,2576,19174,1417,0.492,Healthy
C0311,2,6,5.184,35.91,5.144,6.64,159,24.77,0,1301,977,2802,2202,3224,3347,4584,4908,4451,4366,3825,2451,20332,1510,0.455,Healthy
C0311,3,9,4.903,35.76,4.879,6.575,155,24.14,0,1097,912,2515,1953,2774,3365,4219,4705,4212,4004,3731,2503,18631,1411,0.19,Healthy
C0311,4,12,4.986,35.84,4.954,6.621,164,24.56,0,1219,856,2254,2077,2901,3483,4222,4119,4031,3805,3553,2641,18222,1302,0.265,Healthy
C0311,5,15,4.886,35.74,4.864,6.601,149,23.85,0,1120,824,2513,2005,2784,3311,4088,4466,3944,3912,3497,2458,17751,1408,0.175,Healthy
C0311,6,18,5.145,35.76,5.12,6.601,136,23.86,0,1124,842,2578,2078,2801,3121,4043,4174,4329,3830,3597,2318,18118,1352,0.431,Healthy
C0312,1,3,5.193,35.58,5.185,6.719,181,20.42,0,1313,968,2821,2369,3204,3867,4895,5417,5085,4774,3952,2716,21505,1490,0.496,Healthy
C0312,2,6,5.192,35.54,5.188,6.686,173,20.65,0,1255,978,2908,2239,3392,3824,5090,5347,4741,4318,4203,2698,21100,1508,0.499,Healthy
C0312,3,9,5.24,35.56,5.234,6.702,175,20.23,0,1288,1004,2634,2389,3313,3975,4853,5193,4875,4628,4084,2532,20463,1487,0.545,Healthy
C0312,4,12,5.25,35.68,5.232,6.669,171,20.37,0,1251,928,2647,2158,3342,3698,4949,5194,5037,4598,3895,2751,20781,1519,0.543,Healthy
C0312,5,15,5.138,35.52,5.136,6.689,176,20.54,0,1239,986,2771,2408,3242,3576,4659,4844,4822,4588,3927,2678,20488,1520,0.447,Healthy
C0312,6,18,5.394,35.56,5.388,6.733,174,20.27,0,1334,1005,2890,2225,3375,3975,5337,5167,5015,4627,4231,2771,22343,1613,0.699,Healthy
C0313,1,3,4.881,35.72,4.861,6.514,130,17.7,0,1174,893,2752,2118,2881,3431,4458,4810,4615,4238,3639,2474,19341,1496,0.172,Healthy
C0313,2,6,4.867,35.82,4.837,6.565,131,17.9,0,1149,852,2615,2025,2879,3166,4343,4710,4378,4524,3670,2358,19105,1406,0.148,Healthy
C0313,3,9,4.922,35.72,4.901,6.536,128,18.35,0,1161,918,2532,2106,2946,3486,4577,5094,4690,4180,3570,2574,20188,1453,0.212,Healthy
C0313,4,12,4.869,35.71,4.85,6.56,137,17.34,0,1160,853,2579,2279,2825,3508,4223,5003,4775,4282,3548,2436,19039,1331,0.161,Healthy
C0313,5,15,4.935,35.66,4.92,6.539,134,17.84,0,1224,909,2588,2014,2882,3185,4431,4844,4359,4140,3539,2353,18812,1428,0.231,Healthy
C0313,6,18,4.968,35.71,4.948,6.566,129,18.3,0,1159,861,2418,2153,2966,3229,4112,4787,4670,4274,3905,2486,19324,1440,0.259,Healthy
C0314,1,3,5.119,35.09,5.159,6.733,257,21.03,0,1330,1043,2953,2369,3364,3799,4838,5098,4931,4620,4082,2865,22346,1554,0.47,Healthy
C0314,2,6,4.916,34.97,4.966,6.71,239,21.64,0,1351,1004,2874,2426,3267,3819,4725,5162,4718,4319,4208,2689,20044,1463,0.277,Healthy
C0314,3,9,5.137,35.13,5.173,6.746,239,21.58,0,1292,962,2771,2247,3243,3629,4429,5071,4845,4172,4082,2697,20202,1461,0.484,Healthy
C0314,4,12,5.058,35.08,5.098,6.713,245,22.26,0,1482,1027,3030,2427,3386,3973,4887,5230,5068,4392,4475,2832,21911,1563,0.409,Healthy
C0314,5,15,4.899,34.98,4.947,6.701,240,21.81,0,1323,1036,2767,2380,3262,3733,4812,4985,4874,4382,4277,2702,21153,1501,0.258,Healthy
C0314,6,18,4.899,35.08,4.938,6.703,245,21.15,0,1301,924,2827,2194,3160,3701,4481,5037,4899,4339,3882,2539,21290,1526,0.249,Healthy
C0316,1,3,4.888,35.78,4.862,6.665,150,21.24,0,1213,977,2940,2290,2916,3237,4186,4820,4361,4329,3698,2388,20047,1401,0.173,Healthy
C0316,2,6,5.213,35.86,5.177,6.699,225,19.56,0,1345,1041,3029,2444,3337,3637,4802,5363,4814,4552,4329,2900,21952,1475,0.488,Healthy
C0316,3,9,5.105,36.25,5.032,6.748,272,16.69,0,1272,1023,2939,2362,3302,3483,4619,5406,4736,4282,3949,2939,20435,1528,0.343,Healthy
C0316,4,12,5.519,36.53,5.411,6.811,400,13.52,0,1521,1098,3184,2682,3520,3906,5137,5491,5677,4976,4047,2921,23256,1723,0.722,Subclinical
C0316,5,15,5.926,37.16,5.739,6.885,555,10.89,1,1865,1521,4194,3433,4253,4999,6120,7520,7369,6615,6335,4302,29922,2012,1.05,Clinical
C0316,6,18,6.39,37.71,6.122,6.97,724,8.2,1,2155,1592,4763,3620,5085,6012,7134,8070,7391,7472,6199,4172,33351,2185,1.433,Clinical
C0318,1,3,4.851,35.04,4.893,6.579,192,18.11,0,1266,920,2713,2165,3103,3731,4526,5030,4390,4329,3976,2791,19617,1391,0.204,Healthy
C0318,2,6,4.813,34.99,4.86,6.571,183,19.15,0,1291,968,2791,2322,3229,3518,4492,5347,4518,4509,3971,2666,20676,1530,0.171,Healthy
C0318,3,9,4.906,35.12,4.941,6.564,194,19.3,0,1219,916,2887,2306,3040,3418,4655,4807,4653,4076,3953,2744,20006,1399,0.252,Healthy
C0318,4,12,4.867,35.07,4.907,6.527,189,18.79,0,1288,954,2928,2137,3110,3704,4371,5076,4785,4001,3819,2742,20549,1509,0.218,Healthy
C0318,5,15,4.742,34.97,4.79,6.563,193,18.72,0,1157,963,2566,2178,3005,3439,4472,5066,4425,4105,3773,2710,20089,1429,0.101,Healthy
C0318,6,18,4.779,34.96,4.828,6.56,192,19.04,0,1205,952,2616,2113,2974,3560,4104,4813,4420,4160,3618,2512,19041,1378,0.139,Healthy
C0319,1,3,4.955,35.67,4.939,6.671,150,23.06,0,1239,898,2768,2298,2850,3319,4656,4737,4470,4190,3793,2635,19454,1458,0.25,Healthy
C0319,2,6,4.672,36.12,4.617,6.718,189,19.23,0,1280,958,2536,2278,3089,3381,4569,4698,4707,4261,3705,2518,19718,1399,-0.072,Healthy
C0319,3,9,5.013,36.54,4.914,6.785,240,16.7,0,1424,1011,2988,2360,3328,3523,4605,5033,4919,4685,3727,2986,21204,1449,0.225,Healthy
C0319,4,12,5.335,37.11,5.172,6.871,331,14.03,0,1415,1057,3114,2482,3452,3932,4886,5431,5103,4627,4373,2987,22373,1584,0.483,Subclinical
C0319,5,15,5.714,37.92,5.451,6.973,427,10.19,0,1629,1196,3388,2581,3712,4266,5640,5779,5283,5346,4681,3187,23888,1634,0.762,Subclinical
C0319,6,18,6.13,38.71,5.756,7.09,537,6.6,0,1606,1208,3406,2853,3897,4409,6236,6148,5613,5696,4823,3402,26410,1741,1.067,Subclinical
C0320,1,3,4.765,36.04,4.716,6.788,120,20.68,0,1117,889,2540,2169,2870,3239,4343,4653,3777,4001,3463,2354,17679,1338,0.027,Healthy
C0320,2,6,4.874,36.09,4.819,6.774,140,19.88,0,1257,857,2642,2166,3036,3266,4286,4485,4287,3736,3537,2563,18167,1362,0.13,Healthy
C0320,3,9,4.525,36.25,4.461,6.769,133,20.06,0,1204,867,2573,2082,2853,3295,4182,4545,4338,3694,3482,2384,18596,1378,-0.228,Healthy
C0320,4,12,4.76,36.17,4.699,6.781,119,19.99,0,1110,860,2361,1962,2565,3022,3873,4141,4078,3648,3315,2299,17068,1312,0.01,Healthy
C0320,5,15,4.857,36.04,4.807,6.784,122,20.02,0,1195,921,2489,1993,3118,3429,4360,4466,4093,3842,3414,2345,18332,1268,0.118,Healthy
C0320,6,18,4.872,36.08,4.818,6.753,128,19.23,0,1153,855,2493,1973,2873,3070,4296,4498,4276,3926,3270,2168,18586,1338,0.129,Healthy
C0321,1,3,4.803,36.02,4.756,6.599,172,22.44,0,1242,843,2702,2190,3021,3512,4442,4745,4610,3932,3820,2415,19683,1445,0.067,Healthy
C0321,2,6,4.909,36.13,4.85,6.603,176,22.23,0,1179,921,2764,2175,3169,3317,4472,4863,4237,4101,3488,2470,19826,1487,0.161,Healthy
C0321,3,9,4.906,36.12,4.848,6.576,164,21.66,0,1215,921,2612,2222,3116,3333,4481,4400,4480,3856,3553,2390,18601,1384,0.159,Healthy
C0321,4,12,4.642,36.08,4.591,6.594,175,22.78,0,1231,896,2499,2180,3016,3287,4674,4395,4247,3986,3774,2243,19161,1456,-0.098,Healthy
C0321,5,15,4.704,35.96,4.663,6.567,168,22.11,0,1155,880,2545,2067,2807,3233,4242,4285,3995,3732,3283,2376,18231,1322,-0.026,Healthy
C0321,6,18,4.667,36.16,4.608,6.576,182,22.65,0,1225,876,2530,2006,2990,3345,4183,4687,4345,3930,3464,2208,18296,1329,-0.081,Healthy
C0322,1,3,4.64,35.8,4.614,6.676,156,19.82,0,1232,939,2707,2057,2989,3149,4096,4819,4276,4108,4105,2495,18845,1370,-0.075,Healthy
C0322,2,6,4.839,35.99,4.794,6.733,221,18.8,0,1254,931,2805,2194,2879,3436,4398,4824,4504,4085,3806,2622,19788,1435,0.105,Healthy
C0322,3,9,5.735,36.68,5.606,6.816,299,16.91,0,1413,1159,3282,2613,3534,3851,5429,6030,5362,5157,4838,3010,24084,1595,0.917,Subclinical
C0322,4,12,6.511,37.26,6.293,6.921,391,15.29,0,1600,1272,3361,2615,3847,4176,5747,6332,5858,5728,5059,3397,25059,1727,1.604,Subclinical
C0322,5,15,7.134,37.84,6.817,7.046,525,14.35,1,2051,1517,4520,3608,4766,5207,6306,7847,6949,6894,6406,4501,30116,2005,2.128,Clinical
C0322,6,18,8.09,38.62,7.61,7.19,680,12.1,1,2279,1635,4719,4063,5010,4903,5840,8415,7965,7855,7043,4653,33665,2174,2.921,Clinical
C0323,1,3,5.054,34.96,5.106,6.455,129,20.78,0,1119,873,2380,2055,3055,3347,4220,4443,4189,3927,3573,2493,18372,1326,0.417,Healthy
C0323,2,6,5.043,34.87,5.103,6.457,165,21.27,0,1125,826,2416,1987,2917,3543,4410,4864,4117,3831,3826,2516,17919,1348,0.414,Healthy
C0323,3,9,5.074,34.93,5.129,6.433,154,20.69,0,1250,889,2563,2059,3083,3657,4628,4823,4629,4128,3801,2540,19565,1453,0.44,Healthy
C0323,4,12,4.899,35.09,4.937,6.458,160,20.98,0,1170,907,2631,2094,3008,3436,4465,4599,4303,4044,3760,2349,19438,1426,0.248,Healthy
C0323,5,15,5.024,34.94,5.077,6.449,167,20.98,0,1169,922,2544,2119,3044,3484,4328,4830,4664,3997,3709,2689,18812,1391,0.388,Healthy
C0323,6,18,5.139,35.08,5.18,6.454,164,20.96,0,1152,923,2384,1997,2801,3436,4392,4424,4391,4217,3669,2396,18716,1378,0.491,Healthy
C0325,1,3,5.078,36.1,5.02,6.644,211,17.84,0,1235,922,2809,2128,3005,3296,4528,4491,4187,4085,4098,2687,18885,1413,0.331,Healthy
C0325,2,6,4.677,36.11,4.623,6.639,214,16.97,0,1184,936,2566,2264,2700,3041,4146,4594,4583,3773,3889,2632,18881,1389,-0.066,Healthy
C0325,3,9,4.945,36.0,4.898,6.656,220,18.18,0,1243,881,2947,2174,2765,3232,3991,4643,4243,3896,3845,2686,18614,1371,0.209,Healthy
C0325,4,12,5.059,36.21,4.991,6.636,232,17.25,0,1323,939,2884,2158,3093,3440,4526,4700,4413,4074,4119,2781,19089,1417,0.302,Healthy
C0325,5,15,5.021,36.17,4.957,6.659,233,17.51,0,1220,914,2700,2215,2693,3375,4197,4286,3936,3988,3746,2574,17991,1329,0.268,Healthy
C0325,6,18,5.164,36.08,5.107,6.637,215,17.33,0,1176,844,2539,2163,2848,3076,4106,4073,4205,3812,3954,2474,17468,1238,0.418,Healthy
C0326,1,3,4.798,35.46,4.802,6.575,112,18.77,0,1080,835,2427,2044,2477,2693,3654,3961,3852,3646,3338,2270,16171,1188,0.113,Healthy
C0326,2,6,4.968,35.72,4.947,6.544,104,17.19,0,1104,753,2302,1877,2550,2910,3794,4229,3664,3564,3412,2283,16148,1190,0.258,Healthy
C0326,3,9,4.82,35.53,4.817,6.546,120,17.82,0,1064,828,2322,1961,2513,2901,3826,4207,3671,3606,3289,2224,16315,1277,0.128,Healthy
C0326,4,12,4.751,35.53,4.748,6.55,117,17.24,0,1109,778,2215,1804,2500,2732,3644,3983,3715,3464,3286,2401,16084,1319,0.059,Healthy
C0326,5,15,4.837,35.48,4.839,6.557,112,17.15,0,1122,797,2235,1979,2541,2820,3791,4034,3769,3518,3343,2379,16739,1250,0.15,Healthy
C0326,6,18,4.941,35.6,4.932,6.568,118,17.4,0,1109,840,2420,1988,2513,2881,3825,4250,3913,3633,3447,2228,16512,1375,0.243,Healthy
C0329,1,3,4.637,35.61,4.627,6.677,155,19.36,0,1280,871,2680,2170,2907,3254,4302,4949,4695,4396,3521,2455,19278,1360,-0.062,Healthy
C0329,2,6,4.9,35.94,4.859,6.738,183,18.76,0,1329,995,2746,2254,3204,3186,4299,4836,4679,4390,3997,2454,19523,1433,0.17,Healthy
C0329,3,9,5.224,36.37,5.138,6.825,245,19.79,0,1315,1068,3174,2369,3284,3806,4797,5694,5210,4766,4413,2895,21449,1459,0.449,Healthy
C0329,4,12,5.637,36.76,5.502,6.936,319,17.14,0,1512,1055,3314,2555,3529,4043,5202,6329,5528,5099,4396,3203,22968,1620,0.813,Subclinical
C0329,5,15,5.93,37.31,5.726,7.068,439,15.03,1,1917,1509,4134,3705,4687,5316,7238,7481,7359,7102,6242,4161,31698,2156,1.037,Subclinical
C0329,6,18,6.41,37.93,6.114,7.22,564,13.4,1,2156,1579,4614,3662,4600,4993,6485,7488,7611,7491,6348,4187,31084,2112,1.425,Clinical
C0330,1,3,4.905,35.32,4.922,6.628,176,17.1,0,1298,918,2504,2121,3016,3529,4626,4790,4076,4145,3944,2542,20213,1437,0.233,Healthy
C0330,2,6,4.993,35.38,5.004,6.596,185,17.37,0,1235,1000,2963,2219,2957,3436,4552,5107,4641,3984,4056,2711,19710,1422,0.315,Healthy
C0330,3,9,5.001,35.45,5.006,6.63,205,17.41,0,1324,949,2864,2456,3172,3685,4828,4962,4882,4196,4165,2731,20935,1526,0.317,Healthy
C0330,4,12,4.966,35.38,4.977,6.622,191,17.7,0,1277,941,2777,2241,3113,3325,4160,4578,4406,4077,4143,2618,19176,1458,0.288,Healthy
C0330,5,15,5.116,35.22,5.143,6.594,198,16.97,0,1329,946,2821,2262,3035,3551,4424,4725,4510,3949,3862,2805,18848,1456,0.454,Healthy
C0330,6,18,5.264,35.4,5.274,6.615,218,17.81,0,1390,1055,2946,2437,3259,3628,4514,4674,4708,4192,4162,2679,19790,1512,0.585,Healthy
C0331,1,3,4.399,35.61,4.39,6.496,207,20.85,0,1272,977,2870,2399,3132,3624,4341,4972,4407,4145,3806,2535,19324,1371,-0.299,Healthy
C0331,2,6,4.307,35.58,4.3,6.456,210,21.66,0,1467,992,2972,2491,3081,3622,4715,5215,4804,4816,3773,2550,21811,1583,-0.389,Healthy
C0331,3,9,4.224,35.56,4.219,6.453,208,22.31,0,1456,1050,3123,2390,3072,3605,4475,5278,4927,4531,3785,2628,21568,1474,-0.47,Healthy
C0331,4,12,4.212,35.47,4.214,6.423,212,21.77,0,1306,1034,2976,2412,3156,3467,4455,4860,4313,4128,3629,2397,20674,1466,-0.475,Healthy
C0331,5,15,4.281,35.57,4.275,6.417,192,21.05,0,1346,1031,2812,2473,3034,3708,4577,4763,4357,4041,3836,2637,19043,1345,-0.414,Healthy
C0331,6,18,4.259,35.58,4.253,6.455,213,22.25,0,1395,978,2925,2299,2924,3169,4248,5055,4615,3999,3696,2571,19060,1346,-0.436,Healthy
C0332,1,3,4.742,35.37,4.754,6.451,161,17.38,0,1199,870,2536,1983,2991,3268,4112,4549,4024,3972,3494,2661,18514,1379,0.065,Healthy
C0332,2,6,4.849,35.52,4.847,6.462,177,17.66,0,1175,871,2527,2170,2820,3319,4424,4333,4145,3731,3947,2580,18018,1310,0.158,Healthy
C0332,3,9,4.909,35.5,4.909,6.427,171,17.65,0,1227,947,2657,2238,2773,3312,4157,4446,4169,4151,3853,2486,18907,1403,0.22,Healthy
C0332,4,12,4.786,35.54,4.782,6.457,160,17.99,0,1264,892,2465,2150,2731,3159,4280,4438,3884,3799,3550,2547,17858,1278,0.093,Healthy
C0332,5,15,4.922,35.19,4.951,6.424,153,17.14,0,1172,909,2510,2016,2889,3255,4130,4369,4067,3812,3744,2597,17862,1354,0.262,Healthy
C0332,6,18,4.819,35.45,4.824,6.416,167,17.12,0,1137,896,2497,2015,2861,3302,4272,4394,3919,3676,3671,2616,17308,1283,0.135,Healthy
C0333,1,3,4.387,35.72,4.369,6.621,206,20.1,0,1268,963,2499,2127,3248,3371,4343,4646,4795,4461,3599,2396,19440,1406,-0.32,Healthy
C0333,2,6,4.513,35.96,4.474,6.596,193,19.96,0,1280,910,2699,2230,2985,3507,4620,4737,4637,4383,3870,2526,19980,1390,-0.215,Healthy
C0333,3,9,4.469,35.95,4.431,6.619,200,18.66,0,1256,981,2841,2155,3118,3562,4536,4954,4670,4472,4086,2528,19779,1484,-0.258,Healthy
C0333,4,12,4.575,35.84,4.545,6.599,208,19.97,0,1288,955,2746,2179,3187,3372,4620,4808,4721,4258,4021,2727,19950,1454,-0.144,Healthy
C0333,5,15,4.492,35.69,4.476,6.593,199,18.84,0,1217,997,2633,2282,3005,3562,4474,4745,5080,4413,3858,2670,19672,1456,-0.213,Healthy
C0333,6,18,4.332,35.98,4.292,6.594,207,19.4,0,1203,950,2758,2184,3049,3429,4499,4731,4314,4390,3663,2612,19232,1350,-0.397,Healthy
C0335,1,3,4.636,35.02,4.678,6.354,139,23.11,0,1241,913,2675,2083,2959,3480,4694,4739,4088,4186,3629,2474,19940,1358,-0.011,Healthy
C0335,2,6,4.756,35.32,4.772,6.373,149,22.54,0,1328,967,2662,2152,3131,3527,5003,4903,4318,4250,3747,2462,20099,1504,0.083,Healthy
C0335,3,9,4.655,35.18,4.683,6.374,147,23.45,0,1231,907,2546,1964,3243,3605,4802,4211,4378,3838,3401,2475,19284,1431,-0.006,Healthy
C0335,4,12,4.673,35.03,4.715,6.365,163,22.09,0,1216,924,2706,2156,3100,3398,4428,4539,4431,4139,3743,2436,19611,1484,0.026,Healthy
C0335,5,15,4.941,35.25,4.964,6.429,157,22.83,0,1318,917,2838,2279,3306,3603,4865,4759,4675,4254,3907,2706,20415,1446,0.275,Healthy
C0335,6,18,4.788,35.12,4.823,6.376,145,22.87,0,1180,886,2743,2298,3077,3398,4530,4445,4506,4272,3601,2381,19401,1385,0.134,Healthy
C0336,1,3,4.257,34.83,4.311,6.61,149,21.22,0,1181,902,2544,2092,2919,2884,4377,4775,4421,3815,3765,2297,18482,1439,-0.378,Healthy
C0336,2,6,4.335,34.82,4.391,6.63,138,23.19,0,1116,836,2719,2002,2855,3255,4055,4475,4253,3822,3651,2484,18012,1384,-0.298,Healthy
C0336,3,9,4.247,34.96,4.291,6.629,120,22.35,0,1129,881,2462,1887,2721,3186,4143,4195,4282,3944,3321,2378,17697,1259,-0.398,Healthy
C0336,4,12,4.272,34.79,4.33,6.631,129,22.4,0,1147,893,2545,2009,2570,3258,3971,4551,4234,4144,3439,2330,18566,1372,-0.359,Healthy
C0336,5,15,4.23,34.77,4.289,6.598,143,22.43,0,1124,859,2387,2056,2849,3380,4116,4531,4284,3937,3568,2388,17903,1381,-0.4,Healthy
C0336,6,18,4.059,34.83,4.111,6.559,126,23.75,0,1112,916,2343,1900,2730,3188,3824,4190,3983,3762,3213,2323,17376,1314,-0.578,Healthy
C0338,1,3,4.964,35.7,4.945,6.673,170,17.71,0,1299,982,2628,2082,2948,3357,4106,4730,4496,4573,4062,2758,19921,1427,0.256,Healthy
C0338,2,6,4.98,35.88,4.944,6.724,246,18.05,0,1313,948,2859,2292,3044,3571,4588,5006,4563,4073,4397,2709,20208,1482,0.255,Healthy
C0338,3,9,5.452,36.24,5.375,6.798,337,15.38,0,1371,1051,2865,2374,3174,3781,4727,5176,5183,4614,4774,3073,21408,1558,0.686,Subclinical
C0338,4,12,6.139,36.77,5.991,6.891,457,12.68,0,1601,1127,3387,2760,3561,3963,5245,5844,5425,5712,5175,3354,24595,1657,1.302,Subclinical
C0338,5,15,6.738,37.32,6.505,7.002,615,10.31,0,1612,1244,3890,3134,3613,3778,4924,6478,5870,5785,5570,3836,24871,1730,1.816,Clinical
C0338,6,18,7.48,37.93,7.135,7.13,817,7.0,0,1651,1313,3900,3058,4240,4702,5598,6606,6279,5855,5605,4024,27856,1853,2.446,Clinical
C0339,1,3,4.949,34.94,5.002,6.618,167,19.6,0,1173,933,2723,2230,3004,3505,4199,4434,4062,3853,3675,2586,18860,1420,0.313,Healthy
C0339,2,6,4.99,34.82,5.054,6.591,166,20.04,0,1252,855,2630,2099,2976,3617,4368,4830,4455,4054,3746,2495,19356,1409,0.365,Healthy
C0339,3,9,4.9,35.05,4.942,6.618,161,20.16,0,1238,907,2782,2004,2822,3315,4454,4692,4231,4013,3707,2370,18205,1389,0.253,Healthy
C0339,4,12,4.967,35.02,5.012,6.609,147,19.34,0,1089,888,2760,2277,2824,3418,3998,4309,4290,4060,3671,2351,18908,1393,0.323,Healthy
C0339,5,15,4.941,34.87,5.0,6.571,161,18.76,0,1304,981,2621,2205,3224,3553,4580,4736,4523,4142,3769,2563,19971,1471,0.311,Healthy
C0339,6,18,5.018,34.99,5.067,6.581,171,18.97,0,1241,1022,2633,2211,2987,3258,4510,4565,4358,3806,3939,2463,18882,1369,0.378,Healthy
C0340,1,3,4.741,35.64,4.728,6.67,153,19.23,0,1063,833,2544,2047,2684,3128,3780,4679,4280,4055,3708,2315,17855,1300,0.039,Healthy
C0340,2,6,4.987,36.0,4.94,6.716,198,17.63,0,1231,864,2824,2106,2947,3485,4353,4991,4875,4453,3782,2808,20722,1477,0.251,Healthy
C0340,3,9,5.598,36.64,5.477,6.782,243,17.72,0,1397,1013,2787,2423,3186,3774,5028,5271,5124,4888,4311,2932,21288,1549,0.788,Subclinical
C0340,4,12,5.929,37.27,5.73,6.866,342,12.43,0,1422,1037,2911,2494,3358,3825,4811,5631,5267,5002,4295,3018,22325,1691,1.041,Subclinical
C0340,5,15,6.613,37.89,6.313,6.965,456,10.82,1,2026,1565,4170,3203,4437,4985,5654,7405,7283,6642,6318,4222,29390,2023,1.624,Clinical
C0340,6,18,7.26,38.73,6.814,7.08,588,7.6,1,1968,1640,4097,3734,4664,5070,6548,8105,7288,7106,6995,4678,31565,2154,2.125,Clinical
C0341,1,3,4.927,35.76,4.903,6.654,173,20.57,0,1153,904,2536,2141,2816,3354,4418,4876,4688,4375,3811,2592,18637,1370,0.214,Healthy
C0341,2,6,4.885,35.75,4.862,6.662,187,21.41,0,1143,868,2666,1974,3068,3363,4372,4792,4573,4123,4005,2690,19442,1395,0.173,Healthy
C0341,3,9,4.765,35.58,4.758,6.638,185,21.82,0,1249,905,2424,2076,2910,3459,4326,4645,4784,4119,4106,2709,19769,1338,0.069,Healthy
C0341,4,12,4.988,35.69,4.97,6.649,173,21.26,0,1166,863,2482,1980,2806,3262,4315,4664,4382,4049,3744,2707,17874,1306,0.281,Healthy
C0341,5,15,4.863,35.56,4.857,6.66,168,21.21,0,1238,852,2390,2069,2767,3371,4307,4570,4480,3868,3779,2510,18194,1289,0.168,Healthy
C0341,6,18,5.008,35.7,4.989,6.675,184,20.71,0,1127,812,2625,1906,2779,3138,3956,4762,4158,4202,4007,2664,18475,1401,0.3,Healthy
C0342,1,3,4.792,35.68,4.776,6.675,184,18.22,0,1278,1020,2784,2584,2961,3310,4009,4774,4679,3988,3593,2349,19408,1409,0.087,Healthy
C0342,2,6,4.985,36.03,4.935,6.732,251,19.82,0,1426,1079,3269,2492,3305,3735,4586,5315,5011,4733,3911,2945,21964,1499,0.246,Healthy
C0342,3,9,5.301,36.25,5.225,6.813,373,17.08,0,1569,1119,3175,2687,3263,3944,4938,5392,4997,4539,4055,2907,22415,1607,0.536,Subclinical
C0342,4,12,5.819,36.92,5.662,6.916,540,13.86,0,1626,1210,3666,3023,3448,3977,5479,6370,5798,5192,4790,3237,24780,1727,0.973,Subclinical
C0342,5,15,6.368,37.46,6.131,7.039,764,9.63,1,2274,1651,4949,3935,4883,5572,7063,8430,7391,7293,6187,4139,34302,2186,1.442,Clinical
C0342,6,18,7.03,38.15,6.676,7.18,1023,7.1,1,2338,1767,4968,3972,4737,4545,5994,7292,7306,7536,6729,4248,31753,2165,1.987,Clinical
C0343,1,3,4.484,35.38,4.494,6.736,141,24.35,0,1174,825,2470,2015,2768,3191,4279,4928,4324,4120,3805,2398,18164,1315,-0.195,Healthy
C0343,2,6,4.528,35.47,4.531,6.731,140,24.54,0,1160,915,2601,2013,2868,3185,4215,4626,4659,4102,3593,2487,19077,1426,-0.158,Healthy
C0343,3,9,4.508,35.47,4.511,6.723,141,24.14,0,1169,848,2505,2075,2842,3360,4217,4627,4660,4368,3542,2437,19004,1390,-0.178,Healthy
C0343,4,12,4.429,35.48,4.431,6.723,139,24.38,0,1179,826,2509,2067,2927,3360,4232,4685,4441,4231,3763,2449,19090,1474,-0.258,Healthy
C0343,5,15,4.349,35.58,4.342,6.685,148,23.88,0,1168,932,2662,2008,2737,3264,4345,4966,4245,4115,3626,2429,19315,1454,-0.347,Healthy
C0343,6,18,4.496,35.71,4.478,6.716,147,23.6,0,1220,859,2607,2034,2973,3319,4321,4765,4335,3917,3355,2270,19425,1369,-0.211,Healthy
C0344,1,3,4.585,35.81,4.558,6.648,113,19.14,0,1198,825,2500,2014,2926,3279,3937,4255,4086,3820,3933,2560,17911,1417,-0.131,Healthy
C0344,2,6,4.637,35.99,4.594,6.684,119,19.25,0,1071,860,2358,1877,2840,2966,4145,4279,3987,3711,3721,2452,17710,1267,-0.095,Healthy
C0344,3,9,4.573,35.87,4.541,6.719,111,19.54,0,1063,861,2319,1869,2587,2803,3729,4233,3843,3452,3517,2489,16232,1195,-0.148,Healthy
C0344,4,12,4.499,35.85,4.469,6.662,111,20.59,0,1050,767,2322,1951,2712,3090,3693,4399,3788,3536,3523,2376,16774,1346,-0.22,Healthy
C0344,5,15,4.522,35.94,4.484,6.657,121,19.21,0,1084,780,2360,1900,2689,2962,3879,3933,4107,3632,3649,2375,16751,1270,-0.205,Healthy
C0344,6,18,4.658,35.98,4.616,6.71,121,19.73,0,1098,814,2480,1887,2740,3012,4033,4507,3953,3827,3698,2517,17941,1351,-0.073,Healthy
C0345,1,3,5.018,35.42,5.026,6.725,146,21.3,0,1151,884,2470,1995,2932,3380,4331,4621,4527,4190,3705,2558,19551,1444,0.337,Healthy
C0345,2,6,4.92,35.3,4.939,6.728,146,21.65,0,1163,888,2358,1989,2926,3028,4062,5041,4758,4112,3646,2549,20001,1402,0.25,Healthy
C0345,3,9,4.877,35.63,4.865,6.676,153,21.92,0,1006,796,2455,1998,2905,3110,4309,5013,4465,4219,3473,2413,19094,1485,0.176,Healthy
C0345,4,12,4.877,35.54,4.873,6.708,153,22.67,0,1154,893,2460,1932,2813,3020,4551,5161,4717,4191,3628,2520,19584,1526,0.184,Healthy
C0345,5,15,4.986,35.42,4.994,6.687,145,21.49,0,1109,825,2319,1934,2954,3305,4265,5019,4466,4262,3629,2471,18230,1269,0.305,Healthy
C0345,6,18,4.98,35.43,4.987,6.673,155,23.02,0,1129,843,2228,1898,3003,3407,4255,4671,4623,4495,3506,2408,18265,1334,0.298,Healthy
C0346,1,3,4.948,35.43,4.955,7.042,185,24.76,0,1260,932,2849,2226,3225,3489,4296,5231,4895,4440,4242,2648,20009,1481,0.266,Healthy
C0346,2,6,5.455,35.59,5.446,7.032,175,23.67,0,1357,972,2739,2311,3299,3464,4572,4911,4589,4610,4276,2861,19840,1436,0.757,Healthy
C0346,3,9,5.245,35.36,5.259,7.038,179,24.82,0,1355,981,2888,2346,2872,3817,4567,4975,4726,4292,4490,2773,20556,1456,0.57,Healthy
C0346,4,12,5.317,35.3,5.337,7.04,177,24.38,0,1346,979,2783,2395,3241,3692,4566,5090,4689,4391,4149,2968,21281,1546,0.648,Healthy
C0346,5,15,5.261,35.45,5.266,7.028,177,24.2,0,1367,1011,2895,2320,3227,3942,4632,5143,4787,4419,4428,2813,20926,1531,0.577,Healthy
C0346,6,18,5.135,35.52,5.133,7.052,180,24.14,0,1233,916,2706,2106,3153,3482,4424,5000,4902,4158,4290,2706,19629,1506,0.444,Healthy
C0348,1,3,5.003,35.37,5.015,6.82,142,16.6,0,1233,887,2617,2044,2842,3301,4389,4509,4305,3788,3576,2371,17794,1325,0.326,Healthy
C0348,2,6,4.962,35.24,4.987,6.833,148,15.91,0,1104,820,2446,1951,2876,3196,4060,4249,4078,3864,3681,2487,17454,1330,0.298,Healthy
C0348,3,9,5.055,35.32,5.072,6.834,156,16.54,0,1146,834,2356,1964,2737,3344,4263,4022,4140,3917,3309,2489,17994,1393,0.383,Healthy
C0348,4,12,5.049,35.23,5.075,6.82,144,16.03,0,1160,818,2254,1852,2710,3039,4286,4007,4046,3599,3441,2453,16782,1262,0.386,Healthy
C0348,5,15,5.188,35.41,5.197,6.804,163,15.85,0,1189,922,2639,2087,2854,3200,4119,4519,4008,3784,3520,2392,18846,1399,0.508,Healthy
C0348,6,18,4.94,35.47,4.943,6.845,159,16.06,0,1083,836,2413,1899,2614,3165,3758,4116,3988,3482,3661,2316,17248,1283,0.254,Healthy
C0349,1,3,4.109,35.53,4.107,6.633,158,21.14,0,1207,937,2713,2157,2801,3060,3885,4843,4460,4190,3530,2399,19008,1333,-0.582,Healthy
C0349,2,6,4.185,35.58,4.179,6.587,164,21.38,0,1215,931,2793,2089,2603,3094,4103,4693,4170,4006,3466,2359,18727,1299,-0.51,Healthy
C0349,3,9,4.035,35.72,4.018,6.617,162,20.72,0,1295,882,2516,2032,2767,3091,3860,4617,4156,4131,3486,2297,18350,1328,-0.671,Healthy
C0349,4,12,4.061,35.6,4.053,6.611,162,21.68,0,1203,973,2600,2087,2574,3088,3873,4533,4143,3886,3295,2386,18137,1331,-0.636,Healthy
C0349,5,15,4.017,35.69,4.002,6.605,160,21.54,0,1206,917,2584,2077,2692,2852,3790,4286,4379,4035,3589,2500,18311,1377,-0.687,Healthy
C0349,6,18,4.145,35.62,4.136,6.638,161,21.15,0,1170,914,2641,2101,2450,3087,3824,4315,4096,3949,3344,2254,18053,1355,-0.553,Healthy
C0350,1,3,4.326,35.72,4.308,6.719,130,22.34,0,1189,816,2453,2005,2907,3099,3957,4465,3961,4011,3659,2463,18003,1278,-0.381,Healthy
C0350,2,6,4.236,35.69,4.221,6.679,117,22.82,0,1148,880,2370,1948,2835,3109,3833,4279,3908,3601,3447,2403,17971,1339,-0.468,Healthy
C0350,3,9,4.249,35.74,4.23,6.687,111,22.05,0,1057,811,2272,1816,2564,2913,3817,4221,3765,3633,3376,2256,16685,1243,-0.459,Healthy
C0350,4,12,4.305,35.72,4.287,6.674,129,23.01,0,1104,817,2575,2003,2649,3073,4006,4489,3955,3925,3416,2452,17568,1305,-0.402,Healthy
C0350,5,15,4.119,35.64,4.108,6.694,130,22.04,0,1063,829,2412,1945,2773,3131,4205,4308,3860,3658,3500,2452,16956,1286,-0.581,Healthy
C0350,6,18,4.351,35.72,4.333,6.672,115,22.69,0,1064,785,2328,2006,2476,3053,3887,4092,3972,3691,3507,2242,16714,1327,-0.356,Healthy
C0351,1,3,4.434,35.17,4.462,6.636,138,23.03,0,1267,883,2730,2169,2814,3299,3996,4533,4352,4164,3479,2459,19179,1384,-0.227,Healthy
C0351,2,6,4.402,35.18,4.429,6.609,146,22.89,0,1312,943,2651,2238,2778,3303,4131,4900,4541,4255,3573,2384,19239,1484,-0.26,Healthy
C0351,3,9,4.217,35.14,4.246,6.62,110,22.26,0,1189,859,2366,2014,2623,2949,4023,4524,3794,3890,3272,2289,17671,1263,-0.443,Healthy
C0351,4,12,4.41,35.19,4.436,6.66,125,22.0,0,1238,921,2485,2140,2705,3190,4043,4962,4477,4107,3609,2334,18796,1344,-0.253,Healthy
C0351,5,15,4.451,35.14,4.481,6.659,114,22.25,0,1161,926,2522,1977,2584,3050,3791,4454,4132,3920,3185,2219,17255,1295,-0.208,Healthy
C0351,6,18,4.436,35.23,4.459,6.637,131,22.95,0,1260,916,2704,2058,2963,3188,4157,4640,4435,4230,3432,2329,18833,1333,-0.23,Healthy
C0352,1,3,4.205,36.0,4.165,6.584,161,17.54,0,1295,886,2757,2244,3323,3749,4663,5487,5323,4591,4139,2844,20922,1441,-0.524,Healthy
C0352,2,6,4.438,36.06,4.391,6.636,165,16.99,0,1301,910,2692,2185,2929,3358,4656,5103,4888,4551,3790,2551,20020,1454,-0.298,Healthy
C0352,3,9,4.151,36.0,4.112,6.634,141,17.32,0,1206,945,2473,1973,2959,3228,4584,4938,5123,4635,3899,2657,19527,1364,-0.577,Healthy
C0352,4,12,4.253,35.99,4.213,6.621,159,16.76,0,1264,903,2475,2077,3139,3612,4337,5103,4449,4316,3879,2738,19828,1397,-0.476,Healthy
C0352,5,15,4.384,36.04,4.339,6.583,154,17.37,0,1265,970,2870,2287,3203,3509,4880,5254,4787,4402,3955,2709,21061,1505,-0.35,Healthy
C0352,6,18,4.387,35.94,4.35,6.593,161,16.97,0,1221,907,2690,2117,2857,3467,4433,5104,4396,4452,3834,2422,19633,1506,-0.339,Healthy
C0354,1,3,4.618,35.13,4.65,6.684,162,22.41,0,1235,940,2723,2064,2733,3304,4237,4614,4449,3918,3543,2696,18440,1399,-0.039,Healthy
C0354,2,6,4.798,35.14,4.831,6.721,166,22.4,0,1181,950,2665,2253,2797,3441,4336,4473,4464,4074,3794,2534,18187,1324,0.142,Healthy
C0354,3,9,4.886,35.18,4.916,6.685,162,23.3,0,1176,924,2760,2360,2816,3312,4184,4745,4292,4083,3845,2446,18653,1383,0.227,Healthy
C0354,4,12,4.787,35.07,4.826,6.703,160,22.35,0,1248,873,2686,2029,2796,3264,4211,4699,4440,3718,3858,2545,18428,1374,0.137,Healthy
C0354,5,15,4.918,35.22,4.944,6.664,161,22.68,0,1256,915,2644,2237,2778,3184,4201,4652,4148,3880,3631,2517,18329,1391,0.255,Healthy
C0354,6,18,4.843,35.11,4.879,6.663,174,23.2,0,1248,942,2617,2135,2867,3402,3827,4756,4304,3877,3760,2559,18845,1461,0.19,Healthy
C0355,1,3,4.708,35.85,4.677,6.533,118,18.65,0,1188,820,2464,1974,2820,3312,4211,4837,4571,4307,3582,2507,18946,1419,-0.012,Healthy
C0355,2,6,4.556,35.67,4.541,6.537,110,18.08,0,1080,851,2259,1914,2813,2968,4020,4532,4418,3752,3481,2176,17743,1315,-0.148,Healthy
C0355,3,9,4.757,35.75,4.734,6.46,118,18.11,0,1134,882,2458,1904,2861,3199,4170,5089,4451,4319,3307,2464,19327,1449,0.045,Healthy
C0355,4,12,4.735,35.79,4.709,6.493,104,16.48,0,1069,789,2401,1931,2825,3098,4045,4685,4290,3898,3250,2266,17438,1323,0.02,Healthy
C0355,5,15,4.552,35.78,4.528,6.453,118,18.04,0,1030,856,2161,1798,2617,3071,4155,4185,4295,4143,3541,2392,18102,1245,-0.161,Healthy
C0355,6,18,4.61,35.82,4.582,6.492,117,17.94,0,1140,794,2300,1904,2524,2896,3861,4131,3924,3746,3123,2076,17434,1255,-0.107,Healthy
C0356,1,3,4.689,35.8,4.662,6.673,143,21.33,0,1158,812,2313,2101,2742,3157,3942,4697,4178,3990,3562,2514,17994,1330,-0.027,Healthy
C0356,2,6,5.05,36.05,4.997,6.724,183,17.79,0,1124,920,2606,2022,2830,3286,4090,4477,4169,4310,3835,2452,18352,1333,0.308,Healthy
C0356,3,9,5.197,36.61,5.087,6.798,282,17.1,0,1333,992,2936,2306,3256,3765,4378,5263,4874,4774,4224,2659,21568,1531,0.398,Healthy
C0356,4,12,5.97,37.23,5.774,6.891,370,15.19,0,1419,1139,3039,2481,3306,3730,5124,5518,5127,4813,4259,3077,22015,1452,1.085,Subclinical
C0356,5,15,6.62,37.98,6.308,7.002,493,10.81,1,1867,1372,4131,3360,4366,4290,5524,6900,6934,6866,5662,4020,28478,1954,1.619,Clinical
C0356,6,18,7.34,38.82,6.877,7.13,635,8.4,1,1965,1405,4376,3484,4490,5061,5566,7484,7021,7120,6169,4243,29908,1993,2.188,Clinical
C0357,1,3,4.964,35.43,4.971,6.613,237,24.73,0,1324,970,2808,2360,3294,3962,4936,5314,5314,4355,4282,2815,21685,1597,0.282,Healthy
C0357,2,6,4.956,35.57,4.949,6.596,243,25.89,0,1308,980,2903,2186,3216,3601,4799,5144,4636,4637,4166,2656,20259,1465,0.26,Healthy
C0357,3,9,4.87,35.5,4.87,6.599,241,24.0,0,1285,919,2675,2251,3302,3806,4761,5411,4897,5059,3953,2616,21494,1541,0.181,Healthy
C0357,4,12,5.033,35.69,5.015,6.596,254,24.31,0,1302,935,2979,2018,3441,3750,4976,5946,5112,4935,3812,2617,21557,1489,0.326,Healthy
C0357,5,15,5.088,35.5,5.088,6.625,233,24.45,0,1259,957,2722,2268,3203,3473,4534,5374,5022,4520,3933,2632,20418,1419,0.399,Healthy
C0357,6,18,4.89,35.56,4.884,6.627,225,24.75,0,1280,882,2605,2076,3213,3347,4857,4995,5195,4587,3798,2539,20863,1503,0.195,Healthy
C0359,1,3,4.815,36.2,4.751,6.606,164,17.2,0,1084,867,2511,1908,2982,3515,4178,4525,4022,4226,4024,2423,18905,1424,0.062,Healthy
C0359,2,6,4.88,36.15,4.82,6.592,175,17.54,0,1156,909,2543,1922,2974,3271,4614,4642,4278,4248,3812,2924,18936,1360,0.131,Healthy
C0359,3,9,4.987,36.02,4.938,6.569,156,17.78,0,1213,855,2598,2076,3061,3688,4451,4888,4769,4304,3911,2599,20792,1504,0.249,Healthy
C0359,4,12,4.803,36.03,4.755,6.594,173,17.66,0,1089,877,2406,2025,3039,3269,4352,4492,4084,4124,3916,2598,18523,1361,0.066,Healthy
C0359,5,15,5.053,36.1,4.995,6.606,182,17.28,0,1104,832,2562,2092,3158,3393,4553,4917,4340,4189,4070,2800,19293,1387,0.306,Healthy
C0359,6,18,4.935,36.15,4.874,6.611,169,17.6,0,1136,809,2468,1905,2883,3485,4356,4547,4219,4031,3810,2454,18642,1317,0.185,Healthy
C0360,1,3,4.719,35.69,4.702,6.671,138,21.74,0,1069,911,2337,1876,2595,3133,3760,4361,4246,3743,3486,2489,17471,1369,0.013,Healthy
C0360,2,6,4.895,36.04,4.845,6.72,201,18.91,0,1169,954,2565,2120,2821,3201,4495,4832,4610,4037,4032,2463,18597,1328,0.156,Healthy
C0360,3,9,5.229,36.46,5.134,6.789,222,15.79,0,1301,1019,2693,2257,2883,3460,4413,4961,4604,4339,3814,2617,19521,1385,0.445,Healthy
C0360,4,12,5.428,37.03,5.27,6.876,309,15.0,0,1326,989,2818,2376,2928,3637,4903,5274,4296,4602,4125,2895,20709,1549,0.581,Subclinical
C0360,5,15,5.878,37.58,5.646,6.98,386,12.43,1,1901,1369,4114,3358,3937,4804,6081,7001,6380,6140,5839,3829,27511,1859,0.957,Subclinical
C0360,6,18,6.31,38.3,5.974,7.1,493,10.2,1,1785,1424,4039,3219,4315,5003,6380,7544,6464,6181,5540,4162,29112,1966,1.285,Clinical
C0363,1,3,4.51,36.33,4.439,6.608,163,19.33,0,1162,859,2599,2011,2936,3567,4459,4379,4513,4233,3574,2846,19130,1490,-0.25,Healthy
C0363,2,6,4.359,36.24,4.298,6.564,159,20.0,0,1217,845,2538,2081,3022,3407,4474,4735,4403,3920,3521,2527,18829,1425,-0.391,Healthy
C0363,3,9,4.667,36.14,4.61,6.596,169,19.68,0,1158,872,2434,2092,3021,3569,4216,4674,4279,4065,3703,2645,18954,1391,-0.079,Healthy
C0363,4,12,4.645,36.19,4.584,6.597,166,19.13,0,1179,871,2523,2074,2843,3491,4673,4453,4338,3905,3762,2473,18625,1365,-0.105,Healthy
C0363,5,15,4.549,36.26,4.483,6.584,152,19.46,0,1180,915,2359,2113,2794,3569,4414,4438,4084,3804,3709,2581,18541,1369,-0.206,Healthy
C0363,6,18,4.367,36.32,4.299,6.614,169,19.54,0,1148,820,2543,2034,2834,3144,4228,4473,4003,3959,3441,2636,18588,1347,-0.39,Healthy
C0364,1,3,4.46,35.8,4.435,6.716,111,20.99,0,1106,877,2487,1961,2669,3124,4350,4481,4321,3987,3524,2449,17755,1368,-0.254,Healthy
C0364,2,6,4.186,35.81,4.161,6.734,114,20.83,0,1137,853,2350,1934,2777,3131,4101,4181,3784,3694,3420,2493,17083,1336,-0.528,Healthy
C0364,3,9,4.613,35.77,4.589,6.73,113,20.52,0,1176,873,2381,1922,2773,3113,4201,4203,4098,3762,3571,2479,17440,1281,-0.1,Healthy
C0364,4,12,4.524,35.85,4.494,6.701,119,20.82,0,1099,905,2182,1924,2791,3139,4157,4237,3960,3712,3462,2400,17534,1307,-0.195,Healthy
C0364,5,15,4.396,35.86,4.366,6.754,117,21.81,0,1040,834,2373,1942,2733,2992,4086,4170,3983,3740,3604,2438,17583,1237,-0.323,Healthy
C0364,6,18,4.24,35.89,4.209,6.76,125,20.32,0,1122,874,2507,1934,2862,3110,4160,4561,4066,3823,3661,2417,17366,1301,-0.48,Healthy
C0365,1,3,4.666,35.64,4.654,6.729,152,24.23,0,1369,900,2836,2149,2758,3226,4471,4467,4309,3962,3721,2490,18808,1386,-0.035,Healthy
C0365,2,6,4.61,35.51,4.609,6.713,134,23.73,0,1217,871,2760,2215,2695,3170,4109,4201,3956,3809,3625,2473,17992,1290,-0.08,Healthy
C0365,3,9,4.664,35.48,4.666,6.718,146,23.09,0,1221,947,2587,2140,2838,3431,4409,4423,4316,3738,3684,2513,18960,1369,-0.023,Healthy
C0365,4,12,4.619,35.5,4.619,6.733,129,24.08,0,1179,867,2745,2167,2921,3184,4232,4347,4077,3731,3887,2253,17932,1284,-0.07,Healthy
C0365,5,15,4.754,35.53,4.751,6.734,145,23.98,0,1157,947,2818,2119,2936,3363,3989,4310,3921,3804,3692,2459,18471,1295,0.062,Healthy
C0365,6,18,4.561,35.64,4.549,6.743,122,23.83,0,1224,839,2482,1991,2785,3049,4058,4268,4055,3652,3710,2283,17713,1391,-0.14,Healthy
C0367,1,3,4.546,35.65,4.533,6.687,136,19.98,0,1151,921,2624,1865,2697,3162,4231,3979,4065,3723,3611,2658,17805,1337,-0.156,Healthy
C0367,2,6,5.004,36.01,4.956,6.769,176,18.39,0,1356,948,2768,2234,3025,3462,4465,4365,4323,4187,4021,2607,19465,1446,0.267,Healthy
C0367,3,9,4.889,36.35,4.81,6.887,212,18.06,0,1271,1005,2885,2333,3187,3481,4797,4718,4147,3708,4188,2697,19759,1516,0.121,Healthy
C0367,4,12,5.326,36.73,5.202,7.036,287,14.99,0,1442,1056,2843,2602,3519,3690,5011,5084,4695,4519,4460,2855,21814,1577,0.513,Subclinical
C0367,5,15,5.597,37.33,5.402,7.215,377,10.32,0,1561,1149,3241,2816,3703,3905,5392,5711,5230,4541,4673,2917,24110,1634,0.713,Subclinical
C0367,6,18,6.04,37.89,5.766,7.42,469,7.1,0,1602,1236,3583,2874,3977,4869,5813,6076,5411,5262,4931,3341,24323,1595,1.077,Subclinical
C0370,1,3,4.811,35.74,4.789,6.671,147,21.01,0,1110,889,2457,1890,2624,2791,3751,4561,4197,3792,3283,2283,17615,1331,0.1,Healthy
C0370,2,6,4.828,35.99,4.783,6.718,182,20.27,0,1191,889,2487,1858,2710,2991,3961,4634,4147,3853,3503,2557,18222,1303,0.094,Healthy
C0370,3,9,5.355,36.41,5.262,6.785,267,16.52,0,1457,1071,2820,2441,3022,3533,4567,5695,4749,4512,4071,2995,21075,1573,0.573,Healthy
C0370,4,12,5.79,36.79,5.648,6.871,353,15.14,0,1336,1026,3044,2529,3123,3834,4574,5936,5240,5177,4408,2911,22363,1600,0.959,Subclinical
C0370,5,15,6.416,37.3,6.197,6.973,471,13.63,1,1947,1437,4268,3426,4495,5362,6468,7220,7014,6287,6000,4284,29476,1996,1.508,Clinical
C0370,6,18,7.07,37.9,6.748,7.09,596,11.3,1,2161,1589,4824,3549,4832,5407,7189,8463,7264,7405,6950,4497,32560,2186,2.059,Clinical
C0371,1,3,4.472,35.49,4.473,6.594,135,18.59,0,1120,817,2517,1840,2854,3437,4431,4782,4354,4241,3646,2500,18604,1417,-0.216,Healthy
C0371,2,6,4.551,35.42,4.558,6.591,158,19.25,0,1141,844,2301,1926,2737,3193,4221,4956,4303,4092,3549,2346,18041,1398,-0.131,Healthy
C0371,3,9,4.531,35.55,4.527,6.59,147,19.58,0,1078,839,2329,1959,2565,3117,4116,4766,4545,4220,3504,2409,17870,1353,-0.162,Healthy
C0371,4,12,4.57,35.54,4.567,6.555,146,19.54,0,1110,865,2569,1944,2574,3286,4448,4715,4307,4328,3739,2439,18368,1322,-0.122,Healthy
C0371,5,15,4.329,35.6,4.321,6.586,151,19.92,0,1107,878,2348,2008,2738,3195,4203,4586,4677,4146,3671,2307,18184,1369,-0.368,Healthy
C0371,6,18,4.447,35.54,4.444,6.587,146,19.39,0,1044,778,2351,1839,2727,3116,4127,4586,4684,4036,3471,2290,18267,1354,-0.245,Healthy
C0372,1,3,5.032,35.71,5.012,6.693,163,24.08,0,1223,930,2496,2105,3019,3706,4449,4959,4542,4307,4032,2621,19853,1403,0.323,Healthy
C0372,2,6,4.985,35.84,4.953,6.695,155,24.21,0,1219,906,2787,2217,3011,3526,4353,5060,4604,4255,3716,2490,19635,1495,0.264,Healthy
C0372,3,9,4.955,35.75,4.931,6.687,167,24.55,0,1232,953,2532,2163,2938,3419,4656,4989,4924,4467,3882,2515,19673,1425,0.242,Healthy
C0372,4,12,5.014,35.66,4.999,6.723,161,24.32,0,1236,931,2497,2115,2837,3356,4792,5268,4830,4260,4215,2449,20773,1503,0.31,Healthy
C0372,5,15,5.194,35.99,5.146,6.722,153,24.48,0,1162,899,2789,2124,3125,3691,4816,5142,4644,4428,3949,2533,20169,1427,0.457,Healthy
C0372,6,18,4.937,35.67,4.921,6.71,146,24.5,0,1178,862,2745,2017,2926,3437,4474,4973,4448,4120,3666,2514,19102,1398,0.232,Healthy
C0373,1,3,4.894,35.46,4.898,6.6,130,20.69,0,1324,935,2626,2170,3102,3381,4547,5114,4738,4380,3972,2627,19406,1459,0.209,Healthy
C0373,2,6,4.778,35.41,4.786,6.653,127,20.5,0,1118,872,2514,2068,2821,3202,4181,4699,4429,4173,3779,2651,18841,1478,0.097,Healthy
C0373,3,9,4.947,35.52,4.945,6.632,103,21.16,0,1223,871,2616,2064,2901,3420,4324,5063,4744,4474,4003,2426,20369,1405,0.256,Healthy
C0373,4,12,4.764,35.56,4.759,6.646,110,20.92,0,1181,904,2580,2018,3029,3516,4518,4774,4655,4106,3916,2620,19322,1414,0.07,Healthy
C0373,5,15,5.048,35.48,5.05,6.672,125,19.74,0,1186,932,2590,2105,3139,3453,4532,4723,4638,4709,3904,2611,19707,1293,0.361,Healthy
C0373,6,18,4.952,35.38,4.963,6.651,115,20.89,0,1134,875,2531,2196,3032,3266,4680,5086,4679,4468,3616,2586,19917,1426,0.274,Healthy
C0374,1,3,5.429,35.82,5.396,6.611,150,20.8,0,1314,952,2678,2175,3225,3363,4324,4851,4602,4108,3982,2827,19708,1439,0.707,Healthy
C0374,2,6,5.368,35.67,5.351,6.636,160,20.12,0,1403,957,2917,2491,3077,3780,4636,5027,5179,4347,4180,2558,19918,1453,0.662,Healthy
C0374,3,9,5.297,35.76,5.271,6.656,167,20.4,0,1301,991,2849,2317,3243,3592,4478,5148,4664,4135,4102,2576,20548,1554,0.582,Healthy
C0374,4,12,5.372,35.67,5.355,6.622,147,19.96,0,1276,912,2731,2226,3033,3546,4619,4717,4683,4349,4151,2695,20643,1475,0.666,Healthy
C0374,5,15,5.401,35.59,5.392,6.631,151,19.27,0,1377,1001,2781,2405,3140,3705,4727,4783,4815,4617,4121,2785,20701,1559,0.703,Healthy
C0374,6,18,5.296,35.69,5.277,6.665,168,18.85,0,1344,1039,2788,2157,3227,3478,4498,5277,4713,4450,4272,2664,20398,1483,0.588,Healthy
C0375,1,3,5.042,35.49,5.043,6.66,223,24.28,0,1363,1069,3193,2646,3509,4029,5479,5677,5408,5174,3979,3033,23649,1628,0.354,Healthy
C0375,2,6,4.889,35.46,4.893,6.644,209,24.46,0,1429,1048,3181,2654,3501,4006,4953,5863,5296,4930,4065,2684,23163,1633,0.204,Healthy
C0375,3,9,5.115,35.5,5.115,6.635,219,24.4,0,1537,1171,3126,2651,3474,4190,5045,5881,5856,5191,4346,2814,23717,1660,0.426,Healthy
C0375,4,12,4.984,35.43,4.991,6.653,197,25.44,0,1413,1118,3020,2294,3635,4158,5057,5709,5207,4918,4413,2892,22998,1624,0.302,Healthy
C0375,5,15,5.034,35.61,5.023,6.663,209,26.07,0,1247,1007,2898,2478,3470,4158,4732,5469,4626,4746,3990,2645,21950,1526,0.334,Healthy
C0375,6,18,5.131,35.53,5.128,6.67,206,25.07,0,1461,1086,3225,2668,3723,4196,5295,5717,5729,5093,4313,2746,23124,1590,0.439,Healthy
C0376,1,3,5.057,34.61,5.143,6.717,135,16.13,0,1195,913,2609,2219,2754,3201,4043,4695,4152,3917,3792,2481,17990,1391,0.454,Healthy
C0376,2,6,5.11,34.62,5.195,6.715,111,15.46,0,1092,881,2560,1941,2753,3220,3875,4503,4111,4014,3630,2312,17485,1359,0.506,Healthy
C0376,3,9,4.906,34.63,4.987,6.679,128,15.92,0,1146,971,2672,2207,2695,3127,4181,4477,4198,3943,3764,2512,17807,1292,0.298,Healthy
C0376,4,12,5.068,34.64,5.151,6.662,120,16.78,0,1217,885,2523,2189,2767,3170,3866,4493,4049,3930,3500,2438,18328,1352,0.462,Healthy
C0376,5,15,5.003,34.42,5.106,6.69,117,15.91,0,1122,871,2392,2017,2580,3037,3703,4227,3886,3676,3651,2373,17334,1321,0.417,Healthy
C0376,6,18,5.086,34.6,5.173,6.728,119,16.54,0,1092,867,2359,1874,2564,2980,3696,4188,3686,3490,3241,2390,16762,1309,0.484,Healthy
C0377,1,3,4.619,35.6,4.61,6.674,159,20.78,0,1343,1051,3030,2422,3439,3787,4760,5162,4619,4471,3719,2594,21834,1559,-0.079,Healthy
C0377,2,6,5.004,35.86,4.97,6.727,189,19.06,0,1335,1058,2884,2478,3682,3685,4941,5025,4898,4200,4210,2623,21065,1561,0.281,Healthy
C0377,3,9,5.329,36.19,5.259,6.804,275,16.19,0,1503,1144,3199,2608,3841,4300,5652,5665,4972,5286,4388,2919,23339,1630,0.57,Healthy
C0377,4,12,5.523,36.51,5.417,6.901,350,14.97,0,1581,1129,3312,2670,4095,4571,5522,6069,5707,5160,4406,2804,24746,1781,0.728,Subclinical
C0377,5,15,5.988,36.99,5.818,7.017,465,11.47,1,2101,1617,4550,3971,5364,6097,8012,8156,8354,7180,6028,4320,35134,2397,1.129,Subclinical
C0377,6,18,6.54,37.41,6.303,7.15,603,8.4,1,2265,1779,4819,3858,5428,5555,7276,8044,7776,7421,6327,4456,33220,2180,1.614,Clinical
C0379,1,3,4.547,34.98,4.592,6.819,116,21.71,0,1268,988,2978,2272,3013,3716,4677,5095,4879,4458,4102,2716,19236,1442,-0.097,Healthy
C0379,2,6,4.665,34.94,4.715,6.822,113,20.67,0,1269,943,2826,2144,3158,3743,4993,5174,4774,4385,3985,2494,20573,1465,0.026,Healthy
C0379,3,9,4.683,34.99,4.728,6.798,116,21.11,0,1226,1003,2705,2088,2939,3401,4784,4881,4673,4420,3940,2407,20231,1508,0.039,Healthy
C0379,4,12,4.715,34.97,4.762,6.826,112,20.87,0,1292,948,2792,2064,3130,3633,4678,5169,4567,4103,3864,2616,19490,1441,0.073,Healthy
C0379,5,15,4.589,35.0,4.633,6.785,103,21.49,0,1201,884,2613,2200,2837,3381,4261,4656,4627,4042,3621,2524,18768,1399,-0.056,Healthy
C0379,6,18,4.526,34.99,4.57,6.814,116,20.92,0,1221,922,2457,2093,3059,3331,4351,4864,4417,4129,3625,2530,18935,1371,-0.119,Healthy
C0380,1,3,4.44,35.73,4.421,6.738,97,19.65,0,1080,814,2273,1916,2558,2867,3827,3962,4120,3706,3134,2089,16705,1265,-0.268,Healthy
C0380,2,6,4.433,35.89,4.4,6.763,87,20.75,0,1055,823,2211,1816,2391,2886,3716,4179,3629,3788,3071,2045,16228,1226,-0.289,Healthy
C0380,3,9,4.51,35.96,4.471,6.755,87,20.62,0,1173,810,2250,1786,2511,2752,3660,4187,3846,3322,3146,2140,15972,1268,-0.218,Healthy
C0380,4,12,4.501,35.81,4.474,6.733,88,21.72,0,1019,851,2403,1868,2495,2698,3598,3960,3506,3551,2990,2179,16066,1173,-0.215,Healthy
C0380,5,15,4.616,35.8,4.59,6.74,85,20.12,0,993,759,2289,1799,2276,2638,3616,3747,3515,3341,3089,2179,15733,1184,-0.099,Healthy
C0380,6,18,4.43,35.68,4.415,6.766,102,20.81,0,1098,801,2357,1860,2389,2759,3844,3812,3691,3580,2972,2186,16363,1304,-0.274,Healthy
C0381,1,3,4.786,35.83,4.756,6.676,143,20.21,0,1130,847,2571,2041,2711,3340,3957,4582,4031,3762,3742,2292,18332,1367,0.067,Healthy
C0381,2,6,4.773,36.26,4.704,6.733,185,18.52,0,1190,904,2432,2032,2809,3249,4384,4744,4320,4303,3719,2691,18752,1436,0.015,Healthy
C0381,3,9,5.315,36.43,5.221,6.816,239,14.66,0,1280,1006,2957,2416,3127,3621,4915,5373,4945,4196,4218,2979,21507,1570,0.532,Healthy
C0381,4,12,5.616,36.96,5.46,6.921,319,13.41,0,1449,1079,3188,2605,3589,4000,5059,5296,5180,4645,4406,3065,21805,1591,0.771,Subclinical
C0381,5,15,6.059,37.58,5.82,7.046,402,10.44,1,1889,1396,3708,3336,4621,5199,7021,7312,7096,6287,5858,4140,30455,2044,1.131,Subclinical
C0381,6,18,6.53,38.22,6.193,7.19,506,7.2,1,1932,1434,4345,3374,4485,5348,6998,7769,6932,6539,6009,4271,31142,2033,1.504,Clinical
C0382,1,3,4.536,35.7,4.519,6.668,164,22.13,0,1181,837,2371,2020,2789,3422,4403,4226,4185,3810,3387,2371,17559,1319,-0.17,Healthy
C0382,2,6,5.075,35.79,5.047,6.707,221,18.99,0,1201,951,2592,2372,3040,3526,4637,4889,4463,4145,4049,2670,19911,1389,0.358,Healthy
C0382,3,9,5.073,36.3,4.996,6.764,277,13.78,0,1307,1045,3038,2450,3403,3736,4942,4947,4940,4373,3885,2706,21139,1505,0.307,Healthy
C0382,4,12,5.582,36.96,5.427,6.836,398,13.77,0,1421,1123,2988,2676,3469,3741,5270,5260,5210,4695,4457,2755,22182,1545,0.738,Subclinical
C0382,5,15,6.093,37.39,5.874,6.921,533,9.51,1,1838,1433,4048,3262,4469,5319,7413,7126,7038,6284,6015,3687,29942,1913,1.185,Clinical
C0382,6,18,6.67,38.01,6.352,7.02,702,6.1,1,1955,1511,4669,3534,5166,5573,7812,7818,7346,6920,6511,4427,32027,2131,1.663,Clinical
C0383,1,3,4.911,35.38,4.922,6.583,222,18.88,0,1189,899,2577,2114,2981,3215,4259,4771,4480,4114,3620,2361,19328,1428,0.233,Healthy
C0383,2,6,4.826,35.45,4.831,6.551,223,18.82,0,1218,957,2560,2110,2790,3060,4239,4471,3987,3840,3446,2292,18125,1404,0.142,Healthy
C0383,3,9,4.984,35.4,4.993,6.554,226,18.08,0,1228,912,2529,2047,2827,3146,4190,4338,4250,4083,3351,2264,17909,1280,0.304,Healthy
C0383,4,12,4.767,35.39,4.777,6.562,221,18.84,0,1153,898,2577,2029,2763,3238,4233,4596,4204,3905,3396,2353,18336,1407,0.088,Healthy
C0383,5,15,4.81,35.4,4.819,6.547,234,18.93,0,1189,899,2491,2118,2936,3174,4034,4566,4246,4014,3349,2485,18219,1248,0.13,Healthy
C0383,6,18,5.021,35.46,5.025,6.589,229,19.16,0,1192,922,2537,2034,2788,3175,4186,4562,4140,3822,3548,2363,18426,1357,0.336,Healthy
C0385,1,3,4.417,35.79,4.393,6.675,159,20.96,0,1127,839,2488,2160,2679,3042,3848,4348,4121,3888,3449,2233,17413,1325,-0.296,Healthy
C0385,2,6,4.829,35.97,4.786,6.732,241,20.39,0,1274,1013,2887,2218,3107,3593,4614,4907,4662,4157,3933,2544,20279,1482,0.097,Healthy
C0385,3,9,5.162,36.25,5.088,6.813,282,17.17,0,1329,990,2757,2352,3319,3665,4671,5219,4958,4525,3888,2546,21881,1578,0.399,Healthy
C0385,4,12,5.462,36.71,5.336,6.916,400,15.92,0,1498,1123,3179,2727,3673,3963,4858,5659,5237,4973,4473,2893,23727,1702,0.647,Subclinical
C0385,5,15,5.928,37.23,5.733,7.039,530,13.57,1,1905,1508,3813,3264,4459,5454,7101,7496,6921,6159,5806,4008,29930,2085,1.044,Subclinical
C0385,6,18,6.41,37.82,6.127,7.18,705,11.5,1,2073,1593,4388,3540,4977,5564,7123,7802,7046,6916,6133,4244,31140,2067,1.438,Clinical
C0386,1,3,4.458,35.27,4.477,6.797,91,15.5,0,1111,843,2495,1910,2700,3010,3873,4291,4170,3737,3254,2216,17544,1329,-0.212,Healthy
C0386,2,6,4.427,35.26,4.447,6.793,104,15.53,0,1197,894,2447,1920,2867,3153,4264,4487,4209,3886,3473,2314,18449,1311,-0.242,Healthy
C0386,3,9,4.491,35.32,4.506,6.804,102,14.69,0,1101,882,2417,2047,2773,3042,3997,4531,4201,3759,3539,2146,17898,1377,-0.183,Healthy
C0386,4,12,4.508,35.36,4.52,6.828,100,14.76,0,1129,865,2408,1941,2615,2989,4019,4130,3953,3992,3437,2306,17644,1382,-0.169,Healthy
C0386,5,15,4.593,35.43,4.599,6.768,108,15.46,0,1135,840,2416,1950,2689,2930,4016,4546,4118,3967,3622,2197,17894,1365,-0.09,Healthy
C0386,6,18,4.492,35.46,4.495,6.807,111,14.68,0,1140,878,2569,1976,2836,3159,4157,4635,4318,3752,3184,2370,18344,1297,-0.194,Healthy
C0387,1,3,4.815,35.11,4.851,6.596,196,27.99,0,1201,925,2578,2231,3313,3860,4812,4769,4826,4523,3975,2718,19985,1431,0.162,Healthy
C0387,2,6,4.711,35.28,4.731,6.589,185,27.61,0,1119,795,2527,2028,2840,3383,4531,4752,4275,4149,3813,2481,18798,1386,0.042,Healthy
C0387,3,9,4.681,35.2,4.708,6.631,181,27.6,0,1201,891,2562,1990,2939,3685,4437,4993,4665,4120,3806,2576,20265,1426,0.019,Healthy
C0387,4,12,4.695,35.22,4.72,6.587,198,28.6,0,1121,877,2449,2068,3181,3334,4794,4681,4295,4012,3808,2497,19291,1508,0.031,Healthy
C0387,5,15,4.566,35.11,4.6,6.572,195,28.26,0,1165,919,2566,2120,3235,3507,4914,4906,4682,4360,3730,2572,20541,1498,-0.089,Healthy
C0387,6,18,4.708,35.17,4.738,6.57,202,28.55,0,1206,850,2440,2036,2960,3746,4641,4648,4344,4108,3897,2545,19980,1491,0.049,Healthy
C0388,1,3,4.569,35.35,4.582,6.637,121,22.12,0,1234,888,2757,2169,3036,3368,4261,4953,4828,4453,3629,2704,19340,1456,-0.107,Healthy
C0388,2,6,4.483,35.44,4.488,6.649,104,22.02,0,1277,936,2564,2248,2883,3268,4445,5131,4616,4123,3797,2623,20539,1485,-0.201,Healthy
C0388,3,9,4.737,35.34,4.751,6.694,127,21.77,0,1235,958,2699,2192,2844,3386,4464,5287,4729,4658,3895,2717,20512,1424,0.062,Healthy
C0388,4,12,4.68,35.28,4.7,6.646,128,21.19,0,1185,926,2642,2274,2822,3413,4202,4915,4547,4641,3709,2593,20026,1487,0.011,Healthy
C0388,5,15,4.498,35.36,4.51,6.613,120,21.68,0,1156,919,2755,2085,2741,3093,4417,4628,4550,4307,3769,2539,18749,1472,-0.179,Healthy
C0388,6,18,4.685,35.35,4.698,6.644,123,21.7,0,1306,902,2719,2126,2858,3478,4267,4890,4641,4508,3577,2642,19936,1429,0.009,Healthy
C0390,1,3,4.973,35.61,4.963,6.624,194,22.07,0,1174,907,2484,2026,3065,3464,4626,4862,4468,3820,4095,2596,18385,1243,0.274,Healthy
C0390,2,6,5.018,35.58,5.01,6.605,179,22.63,0,1239,923,2595,2073,2721,3523,4433,4587,4253,3921,3557,2500,18675,1379,0.321,Healthy
C0390,3,9,4.756,35.62,4.745,6.619,189,21.04,0,1216,890,2628,2131,3004,3473,4342,4610,4240,4049,3951,2532,19437,1394,0.056,Healthy
C0390,4,12,5.199,35.54,5.195,6.636,184,21.36,0,1249,964,2486,2047,2794,3407,4405,4606,4315,4180,3682,2564,19808,1340,0.506,Healthy
C0390,5,15,4.858,35.65,4.844,6.646,176,22.11,0,1150,882,2463,2030,2858,3369,4430,4516,3943,3874,3741,2421,18781,1468,0.155,Healthy
C0390,6,18,4.994,35.66,4.979,6.619,201,22.4,0,1290,908,2500,2190,2886,3318,4543,4692,4291,4128,3887,2703,19469,1432,0.29,Healthy
C0391,1,3,4.624,35.76,4.601,6.668,139,19.63,0,1075,799,2383,1991,2528,2974,3610,4133,4306,3543,3717,2362,16824,1195,-0.088,Healthy
C0391,2,6,4.959,35.93,4.918,6.709,205,19.05,0,1134,894,2716,2104,2682,3265,4339,4483,4517,4222,3957,2558,19688,1450,0.229,Healthy
C0391,3,9,5.027,36.45,4.936,6.767,272,17.29,0,1230,969,2668,2158,3141,3035,4480,4628,4357,4068,4119,2596,19316,1496,0.247,Healthy
C0391,4,12,5.464,36.84,5.325,6.841,335,13.11,0,1269,1023,2923,2277,3026,3479,4960,5423,4481,4330,4227,2951,20876,1552,0.636,Subclinical
C0391,5,15,5.753,37.42,5.543,6.929,432,11.6,1,1859,1322,3883,3180,4035,4829,6232,6987,6370,5830,5448,3983,27954,1931,0.854,Subclinical
C0391,6,18,6.27,38.08,5.963,7.03,549,8.4,1,1816,1477,4246,3382,4726,5089,6855,6611,6965,6090,5926,4035,28621,1869,1.274,Clinical
C0392,1,3,5.34,35.43,5.347,6.594,143,18.56,0,1265,961,2634,2089,3241,3643,4830,4844,4568,4339,3892,2518,20251,1439,0.658,Healthy
C0392,2,6,5.288,35.42,5.296,6.633,148,19.53,0,1253,941,2739,2300,3138,3746,4677,5076,4994,4556,3802,2468,20118,1417,0.607,Healthy
C0392,3,9,5.096,35.4,5.106,6.541,148,19.14,0,1176,858,2574,2059,3084,3674,4757,4999,4300,4122,3793,2403,19918,1446,0.417,Healthy
C0392,4,12,5.352,35.54,5.348,6.586,143,19.81,0,1142,905,2660,2078,3128,3634,4810,4623,4537,4240,3559,2560,19822,1475,0.659,Healthy
C0392,5,15,5.188,35.62,5.176,6.601,135,20.22,0,1275,951,2944,2174,3029,3364,4664,4980,4576,4073,3827,2496,19608,1448,0.487,Healthy
C0392,6,18,5.297,35.56,5.291,6.582,158,19.76,0,1278,936,2652,2214,3067,3830,4719,4736,4612,4204,3667,2408,20444,1434,0.602,Healthy
C0393,1,3,4.332,35.83,4.305,6.724,156,18.5,0,1030,836,2237,1883,2758,2931,4395,4114,4132,3977,3491,2363,17416,1300,-0.384,Healthy
C0393,2,6,4.104,35.61,4.095,6.689,149,17.69,0,1025,781,2252,1914,2933,3303,4094,4574,4260,3999,3372,2312,17943,1384,-0.594,Healthy
C0393,3,9,4.399,35.73,4.38,6.673,151,17.49,0,1065,765,2342,1834,2667,2888,4083,4036,3893,3504,3234,2157,16967,1306,-0.309,Healthy
C0393,4,12,4.294,35.75,4.274,6.698,153,18.47,0,1003,766,2237,1893,2750,3298,3936,4440,4197,3688,3483,2189,17483,1330,-0.415,Healthy
C0393,5,15,4.087,35.83,4.061,6.695,152,17.21,0,1144,784,2432,1912,2763,3205,4133,4177,4191,4319,3190,2232,18101,1306,-0.628,Healthy
C0393,6,18,4.266,35.72,4.248,6.699,131,18.29,0,974,738,2128,1800,2709,3009,3978,3988,3980,3592,3141,2165,17020,1293,-0.441,Healthy
C0395,1,3,4.789,36.04,4.74,6.708,171,21.24,0,1372,948,2785,2364,3011,3438,4376,5137,4668,4730,3939,2756,20337,1434,0.051,Healthy
C0395,2,6,4.64,36.0,4.596,6.694,168,21.63,0,1290,1023,2859,2075,3070,3342,4561,5167,4829,4267,4058,2774,20154,1444,-0.093,Healthy
C0395,3,9,4.901,36.06,4.849,6.719,168,21.6,0,1209,964,2655,2283,2994,3328,4571,5015,4216,4841,4160,2733,19628,1484,0.16,Healthy
C0395,4,12,4.99,35.93,4.949,6.694,167,21.35,0,1188,918,2439,2304,2781,3426,4267,4899,4345,4226,3736,2577,18797,1411,0.26,Healthy
C0395,5,15,4.714,36.0,4.669,6.661,168,20.46,0,1265,896,2714,2093,2835,3167,4150,4612,4379,4262,3638,2763,19086,1462,-0.02,Healthy
C0395,6,18,4.862,36.06,4.81,6.656,162,21.38,0,1257,875,2683,2099,2696,3075,4236,4656,4494,3810,3618,2514,18541,1446,0.121,Healthy
C0397,1,3,4.663,34.14,4.783,6.65,147,23.68,0,1077,815,2363,1880,2538,2993,3805,4383,4178,3821,3422,2134,16618,1311,0.094,Healthy
C0397,2,6,4.432,34.28,4.535,6.656,170,24.6,0,1110,892,2412,1974,2527,3096,3974,4108,3943,3941,3503,2314,17422,1295,-0.154,Healthy
C0397,3,9,4.628,34.23,4.74,6.694,152,23.88,0,1085,781,2586,1960,2563,2799,3878,4334,3863,3627,3538,2306,17498,1287,0.051,Healthy
C0397,4,12,4.742,34.21,4.858,6.653,168,24.47,0,1119,843,2493,2077,2756,3066,3701,4311,4176,3774,3531,2331,17806,1314,0.169,Healthy
C0397,5,15,4.674,34.13,4.796,6.642,146,23.41,0,1141,829,2335,2029,2471,3116,4071,4295,3979,3665,3619,2221,17012,1388,0.107,Healthy
C0397,6,18,4.7,34.06,4.829,6.657,151,24.58,0,1002,783,2307,1827,2403,2856,3862,4134,3893,3490,3212,2178,17386,1259,0.14,Healthy
C0398,1,3,4.639,35.93,4.601,6.396,129,20.99,0,1301,916,2745,2095,2991,3568,4628,4691,4131,4203,3760,2643,19703,1476,-0.088,Healthy
C0398,2,6,4.648,35.97,4.606,6.303,129,21.45,0,1210,945,2630,2271,2955,3504,4586,4413,4184,3787,3648,2512,18583,1461,-0.083,Healthy
C0398,3,9,4.762,35.95,4.721,6.368,128,21.12,0,1251,941,2813,2162,3064,3460,4360,4589,4118,3861,3777,2393,18207,1369,0.032,Healthy
C0398,4,12,4.6,36.01,4.555,6.38,131,21.27,0,1331,943,2684,2206,3249,3624,4729,4643,4120,4317,3741,2441,19664,1417,-0.134,Healthy
C0398,5,15,4.691,35.83,4.662,6.365,154,20.67,0,1299,920,2636,2165,2986,3785,4979,4593,4860,4020,3532,2454,19205,1431,-0.027,Healthy
C0398,6,18,4.6,35.9,4.565,6.389,147,21.38,0,1255,878,2695,2223,2995,3359,4482,4370,4064,3891,3431,2560,18346,1337,-0.124,Healthy
C0400,1,3,4.645,35.48,4.647,6.52,152,24.1,0,1158,875,2517,2049,2940,3388,4286,4791,4513,4156,3924,2560,19522,1419,-0.042,Healthy
C0400,2,6,4.615,35.41,4.623,6.492,152,23.99,0,1242,972,2483,2012,2804,3498,4462,5025,4853,4329,4099,2767,19865,1406,-0.066,Healthy
C0400,3,9,4.758,35.51,4.757,6.503,153,24.26,0,1223,891,2562,2146,2905,3268,4180,4662,4595,4437,3907,2420,19060,1330,0.068,Healthy
C0400,4,12,4.702,35.41,4.71,6.471,165,24.54,0,1203,891,2622,2095,2851,3191,4319,5057,4750,3900,3912,2518,18962,1327,0.021,Healthy
C0400,5,15,4.776,35.37,4.788,6.444,161,24.08,0,1222,910,2636,2123,3205,3465,4366,4939,4713,4446,3934,2746,20392,1418,0.099,Healthy
C0400,6,18,4.66,35.35,4.673,6.505,150,23.76,0,1143,852,2465,2046,2841,3202,4177,5019,4394,4234,3895,2652,18441,1317,-0.016,Healthy
C0401,1,3,5.258,34.8,5.328,6.758,232,19.77,0,1195,932,2634,2237,2966,3753,4527,4960,4412,4127,4080,2510,19434,1428,0.639,Healthy
C0401,2,6,5.191,34.99,5.241,6.779,225,20.06,0,1222,898,2596,2184,2902,3166,4378,4426,4760,4220,3652,2500,18822,1349,0.552,Healthy
C0401,3,9,5.238,34.81,5.307,6.769,226,19.57,0,1184,894,2698,2007,2970,3499,4618,4819,4470,4165,3839,2575,19450,1385,0.618,Healthy
C0401,4,12,5.115,34.85,5.178,6.767,214,19.05,0,1239,890,2596,2070,3013,3457,4714,4665,4416,4376,3614,2447,19136,1346,0.489,Healthy
C0401,5,15,5.052,35.02,5.098,6.802,219,20.81,0,1182,871,2587,2155,3009,3277,4360,4739,4677,4017,3830,2493,19500,1367,0.409,Healthy
C0401,6,18,5.129,34.88,5.189,6.785,202,19.38,0,1150,908,2567,2206,2986,3260,4615,4968,4466,4186,3681,2662,19831,1384,0.5,Healthy
C0402,1,3,5.04,34.63,5.123,6.773,114,21.84,0,1197,971,2570,2052,2868,3249,4099,4433,4125,3580,3531,2366,17810,1326,0.434,Healthy
C0402,2,6,4.75,34.43,4.847,6.734,125,20.98,0,1176,868,2666,2189,2843,3064,4222,4243,4012,3741,3334,2406,18185,1397,0.158,Healthy
C0402,3,9,4.875,34.58,4.96,6.709,116,20.8,0,1213,891,2604,1953,2791,3353,3969,3993,3824,3767,3658,2404,17287,1368,0.271,Healthy
C0402,4,12,5.071,34.62,5.156,6.671,119,20.55,0,1189,905,2797,2193,2704,3592,4229,4450,4214,3697,3650,2489,18648,1378,0.467,Healthy
C0402,5,15,4.863,34.63,4.943,6.785,141,21.35,0,1211,938,2705,2118,2920,3290,4447,4459,3898,3971,3710,2410,19008,1443,0.254,Healthy
C0402,6,18,4.887,34.63,4.968,6.718,129,21.91,0,1246,912,2528,2192,2785,3162,4380,4428,3848,3832,3677,2399,18212,1316,0.279,Healthy
C0403,1,3,4.817,35.84,4.786,6.687,131,22.42,0,1184,879,2441,2003,2497,2877,3823,4535,4151,3996,3566,2450,17562,1341,0.097,Healthy
C0403,2,6,5.002,35.78,4.975,6.72,120,22.31,0,1273,901,2693,2082,2972,2998,4128,4761,4450,4072,3666,2587,19665,1392,0.286,Healthy
C0403,3,9,4.862,35.69,4.844,6.703,116,22.77,0,1226,867,2471,2045,2704,2980,4136,4560,4303,3579,3768,2395,18029,1361,0.155,Healthy
C0403,4,12,4.986,35.74,4.963,6.694,126,22.57,0,1146,863,2635,1958,2696,3196,4147,4648,4055,3950,3875,2628,17856,1295,0.274,Healthy
C0403,5,15,5.092,35.72,5.071,6.709,122,22.36,0,1215,878,2476,1928,2640,3384,4002,4356,4655,4167,3766,2521,18075,1311,0.382,Healthy
C0403,6,18,4.971,35.86,4.937,6.674,111,21.74,0,1242,845,2586,2100,2755,2979,3901,4671,4439,3991,3921,2602,19130,1400,0.248,Healthy
C0404,1,3,4.47,35.77,4.447,6.808,112,18.11,0,1160,808,2297,1993,2568,2950,3874,4659,4230,4074,3611,2345,17477,1384,-0.242,Healthy
C0404,2,6,4.429,35.89,4.396,6.845,113,17.69,0,1126,848,2423,1945,2618,2889,3809,4466,4321,3902,3564,2265,17329,1342,-0.293,Healthy
C0404,3,9,4.658,35.84,4.628,6.784,114,17.13,0,1104,804,2214,1787,2511,3002,3847,4555,4241,3697,3534,2243,17222,1264,-0.061,Healthy
C0404,4,12,4.358,36.03,4.314,6.793,105,17.27,0,1041,814,2302,1873,2624,2947,3686,4530,4067,3935,3358,2343,17500,1265,-0.375,Healthy
C0404,5,15,4.502,35.92,4.466,6.794,111,17.73,0,1062,862,2353,1847,2583,3037,4037,4792,4335,3813,3365,2340,17365,1268,-0.223,Healthy
C0404,6,18,4.321,35.96,4.283,6.793,100,18.61,0,1036,782,2281,1862,2650,2858,3813,4225,4160,3787,3377,2151,16927,1310,-0.406,Healthy
C0405,1,3,4.754,35.33,4.769,6.582,187,20.45,0,1151,923,2611,2223,2925,3499,4380,4876,4630,4209,3648,2420,18962,1403,0.08,Healthy
C0405,2,6,4.628,35.14,4.66,6.577,188,20.01,0,1286,912,2623,2178,3031,3448,4093,5014,4494,4079,3471,2391,19259,1439,-0.029,Healthy
C0405,3,9,4.594,35.16,4.624,6.562,189,19.81,0,1190,876,2618,2211,2926,3367,4283,4626,4434,4311,3327,2340,19436,1396,-0.065,Healthy
C0405,4,12,4.649,35.21,4.675,6.566,172,19.72,0,1273,883,2547,2121,3034,3372,4268,4981,4413,4428,3458,2254,19321,1428,-0.014,Healthy
C0405,5,15,4.599,35.13,4.631,6.59,178,20.67,0,1164,939,2543,2113,2826,3303,4661,4622,4372,4020,3709,2268,19695,1445,-0.058,Healthy
C0405,6,18,4.895,35.13,4.929,6.543,187,19.84,0,1266,922,2611,2140,3023,3251,4151,4768,4333,4037,3616,2355,18591,1429,0.24,Healthy
C0406,1,3,4.605,34.25,4.714,6.8,173,19.93,0,1264,1027,2749,2146,2917,3616,4594,4559,4415,4168,3825,2511,19587,1498,0.025,Healthy
C0406,2,6,4.599,34.18,4.714,6.865,160,20.53,0,1175,954,2571,2122,2987,3444,4482,4335,4271,4209,3547,2431,19436,1460,0.025,Healthy
C0406,3,9,4.567,34.24,4.676,6.806,163,20.73,0,1315,909,2782,2153,2959,3501,4321,4436,4356,4162,3750,2582,19541,1482,-0.013,Healthy
C0406,4,12,4.644,34.15,4.763,6.847,163,20.14,0,1302,968,2684,2172,2890,3270,4812,4962,4581,4232,3766,2434,20806,1493,0.074,Healthy
C0406,5,15,4.543,34.16,4.659,6.79,167,20.26,0,1278,942,2728,2242,2981,3544,4875,4656,4421,4367,3849,2479,19990,1418,-0.03,Healthy
C0406,6,18,4.6,34.15,4.718,6.818,173,20.86,0,1270,992,2621,2105,3007,3463,4424,4654,4426,4041,4119,2511,18878,1387,0.029,Healthy
C0407,1,3,4.429,35.63,4.418,6.672,170,19.54,0,1094,794,2503,1810,2752,3056,4023,4563,4168,3993,3535,2269,17859,1326,-0.271,Healthy
C0407,2,6,5.162,36.08,5.105,6.721,204,19.94,0,1182,848,2759,2135,2964,3523,4813,4774,4581,4283,3694,2539,19423,1409,0.416,Healthy
C0407,3,9,4.975,36.26,4.903,6.792,263,16.03,0,1181,886,2560,1976,3133,3577,4859,5286,5031,4491,3728,2743,20497,1477,0.214,Healthy
C0407,4,12,5.341,36.75,5.214,6.881,370,13.55,0,1298,962,2976,2354,3289,4172,4957,5857,5079,4990,4165,2841,22829,1598,0.525,Subclinical
C0407,5,15,5.506,37.23,5.325,6.987,477,11.12,1,1785,1216,3608,2885,4225,4972,6467,6433,6659,6053,5303,3674,27851,1861,0.636,Subclinical
C0407,6,18,5.98,37.81,5.718,7.11,611,8.3,1,1980,1331,4111,3136,4352,4532,5520,7022,6822,6384,6011,3626,27959,1882,1.029,Clinical
C0408,1,3,4.879,35.76,4.855,6.633,123,26.49,0,1229,900,2555,2151,2714,3058,4307,4167,4213,3773,3297,2283,17774,1364,0.166,Healthy
C0408,2,6,4.854,35.63,4.842,6.627,93,27.17,0,1156,907,2473,1981,2710,2872,3913,4173,3965,4057,3174,2337,17602,1279,0.153,Healthy
C0408,3,9,4.886,35.7,4.867,6.607,102,26.03,0,1139,825,2280,2062,2748,3168,4038,4517,4235,3870,3397,2260,18097,1406,0.178,Healthy
C0408,4,12,4.882,35.72,4.862,6.653,111,26.88,0,1108,893,2394,1999,2660,3035,3784,4247,3835,3648,3225,2237,16685,1316,0.173,Healthy
C0408,5,15,4.868,35.67,4.852,6.655,128,27.37,0,1137,861,2530,2035,2742,3109,3846,4538,4059,4113,3443,2303,17595,1322,0.163,Healthy
C0408,6,18,4.916,35.67,4.9,6.609,113,27.82,0,1122,869,2496,1986,2677,2901,3988,4413,4049,3615,3210,2358,17331,1196,0.211,Healthy
C0409,1,3,4.584,34.8,4.645,6.734,150,16.84,0,1239,814,2391,2066,2742,3241,4387,4286,4224,3752,3459,2489,17587,1219,-0.044,Healthy
C0409,2,6,4.662,34.91,4.714,6.79,141,15.37,0,1262,907,2506,2024,2946,3143,4154,4792,4398,4041,3548,2360,18030,1347,0.025,Healthy
C0409,3,9,4.379,34.72,4.444,6.756,155,16.6,0,1218,828,2621,1995,2764,3186,4088,4732,4598,4007,3673,2550,18239,1384,-0.245,Healthy
C0409,4,12,4.571,34.8,4.632,6.721,157,15.71,0,1164,914,2484,2114,2691,3313,4344,4761,4549,4193,3658,2604,19072,1479,-0.057,Healthy
C0409,5,15,4.682,34.77,4.747,6.737,151,16.36,0,1199,880,2531,2049,2695,3119,4386,4484,4321,3733,3396,2254,18263,1336,0.058,Healthy
C0409,6,18,4.554,34.72,4.621,6.732,154,15.71,0,1154,879,2630,1906,2937,3097,4058,4654,4248,4051,3388,2401,18197,1328,-0.068,Healthy
C0411,1,3,4.479,35.5,4.479,6.535,152,23.81,0,1279,978,2898,2174,3129,3622,4544,4615,4211,3829,4016,2583,19757,1480,-0.21,Healthy
C0411,2,6,4.449,35.52,4.447,6.58,168,23.77,0,1275,955,2711,2216,3008,3268,4677,4640,4435,3969,3968,2622,19498,1403,-0.242,Healthy
C0411,3,9,4.614,35.5,4.614,6.607,147,24.32,0,1180,955,2711,2254,3060,3490,4599,4410,3840,3989,3866,2561,19256,1409,-0.075,Healthy
C0411,4,12,4.464,35.59,4.456,6.556,164,23.96,0,1370,995,2869,2347,3091,3643,4443,4628,4266,4080,3946,2855,19323,1451,-0.233,Healthy
C0411,5,15,4.426,35.56,4.421,6.581,158,23.71,0,1208,925,2719,2168,2979,3392,4664,4467,4027,3842,3771,2615,18696,1366,-0.268,Healthy
C0411,6,18,4.418,35.42,4.425,6.542,154,24.37,0,1238,919,2811,2128,2974,3396,4595,4820,4332,4089,3878,2585,18911,1357,-0.264,Healthy
C0412,1,3,5.371,35.83,5.337,6.605,189,21.56,0,1193,914,2539,2022,2961,3391,4637,4653,4620,4257,3671,2511,18433,1306,0.648,Healthy
C0412,2,6,5.062,35.9,5.024,6.582,186,21.9,0,1167,915,2437,2070,2842,3209,4303,4468,4487,3931,3638,2400,18546,1323,0.335,Healthy
C0412,3,9,5.279,35.81,5.248,6.562,183,22.74,0,1269,915,2535,2186,3104,3459,4466,5353,4775,3830,3773,2450,20333,1439,0.559,Healthy
C0412,4,12,5.135,35.77,5.109,6.583,185,22.32,0,1178,885,2481,2122,2716,3393,4339,4732,4468,4158,3709,2348,18829,1429,0.42,Healthy
C0412,5,15,5.389,35.98,5.34,6.62,186,21.72,0,1225,900,2582,2115,3063,3434,4490,4912,4551,4166,3527,2610,19212,1373,0.651,Healthy
C0412,6,18,5.187,35.73,5.164,6.573,175,21.96,0,1170,892,2603,2098,2692,3307,4479,4755,4725,3900,3630,2359,18560,1361,0.475,Healthy
C0413,1,3,4.433,35.51,4.432,6.616,97,16.78,0,998,738,2151,1848,2444,2803,3616,3966,3346,3560,3161,2106,16143,1192,-0.257,Healthy
C0413,2,6,4.512,35.61,4.503,6.578,104,17.59,0,973,710,2120,1754,2264,2735,3455,3872,3785,3460,2900,1967,15605,1211,-0.186,Healthy
C0413,3,9,4.606,35.54,4.602,6.603,77,16.8,0,848,708,1980,1643,2247,2439,3383,3643,3523,3232,2789,1842,14696,1171,-0.087,Healthy
C0413,4,12,4.563,35.5,4.563,6.574,102,16.79,0,987,733,2073,1693,2402,2598,3631,4036,3616,3414,2865,2047,15163,1200,-0.126,Healthy
C0413,5,15,4.336,35.65,4.324,6.581,98,16.64,0,1030,765,2145,1790,2278,2755,3924,3882,3524,2994,3054,2188,15269,1269,-0.365,Healthy
C0413,6,18,4.576,35.65,4.563,6.576,103,17.04,0,1100,753,2104,1719,2454,2752,3510,3913,3449,3425,2821,2225,15840,1221,-0.126,Healthy
C0414,1,3,4.656,35.54,4.652,6.675,169,19.24,0,1218,973,2829,2276,3095,3239,4662,5430,4720,4300,4025,2738,20086,1468,-0.037,Healthy
C0414,2,6,5.031,36.11,4.973,6.732,200,18.02,0,1375,972,2826,2476,3268,3663,4908,5464,5293,4642,4366,2908,21348,1499,0.284,Healthy
C0414,3,9,5.167,36.56,5.063,6.813,245,16.0,0,1393,1067,2859,2518,3292,3983,4635,5788,4868,5121,4489,3203,23130,1720,0.374,Healthy
C0414,4,12,5.501,37.09,5.335,6.916,322,13.82,0,1563,1086,3180,2544,3555,3918,4994,5724,5854,5459,4681,3198,23516,1682,0.646,Subclinical
C0414,5,15,5.852,37.8,5.596,7.039,442,11.77,0,1516,1173,3491,2681,3602,4520,5505,6337,5966,5860,5203,3391,25117,1771,0.907,Subclinical
C0414,6,18,6.34,38.57,5.97,7.18,559,9.4,0,1748,1289,3682,2962,3736,4826,5693,6933,6676,6011,5512,3793,26931,1880,1.281,Clinical
C0415,1,3,4.882,36.26,4.812,6.768,215,24.83,0,1228,995,2802,2278,3025,3619,4680,5156,4683,4678,4132,2853,20271,1499,0.123,Healthy
C0415,2,6,5.106,36.14,5.044,6.753,224,24.53,0,1343,1002,3033,2400,3256,3779,4749,5513,5274,4608,4039,2896,21642,1591,0.355,Healthy
C0415,3,9,4.95,36.05,4.898,6.759,204,25.0,0,1261,941,2691,2228,3045,3515,4457,5169,4846,4202,3995,2694,20838,1488,0.209,Healthy
C0415,4,12,4.97,36.05,4.918,6.775,224,23.84,0,1305,935,2699,2275,3068,3562,4659,5360,4858,4607,3692,2867,20834,1598,0.229,Healthy
C0415,5,15,4.935,36.0,4.888,6.756,219,24.77,0,1230,997,2776,2304,3122,3454,5009,5014,4723,4561,4010,2669,19921,1376,0.199,Healthy
C0415,6,18,4.977,36.0,4.93,6.776,206,24.97,0,1313,954,2662,2241,3107,3445,4489,5268,4795,4299,4347,2707,20019,1439,0.241,Healthy
C0416,1,3,4.444,35.38,4.454,6.585,122,19.48,0,1103,791,2375,1871,2515,2845,3856,4276,3913,3805,3371,2170,16992,1362,-0.235,Healthy
C0416,2,6,4.627,35.32,4.643,6.615,127,19.45,0,1100,772,2354,1932,2703,3053,3906,4433,4150,3848,3065,2309,16988,1277,-0.046,Healthy
C0416,3,9,4.487,35.58,4.48,6.605,122,19.5,0,1144,840,2535,2089,2702,3325,4023,4517,4300,3948,3215,2061,18072,1374,-0.209,Healthy
C0416,4,12,4.365,35.36,4.377,6.624,137,20.02,0,1072,819,2406,1986,2699,2929,3881,4711,4207,3967,3304,2311,17438,1288,-0.312,Healthy
C0416,5,15,4.555,35.36,4.567,6.645,123,19.33,0,1100,821,2333,1852,2764,2980,3812,4175,3596,3651,3223,2138,16659,1286,-0.122,Healthy
C0416,6,18,4.642,35.52,4.64,6.619,122,19.43,0,1063,776,2426,1934,2651,3019,3854,4322,4216,3639,3308,2309,17322,1287,-0.049,Healthy
C0417,1,3,4.976,35.58,4.968,6.688,193,27.87,0,1472,1043,2982,2533,3435,3880,5139,5436,4971,4631,4508,2918,22331,1631,0.279,Healthy
C0417,2,6,4.893,35.31,4.911,6.699,198,28.29,0,1432,1012,3214,2527,3517,4065,5149,5400,4482,4733,4115,2660,21521,1547,0.222,Healthy
C0417,3,9,4.846,35.53,4.843,6.726,196,27.74,0,1364,1046,3161,2520,3149,3663,4900,4679,4512,4612,4165,2951,20800,1415,0.154,Healthy
C0417,4,12,5.138,35.49,5.139,6.709,180,27.71,0,1352,1059,2987,2448,3334,3539,4882,5023,4641,4739,3896,2782,20944,1465,0.45,Healthy
C0417,5,15,4.813,35.48,4.815,6.705,188,28.05,0,1414,1043,2922,2517,3415,3711,4805,5228,4799,4477,4194,2594,21191,1472,0.126,Healthy
C0417,6,18,4.889,35.55,4.884,6.666,188,27.26,0,1384,957,3036,2339,3196,3563,4762,4909,4464,4146,4058,2657,19976,1512,0.195,Healthy
C0418,1,3,4.811,35.58,4.804,6.678,155,22.39,0,1221,909,2771,2292,2794,3071,4193,5069,4470,4463,4028,2723,19358,1359,0.115,Healthy
C0418,2,6,4.708,35.89,4.673,6.74,194,18.04,0,1195,941,2703,2269,2878,3360,4576,5108,4761,4312,4117,2620,20100,1443,-0.016,Healthy
C0418,3,9,5.342,36.0,5.291,6.829,253,19.39,0,1461,1006,3244,2576,3378,3660,4715,5607,5508,4707,4475,2950,21616,1634,0.602,Healthy
C0418,4,12,5.686,36.55,5.573,6.941,348,15.61,0,1429,1119,3412,2707,3281,4019,5131,6088,5767,5315,4645,3325,24546,1756,0.884,Subclinical
C0418,5,15,6.124,36.9,5.961,7.075,459,12.5,1,1965,1627,4409,3894,4617,5445,7404,8574,7200,7468,6442,4306,33228,2139,1.272,Subclinical
C0418,6,18,6.65,37.37,6.414,7.23,591,10.1,1,2076,1607,4690,3878,5244,5107,6712,8383,8025,7515,7067,4545,31967,2068,1.725,Clinical
C0419,1,3,5.124,35.31,5.142,6.497,151,21.87,0,1235,891,2770,2128,3024,3489,4512,4936,4669,4646,4228,2861,20605,1439,0.453,Healthy
C0419,2,6,5.19,35.29,5.211,6.494,146,22.69,0,1239,954,2819,2295,3244,3475,4848,5228,5265,4512,4068,2801,21641,1550,0.522,Healthy
C0419,3,9,5.144,35.32,5.162,6.464,154,21.79,0,1216,957,2690,2262,3190,3530,4724,5287,4990,4490,4109,2723,20460,1453,0.473,Healthy
C0419,4,12,5.23,35.35,5.245,6.475,142,21.35,0,1228,1031,2679,2399,3075,3523,4308,5006,5051,4650,4141,2700,20513,1489,0.556,Healthy
C0419,5,15,4.991,35.18,5.021,6.471,146,22.78,0,1249,970,2521,2231,2867,3331,4124,5130,4719,4260,4416,2699,19504,1437,0.332,Healthy
C0419,6,18,5.258,35.16,5.292,6.481,148,22.09,0,1204,969,2777,2362,3030,3419,4404,4986,4848,4637,4002,2787,19677,1434,0.603,Healthy
C0420,1,3,4.618,35.07,4.656,6.67,181,23.93,0,1207,905,2537,2081,3260,3429,4672,4609,4274,4059,4003,2677,19636,1437,-0.033,Healthy
C0420,2,6,4.532,35.17,4.56,6.706,160,23.34,0,1258,920,2568,2140,3077,3270,4621,4625,4349,4054,3709,2593,18427,1367,-0.129,Healthy
C0420,3,9,4.849,35.04,4.891,6.666,158,23.38,0,1233,889,2847,2058,3154,3588,4522,4601,4519,4168,3840,2675,19692,1398,0.202,Healthy
C0420,4,12,4.635,34.91,4.687,6.684,166,22.82,0,1204,926,2706,1966,3003,3322,4404,4450,4167,3805,3595,2602,19153,1338,-0.002,Healthy
C0420,5,15,4.651,35.07,4.689,6.694,166,23.63,0,1097,879,2301,1958,2932,3371,4236,4347,3960,3486,3558,2390,17113,1294,0.0,Healthy
C0420,6,18,4.694,34.79,4.757,6.66,169,23.35,0,1284,891,2471,2200,2975,3434,4453,4455,4125,4050,3896,2456,18699,1343,0.068,Healthy
C0421,1,3,4.637,35.37,4.648,6.433,107,22.78,0,1169,929,2511,2012,3137,3589,4812,5307,4850,4481,3544,2587,20798,1538,-0.041,Healthy
C0421,2,6,4.642,35.41,4.65,6.463,99,21.8,0,1162,865,2435,2049,2959,3332,4481,4795,4676,4168,3607,2504,19326,1357,-0.039,Healthy
C0421,3,9,4.358,35.45,4.362,6.467,125,23.64,0,1271,871,2480,2215,3106,3436,4688,4724,4857,4606,3616,2494,20331,1452,-0.327,Healthy
C0421,4,12,4.307,35.58,4.3,6.455,110,22.23,0,1195,933,2605,2167,3001,3750,4763,5234,4700,4651,3636,2435,20178,1467,-0.389,Healthy
C0421,5,15,4.741,35.42,4.748,6.439,122,22.72,0,1238,924,2744,2331,3150,3621,5008,5160,5141,4445,3591,2767,20539,1536,0.059,Healthy
C0421,6,18,4.458,35.53,4.455,6.497,125,23.01,0,1198,927,2710,2118,3058,3679,4639,4972,4540,4161,4015,2430,19762,1419,-0.234,Healthy
C0422,1,3,4.592,36.3,4.522,6.631,140,20.52,0,1220,982,2624,2122,3288,3358,4805,4912,4662,4372,3897,2626,20160,1467,-0.167,Healthy
C0422,2,6,4.536,36.48,4.452,6.636,149,18.8,0,1263,911,2675,2098,3044,3540,4957,4978,4751,4471,3858,2575,20510,1506,-0.237,Healthy
C0422,3,9,4.67,36.36,4.594,6.627,160,19.25,0,1283,939,2760,2173,3214,3773,4684,4820,4585,4209,4117,2623,20292,1500,-0.095,Healthy
C0422,4,12,4.814,36.38,4.734,6.642,139,19.14,0,1186,960,2618,2041,2956,3288,4444,4972,4243,4277,3785,2498,19587,1444,0.045,Healthy
C0422,5,15,4.713,36.29,4.642,6.665,174,19.38,0,1246,982,2852,2099,3231,3963,5150,5190,4779,4446,4071,2502,21090,1591,-0.047,Healthy
C0422,6,18,4.37,36.25,4.308,6.644,128,20.46,0,1176,879,2644,2248,3061,3472,4669,5058,4615,4112,3969,2578,19384,1398,-0.381,Healthy
C0425,1,3,4.446,36.42,4.368,6.747,165,22.58,0,1153,942,2725,2121,3155,3393,4233,5258,4902,4366,3831,2678,20228,1400,-0.321,Healthy
C0425,2,6,4.242,36.22,4.184,6.741,162,23.04,0,1176,893,2575,2139,3021,3553,4286,5273,4616,4313,3682,2469,19653,1392,-0.505,Healthy
C0425,3,9,4.523,36.18,4.465,6.751,153,21.98,0,1179,909,2626,2332,2987,3279,4343,4985,4655,4148,3614,2445,19151,1365,-0.224,Healthy
C0425,4,12,4.528,36.29,4.46,6.754,166,22.45,0,1209,909,2596,2166,2770,3458,4460,4794,4437,4397,3880,2494,19548,1500,-0.229,Healthy
C0425,5,15,4.491,36.16,4.435,6.741,172,22.33,0,1169,935,2745,2159,2901,3320,4427,5042,4622,4343,3668,2261,19685,1372,-0.254,Healthy
C0425,6,18,4.582,36.29,4.513,6.725,167,21.99,0,1155,917,2826,2186,3008,3387,4524,4581,4533,4272,3759,2549,19285,1425,-0.176,Healthy
C0427,1,3,4.45,35.17,4.478,6.776,130,22.92,0,1044,791,2375,1853,2535,2908,3887,4670,4375,3655,3439,2419,17473,1409,-0.211,Healthy
C0427,2,6,4.143,35.17,4.169,6.781,148,22.77,0,1113,815,2399,1854,2683,2987,4190,4994,4384,4344,3673,2425,18149,1387,-0.52,Healthy
C0427,3,9,4.277,35.14,4.306,6.765,138,23.44,0,1059,820,2275,1863,2645,3008,3953,4675,4338,4239,3728,2381,16981,1339,-0.383,Healthy
C0427,4,12,4.527,35.25,4.549,6.785,129,22.72,0,1083,812,2386,1799,2533,3015,3902,4854,4422,4064,3461,2396,17312,1331,-0.14,Healthy
C0427,5,15,4.201,35.26,4.22,6.807,150,23.34,0,1066,840,2395,1808,2722,2958,3933,4998,4382,4113,3457,2437,18007,1388,-0.469,Healthy
C0427,6,18,4.395,35.29,4.413,6.793,152,22.68,0,1111,816,2365,1856,2649,2934,4082,4886,4401,4432,3679,2472,18931,1478,-0.276,Healthy
C0428,1,3,5.3,36.06,5.244,6.575,90,16.84,0,1157,783,2437,2030,2708,3248,4326,4596,4246,4119,3492,2511,19224,1387,0.555,Healthy
C0428,2,6,5.281,36.08,5.223,6.598,101,17.01,0,1201,864,2477,2148,2925,3115,4280,4819,4597,4433,3721,2640,19041,1430,0.534,Healthy
C0428,3,9,5.27,35.94,5.226,6.596,107,17.07,0,1201,813,2395,1903,2768,3107,4049,4959,4592,4191,3697,2525,18722,1349,0.537,Healthy
C0428,4,12,5.068,35.88,5.031,6.579,107,16.61,0,1168,864,2416,2096,2840,3136,4041,4723,4221,4078,3363,2414,18281,1264,0.342,Healthy
C0428,5,15,5.233,36.01,5.182,6.558,95,16.89,0,1147,803,2470,1912,2651,2969,3950,4609,4273,4210,3725,2369,18140,1360,0.493,Healthy
C0428,6,18,5.218,36.0,5.168,6.59,109,16.84,0,1113,818,2322,2029,2774,2941,3877,4811,4413,4134,3770,2427,18037,1348,0.479,Healthy
C0430,1,3,4.804,36.5,4.713,6.696,189,17.6,0,1118,882,2432,2142,2495,2952,3540,4103,3918,3520,3559,2305,16856,1304,0.024,Healthy
C0430,2,6,4.914,36.26,4.843,6.691,210,17.13,0,1202,929,2636,2013,2680,3073,3933,4480,4307,3935,3505,2324,17958,1304,0.154,Healthy
C0430,3,9,5.05,36.56,4.948,6.667,184,16.69,0,1120,882,2445,1992,2713,2993,3576,4551,3955,3650,3397,2109,17518,1271,0.259,Healthy
C0430,4,12,4.946,36.48,4.854,6.681,184,17.06,0,1092,805,2199,1911,2616,3104,3833,4414,3821,3728,3352,2302,17524,1270,0.165,Healthy
C0430,5,15,4.784,36.42,4.7,6.668,204,16.53,0,1114,866,2791,1995,2638,3010,3839,4401,3845,3779,3528,2335,17243,1285,0.011,Healthy
C0430,6,18,5.06,36.37,4.976,6.655,186,17.2,0,1132,859,2422,1815,2486,2877,3681,4180,4321,3784,3283,2298,16975,1286,0.287,Healthy
C0431,1,3,4.732,35.85,4.701,6.679,183,18.16,0,1160,844,2530,2144,3276,3320,4750,4516,4087,4026,3611,2399,19562,1436,0.012,Healthy
C0431,2,6,4.768,35.81,4.74,6.717,195,18.72,0,1170,873,2436,2081,3225,3562,4617,4775,4334,4388,3610,2394,19489,1385,0.051,Healthy
C0431,3,9,4.83,35.78,4.804,6.679,193,18.94,0,1188,858,2420,2127,3088,3604,4634,4616,4351,4099,3425,2351,18905,1289,0.115,Healthy
C0431,4,12,4.696,35.86,4.664,6.686,194,18.74,0,1122,877,2459,1977,3006,3381,4529,4292,4217,4001,3460,2341,18577,1353,-0.025,Healthy
C0431,5,15,4.77,35.82,4.741,6.686,189,20.15,0,1236,890,2608,2095,3066,3480,4536,4541,4482,3884,3754,2527,19110,1443,0.052,Healthy
C0431,6,18,4.804,35.82,4.775,6.701,199,18.65,0,1134,870,2606,2135,3117,3567,4477,4554,4321,3986,3567,2160,19478,1404,0.086,Healthy
C0432,1,3,4.304,35.29,4.321,6.756,129,23.27,0,1095,790,2408,1938,2684,2889,3904,4308,3919,3570,3328,2350,17038,1284,-0.368,Healthy
C0432,2,6,4.257,35.49,4.258,6.803,124,23.0,0,1013,797,2212,1875,2603,2979,3590,4125,3878,3661,3416,2176,16571,1190,-0.431,Healthy
C0432,3,9,4.485,35.23,4.508,6.784,148,23.46,0,1072,797,2144,1846,2572,2900,4077,4004,3948,3659,3359,2226,16734,1276,-0.181,Healthy
C0432,4,12,4.37,35.19,4.396,6.762,147,23.66,0,1032,830,2368,1883,2482,2756,3902,4432,3970,3648,3189,2319,16985,1303,-0.293,Healthy
C0432,5,15,4.386,35.26,4.406,6.765,138,23.47,0,1100,772,2279,1810,2579,2864,3766,4030,3960,3730,3242,2200,17177,1269,-0.283,Healthy
C0432,6,18,4.524,35.22,4.548,6.773,127,22.76,0,1064,782,2147,1767,2534,2808,3934,4062,3663,3457,3196,2157,16491,1300,-0.141,Healthy
C0434,1,3,5.044,35.23,5.07,6.661,227,28.26,0,1352,1019,2883,2367,3130,3418,4560,5059,4716,4530,3950,2776,20248,1485,0.381,Healthy
C0434,2,6,4.92,35.1,4.957,6.718,224,26.76,0,1375,1061,3212,2449,3176,3676,4965,5404,4894,4388,4197,2995,20810,1408,0.268,Healthy
C0434,3,9,5.099,35.2,5.128,6.684,232,27.56,0,1424,992,3142,2316,3141,3966,4722,5323,4953,4425,4120,2803,21846,1564,0.439,Healthy
C0434,4,12,5.006,35.26,5.029,6.648,225,27.56,0,1327,1058,2971,2252,3234,3809,4569,4949,4626,4578,4010,2892,20574,1473,0.34,Healthy
C0434,5,15,5.048,35.33,5.064,6.646,230,27.42,0,1392,1020,3048,2481,3169,3505,4648,5115,4918,4535,4218,2795,20863,1444,0.375,Healthy
C0434,6,18,4.76,35.17,4.79,6.681,226,27.77,0,1392,1013,2987,2355,3137,3505,4554,5224,4748,4578,4045,2476,21132,1499,0.101,Healthy
C0435,1,3,4.398,35.87,4.367,6.469,130,20.97,0,1232,947,2803,2251,3088,3447,4488,4865,4494,4000,3533,2535,20003,1543,-0.322,Healthy
C0435,2,6,4.559,35.82,4.531,6.487,157,20.7,0,1312,969,2806,2185,3111,3519,4793,4546,4243,4093,3832,2513,19480,1447,-0.158,Healthy
C0435,3,9,4.63,35.93,4.592,6.509,153,19.96,0,1304,953,2723,2229,3161,3628,4710,4847,4190,4074,4032,2590,19739,1398,-0.097,Healthy
C0435,4,12,4.732,35.75,4.71,6.476,152,21.53,0,1296,987,2646,2334,3099,3547,4774,4549,4525,3925,4098,2602,19246,1394,0.021,Healthy
C0435,5,15,4.701,35.84,4.671,6.474,162,20.7,0,1241,964,2650,2328,3000,3442,4638,4661,4194,4165,3950,2631,19030,1310,-0.018,Healthy
C0435,6,18,4.547,35.82,4.519,6.467,145,20.36,0,1242,983,2992,2138,3126,3641,4427,4482,4291,4118,3994,2523,19999,1401,-0.17,Healthy
C0436,1,3,4.957,35.66,4.942,6.549,124,20.52,0,1174,847,2547,1989,2750,3008,4196,4557,4291,3759,3609,2470,18070,1420,0.253,Healthy
C0436,2,6,5.105,35.67,5.089,6.541,117,19.42,0,1110,822,2510,1945,2733,3180,3814,4956,4443,3702,3720,2496,18465,1407,0.4,Healthy
C0436,3,9,4.993,35.65,4.979,6.539,122,21.09,0,1127,813,2539,1978,2715,2876,3977,4453,3951,3830,3522,2369,17463,1331,0.29,Healthy
C0436,4,12,5.091,35.75,5.067,6.516,124,19.7,0,1214,927,2514,2150,2958,3106,4078,4690,4389,4310,3806,2384,18966,1411,0.378,Healthy
C0436,5,15,5.007,35.57,5.0,6.58,109,20.28,0,1162,838,2484,1947,2655,3117,3835,4378,4185,4267,3733,2443,17274,1364,0.311,Healthy
C0436,6,18,5.119,35.64,5.105,6.528,109,20.57,0,1066,844,2436,1917,2665,2959,3886,4411,4047,3641,3622,2416,17578,1331,0.416,Healthy
C0437,1,3,4.976,36.22,4.908,6.623,158,20.5,0,1491,1030,3139,2466,3119,3459,4809,4848,4613,4600,3980,2703,20804,1481,0.219,Healthy
C0437,2,6,4.646,36.32,4.574,6.618,171,19.92,0,1520,1079,3073,2714,3249,3632,4852,5047,4849,4560,4279,2566,21235,1514,-0.115,Healthy
C0437,3,9,5.082,36.0,5.034,6.617,165,21.19,0,1408,1004,2906,2531,3193,3500,4827,4854,4468,4152,3957,2678,20619,1472,0.345,Healthy
C0437,4,12,5.23,36.2,5.16,6.632,168,20.55,0,1379,1040,3011,2568,3263,3552,4813,4928,4629,4657,4136,2681,21398,1515,0.471,Healthy
C0437,5,15,4.97,35.99,4.924,6.634,163,19.82,0,1326,992,2826,2373,3022,3550,4522,4604,4531,4162,3758,2511,19622,1506,0.235,Healthy
C0437,6,18,5.13,36.21,5.061,6.619,169,20.3,0,1413,1078,3066,2476,3312,3476,4555,4986,4602,4287,4102,2695,20122,1409,0.372,Healthy
C0438,1,3,4.991,36.34,4.911,6.669,196,17.83,0,1244,942,2524,2088,3076,3422,4351,4346,4370,3648,3527,2470,19227,1385,0.222,Healthy
C0438,2,6,5.149,36.38,5.063,6.634,204,18.48,0,1244,952,2577,2095,3379,3542,4640,4463,3972,3940,3649,2384,19016,1314,0.374,Healthy
C0438,3,9,5.018,36.33,4.939,6.714,200,18.33,0,1226,860,2642,2082,3046,3400,4583,4324,4073,3838,3366,2306,17930,1382,0.25,Healthy
C0438,4,12,5.074,36.24,5.003,6.667,203,18.57,0,1187,893,2568,2014,2681,3328,4359,3977,4144,4054,3473,2229,17954,1353,0.314,Healthy
C0438,5,15,4.892,36.24,4.823,6.664,198,18.54,0,1215,897,2626,2063,2884,3328,4594,4490,3978,3676,3109,2299,18611,1452,0.134,Healthy
C0438,6,18,4.914,36.19,4.85,6.671,199,18.06,0,1204,868,2646,2133,3105,3321,4297,4144,4111,3743,3379,2333,18305,1328,0.161,Healthy
C0439,1,3,4.697,35.66,4.683,6.672,155,19.66,0,1137,864,2713,2012,2604,2964,4005,3899,4063,3561,3253,2355,17205,1261,-0.006,Healthy
C0439,2,6,4.836,36.0,4.79,6.723,199,21.15,0,1207,916,2680,2109,2793,3319,4102,4588,4052,4242,3697,2423,18474,1314,0.101,Healthy
C0439,3,9,5.044,36.46,4.952,6.795,266,17.22,0,1357,971,2720,2265,2817,3300,4224,4416,4374,3847,3900,2477,18622,1395,0.263,Healthy
C0439,4,12,5.432,36.74,5.304,6.886,342,13.96,0,1479,1058,3059,2446,3202,3728,4700,4712,4881,4636,4172,2776,20481,1461,0.615,Subclinical
C0439,5,15,5.719,37.2,5.534,6.995,464,10.93,1,1891,1364,4162,3270,4323,5077,6349,7013,6288,5525,5763,3706,27334,1867,0.845,Subclinical
C0439,6,18,6.13,37.79,5.863,7.12,597,7.6,1,2029,1501,4193,3304,4549,5215,6757,6846,6565,6201,5595,3883,29452,1951,1.174,Clinical
C0440,1,3,4.564,35.55,4.56,6.678,144,21.62,0,1097,738,2368,1913,2701,3045,4206,4779,4137,4012,3492,2480,18420,1428,-0.129,Healthy
C0440,2,6,4.71,36.04,4.662,6.74,220,19.12,0,1163,865,2538,1984,3118,3505,4450,4803,4764,4223,4076,2593,19369,1472,-0.027,Healthy
C0440,3,9,5.089,36.39,5.003,6.829,259,16.65,0,1172,870,2652,2286,3110,3829,4919,5006,4754,4750,4430,2867,21249,1523,0.314,Healthy
C0440,4,12,5.252,37.0,5.102,6.941,326,13.35,0,1251,917,2746,2192,3364,3694,5203,5361,5146,4598,4360,3006,21842,1599,0.413,Healthy
C0440,5,15,5.432,37.6,5.215,7.075,461,11.22,1,1697,1312,3929,2996,4561,4844,6655,7064,6780,6071,6287,4171,28389,1905,0.526,Subclinical
C0440,6,18,5.71,38.29,5.407,7.23,593,8.6,1,1733,1293,3942,3223,4580,5305,7044,7858,7154,6685,6318,4339,30653,2034,0.718,Clinical
C0441,1,3,4.69,35.78,4.665,6.791,187,20.74,0,1139,856,2513,2162,2891,3438,4356,4830,4386,3984,3903,2595,19130,1305,-0.024,Healthy
C0441,2,6,4.306,35.74,4.286,6.754,187,20.35,0,1269,1013,2672,2253,3158,3620,4557,5057,4665,4311,3936,2685,19993,1472,-0.403,Healthy
C0441,3,9,4.277,35.82,4.251,6.811,197,20.16,0,1222,863,2424,2246,2960,3373,4672,4693,4685,4098,3695,2730,18531,1370,-0.438,Healthy
C0441,4,12,4.527,35.79,4.502,6.8,168,20.08,0,1125,930,2553,2100,2911,3097,4537,4829,4329,4238,3723,2530,19055,1438,-0.187,Healthy
C0441,5,15,4.666,35.64,4.654,6.83,188,19.34,0,1157,885,2691,2073,3039,3226,4370,4513,4257,4023,4016,2649,19008,1428,-0.035,Healthy
C0441,6,18,4.476,35.73,4.456,6.853,198,20.47,0,1296,917,2572,2139,3164,3586,4694,4914,4348,4308,4017,2694,19582,1393,-0.233,Healthy
C0442,1,3,4.713,35.12,4.747,6.711,103,16.85,0,1056,833,2373,1898,2587,3253,4090,4233,4144,3560,3471,2178,18074,1335,0.058,Healthy
C0442,2,6,4.699,35.1,4.735,6.669,119,16.89,0,1094,853,2437,2001,2662,3032,3892,4538,3998,3647,3400,2428,17816,1308,0.046,Healthy
C0442,3,9,4.606,35.19,4.633,6.733,104,17.49,0,1079,782,2443,1808,2577,3171,3769,4420,3938,3581,3574,2451,16589,1309,-0.056,Healthy
C0442,4,12,4.838,35.28,4.858,6.705,103,17.97,0,1103,798,2452,1841,2738,2912,4035,4235,3968,3843,3362,2337,17246,1369,0.169,Healthy
C0442,5,15,4.603,35.03,4.644,6.7,103,17.16,0,1028,819,2147,1841,2740,2892,3976,4168,3979,3515,3467,2220,16523,1295,-0.045,Healthy
C0442,6,18,4.832,35.13,4.866,6.695,100,17.42,0,1063,803,2338,1801,2524,2717,3957,4362,3820,3529,3369,2437,16564,1350,0.177,Healthy
C0443,1,3,4.699,36.52,4.608,6.631,118,17.68,0,1045,809,2133,1793,2428,2802,3558,3868,3632,3502,2961,2009,16061,1257,-0.081,Healthy
C0443,2,6,5.041,36.43,4.952,6.633,121,16.59,0,1095,830,2272,2022,2624,2802,3970,3858,3711,3533,3195,2086,16481,1213,0.263,Healthy
C0443,3,9,4.877,36.52,4.782,6.683,109,17.38,0,1034,823,2299,1786,2415,2803,3613,3809,3552,3609,2867,2035,15779,1155,0.093,Healthy
C0443,4,12,4.927,36.42,4.841,6.624,125,17.53,0,1108,827,2386,1944,2613,2864,3647,4126,3872,3903,3150,2332,16952,1241,0.152,Healthy
C0443,5,15,4.949,36.58,4.847,6.662,110,17.6,0,1098,771,2265,1681,2390,2906,3339,4083,3786,3293,2775,2014,16121,1216,0.158,Healthy
C0443,6,18,4.797,36.56,4.7,6.66,129,17.02,0,1171,815,2252,1808,2420,3040,3688,4256,3776,3689,3077,2100,16938,1251,0.011,Healthy
C0444,1,3,4.215,35.56,4.21,6.633,180,18.24,0,1176,897,2740,2173,2940,3064,4376,5119,4843,4340,3680,2450,19876,1446,-0.479,Healthy
C0444,2,6,3.916,35.72,3.9,6.628,190,18.83,0,1118,939,2699,2253,3079,3440,4347,5270,5045,4467,3760,2615,20802,1486,-0.789,Healthy
C0444,3,9,4.035,35.65,4.024,6.621,187,18.98,0,1243,921,2720,2147,2997,3285,4702,5061,4923,4636,3806,2519,20197,1464,-0.665,Healthy
C0444,4,12,3.97,35.67,3.957,6.624,181,18.44,0,1187,909,2459,2042,3035,3342,4319,5396,5033,4408,3629,2469,19777,1548,-0.732,Healthy
C0444,5,15,4.122,35.54,4.119,6.633,199,18.19,0,1267,947,2756,2175,2791,3226,4261,5430,4888,4570,3623,2509,19971,1488,-0.57,Healthy
C0444,6,18,4.092,35.57,4.087,6.617,186,19.19,0,1150,866,2439,1811,2808,3313,3783,4861,4518,4395,3206,2356,18265,1367,-0.602,Healthy
C0445,1,3,4.623,35.33,4.638,6.548,31,19.87,0,993,756,2100,1747,2308,2784,3531,3738,3462,3394,3187,2061,15128,1230,-0.051,Healthy
C0445,2,6,4.71,35.45,4.714,6.581,42,20.01,0,1024,712,2180,1660,2276,2540,3602,3817,3731,3256,3006,2081,15602,1172,0.025,Healthy
C0445,3,9,4.636,35.36,4.648,6.569,38,19.21,0,1017,716,2153,1751,2430,2625,3667,3676,3596,3142,2874,1996,15614,1171,-0.041,Healthy
C0445,4,12,4.884,35.35,4.898,6.567,39,20.62,0,961,779,2122,1631,2385,2754,3544,3576,3393,3332,3345,2083,14373,1182,0.209,Healthy
C0445,5,15,4.696,35.31,4.713,6.519,35,20.47,0,967,784,2312,1703,2344,2768,3731,3968,3786,3169,3088,2127,16128,1237,0.024,Healthy
C0445,6,18,4.759,35.37,4.771,6.567,42,20.97,0,997,699,2305,1748,2414,2713,3368,3939,3605,3392,3164,2050,15483,1207,0.082,Healthy
C0446,1,3,4.691,35.52,4.689,6.682,148,23.1,0,1239,908,2732,2104,2761,3491,4374,4838,4491,4139,3935,2650,19024,1345,0.0,Healthy
C0446,2,6,4.662,35.58,4.655,6.692,144,24.04,0,1198,907,2657,2086,3059,3315,4177,4603,4452,3917,3817,2547,18707,1358,-0.034,Healthy
C0446,3,9,4.718,35.57,4.712,6.669,132,23.36,0,1222,875,2639,2174,3105,3384,4436,4658,4213,4252,3754,2470,18709,1361,0.023,Healthy
C0446,4,12,4.596,35.82,4.568,6.638,146,23.66,0,1255,883,2484,2120,3025,3176,4149,4255,4419,4088,3754,2610,18447,1343,-0.121,Healthy
C0446,5,15,4.734,35.44,4.739,6.699,135,24.0,0,1288,926,2642,2056,2979,3339,4416,4515,4350,3990,4139,2665,19635,1526,0.05,Healthy
C0446,6,18,4.86,35.58,4.853,6.693,143,24.15,0,1258,976,2682,2230,2960,3530,4230,5065,4409,4327,3700,2513,19026,1492,0.164,Healthy
C0448,1,3,5.014,34.83,5.078,6.514,131,18.61,0,1117,853,2380,1945,2755,3182,4286,4992,4428,4178,3779,2340,19060,1433,0.389,Healthy
C0448,2,6,5.077,35.01,5.124,6.495,123,18.89,0,1127,872,2425,1889,2989,3132,4169,4755,4275,3994,3364,2262,18733,1385,0.435,Healthy
C0448,3,9,4.804,34.99,4.851,6.544,138,18.47,0,1189,805,2471,1930,2687,2969,4178,4523,4565,4126,3237,2371,18127,1377,0.162,Healthy
C0448,4,12,4.759,35.0,4.804,6.53,107,18.94,0,1020,782,2214,1878,2534,2799,3613,4294,3690,3690,3250,2284,16646,1265,0.115,Healthy
C0448,5,15,5.282,35.03,5.329,6.494,124,19.73,0,1121,801,2473,2025,2864,3243,4159,4511,4477,4194,3576,2387,18417,1350,0.64,Healthy
C0448,6,18,4.86,35.15,4.892,6.536,133,19.33,0,1032,826,2310,1923,2635,3183,3835,4612,4138,3900,3301,2218,17135,1247,0.203,Healthy
C0449,1,3,4.838,36.12,4.781,6.679,138,20.1,0,1121,835,2524,1895,2709,3096,3906,4688,4294,4027,3291,2188,18702,1364,0.092,Healthy
C0449,2,6,4.841,35.98,4.797,6.674,127,20.94,0,1086,848,2310,1958,2840,3061,3937,4279,4209,3778,3153,2128,17355,1318,0.108,Healthy
C0449,3,9,4.721,35.98,4.678,6.667,131,20.29,0,1166,835,2343,2077,2792,3214,4027,4252,4425,4005,3510,2175,18460,1347,-0.011,Healthy
C0449,4,12,4.848,36.25,4.779,6.701,141,19.19,0,1134,863,2468,1865,2804,3149,4149,4486,4310,4032,3318,2226,18335,1307,0.09,Healthy
C0449,5,15,4.853,36.04,4.803,6.665,155,21.12,0,1114,876,2504,2111,2653,2910,4302,4600,4120,4303,3260,2129,17958,1343,0.114,Healthy
C0449,6,18,4.854,36.17,4.792,6.666,138,19.89,0,1167,821,2452,1915,2787,3237,4150,4601,4050,4075,3179,2240,17857,1346,0.103,Healthy
C0450,1,3,5.213,35.2,5.243,6.622,129,14.82,0,1152,830,2530,2024,2736,3076,4298,4454,4396,4042,3576,2275,18459,1349,0.554,Healthy
C0450,2,6,5.343,35.14,5.38,6.628,142,14.13,0,1186,860,2405,2037,2797,3233,4483,4623,4534,4045,3634,2292,18875,1387,0.691,Healthy
C0450,3,9,5.071,35.37,5.084,6.591,133,14.79,0,1086,868,2333,1993,2819,3139,4256,4661,4577,4187,3340,2419,18410,1249,0.395,Healthy
C0450,4,12,5.204,35.13,5.241,6.63,115,14.48,0,1133,893,2381,2110,2767,3082,4077,4496,4226,3956,3462,2269,17484,1345,0.552,Healthy
C0450,5,15,5.291,35.14,5.327,6.634,129,13.92,0,1139,840,2369,1920,2809,3130,4155,4719,3957,3924,3519,2237,18245,1366,0.638,Healthy
C0450,6,18,5.035,35.23,5.061,6.612,139,14.52,0,1077,849,2346,1804,2782,3179,4257,4815,4295,3824,3423,2263,17061,1352,0.372,Healthy
C0451,1,3,4.397,35.0,4.439,6.47,128,17.59,0,1056,781,2499,1957,2966,3281,4141,4411,4215,3940,3555,2302,18259,1345,-0.25,Healthy
C0451,2,6,4.629,34.98,4.675,6.461,116,17.21,0,1057,850,2356,1842,2632,3298,4033,4445,4056,3789,3510,2272,17980,1372,-0.014,Healthy
C0451,3,9,4.726,34.93,4.777,6.475,129,17.56,0,1096,805,2320,1875,2969,3288,4272,4226,3852,3691,2952,2252,16953,1335,0.088,Healthy
C0451,4,12,4.709,34.81,4.771,6.45,137,18.26,0,1115,803,2342,1935,2796,3354,4107,4225,4259,4036,3406,2205,18020,1342,0.082,Healthy
C0451,5,15,4.551,34.82,4.61,6.453,122,17.23,0,1039,787,2251,1844,2868,3125,4189,4188,3906,3821,3050,2111,17238,1314,-0.079,Healthy
C0451,6,18,4.567,34.98,4.612,6.474,121,17.77,0,987,745,2172,1836,2458,3016,4177,4321,3981,3896,3251,2184,17172,1301,-0.077,Healthy
C0452,1,3,5.093,35.79,5.065,6.567,101,18.15,0,1144,846,2410,2042,2818,3232,4032,4449,4301,3988,3562,2391,18497,1295,0.376,Healthy
C0452,2,6,5.058,35.66,5.043,6.554,104,18.28,0,1150,935,2471,2174,2716,3386,4184,4509,4371,3893,3414,2312,17972,1356,0.354,Healthy
C0452,3,9,4.966,35.7,4.947,6.566,115,17.49,0,1217,868,2593,2071,2847,3465,4537,4510,4283,3956,3402,2348,18731,1338,0.258,Healthy
C0452,4,12,4.885,35.78,4.859,6.537,98,18.7,0,1115,810,2328,1912,2747,2837,4048,4485,3975,3811,3380,2354,17345,1265,0.17,Healthy
C0452,5,15,4.858,35.66,4.843,6.563,118,18.27,0,1144,860,2562,2120,2845,3311,3967,4680,4441,4124,3466,2392,17907,1358,0.154,Healthy
C0452,6,18,5.071,35.7,5.052,6.547,112,17.56,0,1238,856,2565,2018,3053,3047,4251,4909,4458,4032,3521,2220,19081,1458,0.363,Healthy
C0453,1,3,5.276,36.14,5.212,6.613,233,17.38,0,1347,1006,2864,2378,3479,3725,4992,5322,4938,4684,4182,2601,22237,1608,0.523,Healthy
C0453,2,6,5.327,35.9,5.287,6.553,235,17.35,0,1346,1032,2989,2306,3129,3618,5017,5229,5016,4718,3642,2618,21614,1565,0.598,Healthy
C0453,3,9,5.253,36.09,5.194,6.619,254,18.37,0,1202,939,2533,2231,3073,3453,4643,5077,4713,4217,3628,2413,19942,1462,0.505,Healthy
C0453,4,12,5.197,35.88,5.159,6.622,230,17.65,0,1187,926,2773,2464,3055,3714,4780,5000,4662,4231,3812,2516,20691,1527,0.47,Healthy
C0453,5,15,5.101,36.16,5.037,6.63,253,18.07,0,1244,992,2604,2391,3329,3559,4683,5112,4854,4590,3960,2568,20436,1550,0.348,Healthy
C0453,6,18,5.298,36.1,5.238,6.608,246,17.78,0,1277,972,2837,2354,3190,3609,4853,5214,4801,4446,3639,2524,20436,1448,0.549,Healthy
C0454,1,3,5.082,35.94,5.04,6.855,221,21.05,0,1406,1070,3066,2456,3354,3688,5215,5369,5261,4877,4298,2822,22400,1558,0.351,Healthy
C0454,2,6,5.229,35.83,5.196,6.84,237,20.82,0,1275,1025,2867,2372,3413,3852,5140,5903,5054,4978,4384,3122,22347,1612,0.507,Healthy
C0454,3,9,5.081,35.84,5.048,6.824,214,20.49,0,1410,992,2770,2358,3211,3818,4794,5476,4843,4423,4203,2882,21272,1443,0.359,Healthy
C0454,4,12,5.221,35.76,5.195,6.82,238,20.54,0,1390,1031,2816,2467,3258,3705,5056,5935,5349,4910,4479,2865,21886,1549,0.506,Healthy
C0454,5,15,5.045,35.85,5.011,6.854,221,20.19,0,1388,996,2876,2334,3225,3746,4933,5094,4948,4664,4184,2919,20568,1493,0.322,Healthy
C0454,6,18,4.946,35.9,4.908,6.864,215,20.02,0,1208,922,2668,2188,3001,3454,4497,4794,4362,4432,4033,2657,19140,1378,0.219,Healthy
C0455,1,3,4.138,36.05,4.095,6.704,101,19.39,0,1061,767,2237,1799,2614,2944,3937,4288,3772,3569,3286,2398,16447,1168,-0.594,Healthy
C0455,2,6,4.295,36.12,4.244,6.723,92,19.72,0,1050,734,2238,1849,2444,2914,3894,4267,3794,3717,3461,2318,15998,1292,-0.445,Healthy
C0455,3,9,4.268,36.08,4.221,6.728,96,19.2,0,1050,750,2136,1753,2544,2954,3934,4076,4023,3553,3362,2151,16757,1245,-0.468,Healthy
C0455,4,12,4.19,36.14,4.139,6.715,99,19.3,0,1022,793,2322,1848,2492,2974,3879,3999,3911,3784,3492,2206,16323,1223,-0.55,Healthy
C0455,5,15,4.566,35.87,4.534,6.707,110,19.87,0,1052,799,2263,1683,2576,2903,3734,4161,3937,3653,3705,2392,16146,1298,-0.155,Healthy
C0455,6,18,4.463,35.89,4.43,6.687,117,18.72,0,1128,801,2256,1992,2777,3084,4187,4444,4078,3767,3695,2503,17586,1184,-0.259,Healthy
C0456,1,3,4.812,35.1,4.849,6.514,212,19.02,0,1261,1012,2727,2154,3065,3650,4710,4735,4473,4178,3961,2616,19459,1488,0.16,Healthy
C0456,2,6,4.578,35.23,4.601,6.535,213,19.27,0,1228,913,2558,2052,3074,3422,4354,4616,4501,4210,3918,2716,18570,1472,-0.088,Healthy
C0456,3,9,4.625,35.05,4.665,6.54,207,20.54,0,1145,876,2787,2176,2789,3343,4195,4777,4513,4253,3851,2700,18568,1331,-0.024,Healthy
C0456,4,12,4.558,35.25,4.58,6.557,221,19.24,0,1248,861,2705,2172,3111,3496,4412,4814,4277,4362,3789,2533,19713,1412,-0.109,Healthy
C0456,5,15,4.509,35.04,4.548,6.509,205,18.46,0,1308,957,2641,2298,3095,3477,4680,4661,4624,4060,3782,2596,19584,1449,-0.141,Healthy
C0456,6,18,4.81,35.12,4.845,6.511,228,19.04,0,1203,931,2888,2224,2953,3724,4087,4701,4646,4070,3878,2469,18895,1401,0.156,Healthy
C0458,1,3,4.906,36.26,4.835,6.472,163,25.54,0,1120,826,2347,1960,2883,3251,3903,4382,4327,3939,3630,2431,17447,1376,0.146,Healthy
C0458,2,6,4.987,36.23,4.918,6.481,164,25.13,0,1131,884,2522,1970,2634,3051,4264,4437,4000,4060,3491,2561,18757,1332,0.229,Healthy
C0458,3,9,4.753,36.2,4.69,6.468,156,25.46,0,1054,784,2439,2050,2656,2988,3872,4374,4092,3809,3319,2389,17168,1258,0.001,Healthy
C0458,4,12,4.791,36.2,4.727,6.528,156,24.92,0,1094,804,2351,1857,2668,3231,3865,4491,3936,4026,3666,2351,17850,1354,0.038,Healthy
C0458,5,15,4.968,36.21,4.901,6.497,147,25.24,0,1161,861,2537,1769,2621,2890,3578,4424,4260,4250,3514,2296,17300,1245,0.212,Healthy
C0458,6,18,4.732,36.25,4.665,6.513,151,25.54,0,1086,841,2257,1950,2604,3114,3695,4824,4181,3765,3453,2329,17168,1267,-0.024,Healthy
C0459,1,3,4.784,35.37,4.796,6.751,141,24.29,0,1106,873,2498,2109,2768,3106,4319,4522,4202,4302,3634,2358,18985,1405,0.107,Healthy
C0459,2,6,4.873,35.47,4.876,6.783,151,24.7,0,1177,867,2519,2086,2926,3176,4215,4996,4367,4402,3696,2401,19646,1400,0.187,Healthy
C0459,3,9,4.817,35.49,4.818,6.743,149,24.91,0,1156,890,2654,2111,2839,3290,4409,4837,4543,4309,3814,2527,19418,1408,0.129,Healthy
C0459,4,12,4.962,35.39,4.972,6.778,142,25.32,0,1107,855,2547,2086,2976,3280,4065,4520,4090,4332,3475,2531,18811,1346,0.283,Healthy
C0459,5,15,4.768,35.39,4.778,6.751,134,24.98,0,1135,821,2299,1984,2664,3220,3852,4560,4160,4081,3347,2342,17394,1264,0.089,Healthy
C0459,6,18,4.871,35.43,4.877,6.801,142,25.4,0,1133,838,2627,2073,2892,3327,4140,4503,4323,4242,3690,2588,18907,1411,0.188,Healthy
C0460,1,3,4.479,35.59,4.471,6.616,124,14.23,0,1030,811,2320,1877,2441,2887,3779,3984,3886,3475,3067,2163,16637,1260,-0.218,Healthy
C0460,2,6,4.279,35.46,4.282,6.624,107,13.99,0,1018,758,2115,1651,2434,2734,3602,3781,3506,3351,2932,2116,15605,1214,-0.407,Healthy
C0460,3,9,4.381,35.44,4.386,6.605,117,13.59,0,1011,810,2287,1878,2565,2969,3805,3937,3863,3597,3421,2315,17113,1323,-0.303,Healthy
C0460,4,12,4.326,35.42,4.333,6.594,127,14.02,0,1017,817,2241,1792,2574,3083,3951,3937,3764,3619,3381,2246,15855,1230,-0.356,Healthy
C0460,5,15,4.569,35.35,4.582,6.618,129,14.48,0,1134,844,2387,1937,2765,3093,3990,4331,4017,3515,3460,2374,17306,1287,-0.107,Healthy
C0460,6,18,4.359,35.33,4.373,6.59,126,15.11,0,996,794,2326,1837,2629,2621,3785,4008,3568,3578,3184,2284,16688,1228,-0.316,Healthy
C0461,1,3,4.687,36.17,4.627,6.615,201,22.08,0,1395,1065,3092,2618,3026,3502,5183,5266,4770,4521,4342,2731,20877,1518,-0.062,Healthy
C0461,2,6,4.846,36.17,4.784,6.654,179,21.29,0,1315,1023,2994,2478,3420,3607,4816,5114,4740,4348,4167,2658,21263,1609,0.095,Healthy
C0461,3,9,4.722,36.36,4.645,6.624,195,21.58,0,1390,1008,2892,2516,3241,3775,4803,5141,4824,4619,3863,2858,21003,1545,-0.044,Healthy
C0461,4,12,4.754,36.12,4.698,6.653,202,22.43,0,1471,1045,3178,2520,3302,3638,4884,5189,4969,4429,4141,2938,21505,1465,0.009,Healthy
C0461,5,15,4.653,36.26,4.586,6.649,184,22.26,0,1346,992,2709,2432,3192,3563,4631,5111,4574,4193,3788,2654,19871,1352,-0.103,Healthy
C0461,6,18,4.65,36.15,4.593,6.622,190,22.22,0,1510,986,3022,2302,3283,3422,4792,5440,4806,4236,3989,2617,21904,1522,-0.096,Healthy
C0462,1,3,4.769,35.76,4.745,6.673,142,18.42,0,1223,841,2393,1998,2845,3301,4109,4958,4416,4058,3735,2505,18259,1285,0.056,Healthy
C0462,2,6,4.749,36.12,4.693,6.726,195,17.05,0,1166,937,2616,2204,2740,3377,4126,4830,4546,4563,3631,2462,19235,1350,0.004,Healthy
C0462,3,9,5.261,36.42,5.169,6.801,264,17.9,0,1294,1021,2927,2328,3361,3812,4498,5401,4885,4593,4267,2663,21045,1401,0.48,Healthy
C0462,4,12,5.508,36.97,5.354,6.896,366,16.27,0,1528,1030,3066,2259,3290,3737,5364,5801,4935,4848,4003,2815,22710,1610,0.665,Subclinical
C0462,5,15,6.068,37.61,5.825,7.009,472,12.59,1,1962,1531,4222,3479,4815,4967,6736,7373,6813,6929,5651,3872,30315,1965,1.136,Subclinical
C0462,6,18,6.54,38.3,6.192,7.14,604,10.2,1,2033,1408,4475,3618,4728,5671,7356,8455,7027,7066,5997,4266,31125,2009,1.503,Clinical
C0463,1,3,4.777,35.78,4.752,6.667,168,19.62,0,1141,883,2328,2042,2780,3042,4217,4455,4090,3764,3599,2409,17591,1288,0.063,Healthy
C0463,2,6,4.862,36.02,4.814,6.706,197,19.24,0,1206,892,2582,2097,2823,3280,4533,4503,4397,3871,3851,2512,17905,1306,0.125,Healthy
C0463,3,9,5.098,36.58,4.993,6.761,292,17.13,0,1228,998,3003,2397,3070,3833,4752,4979,4463,4403,4195,2771,20568,1469,0.304,Healthy
C0463,4,12,5.383,37.06,5.223,6.831,407,14.23,0,1437,1076,3108,2610,3531,4057,5011,5560,5273,4692,4641,3097,23343,1571,0.534,Subclinical
C0463,5,15,5.966,37.68,5.719,6.914,539,13.06,1,1929,1348,4047,3549,4739,5502,6821,7217,6968,6878,6392,4288,30258,2059,1.03,Subclinical
C0463,6,18,6.42,38.44,6.061,7.01,705,9.4,1,1942,1509,4333,3595,4893,5786,7287,7914,7011,6597,6628,4454,31752,2109,1.372,Clinical
C0464,1,3,4.662,36.76,4.55,6.498,98,19.19,0,1114,861,2426,1995,2985,3235,3901,4483,3969,3966,3349,2201,18335,1377,-0.139,Healthy
C0464,2,6,4.532,36.64,4.434,6.541,107,18.75,0,1191,783,2349,1951,2833,3155,3991,4237,4159,3845,3541,2350,17422,1288,-0.255,Healthy
C0464,3,9,4.635,36.54,4.543,6.529,93,18.39,0,1114,896,2498,1871,2746,3026,3900,4161,3639,3803,3410,2365,17523,1362,-0.146,Healthy
C0464,4,12,4.618,36.49,4.531,6.537,104,18.81,0,1200,848,2473,1992,2480,3417,4023,4215,4114,3670,3584,2283,18302,1379,-0.158,Healthy
C0464,5,15,4.694,36.7,4.587,6.489,99,18.22,0,1039,850,2286,1977,2795,3059,3957,4016,4041,3593,3604,2266,16512,1267,-0.102,Healthy
C0464,6,18,4.442,36.59,4.35,6.52,93,18.71,0,1062,778,2337,1870,2933,3056,3953,3852,3751,3537,3469,2327,17202,1341,-0.339,Healthy
C0466,1,3,4.464,36.1,4.413,6.75,88,20.37,0,944,754,2143,1843,2437,2929,3680,4494,3967,3661,3211,2118,16538,1317,-0.276,Healthy
C0466,2,6,4.707,35.9,4.671,6.746,86,20.25,0,1061,772,2156,1694,2405,2778,3689,4142,4152,3574,3033,2066,16741,1271,-0.018,Healthy
C0466,3,9,4.609,36.02,4.563,6.723,87,19.75,0,1016,747,2283,1863,2496,2838,3898,4058,3818,3574,3085,2109,16386,1237,-0.126,Healthy
C0466,4,12,4.793,35.89,4.757,6.739,82,20.23,0,957,762,2186,1643,2386,2856,3381,4214,3711,3707,2898,2083,16144,1294,0.068,Healthy
C0466,5,15,4.75,36.0,4.705,6.752,77,21.88,0,990,714,2199,1701,2264,2707,3418,4089,3460,3547,3084,2050,15708,1170,0.016,Healthy
C0466,6,18,4.751,35.92,4.713,6.779,97,20.06,0,1057,780,2257,1747,2525,2701,3784,4522,3909,4008,3143,2005,16947,1358,0.024,Healthy
C0467,1,3,5.169,35.68,5.151,6.472,140,18.94,0,1294,1003,2995,2081,2930,3584,4259,5157,4741,4317,3923,2599,19495,1405,0.462,Healthy
C0467,2,6,4.96,35.57,4.953,6.503,150,18.22,0,1299,946,2835,2291,3096,3248,4153,5140,4847,4575,3882,2535,20218,1460,0.264,Healthy
C0467,3,9,5.107,35.62,5.095,6.49,164,18.29,0,1239,990,2749,2245,3070,3383,4575,4843,4947,4546,3809,2574,19970,1424,0.406,Healthy
C0467,4,12,4.926,35.48,4.928,6.476,157,18.24,0,1319,982,2793,2138,3080,3188,4195,5238,4604,4571,3814,2485,19725,1436,0.239,Healthy
C0467,5,15,5.045,35.62,5.033,6.54,159,18.36,0,1206,929,2590,2148,2937,3193,4043,4963,4613,4445,3791,2419,19490,1381,0.344,Healthy
C0467,6,18,5.026,35.32,5.043,6.531,146,18.73,0,1203,959,2634,2184,2830,3148,3998,4847,4781,4172,3744,2399,19269,1393,0.354,Healthy
C0468,1,3,4.8,35.78,4.774,6.671,152,17.09,0,1241,913,2669,2096,2849,3365,4524,4541,4258,3968,3453,2625,18578,1379,0.085,Healthy
C0468,2,6,4.942,35.88,4.906,6.718,181,17.58,0,1402,1048,2976,2337,3408,3593,4712,5023,4836,4451,4253,2763,21038,1502,0.217,Healthy
C0468,3,9,5.12,36.34,5.038,6.785,253,18.12,0,1462,1104,2958,2390,3395,4082,4733,5380,5083,4398,4347,3000,21700,1431,0.349,Healthy
C0468,4,12,5.223,36.84,5.09,6.871,313,15.51,0,1509,1082,3455,2495,3371,4014,5072,5312,4972,4962,4538,3138,22084,1676,0.401,Subclinical
C0468,5,15,5.484,37.33,5.293,6.973,392,13.09,1,1892,1468,4122,3280,4487,5438,6862,7408,6491,5753,6005,3944,28796,2005,0.604,Subclinical
C0468,6,18,5.81,37.97,5.537,7.09,498,10.5,1,1939,1503,4181,3509,4745,5648,7591,7299,7650,6471,6256,4198,30841,1994,0.848,Subclinical
C0469,1,3,4.852,36.36,4.773,6.617,129,18.43,0,1189,819,2559,1930,2481,3148,4075,3983,4078,3506,2988,2167,17212,1269,0.084,Healthy
C0469,2,6,4.696,36.17,4.636,6.606,133,18.44,0,1162,826,2453,1871,2651,2757,3772,4384,3730,3785,3124,2146,16879,1271,-0.053,Healthy
C0469,3,9,4.631,36.18,4.571,6.571,138,19.22,0,1116,816,2496,1973,2579,2992,3923,4152,3882,3785,3080,2180,17255,1329,-0.118,Healthy
C0469,4,12,4.683,36.2,4.621,6.597,126,19.05,0,1121,788,2315,1858,2495,2863,4080,4109,3806,3505,2947,2168,16409,1274,-0.068,Healthy
C0469,5,15,4.61,36.23,4.546,6.587,135,18.65,0,1094,847,2430,1864,2614,2915,4005,4131,4094,3650,3305,2104,17080,1240,-0.143,Healthy
C0469,6,18,4.973,36.15,4.912,6.56,140,17.81,0,1173,821,2552,2003,2612,3046,3864,4251,4067,3698,3148,2234,17380,1411,0.223,Healthy
C0470,1,3,4.687,35.85,4.656,6.691,208,20.63,0,1187,929,2638,2207,2687,3200,3758,4708,4564,3922,3694,2392,18597,1355,-0.033,Healthy
C0470,2,6,4.763,35.65,4.749,6.703,205,20.77,0,1324,939,2545,2167,2973,3204,4119,4990,4438,4221,3750,2385,19734,1517,0.06,Healthy
C0470,3,9,4.753,35.73,4.732,6.729,202,21.45,0,1223,951,2268,2088,2569,3083,3837,4397,4331,4233,3773,2282,18354,1332,0.043,Healthy
C0470,4,12,4.507,35.78,4.483,6.715,210,19.32,0,1272,914,2628,2044,2586,3369,3923,4762,4234,4281,3633,2402,18580,1419,-0.206,Healthy
C0470,5,15,4.648,35.68,4.632,6.701,203,21.4,0,1191,944,2534,2199,2805,3177,3955,4699,4343,4229,3590,2407,18052,1360,-0.057,Healthy
C0470,6,18,4.589,35.81,4.562,6.71,205,20.88,0,1216,912,2589,2226,2673,2868,4019,4411,4192,4102,3818,2379,17923,1297,-0.127,Healthy
C0471,1,3,4.303,35.66,4.29,6.759,201,20.78,0,1255,985,2736,2261,2979,3564,4533,4847,4482,4447,3943,2804,20262,1491,-0.399,Healthy
C0471,2,6,4.477,35.71,4.459,6.751,200,22.3,0,1328,1007,2708,2216,2912,3511,4373,4626,4472,4381,4040,2622,19529,1432,-0.23,Healthy
C0471,3,9,4.487,35.58,4.48,6.79,199,22.27,0,1274,948,2604,2187,2933,3432,4106,4419,4372,3934,3880,2400,18258,1396,-0.209,Healthy
C0471,4,12,4.435,35.77,4.412,6.776,204,21.88,0,1367,953,2668,2217,2983,3439,4362,4720,4553,4048,3725,2684,19332,1378,-0.277,Healthy
C0471,5,15,4.486,35.75,4.465,6.745,211,21.7,0,1286,956,2815,2175,2981,3272,4326,5008,4764,4287,4033,2763,19573,1423,-0.224,Healthy
C0471,6,18,4.466,35.8,4.441,6.755,190,21.94,0,1244,927,2681,2158,2789,3341,3942,4661,4261,3928,3924,2571,19026,1433,-0.248,Healthy
C0472,1,3,5.251,36.05,5.196,6.584,153,22.26,0,1084,807,2288,1993,2593,3040,4032,4532,4142,3646,3083,2118,17254,1217,0.507,Healthy
C0472,2,6,5.372,36.04,5.317,6.569,152,22.44,0,1157,830,2368,1933,2727,3236,3963,4478,4154,4071,3310,2248,18077,1292,0.628,Healthy
C0472,3,9,5.311,36.1,5.25,6.618,147,22.9,0,1099,877,2446,2123,2782,3228,3952,4618,4239,3830,3396,2130,18349,1361,0.561,Healthy
C0472,4,12,5.319,36.05,5.263,6.605,138,22.68,0,1098,874,2457,1811,2787,2993,3887,4519,3850,3743,3004,2079,16941,1290,0.574,Healthy
C0472,5,15,5.355,36.03,5.301,6.608,165,21.72,0,1149,829,2565,1940,2867,3236,4089,4343,4127,3754,3400,2232,17651,1317,0.612,Healthy
C0472,6,18,5.029,36.02,4.979,6.601,137,22.52,0,1035,768,2191,1849,2577,2985,3773,4132,3948,3539,2919,2058,16472,1292,0.29,Healthy
C0473,1,3,4.279,35.39,4.288,6.601,147,19.01,0,1103,858,2467,2077,2739,3030,3748,3983,3903,3522,3257,2210,17053,1283,-0.401,Healthy
C0473,2,6,4.308,35.22,4.331,6.599,150,19.24,0,1107,857,2278,1924,2587,3281,4045,4142,3979,3517,3331,2400,16980,1330,-0.358,Healthy
C0473,3,9,4.278,35.33,4.292,6.606,152,17.78,0,1109,863,2419,1894,2638,3192,3964,4417,4101,3487,3226,2277,16933,1296,-0.397,Healthy
C0473,4,12,4.137,35.43,4.143,6.602,149,18.86,0,1131,843,2401,1944,2670,2923,4036,3955,3558,3745,3157,2277,16528,1209,-0.546,Healthy
C0473,5,15,4.483,35.31,4.499,6.625,147,19.04,0,1125,832,2247,1941,2681,3091,4105,3981,3718,3802,3339,2439,17385,1313,-0.19,Healthy
C0473,6,18,4.445,35.26,4.465,6.63,145,18.71,0,1080,810,2482,1911,2598,3010,3984,3807,3782,3444,3348,2122,17374,1302,-0.224,Healthy
C0474,1,3,4.931,35.21,4.958,6.78,223,21.37,0,1305,1040,3118,2400,3427,4024,4752,5371,5244,4530,4502,3007,21964,1528,0.269,Healthy
C0474,2,6,4.849,35.02,4.893,6.765,225,20.13,0,1389,996,3033,2324,3394,3835,5112,6133,5192,4444,4155,3063,22708,1531,0.204,Healthy
C0474,3,9,5.108,35.11,5.146,6.751,230,21.48,0,1417,1055,2913,2635,3225,3855,4989,5796,5649,4732,4553,3040,22644,1542,0.457,Healthy
C0474,4,12,5.173,35.07,5.215,6.74,233,21.38,0,1379,1094,3022,2194,3371,4004,5117,4981,5018,4450,4508,3012,21771,1509,0.526,Healthy
C0474,5,15,4.945,35.11,4.982,6.76,218,20.34,0,1502,1038,3117,2606,3264,3809,5119,5537,5257,4759,4407,3295,22656,1644,0.293,Healthy
C0474,6,18,5.048,35.23,5.074,6.75,236,21.33,0,1257,1031,2845,2470,3204,3619,4963,5295,5056,4389,4334,3098,21447,1515,0.385,Healthy
C0475,1,3,4.831,34.93,4.883,6.471,175,23.26,0,1469,1080,3078,2436,3022,3748,4585,5715,5284,4803,4517,2779,21992,1615,0.194,Healthy
C0475,2,6,4.72,35.05,4.76,6.471,165,22.43,0,1386,1004,3023,2521,3054,3413,4658,5009,4955,4589,3967,2972,20899,1453,0.071,Healthy
C0475,3,9,4.859,34.98,4.907,6.437,173,22.97,0,1399,1054,2819,2287,2894,3846,4633,5112,4876,4597,4166,3042,20612,1452,0.218,Healthy
C0475,4,12,4.802,34.99,4.849,6.456,171,23.24,0,1372,998,2988,2470,3108,3519,4311,5163,4999,4945,4064,2980,21222,1492,0.16,Healthy
C0475,5,15,4.796,35.13,4.83,6.467,171,24.07,0,1423,1096,2839,2265,3288,3660,4575,5264,5065,4672,4214,3006,21303,1509,0.141,Healthy
C0475,6,18,4.72,34.86,4.777,6.468,163,22.46,0,1341,997,2727,2186,2981,3257,4155,5144,4729,4653,4088,2879,19583,1438,0.088,Healthy
C0476,1,3,4.812,35.84,4.781,6.677,155,23.12,0,1152,858,2516,1986,2922,3466,4109,4797,4724,4278,3720,2587,19555,1454,0.092,Healthy
C0476,2,6,5.007,36.03,4.957,6.738,215,16.05,0,1291,1016,2819,2178,3323,3585,4815,5431,5339,4900,4110,2768,21939,1613,0.268,Healthy
C0476,3,9,5.378,36.67,5.258,6.825,278,15.59,0,1376,1045,2928,2425,3457,3872,4805,5526,4967,4656,4009,2954,21819,1451,0.569,Healthy
C0476,4,12,5.995,37.14,5.808,6.936,367,15.7,0,1417,1077,3207,2504,3526,4122,5141,6233,5919,5077,4585,3011,24257,1775,1.119,Subclinical
C0476,5,15,6.5,37.85,6.21,7.068,492,12.22,0,1670,1269,3444,2647,4036,4366,6371,6416,6401,5774,5098,3291,26667,1769,1.521,Subclinical
C0476,6,18,7.13,38.66,6.702,7.22,648,9.4,0,1762,1371,3805,3167,4586,4611,5877,7157,6543,6767,5323,3919,28051,1897,2.013,Clinical
C0477,1,3,4.915,35.68,4.898,6.666,144,19.28,0,1178,874,2811,2179,2957,3566,4664,4768,4485,4198,3715,2640,18929,1434,0.209,Healthy
C0477,2,6,5.052,36.02,5.002,6.701,211,19.33,0,1304,978,2763,2359,3129,3539,5067,5351,5008,4419,4067,2746,20251,1493,0.313,Healthy
C0477,3,9,5.472,36.62,5.356,6.752,288,15.9,0,1392,1085,3185,2521,3619,4176,5396,5114,5244,4982,4435,2875,23337,1684,0.667,Healthy
C0477,4,12,5.953,37.13,5.769,6.816,389,15.08,0,1640,1098,3430,2863,3885,4415,5837,6011,5776,5563,4907,3146,25107,1777,1.08,Subclinical
C0477,5,15,6.558,37.92,6.256,6.892,489,11.66,1,2054,1537,4337,3566,4960,5801,7484,8303,7288,6772,5825,4174,32064,2132,1.567,Clinical
C0477,6,18,7.28,38.71,6.836,6.98,637,8.3,1,2370,1705,4661,4047,5123,5272,7442,8190,7756,7469,6770,4792,33060,2202,2.147,Clinical
C0478,1,3,4.34,35.05,4.377,6.682,173,18.52,0,1225,902,2609,2135,2988,3678,4718,4555,4381,4475,3869,2979,19658,1375,-0.312,Healthy
C0478,2,6,4.555,34.85,4.611,6.699,165,18.96,0,1247,916,2553,2063,2935,3391,4697,4555,4294,4252,3942,2662,19510,1391,-0.078,Healthy
C0478,3,9,4.426,34.93,4.474,6.669,182,19.09,0,1340,915,2627,2236,3293,3503,4580,4770,4387,4324,3913,2712,19502,1379,-0.215,Healthy
C0478,4,12,4.466,34.84,4.522,6.682,183,19.12,0,1250,888,2733,2264,3157,3397,4659,4634,4520,4297,3938,2827,19753,1330,-0.167,Healthy
C0478,5,15,4.653,34.82,4.713,6.693,168,20.34,0,1253,942,2608,2171,2897,3430,4915,4888,4270,3975,4404,2673,20470,1434,0.024,Healthy
C0478,6,18,4.418,34.97,4.462,6.707,176,19.13,0,1214,915,2547,2010,3156,3429,4418,4750,4397,3987,3721,2644,19804,1393,-0.227,Healthy
C0479,1,3,4.886,35.35,4.9,6.606,194,20.63,0,1373,1073,3121,2443,3438,3715,4890,5768,5109,4734,4110,2859,21125,1470,0.211,Healthy
C0479,2,6,5.141,35.34,5.157,6.64,188,20.18,0,1481,1081,3197,2658,3453,3884,4983,5867,5444,5108,4200,2899,22201,1601,0.468,Healthy
C0479,3,9,4.942,35.43,4.949,6.605,183,20.76,0,1461,1112,3203,2643,3249,3507,4975,5539,5121,4827,4167,2786,22893,1575,0.26,Healthy
C0479,4,12,5.191,35.46,5.195,6.608,193,20.34,0,1479,1112,3078,2607,3373,3868,5101,6128,5838,4777,4336,2823,23579,1685,0.506,Healthy
C0479,5,15,5.143,35.48,5.145,6.636,184,19.84,0,1382,997,3060,2701,3269,3689,4613,5774,5327,4873,4110,2763,22147,1498,0.456,Healthy
C0479,6,18,4.969,35.42,4.977,6.571,170,21.13,0,1432,1066,3158,2485,3344,3570,4754,5428,5255,4944,3932,2528,22203,1542,0.288,Healthy
C0480,1,3,4.854,35.44,4.86,6.649,125,16.92,0,1179,889,2522,2052,2913,3273,4443,4345,4287,3825,3708,2530,18315,1340,0.171,Healthy
C0480,2,6,4.839,35.34,4.854,6.655,111,16.22,0,1286,885,2599,2073,2836,3443,4492,4143,4319,3924,3551,2530,18352,1413,0.165,Healthy
C0480,3,9,4.814,35.33,4.83,6.644,118,16.35,0,1233,968,2645,2150,3063,3647,4549,4798,4151,3967,3634,2671,19608,1431,0.141,Healthy
C0480,4,12,4.869,35.35,4.883,6.702,116,15.9,0,1154,900,2561,2117,3061,3142,4539,4298,4118,4111,3495,2556,18565,1384,0.194,Healthy
C0480,5,15,4.778,35.4,4.787,6.641,127,16.86,0,1192,910,2776,2217,2950,3254,4228,4435,4244,3712,3789,2267,18870,1338,0.098,Healthy
C0480,6,18,4.836,35.34,4.851,6.65,126,17.13,0,1180,909,2584,2015,2969,3185,4151,4574,4435,4080,3759,2564,18446,1403,0.162,Healthy
C0481,1,3,4.347,35.73,4.328,6.418,174,18.52,0,1399,985,2943,2152,2912,3268,4350,4411,4479,3932,3844,2788,19388,1414,-0.361,Healthy
C0481,2,6,4.151,35.67,4.138,6.409,170,18.99,0,1236,926,2765,2280,2843,3407,4421,4959,3943,3964,3870,2538,19180,1326,-0.551,Healthy
C0481,3,9,4.133,35.64,4.122,6.382,164,19.0,0,1246,936,2755,2151,2731,3260,4142,4519,4051,4027,4019,2536,17994,1371,-0.567,Healthy
C0481,4,12,4.32,35.7,4.304,6.383,155,19.73,0,1220,934,2640,2361,2683,3164,4038,4685,4158,4087,3932,2685,19129,1415,-0.385,Healthy
C0481,5,15,4.203,35.74,4.184,6.392,167,19.4,0,1284,955,2679,2281,2775,3230,3970,4684,4417,3950,3958,2598,18212,1336,-0.505,Healthy
C0481,6,18,4.251,35.56,4.246,6.373,159,19.29,0,1206,930,2699,2110,2667,3107,4146,4009,4154,3741,3771,2472,18312,1342,-0.443,Healthy
C0483,1,3,4.731,35.79,4.705,6.727,127,21.16,0,1015,815,2071,1879,2543,2943,3991,4085,3942,3723,3567,2395,16937,1224,0.016,Healthy
C0483,2,6,4.87,35.97,4.827,6.721,143,21.86,0,1042,751,2375,1670,2595,3032,3857,4519,4322,3872,3694,2478,17257,1369,0.138,Healthy
C0483,3,9,4.96,35.98,4.915,6.685,138,21.65,0,1045,778,2293,1831,2691,3003,3720,4631,4370,3783,3706,2351,16710,1253,0.226,Healthy
C0483,4,12,4.779,35.87,4.745,6.706,145,21.85,0,1055,822,2350,1741,2667,2869,3673,4344,4129,3747,3568,2399,17627,1282,0.056,Healthy
C0483,5,15,4.911,35.93,4.871,6.714,131,21.65,0,992,771,2288,1790,2519,2980,3822,4354,3921,3589,3481,2374,16845,1223,0.182,Healthy
C0483,6,18,5.034,35.93,4.993,6.71,143,21.57,0,1120,839,2242,1849,2645,3063,3680,4434,4058,3907,3516,2438,17371,1295,0.304,Healthy
C0485,1,3,4.35,35.43,4.356,6.654,143,20.86,0,1084,878,2432,2054,2848,3205,3903,4948,4344,4012,3714,2264,17945,1349,-0.333,Healthy
C0485,2,6,4.547,35.48,4.549,6.661,154,20.82,0,1143,898,2493,1857,2790,3107,4181,4520,4544,4236,3782,2513,18132,1306,-0.14,Healthy
C0485,3,9,4.544,35.47,4.547,6.654,139,20.97,0,1139,803,2218,1872,2713,3087,3859,4621,3954,3926,3370,2382,18213,1389,-0.142,Healthy
C0485,4,12,4.591,35.49,4.592,6.648,141,20.18,0,1139,775,2361,1836,2842,3120,3962,4671,4193,4050,3616,2304,18230,1359,-0.097,Healthy
C0485,5,15,4.745,35.39,4.755,6.641,144,20.42,0,1132,761,2390,1865,2667,3004,3874,4498,4212,3770,3432,2269,17461,1312,0.066,Healthy
C0485,6,18,4.292,35.53,4.29,6.636,123,20.57,0,1042,796,2289,1953,2630,3059,4077,4303,3964,3663,3286,2384,17807,1343,-0.399,Healthy
C0486,1,3,3.968,35.66,3.956,6.675,181,17.21,0,1111,862,2424,1981,2665,2889,4012,4315,4291,3614,3648,2392,17139,1275,-0.733,Healthy
C0486,2,6,3.847,35.79,3.826,6.684,173,17.48,0,1184,879,2426,2104,2772,3245,4231,4643,3956,3898,3484,2380,17816,1414,-0.863,Healthy
C0486,3,9,3.865,35.69,3.851,6.714,191,17.03,0,1147,862,2403,2013,2821,3029,3979,4692,4161,3900,3344,2466,17655,1248,-0.838,Healthy
C0486,4,12,3.922,35.74,3.904,6.698,192,18.24,0,1216,860,2433,1977,2879,3132,4023,4688,4447,4219,3568,2432,19218,1444,-0.785,Healthy
C0486,5,15,3.829,35.64,3.819,6.696,184,18.32,0,1198,893,2572,2086,2873,3317,4114,4312,4335,3820,3530,2483,18620,1380,-0.87,Healthy
C0486,6,18,3.869,35.88,3.841,6.662,179,17.08,0,1135,883,2400,2031,2699,2945,4064,4535,3979,3870,3399,2352,17407,1328,-0.848,Healthy
C0488,1,3,4.988,35.64,4.975,6.673,150,22.51,0,1199,897,2416,1935,2786,3297,4291,4994,4446,4117,3776,2513,19142,1377,0.286,Healthy
C0488,2,6,5.137,36.04,5.084,6.726,189,15.84,0,1203,960,2600,2253,2941,3067,4371,4885,4700,4481,3895,2686,20186,1384,0.395,Healthy
C0488,3,9,5.294,36.22,5.222,6.801,214,15.49,0,1258,925,2588,2087,2938,3388,4481,5078,4780,4490,3926,2647,19227,1442,0.533,Healthy
C0488,4,12,5.931,36.56,5.812,6.896,309,12.73,0,1357,978,3050,2464,3390,3590,5014,4984,5291,4834,4468,3006,21930,1524,1.123,Subclinical
C0488,5,15,6.594,37.01,6.405,7.009,387,9.76,1,2001,1418,4155,3448,4728,5057,7032,7288,7314,6778,5998,4159,30929,2075,1.716,Subclinical
C0488,6,18,7.39,37.52,7.106,7.14,488,6.7,1,2076,1431,4500,3575,4441,4503,5937,7177,6685,7095,6036,4255,29264,2025,2.417,Clinical
C0489,1,3,4.096,35.77,4.075,6.533,99,18.67,0,1172,833,2507,1901,2630,3363,4451,4449,4286,4077,3808,2332,18177,1313,-0.614,Healthy
C0489,2,6,4.109,35.8,4.086,6.579,122,18.55,0,1173,904,2590,2076,3087,3222,4193,4806,4285,4026,3712,2653,18601,1434,-0.603,Healthy
C0489,3,9,3.964,35.78,3.943,6.571,115,19.27,0,1204,883,2484,2050,2787,3237,4353,4683,4217,3829,3518,2430,17748,1274,-0.746,Healthy
C0489,4,12,4.165,35.77,4.144,6.577,117,19.29,0,1213,916,2493,2200,2940,3272,4121,5065,4334,4037,3737,2476,19262,1476,-0.545,Healthy
C0489,5,15,4.001,35.62,3.992,6.537,124,19.32,0,1207,886,2669,2128,2994,3208,4473,4829,4363,4307,3546,2618,18965,1475,-0.697,Healthy
C0489,6,18,4.048,35.74,4.03,6.555,119,19.02,0,1220,907,2661,2164,3014,3150,4267,4559,4322,4065,3679,2615,18176,1390,-0.659,Healthy
C0490,1,3,3.736,35.91,3.707,6.647,165,18.98,0,1338,942,2829,2272,3181,3441,4582,4999,4514,4120,4082,2825,20104,1475,-0.982,Healthy
C0490,2,6,3.898,35.93,3.866,6.625,159,19.05,0,1197,976,2725,2185,2902,3342,4615,4633,4296,3896,4051,2605,19195,1446,-0.823,Healthy
C0490,3,9,3.818,35.91,3.788,6.63,164,19.1,0,1225,966,2662,2241,3111,3490,4553,4699,4562,4356,4052,2717,20091,1440,-0.901,Healthy
C0490,4,12,3.853,35.88,3.825,6.606,165,18.6,0,1198,917,2775,2270,2911,3262,4225,4633,4449,4012,3820,2651,19695,1373,-0.864,Healthy
C0490,5,15,3.823,35.88,3.795,6.621,161,18.9,0,1158,924,2703,2042,3146,3243,4094,4860,4415,4165,3955,2781,19080,1366,-0.894,Healthy
C0490,6,18,3.897,35.82,3.873,6.618,165,19.11,0,1204,904,2800,2179,2942,3310,4280,4706,4389,4054,3695,2583,18962,1496,-0.816,Healthy
C0492,1,3,4.689,36.2,4.627,6.669,106,19.01,0,1206,861,2428,1861,2613,3130,4241,4261,4454,3829,3734,2520,18530,1411,-0.062,Healthy
C0492,2,6,4.853,35.87,4.819,6.681,96,18.96,0,1192,862,2584,2131,2813,3126,4239,4648,4240,4205,3705,2585,19141,1511,0.13,Healthy
C0492,3,9,4.755,35.89,4.72,6.669,117,18.82,0,1289,873,2518,2113,3004,3401,4656,4493,4249,4288,3615,2583,18435,1355,0.031,Healthy
C0492,4,12,4.789,36.09,4.735,6.694,97,19.8,0,1158,877,2508,1922,3072,2900,4267,4590,4196,3665,3413,2521,18191,1372,0.046,Healthy
C0492,5,15,4.705,36.07,4.654,6.66,120,17.62,0,1259,924,2611,2008,2885,3439,3947,4749,4359,3811,3510,2477,18571,1403,-0.035,Healthy
C0492,6,18,4.711,36.05,4.662,6.655,112,18.4,0,1159,892,2690,1967,3062,3477,4516,4880,4416,3950,3738,2534,19281,1396,-0.027,Healthy
C0493,1,3,4.821,35.79,4.794,6.676,154,19.54,0,1183,853,2536,2085,2732,3123,4201,4563,4406,4108,3303,2480,17934,1359,0.105,Healthy
C0493,2,6,4.986,35.96,4.942,6.735,209,19.51,0,1228,884,2650,2305,3087,3682,4518,5081,5061,4452,3870,2513,19673,1483,0.253,Healthy
C0493,3,9,5.155,36.51,5.056,6.819,273,19.31,0,1371,1042,2896,2377,3188,3927,4741,4941,5023,4633,4109,2629,21143,1548,0.367,Healthy
C0493,4,12,5.475,37.34,5.284,6.926,381,16.17,0,1378,1072,3112,2537,3561,3853,5036,5200,5349,4980,4055,2907,22203,1576,0.595,Subclinical
C0493,5,15,5.917,38.16,5.618,7.053,508,14.46,1,1947,1486,3888,3312,4615,5430,7382,7920,7849,6390,6083,4008,30794,1914,0.929,Subclinical
C0493,6,18,6.37,38.99,5.948,7.2,655,11.3,1,2032,1612,4480,3637,5008,4846,6164,6567,7374,6803,6273,4411,29960,1933,1.259,Clinical
C0494,1,3,5.129,34.92,5.186,6.642,181,19.63,0,1317,951,2744,2230,2921,3539,4419,4827,4566,4503,3694,2627,20089,1537,0.497,Healthy
C0494,2,6,5.22,34.84,5.285,6.667,183,18.55,0,1209,931,2771,2180,2760,3104,4213,4916,4448,4204,3579,2500,19392,1374,0.596,Healthy
C0494,3,9,5.246,35.01,5.295,6.659,188,18.38,0,1332,993,2762,2275,2808,3290,4582,4918,4737,4437,3858,2667,19532,1477,0.606,Healthy
C0494,4,12,5.017,34.76,5.088,6.653,203,18.95,0,1185,927,2706,2238,2783,3342,4343,4291,4265,4055,3786,2670,18352,1304,0.399,Healthy
C0494,5,15,5.002,34.76,5.072,6.665,180,19.63,0,1146,920,2561,2076,2822,3260,4273,4751,4070,3919,3693,2529,18530,1326,0.383,Healthy
C0494,6,18,5.241,34.83,5.308,6.68,172,18.64,0,1241,928,2602,1998,2722,3161,4165,4518,4236,3883,3824,2367,18708,1410,0.619,Healthy
C0495,1,3,5.07,35.63,5.057,6.689,126,24.45,0,1241,972,2836,2203,2975,3656,4701,5013,4807,4477,4002,2724,20299,1536,0.368,Healthy
C0495,2,6,4.936,35.72,4.915,6.7,129,24.46,0,1256,938,2716,2182,3132,3485,4566,4841,4730,4489,3879,2495,20106,1485,0.226,Healthy
C0495,3,9,5.006,35.83,4.975,6.725,132,24.81,0,1231,932,2713,2200,2671,3438,4404,4785,4565,4359,3879,2647,18876,1404,0.286,Healthy
C0495,4,12,4.787,35.7,4.769,6.753,115,24.74,0,1139,920,2447,2150,2843,3364,4334,4406,4567,4033,3905,2363,17904,1273,0.08,Healthy
C0495,5,15,4.798,35.69,4.781,6.741,119,24.77,0,1194,923,2589,1955,2760,3288,4609,4659,4511,4208,3627,2512,19912,1349,0.092,Healthy
C0495,6,18,5.138,35.8,5.109,6.716,127,25.14,0,1319,986,2545,2159,2962,3482,4562,5193,4716,4435,4005,2739,20174,1440,0.42,Healthy
C0496,1,3,5.311,35.25,5.336,6.475,168,24.54,0,1380,1019,2837,2255,3105,3407,4769,4833,4590,3976,3909,2596,19540,1432,0.647,Healthy
C0496,2,6,5.034,35.19,5.064,6.471,168,24.96,0,1325,1007,2855,2401,3014,3809,4689,4773,4670,4167,3963,2689,19411,1415,0.375,Healthy
C0496,3,9,5.068,35.11,5.106,6.42,178,24.1,0,1424,1012,3049,2380,3131,3541,4784,4917,4844,4440,4004,2715,21385,1626,0.417,Healthy
C0496,4,12,5.125,35.31,5.144,6.443,172,24.48,0,1295,988,2813,2312,3236,3625,4873,4726,4589,4485,3785,2542,20038,1383,0.455,Healthy
C0496,5,15,5.216,35.14,5.252,6.43,163,24.36,0,1331,1037,2954,2400,3106,3773,4258,4779,4767,4307,3944,2730,19898,1431,0.563,Healthy
C0496,6,18,4.999,35.16,5.031,6.436,174,24.57,0,1319,956,2964,2229,3194,3258,4168,4823,4378,4197,3882,2620,19241,1483,0.342,Healthy
C0497,1,3,4.191,35.24,4.212,6.756,176,17.53,0,1149,865,2445,2019,2871,3256,4405,4869,4231,3901,3489,2451,18658,1405,-0.477,Healthy
C0497,2,6,4.289,35.3,4.305,6.792,183,17.86,0,1162,921,2401,2181,2747,3238,4120,4705,4319,4006,3659,2440,18712,1330,-0.384,Healthy
C0497,3,9,4.359,35.26,4.379,6.775,161,17.45,0,1101,899,2515,2137,2977,3373,4151,4559,4128,3706,3298,2374,18209,1252,-0.31,Healthy
C0497,4,12,4.267,35.18,4.293,6.799,176,16.64,0,1024,837,2293,1905,2706,2952,4217,4587,4033,3661,3303,2166,17126,1274,-0.396,Healthy
C0497,5,15,4.305,35.28,4.323,6.786,175,16.6,0,1141,823,2334,1928,2867,2981,4017,4376,4116,3463,3335,2317,18188,1305,-0.366,Healthy
C0497,6,18,4.216,35.18,4.242,6.804,168,16.65,0,1151,852,2553,1954,2744,3146,4350,4599,3992,3806,3525,2307,17893,1314,-0.447,Healthy
C0498,1,3,4.735,35.77,4.711,6.655,174,20.58,0,1223,916,2737,1934,2948,3265,4271,4827,4514,4252,3758,2531,19154,1506,0.022,Healthy
C0498,2,6,4.578,35.91,4.542,6.615,161,19.7,0,1135,863,2410,2090,2882,3179,4301,4732,4699,3951,3546,2581,18187,1305,-0.147,Healthy
C0498,3,9,4.801,35.86,4.768,6.649,171,20.84,0,1132,854,2451,2204,2844,3486,4250,4462,4266,4058,3524,2513,18820,1356,0.079,Healthy
C0498,4,12,4.645,35.97,4.604,6.647,181,20.33,0,1172,916,2499,2018,3014,3298,4502,4683,4592,4186,3624,2457,19564,1467,-0.085,Healthy
C0498,5,15,4.639,35.8,4.613,6.614,184,19.2,0,1187,870,2450,1960,3033,3143,4173,4569,4348,4453,3403,2401,18393,1375,-0.076,Healthy
C0498,6,18,4.639,35.91,4.603,6.609,187,20.17,0,1203,891,2806,2102,2748,3354,4281,4797,4780,4264,3664,2482,18648,1443,-0.086,Healthy
C0499,1,3,4.476,36.27,4.411,6.692,83,17.7,0,1031,765,2133,1760,2454,2753,3480,3880,3626,3553,3112,1894,15649,1248,-0.278,Healthy
C0499,2,6,4.086,36.13,4.037,6.707,92,17.1,0,984,791,2180,1714,2351,2794,3545,4244,3784,3502,3142,2100,16660,1235,-0.652,Healthy
C0499,3,9,4.154,36.26,4.094,6.684,76,18.22,0,980,713,2256,1697,2132,2614,3398,3854,3938,3449,2929,1990,15320,1216,-0.595,Healthy
C0499,4,12,4.148,36.18,4.094,6.663,88,17.97,0,1013,757,2246,1841,2461,2594,3497,4005,3746,3508,3007,2112,16720,1275,-0.595,Healthy
C0499,5,15,4.252,36.1,4.204,6.646,96,17.22,0,1073,765,2305,1808,2491,2779,3770,4398,3899,3502,3042,2076,16424,1174,-0.485,Healthy
C0499,6,18,4.281,36.04,4.237,6.699,74,18.48,0,983,744,2048,1784,2377,2635,3612,3972,3695,3349,2894,2022,15053,1275,-0.452,Healthy
C0500,1,3,4.708,35.48,4.71,6.743,186,19.4,0,1240,896,2485,2071,2662,2922,3950,4452,3871,4052,3593,2520,17552,1268,0.021,Healthy
C0500,2,6,4.587,35.58,4.58,6.73,192,19.43,0,1118,863,2449,1975,2719,3136,3823,4634,4248,3937,3739,2438,17249,1294,-0.109,Healthy
C0500,3,9,4.695,35.4,4.704,6.831,196,18.94,0,1205,852,2671,2056,2639,3130,3916,4461,4091,3817,3837,2384,17622,1298,0.015,Healthy
C0500,4,12,4.767,35.48,4.769,6.776,177,18.74,0,1162,897,2610,2039,2621,2969,3571,4334,4209,3780,3418,2317,17613,1324,0.08,Healthy
C0500,5,15,4.802,35.62,4.791,6.778,182,19.57,0,1193,841,2477,1963,2690,2950,3945,4391,4181,3758,3612,2471,17438,1318,0.102,Healthy
C0500,6,18,4.609,35.45,4.613,6.749,190,18.64,0,1132,882,2493,1950,2744,3163,3792,4478,3993,3998,3600,2472,18138,1374,-0.076,Healthy
C0501,1,3,4.693,35.63,4.681,6.504,137,25.87,0,1308,922,2646,2071,3213,3504,5002,4941,4362,4128,3701,2406,19687,1411,-0.008,Healthy
C0501,2,6,4.617,35.66,4.603,6.473,106,26.01,0,1130,852,2314,2012,2911,3280,4139,4297,4150,3994,3243,2267,17491,1361,-0.086,Healthy
C0501,3,9,4.496,35.57,4.49,6.523,122,25.76,0,1151,949,2532,2067,3102,3481,4514,4777,4792,4249,3467,2481,19659,1401,-0.199,Healthy
C0501,4,12,4.44,35.66,4.427,6.509,129,25.84,0,1188,986,2644,2166,2958,3549,4561,4776,4627,4101,3577,2532,19507,1399,-0.262,Healthy
C0501,5,15,4.706,35.52,4.704,6.538,125,26.75,0,1180,844,2506,2023,3183,3609,4671,4620,4453,4176,3501,2413,19375,1338,0.015,Healthy
C0501,6,18,4.684,35.78,4.659,6.491,142,25.94,0,1338,946,2650,1950,3005,3435,4992,4771,4573,4113,3637,2433,19198,1416,-0.03,Healthy
C0502,1,3,5.221,35.58,5.213,6.674,150,18.28,0,1434,1031,2859,2409,3216,3524,4478,5202,5179,4867,4021,2780,21317,1591,0.524,Healthy
C0502,2,6,4.834,36.09,4.78,6.727,177,19.65,0,1360,1055,2926,2512,3124,3600,4569,5038,4886,4438,4022,2779,21352,1513,0.091,Healthy
C0502,3,9,5.271,36.59,5.162,6.804,274,17.32,0,1505,1171,3210,2648,3279,3854,4885,5684,5410,5082,4344,3228,22173,1649,0.473,Healthy
C0502,4,12,5.795,37.28,5.599,6.901,368,14.86,0,1698,1293,3407,2737,3573,4229,5744,6600,6206,5555,4999,3364,24474,1647,0.91,Subclinical
C0502,5,15,6.193,37.9,5.911,7.017,500,12.89,0,1791,1311,3853,2856,3852,4545,5754,6905,6214,6119,5153,3587,25957,1717,1.222,Subclinical
C0502,6,18,6.86,38.76,6.435,7.15,648,10.1,0,1668,1349,4119,3347,4041,4226,5573,7278,6910,6688,5651,3595,28007,1953,1.746,Clinical
C0503,1,3,4.768,35.55,4.763,6.678,138,21.47,0,1172,887,2399,1949,2789,3046,3907,4359,3883,3737,3330,2407,16879,1271,0.074,Healthy
C0503,2,6,5.123,35.71,5.103,6.74,202,19.82,0,1263,951,2714,2328,2908,3394,4347,4803,4347,4168,3746,2628,19485,1378,0.414,Healthy
C0503,3,9,5.328,36.1,5.267,6.829,301,16.55,0,1283,1000,2917,2406,3169,3543,4586,5166,5017,4270,4207,2646,20829,1507,0.578,Healthy
C0503,4,12,6.049,36.45,5.94,6.941,407,15.9,0,1548,1108,3048,2558,3629,4152,4977,5493,5288,4963,4341,2977,22961,1628,1.251,Subclinical
C0503,5,15,6.807,36.86,6.631,7.075,549,12.73,1,2169,1561,4109,3600,4539,4643,5741,7143,6757,6861,6021,4165,30729,2083,1.942,Clinical
C0503,6,18,7.65,37.27,7.393,7.23,726,10.1,1,2180,1694,4842,3621,4946,5621,7131,8232,7776,6641,6150,4692,31445,2065,2.704,Clinical
C0504,1,3,4.832,36.87,4.706,6.595,163,21.82,0,1370,948,2752,2192,2927,3376,4576,5009,5046,4522,3942,2518,19592,1367,0.017,Healthy
C0504,2,6,5.044,36.87,4.913,6.575,157,22.25,0,1392,1003,2962,2222,3030,3597,4425,5209,4917,4598,3996,2608,21209,1504,0.224,Healthy
C0504,3,9,4.918,36.89,4.788,6.592,165,22.51,0,1298,990,2761,2403,2969,3381,4346,5390,4965,4590,4054,2675,20736,1490,0.099,Healthy
C0504,4,12,4.787,36.79,4.67,6.583,162,21.95,0,1164,886,2759,2265,3011,3191,4552,4660,4704,4236,3827,2617,19933,1497,-0.019,Healthy
C0504,5,15,4.902,36.86,4.775,6.529,155,22.45,0,1293,953,2709,2182,2963,3226,4512,5149,4715,4464,3922,2596,19129,1334,0.086,Healthy
C0504,6,18,4.885,36.88,4.757,6.581,164,21.77,0,1267,930,2752,2090,2927,3353,4678,4938,4875,4253,3925,2545,19338,1397,0.068,Healthy
C0505,1,3,4.877,35.86,4.844,6.837,126,17.0,0,1120,833,2714,1946,2884,3478,4150,4101,4732,3899,3477,2163,18874,1401,0.155,Healthy
C0505,2,6,4.956,35.75,4.932,6.855,142,16.67,0,1193,872,2477,2015,2898,3306,4146,4831,4451,3812,3450,2396,18538,1439,0.243,Healthy
C0505,3,9,4.756,35.68,4.74,6.859,135,17.07,0,1186,836,2557,1932,2749,3133,4245,4729,4101,3985,3226,2221,18741,1351,0.051,Healthy
C0505,4,12,4.914,35.7,4.895,6.797,131,17.84,0,1129,832,2507,2005,2782,3131,4211,4260,4302,3898,3341,2107,17865,1296,0.206,Healthy
C0505,5,15,4.949,35.78,4.923,6.853,139,16.42,0,1117,821,2781,2146,2743,3003,4130,4224,4179,3835,3245,2169,17891,1364,0.234,Healthy
C0505,6,18,4.915,35.97,4.871,6.849,131,17.2,0,1142,851,2400,2070,2960,3134,3808,4705,4259,3799,3376,2194,18887,1286,0.182,Healthy
C0506,1,3,5.212,34.49,5.312,6.556,78,17.14,0,1060,776,2248,1783,2586,3196,3795,4093,3967,3643,3020,2112,16481,1231,0.623,Healthy
C0506,2,6,5.445,34.56,5.542,6.539,58,17.55,0,1003,817,2397,1836,2735,3129,4043,4441,3890,3712,3163,2085,17619,1346,0.853,Healthy
C0506,3,9,5.49,34.65,5.579,6.552,63,17.51,0,1086,836,2348,1877,2653,3237,3950,4034,3977,3598,3172,2117,16573,1277,0.89,Healthy
C0506,4,12,5.269,34.64,5.355,6.582,62,17.9,0,987,784,2208,1838,2517,3050,3655,4287,3516,3322,3128,2258,15941,1236,0.666,Healthy
C0506,5,15,5.379,34.65,5.466,6.548,43,16.61,0,1112,809,2435,2007,2547,3015,3992,4449,4000,3515,3173,2213,17541,1241,0.777,Healthy
C0506,6,18,5.23,34.68,5.311,6.535,62,17.29,0,1002,787,2274,1824,2686,3214,3480,4258,3989,3460,3154,2101,16251,1186,0.622,Healthy
C0508,1,3,4.917,35.64,4.904,6.674,161,22.4,0,1188,934,2709,2107,2768,3364,4176,4227,4208,3887,3445,2392,18151,1387,0.215,Healthy
C0508,2,6,4.947,35.94,4.906,6.729,197,20.84,0,1200,872,2618,2208,2701,2990,4002,4623,4214,3869,3602,2256,17658,1274,0.217,Healthy
C0508,3,9,5.196,36.35,5.112,6.807,275,16.63,0,1383,1023,2875,2257,3216,3595,4706,5117,4564,4139,3778,2919,19664,1469,0.423,Healthy
C0508,4,12,5.667,36.73,5.535,6.906,359,15.88,0,1386,1096,2987,2479,3207,3655,4821,5260,5070,4337,4202,3082,20360,1544,0.846,Subclinical
C0508,5,15,6.093,37.18,5.899,7.024,458,14.59,1,1850,1355,4250,3426,4168,5058,6351,7099,6289,5980,5661,3870,28698,1956,1.21,Subclinical
C0508,6,18,6.66,37.79,6.37,7.16,597,12.3,1,2068,1480,4362,3696,4979,5714,7206,7266,6862,6718,5679,4040,31488,2026,1.681,Clinical
C0509,1,3,4.651,36.22,4.587,6.564,113,11.68,0,1152,862,2323,2174,2589,3193,3722,4372,4115,4043,3360,2230,17417,1345,-0.102,Healthy
C0509,2,6,4.757,36.17,4.696,6.54,102,11.31,0,1137,863,2346,1889,2430,2998,3929,4111,4049,3734,3300,2275,16997,1263,0.007,Healthy
C0509,3,9,4.901,36.02,4.853,6.519,118,11.73,0,1231,918,2615,2081,2692,2993,3944,4488,4116,3991,3810,2390,18522,1345,0.164,Healthy
C0509,4,12,4.562,36.08,4.512,6.553,118,11.37,0,1181,902,2536,1900,2631,2942,3962,4303,4407,3962,3442,2427,17587,1323,-0.177,Healthy
C0509,5,15,4.841,36.08,4.788,6.517,102,11.35,0,1192,842,2508,1964,2780,3058,3885,4554,4040,3982,3512,2376,17764,1316,0.099,Healthy
C0509,6,18,4.752,36.15,4.693,6.554,120,11.87,0,1176,830,2506,1925,2528,2968,4138,4538,4089,3676,3475,2243,18274,1334,0.004,Healthy
C0510,1,3,4.493,35.74,4.473,6.639,138,21.9,0,1103,893,2439,2039,2712,3313,4307,4525,4541,4507,3476,2272,18981,1425,-0.216,Healthy
C0510,2,6,4.584,35.76,4.561,6.633,134,21.81,0,1073,820,2399,1983,2833,3300,3944,4726,4456,4157,3413,2317,18742,1386,-0.128,Healthy
C0510,3,9,4.452,35.89,4.419,6.592,127,22.4,0,1228,837,2596,2046,2715,3030,4067,4419,4265,3776,3170,2311,18222,1266,-0.27,Healthy
C0510,4,12,4.461,35.98,4.42,6.611,141,21.98,0,1173,908,2633,2031,2834,3099,4363,4934,4516,3901,3393,2210,19034,1443,-0.269,Healthy
C0510,5,15,4.306,35.66,4.293,6.617,138,22.26,0,1238,905,2649,2131,2823,3134,4482,4995,4362,4537,3512,2312,19098,1454,-0.396,Healthy
C0510,6,18,4.618,35.87,4.586,6.65,136,21.19,0,1156,860,2579,2056,3004,3164,3960,4978,4581,4180,3282,2282,18553,1397,-0.103,Healthy
C0511,1,3,5.046,35.34,5.061,6.717,217,25.68,0,1367,1002,3061,2310,2990,3569,4856,5609,5204,4742,4032,2725,21810,1579,0.372,Healthy
C0511,2,6,5.282,35.47,5.285,6.718,207,26.11,0,1341,1044,2836,2244,3146,3548,4819,5470,5228,4832,4031,2708,21619,1529,0.596,Healthy
C0511,3,9,5.05,35.29,5.07,6.65,208,26.2,0,1414,983,2823,2324,3132,3492,4439,5220,4879,4723,3815,2674,20822,1441,0.381,Healthy
C0511,4,12,5.083,35.43,5.09,6.698,212,26.95,0,1334,949,2752,2447,2983,3487,4468,5430,5055,4821,3778,2648,21032,1515,0.401,Healthy
C0511,5,15,5.177,35.44,5.183,6.717,196,26.4,0,1290,919,2738,2504,2926,3413,4370,5140,4861,4871,3774,2627,20164,1529,0.494,Healthy
C0511,6,18,4.981,35.43,4.988,6.69,197,26.63,0,1189,1009,2770,2281,2964,3289,4092,4686,4781,4502,3681,2449,19108,1413,0.299,Healthy
C0512,1,3,4.587,34.87,4.642,6.592,181,20.01,0,1302,875,2727,2241,2928,3229,4244,4592,4362,4102,3687,2473,18695,1453,-0.047,Healthy
C0512,2,6,4.581,34.9,4.633,6.597,183,20.56,0,1212,931,2623,2167,2751,3214,4171,4665,4200,4012,3652,2457,18473,1443,-0.056,Healthy
C0512,3,9,4.561,34.92,4.611,6.663,175,20.22,0,1273,980,2844,2194,3029,3201,4337,4835,4352,4003,3731,2462,19021,1395,-0.078,Healthy
C0512,4,12,4.544,35.04,4.584,6.643,180,20.05,0,1209,885,2562,2062,2730,2971,4106,4549,3892,3780,3477,2273,18381,1340,-0.105,Healthy
C0512,5,15,4.585,34.91,4.636,6.618,175,19.89,0,1201,896,2573,2129,2885,3242,4574,4690,4179,4051,3539,2574,19417,1399,-0.053,Healthy
C0512,6,18,4.621,34.92,4.672,6.612,187,20.96,0,1219,849,2482,2128,2909,3092,4272,4739,4260,4019,3518,2553,18898,1384,-0.017,Healthy
C0515,1,3,4.933,35.22,4.959,6.507,129,18.82,0,1171,861,2370,1832,2744,3120,3819,4313,4595,4090,3481,2490,16920,1254,0.27,Healthy
C0515,2,6,4.926,35.26,4.948,6.456,108,19.37,0,1105,822,2364,1882,2669,2966,3960,4374,4102,3840,3316,2172,18090,1362,0.259,Healthy
C0515,3,9,4.897,35.26,4.919,6.516,102,18.59,0,1057,776,2237,1892,2642,3137,3970,4532,3976,3873,3269,2201,17200,1237,0.23,Healthy
C0515,4,12,4.85,35.19,4.879,6.479,121,18.4,0,1075,829,2356,1929,2695,2978,3872,4591,4216,3501,3378,2340,16760,1292,0.19,Healthy
C0515,5,15,4.963,35.22,4.989,6.514,129,18.71,0,1133,855,2441,1950,2805,3147,4161,4635,4493,4043,3514,2356,18583,1321,0.3,Healthy
C0515,6,18,4.746,35.14,4.778,6.487,124,18.59,0,1117,777,2384,1806,2644,3090,4067,4413,3864,3947,3549,2261,17380,1351,0.089,Healthy
C0517,1,3,4.478,36.37,4.404,6.858,150,22.81,0,1241,961,2809,2289,3058,3507,4488,5073,4514,4442,4094,2646,20738,1466,-0.285,Healthy
C0517,2,6,4.59,36.21,4.528,6.806,162,22.28,0,1238,922,2642,2051,3032,3223,4303,4723,4139,4028,3646,2519,18480,1437,-0.161,Healthy
C0517,3,9,4.546,36.25,4.481,6.806,142,22.51,0,1126,974,2734,2069,2877,3230,4346,4414,4251,4117,3633,2553,18965,1425,-0.208,Healthy
C0517,4,12,4.522,36.25,4.458,6.827,156,23.35,0,1220,865,2552,2107,2934,3175,4072,4483,4081,3986,3527,2424,18520,1349,-0.231,Healthy
C0517,5,15,4.712,36.23,4.647,6.847,162,23.14,0,1222,950,2557,2237,2949,3366,4032,4754,4187,4033,3615,2447,19484,1396,-0.042,Healthy
C0517,6,18,4.538,36.28,4.471,6.852,161,23.17,0,1223,919,2718,2189,2864,3455,4261,4414,4470,3909,3571,2583,18950,1460,-0.218,Healthy
C0518,1,3,4.674,35.71,4.655,6.679,168,21.52,0,1225,855,2588,2127,2889,3236,4188,4425,4336,3931,3529,2495,18736,1359,-0.034,Healthy
C0518,2,6,5.038,35.88,5.002,6.746,206,17.47,0,1227,933,2650,2205,2983,3591,4578,4890,4368,4043,3744,2554,19926,1362,0.313,Healthy
C0518,3,9,5.206,36.47,5.11,6.841,260,15.5,0,1315,947,2885,2253,3298,3750,4697,5108,4817,4372,4135,2781,20990,1463,0.421,Healthy
C0518,4,12,5.718,36.95,5.56,6.961,339,12.53,0,1418,1040,3117,2426,3300,3923,5257,5141,4827,4800,4349,2967,21464,1536,0.871,Subclinical
C0518,5,15,6.278,37.53,6.036,7.105,451,11.39,1,1746,1397,4071,3159,4773,5237,6590,7132,6727,6147,6007,3850,28703,1893,1.347,Clinical
C0518,6,18,6.92,38.16,6.57,7.27,575,7.6,1,2020,1446,4464,3603,4679,5440,6433,6917,6893,6763,6224,4265,30329,2126,1.881,Clinical
C0519,1,3,4.764,35.55,4.759,6.672,161,23.2,0,1001,837,2333,1872,2792,3141,4206,4607,4086,4204,3474,2263,18342,1330,0.07,Healthy
C0519,2,6,4.984,36.0,4.937,6.721,224,19.2,0,1203,890,2710,2120,3146,3703,4606,5375,4648,4561,3936,2622,20575,1454,0.248,Healthy
C0519,3,9,5.224,36.21,5.154,6.792,324,15.35,0,1340,926,2821,2279,3429,3734,4683,5445,5157,4625,4251,2855,20910,1456,0.465,Healthy
C0519,4,12,5.52,36.74,5.39,6.881,439,14.06,0,1435,1019,3010,2614,3367,3870,5128,5662,5234,5070,4537,2997,22463,1625,0.701,Subclinical
C0519,5,15,6.133,37.18,5.937,6.987,604,11.66,1,1897,1564,4135,3424,4634,4952,6264,7469,7209,7044,6490,4057,29291,1948,1.248,Clinical
C0519,6,18,6.64,37.75,6.356,7.11,793,9.8,1,1971,1374,4220,3303,4824,4713,6065,7612,7633,7645,6867,4250,30963,2090,1.667,Clinical
C0521,1,3,4.943,36.08,4.889,6.52,141,24.55,0,989,732,2131,1883,2379,2788,3656,4296,4058,3878,3527,2294,15931,1229,0.2,Healthy
C0521,2,6,4.993,36.05,4.941,6.513,132,24.27,0,979,772,2154,1841,2489,2642,3540,3957,3936,3563,3264,2160,16195,1344,0.252,Healthy
C0521,3,9,4.957,36.01,4.909,6.502,131,24.79,0,1018,768,2114,1720,2345,2825,3683,4180,3956,3493,3253,2205,16490,1231,0.22,Healthy
C0521,4,12,5.034,36.05,4.981,6.505,143,25.23,0,1012,765,2224,1763,2386,2881,3712,4401,3995,3739,3322,2307,16370,1296,0.292,Healthy
C0521,5,15,4.872,36.01,4.825,6.527,136,24.5,0,1053,778,2149,1790,2527,2726,3770,4217,3987,3855,3431,2347,16351,1273,0.136,Healthy
C0521,6,18,4.982,36.14,4.921,6.554,120,24.82,0,1006,704,2050,1674,2367,2551,3191,3957,3691,3479,3118,2028,15198,1187,0.232,Healthy
C0523,1,3,4.845,35.53,4.842,6.705,153,28.56,0,1208,925,2394,2077,3020,3189,4529,4880,4528,3918,3197,2330,18926,1371,0.153,Healthy
C0523,2,6,4.648,35.26,4.669,6.657,136,29.01,0,1151,823,2407,1860,2648,3002,4176,4601,3922,3932,3351,2154,17561,1290,-0.02,Healthy
C0523,3,9,5.005,35.34,5.02,6.653,149,28.87,0,1136,862,2669,1985,2780,3416,4256,4740,4383,3953,3263,2187,18671,1422,0.331,Healthy
C0523,4,12,4.811,35.4,4.82,6.689,162,28.86,0,1145,831,2357,2038,2754,3263,4047,4706,4539,4030,3347,2332,18164,1389,0.131,Healthy
C0523,5,15,4.775,35.53,4.772,6.665,141,28.33,0,1076,821,2277,1975,2906,3138,3806,4443,4024,3724,3178,2313,17013,1352,0.083,Healthy
C0523,6,18,4.922,35.45,4.927,6.664,142,28.94,0,1071,854,2485,1940,2732,3245,4017,4432,4377,3802,3028,2246,18287,1319,0.238,Healthy
C0524,1,3,4.77,35.73,4.749,6.664,165,19.84,0,1233,971,2670,2343,2916,3296,4542,4786,4772,4202,4289,2877,18950,1364,0.06,Healthy
C0524,2,6,4.917,35.91,4.879,6.696,195,20.34,0,1272,1067,2984,2360,3173,3763,4752,4862,4846,4478,4766,3046,21456,1605,0.19,Healthy
C0524,3,9,5.246,36.43,5.153,6.742,296,16.27,0,1410,1052,2897,2511,3372,3810,4954,5060,5156,4603,4796,3049,21742,1605,0.464,Healthy
C0524,4,12,5.61,36.82,5.469,6.801,430,14.08,0,1600,1195,3437,2789,3840,4490,5280,6139,5578,5389,5248,3542,24973,1679,0.78,Subclinical
C0524,5,15,6.062,37.4,5.843,6.87,551,14.16,1,2114,1531,4728,3836,4554,5076,6124,7007,6899,7313,7244,4785,30531,1989,1.154,Clinical
C0524,6,18,6.55,38.02,6.236,6.95,742,11.4,1,2062,1563,4400,3822,4777,5156,6810,7820,7343,7378,6751,5058,32448,2146,1.547,Clinical
C0525,1,3,5.032,35.13,5.067,6.565,137,27.95,0,1052,852,2465,1925,2826,3477,4639,4827,4459,3921,3749,2568,19077,1455,0.378,Healthy
C0525,2,6,5.034,35.17,5.066,6.557,129,28.96,0,1087,841,2407,1941,2956,3353,4171,3987,4140,3834,3507,2447,18269,1314,0.377,Healthy
C0525,3,9,4.924,35.24,4.948,6.573,121,29.38,0,1059,762,2170,1832,2993,3276,4194,4226,4102,3579,3623,2383,17775,1332,0.259,Healthy
C0525,4,12,4.969,35.05,5.011,6.566,133,28.13,0,1020,789,2266,1778,2724,3039,4074,4573,3837,3619,3407,2303,17570,1365,0.322,Healthy
C0525,5,15,4.86,35.05,4.902,6.606,123,28.25,0,1046,811,2296,1765,2930,3236,4156,4506,4223,3672,3359,2417,17504,1304,0.213,Healthy
C0525,6,18,4.877,35.13,4.911,6.577,131,29.61,0,1096,745,2247,1758,2746,2989,4288,4265,4125,3743,3459,2321,17229,1294,0.222,Healthy
C0528,1,3,5.027,35.78,5.0,6.705,136,20.52,0,1165,910,2510,2013,3207,3471,4482,4787,4458,4230,3683,2477,19022,1465,0.311,Healthy
C0528,2,6,4.95,35.86,4.916,6.712,160,20.82,0,1155,898,2662,2020,3145,3450,4179,4584,4163,4029,3703,2475,19088,1472,0.227,Healthy
C0528,3,9,5.141,35.81,5.111,6.684,128,21.24,0,1156,855,2461,1955,2982,3607,4143,4550,4138,3947,3707,2559,19189,1381,0.422,Healthy
C0528,4,12,5.074,35.64,5.061,6.721,141,20.86,0,1260,842,2439,2075,3015,3443,4145,4894,4584,4132,3933,2559,18960,1405,0.372,Healthy
C0528,5,15,4.915,35.86,4.881,6.711,155,20.56,0,1188,897,2778,2065,3136,3556,4337,4747,4697,4149,3825,2539,19144,1386,0.192,Healthy
C0528,6,18,5.153,35.68,5.135,6.712,149,22.5,0,1267,907,2612,1985,2980,3714,4671,4747,4563,3905,4006,2538,18569,1406,0.446,Healthy
C0529,1,3,4.977,35.08,5.017,6.645,97,18.52,0,1168,837,2532,1958,2965,3254,4210,4607,4455,3970,4007,2579,18519,1353,0.328,Healthy
C0529,2,6,5.036,34.92,5.091,6.635,109,17.29,0,1161,868,2407,1883,2873,3492,4148,4620,4559,3850,3868,2577,18574,1285,0.402,Healthy
C0529,3,9,4.989,35.17,5.02,6.682,102,18.18,0,1141,827,2250,2036,2858,2962,3887,4851,4547,3845,3782,2479,18763,1336,0.331,Healthy
C0529,4,12,4.974,34.96,5.025,6.654,102,18.24,0,1111,845,2547,1906,2975,3064,4014,4306,4412,3663,3636,2492,18548,1417,0.336,Healthy
C0529,5,15,4.976,35.15,5.009,6.655,89,18.26,0,1126,780,2333,1950,2774,3025,4122,4410,4157,4154,3795,2217,17638,1288,0.32,Healthy
C0529,6,18,5.035,35.1,5.073,6.639,96,18.74,0,1130,836,2441,1905,2822,3250,4220,4337,4368,3946,3604,2492,18431,1399,0.384,Healthy
C0531,1,3,4.654,35.95,4.614,6.761,134,16.25,0,1121,908,2374,2133,3050,3487,4660,4767,4241,4234,3669,2329,19626,1424,-0.075,Healthy
C0531,2,6,4.54,35.96,4.5,6.786,162,16.28,0,1138,975,2710,2181,3050,3499,4696,4946,4507,4089,3989,2546,19653,1405,-0.189,Healthy
C0531,3,9,4.568,35.92,4.532,6.764,148,16.72,0,1133,883,2456,2107,2967,3361,4412,5128,4260,4211,3699,2363,19136,1406,-0.157,Healthy
C0531,4,12,4.84,35.8,4.812,6.789,155,16.53,0,1217,872,2667,2324,3001,3468,4410,4640,4118,4135,3678,2570,18425,1387,0.123,Healthy
C0531,5,15,4.578,35.84,4.548,6.772,166,15.86,0,1096,864,2637,2080,2844,3393,4845,4635,4660,3997,3975,2537,19357,1443,-0.141,Healthy
C0531,6,18,4.701,35.87,4.668,6.73,146,15.52,0,1150,918,2542,1969,3058,3397,4538,4615,4583,3825,3694,2461,18868,1362,-0.021,Healthy
C0532,1,3,4.609,35.42,4.616,6.657,162,19.58,0,1049,784,2328,1821,2603,2836,3892,4110,3862,3623,3330,2276,16653,1237,-0.073,Healthy
C0532,2,6,4.559,35.45,4.563,6.677,156,19.97,0,1126,842,2441,1970,2907,2948,4120,4133,4150,3820,3745,2290,17473,1304,-0.126,Healthy
C0532,3,9,4.329,35.38,4.339,6.63,155,19.08,0,1018,764,2292,2007,2680,2979,3941,4481,3928,3662,3294,2424,16880,1328,-0.35,Healthy
C0532,4,12,4.533,35.21,4.558,6.677,145,19.54,0,1061,809,2250,1818,2560,2922,3763,4011,3772,3681,3154,2168,16233,1220,-0.131,Healthy
C0532,5,15,4.645,35.3,4.663,6.629,156,18.84,0,1040,849,2541,2009,2680,2889,3772,4213,3899,3874,3390,2282,16982,1253,-0.026,Healthy
C0532,6,18,4.643,35.2,4.669,6.655,158,19.25,0,1129,839,2460,1929,2547,3056,3855,4320,4021,3772,3365,2261,16856,1228,-0.02,Healthy
C0536,1,3,4.743,35.98,4.7,6.625,137,21.38,0,1364,957,2731,2168,2923,3221,4514,4911,4330,4434,3764,2434,19619,1505,0.011,Healthy
C0536,2,6,4.88,35.82,4.85,6.665,111,21.89,0,1203,884,2494,2066,2695,2975,4046,4533,4296,3826,3582,2283,18085,1399,0.161,Healthy
C0536,3,9,4.896,35.92,4.857,6.656,125,21.3,0,1121,865,2744,2059,2725,3115,3895,4548,4034,3887,3486,2313,17800,1357,0.168,Healthy
C0536,4,12,4.944,35.97,4.9,6.695,124,22.37,0,1153,924,2643,2035,2661,3192,3897,4680,4601,4113,3603,2304,18935,1434,0.211,Healthy
C0536,5,15,4.883,35.99,4.838,6.678,121,21.79,0,1268,907,2503,2129,2797,3043,4164,4404,4364,3919,3549,2439,18455,1350,0.149,Healthy
C0536,6,18,4.916,35.97,4.872,6.666,148,21.07,0,1217,926,2665,2206,2599,3161,4340,4615,4353,3824,3658,2558,18226,1402,0.183,Healthy
C0537,1,3,4.4,34.77,4.461,6.65,99,23.75,0,1053,790,2329,1726,2409,2810,3539,4036,3879,3688,3021,1921,15843,1163,-0.228,Healthy
C0537,2,6,4.531,34.64,4.605,6.617,102,23.42,0,1049,816,2340,1885,2500,2743,3557,4120,3814,3732,2862,1957,16722,1255,-0.084,Healthy
C0537,3,9,4.429,34.85,4.484,6.655,118,23.23,0,1130,822,2331,1803,2300,2763,3719,3909,3687,3630,2987,2010,16100,1123,-0.205,Healthy
C0537,4,12,4.582,34.76,4.646,6.62,93,23.54,0,1024,732,2119,1684,2358,2637,3522,3995,3778,3431,2866,1979,15892,1242,-0.043,Healthy
C0537,5,15,4.43,34.76,4.492,6.633,109,23.85,0,1051,822,2203,1926,2482,2915,3654,4055,3799,3953,2957,2182,16570,1308,-0.197,Healthy
C0537,6,18,4.461,34.86,4.515,6.633,106,23.46,0,982,738,2212,1753,2396,2634,3350,4205,3679,3572,2852,1865,15890,1298,-0.174,Healthy
C0539,1,3,4.178,34.62,4.248,6.474,214,20.98,0,1335,1064,2841,2230,3153,3782,4887,4873,5119,4220,4132,3017,21183,1571,-0.441,Healthy
C0539,2,6,4.16,34.76,4.218,6.457,199,21.45,0,1306,1023,2840,2289,3362,3702,4724,4741,4354,4456,4369,3043,20257,1498,-0.471,Healthy
C0539,3,9,4.434,34.74,4.498,6.47,197,21.29,0,1284,1020,2763,2324,3168,3869,4754,4622,4404,4087,4104,2871,20582,1457,-0.191,Healthy
C0539,4,12,4.409,34.69,4.477,6.464,210,22.01,0,1354,1020,2868,2303,3523,3865,5294,4834,4790,4670,4218,3001,21130,1463,-0.212,Healthy
C0539,5,15,4.198,34.73,4.259,6.464,203,21.77,0,1270,1010,2772,2176,3213,3531,4546,4859,4770,4487,4263,2689,20180,1464,-0.43,Healthy
C0539,6,18,4.381,34.65,4.452,6.457,205,22.42,0,1347,1031,2769,2246,3283,3514,4476,4937,4687,4277,4054,2799,21138,1517,-0.237,Healthy
C0540,1,3,4.442,36.05,4.396,6.65,144,18.91,0,1149,873,2646,1999,2607,3104,4014,4338,4462,3824,3241,2391,18177,1297,-0.293,Healthy
C0540,2,6,4.455,36.15,4.4,6.65,137,19.2,0,1147,889,2622,1990,2726,3155,4037,4804,4134,3951,3403,2272,18658,1425,-0.289,Healthy
C0540,3,9,4.452,36.17,4.395,6.656,131,19.68,0,1127,884,2581,2013,2576,2935,3922,4519,4163,3985,3294,2323,18088,1353,-0.294,Healthy
C0540,4,12,4.536,36.1,4.484,6.654,145,19.02,0,1177,895,2658,2038,2644,2937,4006,4991,4527,4132,3298,2298,18088,1371,-0.205,Healthy
C0540,5,15,4.611,36.26,4.544,6.68,147,18.76,0,1149,837,2279,2061,2670,2835,4106,4452,4100,3934,3293,2307,17728,1401,-0.145,Healthy
C0540,6,18,4.713,36.21,4.649,6.643,144,19.05,0,1151,785,2486,1953,2591,2932,3919,4817,3758,3547,3442,2154,17394,1272,-0.04,Healthy
C0541,1,3,4.514,35.33,4.529,6.445,137,21.15,0,1233,891,2536,2132,3175,3266,4435,4847,4296,4219,3654,2538,19695,1339,-0.16,Healthy
C0541,2,6,4.631,35.12,4.664,6.474,153,21.05,0,1247,829,2685,2051,2986,3381,3929,4390,4480,3821,3504,2411,19030,1370,-0.025,Healthy
C0541,3,9,4.724,35.24,4.747,6.509,133,20.29,0,1167,836,2438,1942,2917,3184,4090,4376,4264,3688,3540,2409,18381,1439,0.058,Healthy
C0541,4,12,4.836,35.26,4.858,6.455,137,20.1,0,1133,856,2456,2021,2852,3380,4125,4704,4159,4200,3336,2432,18354,1360,0.169,Healthy
C0541,5,15,4.895,35.36,4.908,6.488,145,20.02,0,1201,891,2495,2002,2961,3428,4024,4499,4373,4007,3922,2613,17994,1331,0.219,Healthy
C0541,6,18,4.465,35.24,4.487,6.465,133,20.1,0,1101,880,2446,2122,2734,3215,4130,4368,4025,3968,3348,2429,18153,1325,-0.202,Healthy
C0542,1,3,4.788,35.7,4.77,6.674,134,22.34,0,1217,893,2568,2020,2901,3127,3925,4141,3931,3838,3382,2128,17676,1322,0.081,Healthy
C0542,2,6,4.928,36.02,4.879,6.729,220,20.53,0,1355,967,2770,2156,2920,3173,4274,5200,4389,4101,3725,2432,19001,1369,0.19,Healthy
C0542,3,9,5.502,36.53,5.394,6.807,319,17.2,0,1397,1047,2834,2358,3092,3527,4663,5414,4899,4581,3883,2637,20672,1465,0.705,Subclinical
C0542,4,12,5.933,37.14,5.748,6.906,477,13.86,0,1545,1151,3496,2400,3379,4281,5164,5660,4914,4901,4585,3035,22845,1654,1.059,Subclinical
C0542,5,15,6.553,37.8,6.267,7.024,601,12.4,1,2055,1394,4515,3744,4768,5005,7235,8190,7630,6797,6385,3954,31991,2226,1.578,Clinical
C0542,6,18,7.31,38.49,6.895,7.16,801,9.4,1,2160,1600,4746,3906,5178,5554,7478,8500,7594,7006,6070,4051,32937,2124,2.206,Clinical
C0543,1,3,4.992,35.24,5.017,6.656,177,15.76,0,1168,869,2800,2172,3308,3687,4780,5051,4346,4139,4125,2590,20032,1428,0.328,Healthy
C0543,2,6,5.1,35.25,5.124,6.656,168,16.1,0,1229,940,2516,2180,3090,3375,5087,4716,4350,4099,3870,2778,19552,1400,0.435,Healthy
C0543,3,9,4.937,35.13,4.972,6.614,175,15.68,0,1173,841,2539,2024,3034,3456,4511,4676,4327,3994,4122,2469,19061,1470,0.283,Healthy
C0543,4,12,4.948,35.11,4.985,6.653,154,15.83,0,1214,896,2680,2016,3233,3772,4375,4515,4396,4218,4086,2742,19036,1431,0.296,Healthy
C0543,5,15,4.956,35.38,4.967,6.621,169,16.57,0,1177,901,2482,1941,3262,3478,4691,4587,4334,3953,3974,2476,18833,1374,0.278,Healthy
C0543,6,18,4.936,35.2,4.964,6.641,180,16.31,0,1283,866,2577,2090,3080,3451,4889,4557,4361,3930,3683,2600,19792,1416,0.275,Healthy
C0544,1,3,4.833,35.62,4.822,6.675,171,16.68,0,1283,964,2686,2256,3459,3805,4812,5020,4754,4485,3933,2598,20677,1558,0.133,Healthy
C0544,2,6,4.72,35.46,4.724,6.707,169,17.47,0,1295,978,2653,2213,3247,3817,5320,5592,5033,4605,4058,2704,21752,1548,0.035,Healthy
C0544,3,9,4.835,35.5,4.835,6.702,168,16.79,0,1268,973,2739,2268,3318,4124,4975,5499,4664,4622,4044,2769,20839,1494,0.146,Healthy
C0544,4,12,4.67,35.51,4.669,6.662,167,17.05,0,1288,935,2721,2203,3135,3570,4918,4949,4578,4566,4108,2640,20859,1400,-0.02,Healthy
C0544,5,15,4.866,35.48,4.868,6.68,153,16.78,0,1222,906,2717,2018,3312,3648,4950,5301,4690,4378,3694,2521,21021,1542,0.179,Healthy
C0544,6,18,4.79,35.59,4.782,6.682,161,17.04,0,1251,932,2783,2303,3281,3560,4787,5243,4628,4465,4042,2656,20728,1490,0.093,Healthy
C0545,1,3,4.728,36.34,4.653,6.565,112,14.62,0,1031,773,2310,1875,2356,2632,3689,3906,3669,3523,3158,2087,15778,1223,-0.036,Healthy
C0545,2,6,4.601,36.2,4.54,6.545,102,14.55,0,986,750,2199,1782,2367,2568,3598,4051,3424,3399,2917,2053,15129,1187,-0.149,Healthy
C0545,3,9,4.572,36.29,4.503,6.546,97,13.83,0,1011,739,2212,1824,2239,2716,3275,3913,3842,3296,3070,1893,16248,1286,-0.186,Healthy
C0545,4,12,4.63,36.24,4.565,6.583,104,13.99,0,936,721,2198,1819,2289,2504,3407,4096,3426,3477,3051,1996,15296,1091,-0.124,Healthy
C0545,5,15,4.621,36.16,4.563,6.575,99,13.36,0,940,736,2106,1757,2149,2609,3451,3886,3756,3430,2941,1862,14947,1118,-0.126,Healthy
C0545,6,18,4.718,36.27,4.649,6.591,94,13.8,0,976,713,2013,1771,2276,2497,3030,3781,3218,3320,2990,1912,14454,1233,-0.04,Healthy
C0547,1,3,4.93,36.54,4.833,6.743,100,23.87,0,1097,839,2353,1765,2719,2561,3845,4660,4109,3807,3445,2296,16708,1243,0.144,Healthy
C0547,2,6,4.701,36.57,4.605,6.735,115,23.42,0,1111,805,2475,1937,2899,2875,4088,4670,4402,3912,3427,2475,17762,1303,-0.084,Healthy
C0547,3,9,4.762,36.54,4.668,6.733,111,24.25,0,1102,835,2348,1845,2641,3125,3965,4273,4268,4069,3560,2395,17424,1343,-0.021,Healthy
C0547,4,12,4.867,36.55,4.77,6.794,113,24.17,0,1112,802,2491,1970,2768,3206,4235,4376,4243,4203,3726,2417,18240,1360,0.081,Healthy
C0547,5,15,4.786,36.34,4.71,6.771,117,24.09,0,1094,802,2381,1883,2770,2955,4109,4717,4295,3717,3568,2385,17484,1358,0.021,Healthy
C0547,6,18,4.856,36.62,4.753,6.734,123,23.31,0,1119,837,2531,1901,2886,3161,4271,4532,4498,4065,3564,2333,18342,1330,0.064,Healthy
C0548,1,3,5.09,36.08,5.034,6.744,108,20.1,0,1117,839,2614,2076,2996,3480,4456,4757,4441,4230,3676,2519,18979,1403,0.345,Healthy
C0548,2,6,4.995,36.09,4.939,6.718,104,19.86,0,1047,803,2396,1869,2879,3328,4356,4485,4211,4103,3556,2309,17751,1323,0.25,Healthy
C0548,3,9,5.034,36.13,4.974,6.713,123,19.31,0,1044,840,2477,2013,3000,3432,4378,4889,4863,4468,3745,2504,19114,1384,0.285,Healthy
C0548,4,12,5.088,36.04,5.036,6.691,113,19.67,0,1078,786,2359,1986,2819,3406,4125,4373,4269,4319,3727,2348,18020,1283,0.347,Healthy
C0548,5,15,5.098,36.18,5.032,6.725,95,19.78,0,1139,835,2304,1832,3050,3428,4479,4621,4194,4099,3590,2398,18135,1328,0.343,Healthy
C0548,6,18,4.954,36.1,4.898,6.701,114,20.16,0,1125,818,2335,1921,2950,3237,4183,4422,4330,4062,3583,2509,17692,1299,0.209,Healthy
C0549,1,3,4.697,35.97,4.655,6.625,139,15.95,0,1211,908,2686,2067,2872,3140,4077,4340,4433,3930,3720,2516,18173,1406,-0.034,Healthy
C0549,2,6,4.754,36.04,4.705,6.611,122,14.79,0,1125,871,2417,2001,2790,3060,4116,4173,4206,4156,3516,2489,18237,1379,0.016,Healthy
C0549,3,9,4.798,35.82,4.769,6.667,148,16.09,0,1190,864,2632,2164,2760,3140,4046,4162,4068,3705,3545,2310,17761,1347,0.08,Healthy
C0549,4,12,4.79,36.02,4.743,6.649,142,15.88,0,1169,883,2529,2086,2790,3239,4142,4568,4260,3998,3710,2568,17221,1289,0.054,Healthy
C0549,5,15,4.675,36.03,4.628,6.679,120,16.35,0,1191,837,2690,1996,2631,3161,4332,4392,4045,3702,3393,2268,18329,1318,-0.061,Healthy
C0549,6,18,4.731,36.08,4.679,6.632,136,16.08,0,1102,899,2413,2034,2885,3218,3915,4309,4037,3604,3571,2274,17374,1316,-0.01,Healthy
C0550,1,3,4.551,35.8,4.525,6.741,117,18.47,0,1085,858,2434,1979,2520,2963,3879,4276,4050,4043,3379,2270,17915,1399,-0.164,Healthy
C0550,2,6,4.436,35.79,4.412,6.713,121,17.83,0,1073,830,2367,1812,2470,2929,3797,4551,4085,3556,3570,2240,17306,1263,-0.277,Healthy
C0550,3,9,4.498,35.81,4.472,6.723,114,17.63,0,1027,799,2281,2047,2493,3009,3838,4354,3922,3430,3332,2105,16761,1292,-0.217,Healthy
C0550,4,12,4.462,35.66,4.448,6.712,123,18.71,0,1054,814,2449,1809,2706,2864,3628,4101,4015,3823,3357,2154,16837,1256,-0.241,Healthy
C0550,5,15,4.669,35.73,4.649,6.731,117,19.85,0,1086,823,2253,2008,2426,2901,3674,4299,3969,3665,3196,1946,16421,1253,-0.04,Healthy
C0550,6,18,4.567,35.82,4.539,6.711,115,18.58,0,1075,870,2332,1971,2609,2929,3790,4374,3846,3833,3530,2162,17353,1297,-0.15,Healthy
C0551,1,3,4.346,36.01,4.304,6.545,139,16.54,0,945,780,2416,1925,2706,3087,3844,4597,4120,3911,3844,2493,18133,1368,-0.385,Healthy
C0551,2,6,4.245,35.79,4.222,6.585,134,15.66,0,1122,830,2404,1872,2724,3055,3751,4864,4116,3952,3915,2657,17529,1307,-0.467,Healthy
C0551,3,9,4.177,36.01,4.137,6.585,138,14.94,0,1020,845,2234,2070,2794,3222,4010,4320,4434,3839,3721,2594,17633,1297,-0.552,Healthy
C0551,4,12,4.368,35.9,4.335,6.56,131,15.88,0,1106,770,2395,1936,2542,3069,4199,4531,4138,4000,3743,2558,18487,1296,-0.354,Healthy
C0551,5,15,4.465,35.99,4.423,6.574,153,16.03,0,1113,828,2419,1946,2688,3119,4064,4798,4309,4107,3656,2791,18254,1364,-0.266,Healthy
C0551,6,18,4.541,36.0,4.498,6.573,135,15.96,0,1101,740,2150,1761,2642,2839,3768,4460,4235,3869,3772,2244,16569,1289,-0.191,Healthy
C0552,1,3,4.219,35.38,4.229,6.731,98,17.5,0,1162,855,2365,1920,2571,2958,3952,4416,3881,3997,3289,2189,16933,1284,-0.46,Healthy
C0552,2,6,4.173,35.29,4.19,6.75,99,17.8,0,1109,836,2271,1978,2594,2877,3798,4209,3907,3833,3475,2362,17575,1313,-0.499,Healthy
C0552,3,9,4.223,35.26,4.242,6.743,88,16.66,0,1031,789,2429,1790,2473,2778,3675,3873,3764,3693,3021,2030,16457,1322,-0.447,Healthy
C0552,4,12,4.276,35.19,4.301,6.744,88,17.14,0,1110,779,2366,1889,2331,2755,3901,4241,3813,3648,3100,2001,16287,1319,-0.388,Healthy
C0552,5,15,4.124,35.25,4.144,6.782,96,16.4,0,1023,830,2233,1846,2553,2760,3577,4268,3916,3734,3229,2169,16691,1316,-0.545,Healthy
C0552,6,18,4.348,35.28,4.366,6.751,96,16.69,0,1075,808,2379,1935,2507,2638,3591,4193,3838,3473,3125,2046,16118,1252,-0.323,Healthy
C0553,1,3,4.827,35.11,4.863,6.824,186,20.65,0,1368,1039,2918,2488,3198,3479,4767,5250,4657,4654,4217,3010,20162,1463,0.174,Healthy
C0553,2,6,4.75,35.05,4.791,6.813,181,21.71,0,1293,987,2925,2285,3068,3330,4710,5118,4791,4409,3995,2825,20267,1417,0.102,Healthy
C0553,3,9,4.833,35.16,4.864,6.827,210,21.38,0,1381,1044,2904,2436,3276,3456,4649,5259,4754,4788,4184,2843,21043,1422,0.175,Healthy
C0553,4,12,4.758,35.14,4.791,6.792,190,21.07,0,1387,1024,2947,2464,3113,3675,4834,5282,5081,4732,4678,2990,20743,1553,0.102,Healthy
C0553,5,15,4.803,35.26,4.825,6.8,188,20.59,0,1346,1053,2842,2200,3128,3738,4589,4908,4525,4395,4025,2757,19779,1443,0.136,Healthy
C0553,6,18,5.141,35.02,5.188,6.82,187,20.93,0,1418,1013,2987,2619,3455,3639,4816,5532,5340,4640,4077,2974,21544,1688,0.499,Healthy
C0554,1,3,4.756,35.48,4.758,6.749,192,16.2,0,1240,861,2777,2119,3008,3303,4299,4792,4311,4116,4046,2786,19034,1371,0.069,Healthy
C0554,2,6,4.838,35.41,4.846,6.733,191,16.53,0,1189,833,2650,2125,2833,3183,4144,4906,4440,4403,3924,2613,19087,1419,0.157,Healthy
C0554,3,9,4.957,35.61,4.947,6.791,198,15.45,0,1220,868,2715,2240,3251,3524,4936,4928,4514,4196,4083,2937,19503,1469,0.258,Healthy
C0554,4,12,4.792,35.51,4.791,6.778,206,17.03,0,1219,936,2735,1947,2959,3390,4117,4979,4573,3977,3943,2730,18893,1360,0.102,Healthy
C0554,5,15,4.837,35.53,4.834,6.777,193,16.94,0,1169,917,2450,2050,3029,3284,4065,5096,4339,4319,3928,2707,18866,1375,0.145,Healthy
C0554,6,18,4.617,35.51,4.616,6.745,194,16.58,0,1157,930,2466,2142,2822,3121,4283,4870,4122,4165,3751,2535,18000,1331,-0.073,Healthy
C0555,1,3,4.916,35.38,4.927,6.608,76,22.96,0,1025,749,2284,1819,2493,2642,3588,4406,3823,3696,3618,2249,16519,1240,0.238,Healthy
C0555,2,6,4.9,35.39,4.91,6.585,78,23.5,0,1036,801,2312,1864,2364,2759,3627,4156,4163,3698,3446,2321,16802,1292,0.221,Healthy
C0555,3,9,5.013,35.31,5.031,6.55,63,22.91,0,1038,779,2269,1820,2430,2755,3453,4212,3792,3526,3419,2371,16267,1247,0.342,Healthy
C0555,4,12,4.93,35.41,4.938,6.583,67,23.86,0,1041,761,2041,1841,2287,2658,3340,4032,3890,3608,3434,2349,15391,1105,0.249,Healthy
C0555,5,15,4.985,35.4,4.994,6.62,88,23.08,0,1012,789,2148,1809,2545,2778,3502,3927,3903,3595,3703,2200,16318,1252,0.305,Healthy
C0555,6,18,4.922,35.36,4.935,6.586,80,23.06,0,1020,740,2228,1862,2330,2558,3592,4256,3780,3521,3282,2184,16017,1248,0.246,Healthy
C0556,1,3,4.754,35.22,4.779,6.663,202,19.3,0,1341,1092,3139,2257,2953,3533,4393,5086,5002,4567,4156,2659,21092,1508,0.09,Healthy
C0556,2,6,4.601,35.27,4.621,6.688,186,19.14,0,1233,989,2847,2195,2908,3327,4321,4787,4356,4218,3989,2667,19517,1498,-0.068,Healthy
C0556,3,9,4.76,35.29,4.779,6.683,197,19.27,0,1313,964,2994,2244,3069,3313,4387,5101,4605,3922,4130,2859,19909,1461,0.09,Healthy
C0556,4,12,4.647,35.25,4.669,6.706,179,18.76,0,1299,905,2752,2226,2884,3216,4052,4500,4400,4119,3987,2597,18713,1380,-0.02,Healthy
C0556,5,15,4.75,35.24,4.773,6.707,183,19.8,0,1252,930,2726,2155,2780,3335,4052,4421,4588,4203,3953,2593,19235,1449,0.084,Healthy
C0556,6,18,4.74,35.19,4.768,6.715,187,19.76,0,1254,939,2599,2160,2966,3128,4380,4848,4122,3877,3777,2601,18340,1461,0.079,Healthy
C0557,1,3,5.295,35.74,5.271,6.532,119,20.39,0,1083,864,2487,1896,2934,3474,4079,4623,4680,3921,3831,2444,18155,1342,0.582,Healthy
C0557,2,6,5.288,35.85,5.253,6.514,109,20.29,0,1133,763,2291,1825,2528,3112,4151,4457,4362,3994,3496,2270,18715,1427,0.564,Healthy
C0557,3,9,5.225,35.85,5.19,6.54,117,20.78,0,1065,826,2419,1907,2673,3132,4084,4315,4318,3905,3644,2529,17069,1372,0.501,Healthy
C0557,4,12,5.184,35.85,5.15,6.565,107,20.74,0,1018,768,2345,1758,2721,3086,3863,4745,4316,3664,3657,2432,17118,1281,0.461,Healthy
C0557,5,15,5.23,35.99,5.181,6.533,111,19.37,0,1092,807,2320,1706,2633,3138,4045,4529,4110,4022,3423,2326,17892,1281,0.492,Healthy
C0557,6,18,4.983,35.84,4.951,6.504,123,20.23,0,1064,798,2308,1874,2754,3033,3897,4370,4197,3867,3592,2642,16892,1299,0.262,Healthy
C0558,1,3,4.548,35.83,4.519,6.723,182,18.53,0,1188,962,2623,1898,3141,3314,4318,4744,4200,3907,3767,2491,19060,1459,-0.17,Healthy
C0558,2,6,4.651,35.95,4.611,6.693,179,19.35,0,1138,823,2601,2016,2812,3408,4393,4066,3870,3718,3325,2262,18323,1345,-0.078,Healthy
C0558,3,9,4.477,35.94,4.44,6.685,187,18.63,0,1249,921,2427,2024,3038,3222,4076,4263,4253,3910,3773,2486,18708,1428,-0.249,Healthy
C0558,4,12,4.547,35.99,4.505,6.722,186,19.23,0,1173,817,2378,2065,2699,3253,4153,4410,4022,3576,3453,2247,17722,1286,-0.184,Healthy
C0558,5,15,4.349,35.84,4.321,6.729,199,19.2,0,1194,837,2575,2001,2923,3187,4104,4484,4055,3847,3629,2468,17684,1312,-0.368,Healthy
C0558,6,18,4.544,35.94,4.506,6.699,203,19.33,0,1167,819,2641,2142,2791,3273,4051,4047,3877,3897,3752,2443,17472,1307,-0.183,Healthy
C0559,1,3,5.187,35.53,5.184,6.691,152,22.73,0,1281,960,2913,2287,2986,3410,4283,4865,4788,4084,4003,2772,20251,1458,0.495,Healthy
C0559,2,6,4.93,35.46,4.934,6.71,156,22.22,0,1347,924,2663,2129,2789,3581,4274,5101,4647,4224,4103,2581,18908,1351,0.245,Healthy
C0559,3,9,5.054,35.42,5.062,6.683,142,22.14,0,1218,878,2625,2129,2715,3129,4176,5002,4371,4388,3935,2533,19304,1397,0.373,Healthy
C0559,4,12,5.109,35.65,5.094,6.709,144,22.45,0,1188,946,2572,2308,2945,3129,4391,5081,4364,4387,3793,2601,18789,1295,0.405,Healthy
C0559,5,15,4.902,35.69,4.884,6.724,154,22.78,0,1262,933,2603,2091,2772,3195,4092,4858,4414,4018,3639,2629,18712,1410,0.195,Healthy
C0559,6,18,4.887,35.53,4.884,6.697,133,22.51,0,1238,914,2740,2126,2784,3135,3961,4725,4229,3934,3806,2573,18237,1355,0.195,Healthy
C0560,1,3,4.943,35.66,4.928,6.668,153,20.1,0,1209,898,2608,2211,3146,3362,4481,4599,4385,4077,3822,2565,19035,1449,0.239,Healthy
C0560,2,6,4.937,35.84,4.905,6.709,194,19.4,0,1262,991,2655,2131,3062,3530,4398,4854,4588,4210,3992,2708,20169,1455,0.216,Healthy
C0560,3,9,5.211,36.5,5.112,6.767,262,16.15,0,1300,993,2908,2395,3334,3969,5099,5315,4673,4406,4188,2733,21093,1429,0.423,Healthy
C0560,4,12,5.816,37.06,5.644,6.841,373,12.87,0,1442,1111,3035,2441,3442,3960,5168,5495,5226,5225,4384,3168,23130,1637,0.955,Subclinical
C0560,5,15,6.174,37.69,5.917,6.929,498,11.14,1,1868,1415,4293,2953,4390,4836,6798,7144,7041,6435,5990,3914,28826,1906,1.228,Clinical
C0560,6,18,6.73,38.44,6.354,7.03,642,7.3,1,2032,1497,4498,3788,5079,5748,6943,8296,7422,6753,5953,4478,32444,2183,1.665,Clinical
C0561,1,3,4.616,35.01,4.659,6.516,139,20.8,0,1241,911,2544,2116,2692,3272,4040,4668,4198,4072,3793,2411,18401,1353,-0.03,Healthy
C0561,2,6,4.457,34.8,4.516,6.541,148,21.2,0,1164,897,2707,2181,2848,3210,3984,4546,4332,4044,3616,2574,18037,1433,-0.173,Healthy
C0561,3,9,4.4,34.93,4.448,6.524,143,20.93,0,1321,912,2730,2053,2933,3337,4358,4397,4249,3926,3601,2615,18228,1312,-0.241,Healthy
C0561,4,12,4.563,35.09,4.599,6.509,153,21.85,0,1239,911,2749,2028,2854,3276,4237,4269,4199,4086,3982,2381,18409,1374,-0.09,Healthy
C0561,5,15,4.477,34.8,4.537,6.509,154,20.85,0,1151,858,2639,2234,2960,3360,4434,4658,4224,4254,3748,2611,18928,1418,-0.152,Healthy
C0561,6,18,4.44,34.87,4.493,6.517,141,21.87,0,1188,847,2693,2113,2915,3339,4353,4349,4299,3977,3617,2482,18898,1375,-0.196,Healthy
C0562,1,3,4.965,35.43,4.972,6.646,203,21.71,0,1459,1136,3192,2558,3123,3698,4995,6007,5439,4907,4209,3175,21799,1489,0.283,Healthy
C0562,2,6,4.714,35.42,4.721,6.623,204,21.56,0,1400,1012,2929,2436,2966,3557,4512,5151,5238,4800,4191,2763,20731,1481,0.032,Healthy
C0562,3,9,4.742,35.28,4.762,6.57,185,22.03,0,1295,985,2828,2472,2752,3177,4431,5625,5162,4489,4121,2737,20771,1411,0.073,Healthy
C0562,4,12,4.803,35.38,4.814,6.595,183,21.9,0,1356,1022,2823,2431,2970,3308,4551,5313,4848,4727,3999,2721,20573,1450,0.125,Healthy
C0562,5,15,4.818,35.39,4.828,6.621,198,21.82,0,1380,1025,2924,2384,3156,3459,4435,5344,4996,4923,3829,2862,20482,1468,0.139,Healthy
C0562,6,18,4.914,35.44,4.92,6.644,191,21.91,0,1346,1052,3111,2300,3229,3369,4401,5380,5258,4453,4365,2577,21169,1559,0.231,Healthy
C0563,1,3,4.913,35.15,4.946,6.626,92,19.0,0,1123,867,2571,2068,2882,3258,4474,4165,3985,3840,3416,2217,18432,1376,0.257,Healthy
C0563,2,6,5.099,35.22,5.126,6.666,90,19.02,0,1184,866,2376,1942,2971,3187,3937,4477,3992,3661,3379,2363,17374,1287,0.437,Healthy
C0563,3,9,4.825,35.06,4.865,6.605,112,19.65,0,1126,876,2434,2008,2998,3313,4463,4542,4167,3795,3561,2412,18784,1362,0.176,Healthy
C0563,4,12,4.851,35.14,4.884,6.615,106,19.67,0,1229,913,2517,2213,3000,3506,4484,4498,4058,3729,3501,2263,18468,1341,0.195,Healthy
C0563,5,15,4.804,35.1,4.841,6.602,98,19.41,0,1186,899,2432,2081,2791,3255,4063,4099,4077,3593,3592,2272,17529,1355,0.152,Healthy
C0563,6,18,4.783,35.07,4.822,6.622,97,19.52,0,1139,844,2461,2037,2601,3107,4110,4250,4021,3944,3508,2280,17490,1245,0.133,Healthy
C0564,1,3,4.9,34.67,4.977,6.525,176,21.07,0,1237,955,2784,2066,3064,3273,4302,4992,4633,4609,3804,2484,20189,1422,0.288,Healthy
C0564,2,6,4.98,34.73,5.053,6.535,179,22.03,0,1288,927,2631,2302,2942,3442,4403,4672,4790,4693,4055,2618,19831,1374,0.364,Healthy
C0564,3,9,4.65,34.56,4.733,6.529,166,21.74,0,1160,915,2729,2157,2969,3245,4250,4824,4611,4184,3517,2543,19545,1451,0.044,Healthy
C0564,4,12,4.902,34.59,4.987,6.529,171,22.44,0,1186,913,2470,2097,2787,3418,4270,5141,4836,4668,3834,2286,19516,1492,0.298,Healthy
C0564,5,15,4.814,34.54,4.902,6.499,174,20.62,0,1169,891,2545,2043,3071,3317,4225,4869,4817,4302,3323,2425,19514,1449,0.213,Healthy
C0564,6,18,4.967,34.6,5.052,6.546,168,20.88,0,1231,898,2633,2076,2791,3160,4271,4892,4601,4171,3665,2432,18635,1404,0.363,Healthy
C0565,1,3,4.784,35.49,4.785,6.698,197,19.02,0,1355,1014,2892,2231,3128,3831,4855,5159,4386,4178,4334,2573,20888,1475,0.096,Healthy
C0565,2,6,4.656,35.38,4.667,6.72,174,18.91,0,1202,956,2706,2383,3102,3745,4882,4999,4658,4077,3772,2762,20156,1481,-0.022,Healthy
C0565,3,9,4.743,35.4,4.752,6.721,201,18.94,0,1332,981,2885,2221,3200,3394,4889,5279,4980,4196,4216,2728,21198,1482,0.063,Healthy
C0565,4,12,4.645,35.39,4.655,6.692,182,18.53,0,1298,934,2812,2126,3113,3555,4629,4473,4649,4094,3720,2720,19623,1403,-0.034,Healthy
C0565,5,15,4.334,35.55,4.33,6.691,180,19.29,0,1325,994,2658,2321,3051,3468,4710,4682,4473,4342,4177,2590,19893,1442,-0.359,Healthy
C0565,6,18,4.82,35.42,4.827,6.66,188,19.75,0,1301,984,2812,2202,2974,3579,4776,5085,4678,4690,3913,2614,21448,1532,0.138,Healthy
C0566,1,3,4.677,35.41,4.685,6.689,181,20.09,0,1235,931,2747,2225,2850,3242,4373,4860,4607,4140,3623,2463,19639,1511,-0.004,Healthy
C0566,2,6,4.732,35.45,4.736,6.666,173,20.0,0,1253,900,2555,2159,2964,3143,4106,4679,4382,4035,3555,2438,18782,1422,0.047,Healthy
C0566,3,9,4.656,35.43,4.662,6.67,179,20.46,0,1206,913,2702,2056,2704,3275,4161,4458,4460,3715,3543,2355,17935,1342,-0.027,Healthy
C0566,4,12,4.702,35.39,4.712,6.684,179,20.5,0,1287,876,2510,2017,2658,3087,3890,4653,4151,3897,3568,2500,17724,1402,0.023,Healthy
C0566,5,15,4.619,35.6,4.61,6.697,173,19.17,0,1226,834,2583,2073,2708,3210,4325,4617,4236,3777,3559,2634,18633,1483,-0.079,Healthy
C0566,6,18,4.66,35.4,4.669,6.691,193,20.18,0,1176,880,2424,1964,2765,3007,4162,4234,4306,4062,3556,2425,17848,1333,-0.02,Healthy
C0567,1,3,4.821,35.84,4.79,6.671,158,18.24,0,1024,835,2323,1868,2658,3245,4026,4648,4425,4297,3481,2174,18121,1364,0.101,Healthy
C0567,2,6,5.08,36.05,5.027,6.718,229,18.49,0,1118,903,2380,2051,2888,3322,4260,4838,4525,4136,3688,2505,18453,1309,0.338,Healthy
C0567,3,9,5.353,36.45,5.256,6.785,332,15.85,0,1175,925,2654,2296,3075,3694,4798,5503,4925,4630,3938,2590,21048,1515,0.567,Subclinical
C0567,4,12,5.895,36.96,5.731,6.871,448,15.06,0,1353,1024,2790,2295,3608,3993,5500,5960,5384,5092,4472,2935,22987,1584,1.042,Subclinical
C0567,5,15,6.348,37.69,6.084,6.973,613,12.6,0,1465,1084,3161,2461,3689,4091,5449,6548,5588,5474,4646,3095,24531,1614,1.395,Clinical
C0567,6,18,7.05,38.42,6.659,7.09,810,10.3,0,1548,1150,3361,2606,3966,3748,5010,5952,5991,5795,5060,3349,24859,1762,1.97,Clinical
C0568,1,3,5.065,35.91,5.026,6.56,123,18.3,0,1172,864,2546,2000,2736,3323,4225,4074,3960,3969,3643,2373,18059,1348,0.337,Healthy
C0568,2,6,5.189,35.71,5.168,6.601,137,19.01,0,1176,869,2488,1926,2819,3139,4104,3971,4257,3695,3651,2574,17222,1258,0.479,Healthy
C0568,3,9,5.056,35.91,5.017,6.589,134,19.72,0,1110,875,2537,1907,2874,2860,4162,4077,3795,3793,3635,2279,16829,1193,0.328,Healthy
C0568,4,12,4.943,35.77,4.918,6.589,117,18.49,0,1127,864,2437,1850,2790,3046,4137,4260,3914,3591,3581,2477,17624,1292,0.229,Healthy
C0568,5,15,5.162,35.85,5.128,6.579,125,18.64,0,1142,866,2443,1866,2661,2999,3965,4296,4036,3461,3354,2366,17237,1268,0.439,Healthy
C0568,6,18,5.075,35.76,5.05,6.595,125,19.73,0,1132,839,2622,1926,2815,3248,4036,4128,3995,3862,3754,2475,18355,1355,0.361,Healthy
C0570,1,3,4.903,36.36,4.823,6.836,138,21.28,0,1138,905,2796,2136,2921,3413,4503,5123,4422,4301,3561,2527,19418,1411,0.134,Healthy
C0570,2,6,4.64,36.49,4.553,6.818,136,20.98,0,1147,849,2628,1957,2677,3246,3971,4683,4092,3789,3344,2199,17934,1365,-0.136,Healthy
C0570,3,9,4.819,36.45,4.732,6.818,160,21.28,0,1263,913,2661,2044,3022,3468,4681,4632,4495,4054,3749,2570,18837,1391,0.043,Healthy
C0570,4,12,4.721,36.55,4.627,6.844,150,20.22,0,1150,880,2551,2007,2574,3182,4069,4696,3976,3791,3534,2435,17403,1303,-0.062,Healthy
C0570,5,15,4.825,36.28,4.753,6.803,140,21.11,0,1215,826,2611,2033,2737,3197,4120,4871,3934,3746,3506,2477,18566,1418,0.064,Healthy
C0570,6,18,4.729,36.43,4.645,6.753,150,21.68,0,1171,872,2538,2070,2944,3150,4247,4712,4117,3921,3549,2406,18787,1421,-0.044,Healthy
C0572,1,3,4.933,35.61,4.923,6.614,144,23.14,0,1362,946,2885,2084,3172,3705,4731,4898,4782,4311,4049,2822,20768,1408,0.234,Healthy
C0572,2,6,4.883,35.78,4.857,6.592,158,23.8,0,1298,970,2732,2244,3127,3618,4381,4504,4712,4573,4166,2829,20318,1488,0.168,Healthy
C0572,3,9,4.675,35.81,4.647,6.565,154,22.71,0,1291,963,2699,2268,3108,3474,4630,5001,4683,4480,4175,2698,20307,1491,-0.042,Healthy
C0572,4,12,4.894,35.71,4.874,6.618,145,22.58,0,1231,957,2490,2206,2886,3540,4280,4974,4615,4281,4200,2705,19069,1450,0.185,Healthy
C0572,5,15,4.914,35.79,4.887,6.591,160,23.1,0,1321,958,2715,2228,3032,3839,4512,5176,4636,4339,3951,3053,20751,1547,0.198,Healthy
C0572,6,18,4.666,35.84,4.636,6.61,135,23.39,0,1174,879,2503,2144,2988,3350,4413,4634,4261,3938,3706,2518,18100,1368,-0.053,Healthy
C0573,1,3,4.692,35.54,4.688,6.67,160,22.1,0,1163,917,2426,1926,3027,3547,4288,4509,3897,3879,3865,2571,18055,1287,-0.001,Healthy
C0573,2,6,4.93,35.96,4.887,6.715,197,20.29,0,1152,895,2610,2077,3110,3597,4759,4723,4482,4176,4185,2828,19807,1434,0.198,Healthy
C0573,3,9,5.244,36.58,5.136,6.779,246,17.21,0,1318,920,2767,2210,3211,3692,4761,5073,4570,4060,4325,2719,20036,1416,0.447,Healthy
C0573,4,12,5.927,36.99,5.759,6.861,328,15.98,0,1431,1118,2924,2570,3751,4185,5627,5555,5580,5167,4764,3235,23038,1565,1.07,Subclinical
C0573,5,15,6.472,37.56,6.219,6.958,427,12.41,1,1994,1325,3856,3032,4744,5570,7691,6736,7042,6674,6512,3863,31007,2118,1.53,Subclinical
C0573,6,18,7.18,38.23,6.808,7.07,543,9.6,1,2172,1319,4145,3377,5402,5726,7461,8268,7625,7169,6620,4317,33392,2166,2.119,Clinical
C0574,1,3,4.496,34.81,4.555,6.608,215,24.18,0,1245,934,2795,2252,2899,3078,4794,4565,4452,4135,4054,2522,19724,1524,-0.134,Healthy
C0574,2,6,4.322,34.96,4.366,6.623,207,24.37,0,1244,960,2829,1987,2989,3364,4517,4544,4526,4157,4226,2609,19421,1401,-0.323,Healthy
C0574,3,9,4.74,34.99,4.786,6.592,210,23.71,0,1228,967,2670,2287,3101,3280,4520,4794,4626,4296,4057,2636,19711,1402,0.097,Healthy
C0574,4,12,4.504,35.07,4.541,6.624,196,23.38,0,1298,901,2538,2148,3180,3422,4532,4834,4597,4146,3821,2749,20270,1492,-0.148,Healthy
C0574,5,15,4.706,35.06,4.745,6.613,195,23.94,0,1218,905,2632,2135,2964,3175,4339,4529,4358,4336,3903,2752,19511,1420,0.056,Healthy
C0574,6,18,4.5,34.97,4.545,6.635,218,23.69,0,1258,917,2681,2269,3035,3556,4715,4637,4329,4103,4194,2871,19497,1435,-0.144,Healthy
C0575,1,3,4.883,35.77,4.858,6.67,174,20.71,0,1365,947,2819,2275,3026,3347,4759,4812,4369,4176,3982,2549,20847,1472,0.169,Healthy
C0575,2,6,4.97,36.11,4.912,6.715,195,19.05,0,1343,1089,3075,2542,3329,3825,5114,5299,4972,4523,4005,2915,21714,1520,0.223,Healthy
C0575,3,9,5.071,36.39,4.985,6.779,290,16.02,0,1421,1061,3233,2526,3494,4093,4957,5402,5438,4725,4667,3147,22711,1577,0.296,Healthy
C0575,4,12,5.62,36.82,5.479,6.861,444,14.85,0,1588,1214,3334,2767,3714,4452,5700,6130,5647,5435,5007,3306,25478,1704,0.79,Subclinical
C0575,5,15,5.875,37.35,5.668,6.958,581,11.62,1,2213,1681,4709,3868,5152,5455,7193,7745,7659,6970,6772,4531,32882,2202,0.979,Subclinical
C0575,6,18,6.37,38.0,6.067,7.07,761,8.7,1,2262,1686,4951,3823,5318,6257,8122,8983,7496,7290,7017,4634,34652,2265,1.378,Clinical
C0576,1,3,3.765,36.01,3.729,6.757,85,22.49,0,904,730,1971,1667,2557,2729,3445,4066,3610,3578,2976,2083,15779,1225,-0.96,Healthy
C0576,2,6,3.742,36.0,3.706,6.694,89,22.39,0,973,725,2076,1728,2350,2810,3624,3944,3568,3604,3197,2030,15748,1246,-0.983,Healthy
C0576,3,9,3.823,36.03,3.785,6.744,100,21.87,0,907,721,2012,1707,2327,2903,3493,4023,3571,3344,3009,1935,14844,1182,-0.904,Healthy
C0576,4,12,3.715,36.03,3.678,6.704,71,21.26,0,879,688,2100,1498,2316,2683,3192,3648,3573,3455,2823,1966,15199,1288,-1.011,Healthy
C0576,5,15,3.679,35.97,3.646,6.679,99,20.99,0,931,716,1930,1616,2284,2581,3617,4001,3666,3253,2950,1998,15059,1197,-1.043,Healthy
C0576,6,18,3.605,35.93,3.576,6.736,97,22.24,0,912,688,2096,1643,2266,2740,3608,4019,3755,3226,3096,2022,15115,1089,-1.113,Healthy
C0577,1,3,4.884,36.27,4.813,6.445,132,17.04,0,1182,821,2339,1989,2719,3087,4267,4454,4242,3806,3624,2568,18354,1337,0.124,Healthy
C0577,2,6,4.587,36.3,4.517,6.463,134,17.54,0,1170,898,2667,2032,2814,3284,3972,4599,4046,3929,3906,2635,18373,1319,-0.172,Healthy
C0577,3,9,4.834,36.49,4.743,6.451,129,16.71,0,1199,881,2349,1996,2746,3152,4291,4345,3793,3761,3761,2459,17918,1357,0.054,Healthy
C0577,4,12,4.893,36.41,4.808,6.465,127,17.22,0,1106,844,2433,1916,2661,3172,4025,4278,3886,3803,3661,2317,17393,1288,0.119,Healthy
C0577,5,15,4.471,36.54,4.383,6.439,143,16.99,0,1131,836,2321,1974,2812,3058,4283,4271,3991,3764,3818,2428,17713,1347,-0.306,Healthy
C0577,6,18,4.741,36.52,4.649,6.434,129,16.9,0,1167,794,2312,1879,2565,3027,4076,4394,4113,3489,3443,2361,17142,1262,-0.04,Healthy
C0578,1,3,4.859,35.77,4.834,6.674,143,22.88,0,1223,923,2742,2111,2809,3093,4038,4442,4375,3965,3824,2511,18110,1355,0.145,Healthy
C0578,2,6,5.074,35.77,5.048,6.727,195,20.93,0,1390,944,2965,2188,2915,3356,4485,4998,4604,4069,4064,2648,20058,1429,0.359,Healthy
C0578,3,9,5.239,36.25,5.164,6.804,284,17.89,0,1517,1058,3253,2616,3303,3756,4825,5612,5333,4844,4290,3130,22499,1572,0.475,Healthy
C0578,4,12,5.676,36.65,5.552,6.901,388,15.14,0,1416,1157,3430,2682,3545,4153,5120,6027,5872,4801,4538,3052,24501,1708,0.863,Subclinical
C0578,5,15,6.229,37.23,6.024,7.017,519,12.92,1,2172,1522,4665,3504,4620,5047,6510,7583,7076,6881,6256,4576,29365,1985,1.335,Clinical
C0578,6,18,6.81,37.81,6.511,7.15,675,10.8,1,2280,1677,4640,4050,4622,5045,6807,7131,7327,7477,6622,4272,32401,2196,1.822,Clinical
C0580,1,3,4.745,34.88,4.801,6.603,159,15.63,0,1258,933,2794,2202,2915,3549,4512,5292,4594,4293,4005,2873,19837,1495,0.112,Healthy
C0580,2,6,4.692,34.87,4.748,6.615,154,15.54,0,1273,917,2824,2293,2948,3513,4367,5212,4871,4632,4045,2866,20080,1455,0.059,Healthy
C0580,3,9,4.697,35.02,4.74,6.608,155,15.38,0,1219,891,2656,2054,2954,3257,4370,4917,4575,4466,4121,2579,19167,1389,0.051,Healthy
C0580,4,12,4.738,34.86,4.796,6.628,142,15.83,0,1249,926,2615,2043,2983,3196,4214,4989,4651,4057,3894,2692,19307,1448,0.107,Healthy
C0580,5,15,4.725,35.0,4.77,6.593,159,15.89,0,1124,926,2831,2107,2950,3414,4611,5198,5150,4555,4123,2711,19886,1334,0.081,Healthy
C0580,6,18,4.671,34.94,4.721,6.644,152,14.56,0,1184,922,2672,2226,2890,3233,4426,5116,4672,4676,3769,2574,20151,1530,0.032,Healthy
C0581,1,3,4.357,35.67,4.343,6.632,184,21.54,0,1161,873,2706,2207,2868,3385,4449,4888,4432,4207,3719,2500,20147,1513,-0.346,Healthy
C0581,2,6,4.323,35.69,4.307,6.641,208,22.28,0,1271,903,2875,2243,2848,3263,4584,5160,4836,4379,3960,2596,20066,1441,-0.382,Healthy
C0581,3,9,4.132,35.45,4.136,6.636,205,21.82,0,1216,918,2693,2118,2978,3303,4775,4805,4584,4318,3894,2570,19830,1426,-0.553,Healthy
C0581,4,12,4.541,35.5,4.541,6.639,210,21.8,0,1234,948,2616,2058,2933,3427,4468,5068,4604,4278,3950,2576,19717,1528,-0.148,Healthy
C0581,5,15,4.486,35.55,4.482,6.64,209,21.98,0,1138,948,2556,2127,2857,3279,4397,4902,4605,4483,3666,2489,19039,1351,-0.207,Healthy
C0581,6,18,4.271,35.55,4.267,6.638,198,22.25,0,1192,955,2715,2103,3035,3196,4354,4935,4506,4509,3643,2588,19654,1419,-0.422,Healthy
C0582,1,3,4.654,35.38,4.665,6.679,147,20.22,0,1220,869,2576,1973,2820,3222,4511,4222,4114,3571,3887,2651,18121,1426,-0.024,Healthy
C0582,2,6,5.185,36.01,5.135,6.743,201,16.64,0,1342,955,2933,2123,3188,3575,5087,4816,4768,4001,4113,2870,21049,1459,0.446,Healthy
C0582,3,9,5.137,36.29,5.06,6.835,248,14.9,0,1344,948,2639,2155,3375,3392,4794,4853,4492,4425,4211,2922,20198,1468,0.371,Healthy
C0582,4,12,5.596,36.8,5.458,6.951,338,14.3,0,1370,1031,3214,2574,3534,3952,5119,5622,5005,4747,4723,2853,22981,1603,0.769,Subclinical
C0582,5,15,5.943,37.36,5.733,7.09,446,11.42,1,1969,1426,4049,3161,4558,5501,7220,7056,6600,6194,6282,3958,29849,2084,1.044,Subclinical
C0582,6,18,6.43,37.96,6.129,7.25,578,8.7,1,2029,1444,4235,3501,4961,5650,6933,7465,6747,6558,6215,4080,30392,1997,1.44,Clinical
C0583,1,3,4.913,35.42,4.92,6.676,142,20.7,0,1221,959,2584,2115,2965,3370,4367,4703,4409,4181,3753,2387,18688,1317,0.231,Healthy
C0583,2,6,4.956,35.78,4.93,6.733,202,18.46,0,1221,936,2938,2348,3227,3335,4692,5180,4964,4545,4023,2839,20827,1506,0.241,Healthy
C0583,3,9,5.573,36.08,5.512,6.816,278,15.66,0,1482,1094,3175,2540,3640,3831,5047,5684,5141,4822,4259,3155,22946,1588,0.823,Subclinical
C0583,4,12,5.972,36.38,5.872,6.921,387,14.27,0,1533,1133,3256,2717,3669,4225,5519,6026,5535,5280,4861,3251,24071,1701,1.183,Subclinical
C0583,5,15,6.695,36.8,6.53,7.046,525,12.3,1,2137,1538,4602,3713,5064,5816,7026,8107,8187,7157,6368,4458,32656,2166,1.841,Clinical
C0583,6,18,7.46,37.24,7.213,7.19,671,9.6,1,2353,1793,5211,4091,5341,6608,8036,8890,8203,7866,7211,4812,37222,2345,2.524,Clinical
C0584,1,3,4.944,35.46,4.948,6.822,136,23.78,0,1269,882,2626,2062,3283,3772,4913,4969,4808,4417,4059,2792,20280,1548,0.259,Healthy
C0584,2,6,4.854,35.51,4.853,6.777,140,24.48,0,1235,913,2791,2245,3324,3681,4548,5012,4768,4521,4125,2788,20012,1423,0.164,Healthy
C0584,3,9,4.88,35.53,4.877,6.79,131,23.08,0,1259,918,2700,2171,3333,3741,4958,5262,4669,4247,4021,2753,20593,1460,0.188,Healthy
C0584,4,12,4.682,35.34,4.696,6.812,139,24.04,0,1284,969,2428,2123,3170,3869,4752,4893,4649,4359,4038,2762,20179,1486,0.007,Healthy
C0584,5,15,4.808,35.53,4.805,6.779,128,24.84,0,1188,893,2653,2023,3200,3640,4468,5010,4673,4392,4028,2691,19634,1503,0.116,Healthy
C0584,6,18,4.803,35.34,4.818,6.8,134,24.37,0,1247,911,2644,2143,3256,3536,5073,4850,4428,4610,3918,2719,20236,1405,0.129,Healthy
C0585,1,3,4.934,35.18,4.964,6.632,134,18.75,0,1213,910,2676,2092,2689,3144,3977,4908,4484,4075,3523,2514,18070,1323,0.275,Healthy
C0585,2,6,4.846,35.23,4.871,6.688,144,20.1,0,1153,904,2690,2057,2693,3245,4115,4621,4372,4041,3574,2718,18690,1421,0.182,Healthy
C0585,3,9,4.524,35.29,4.542,6.665,152,19.51,0,1224,898,2470,2079,2789,3071,4065,4729,4371,4112,3461,2613,18093,1319,-0.147,Healthy
C0585,4,12,4.667,35.2,4.694,6.635,142,19.93,0,1214,883,2546,2065,2554,3025,3884,4672,4356,4177,3392,2394,18074,1351,0.005,Healthy
C0585,5,15,4.82,35.4,4.829,6.663,144,18.52,0,1258,913,2518,1954,2634,3018,4022,4926,4373,3877,3411,2333,18038,1323,0.14,Healthy
C0585,6,18,4.861,35.21,4.888,6.69,136,18.92,0,1260,871,2486,2146,2665,3208,3995,4639,4527,3925,3411,2217,18944,1414,0.199,Healthy
C0586,1,3,4.727,35.68,4.711,6.673,152,22.29,0,1252,985,2735,2211,2945,3209,4112,4567,4341,4078,3673,2638,18755,1325,0.022,Healthy
C0586,2,6,5.306,36.03,5.253,6.726,220,20.36,0,1382,1118,3177,2463,3066,3709,4553,5675,5050,4757,4382,2967,21303,1536,0.564,Healthy
C0586,3,9,5.62,36.45,5.519,6.801,278,14.69,0,1454,1127,3220,2434,3239,3895,4641,5335,5428,4631,4437,2870,22868,1630,0.83,Subclinical
C0586,4,12,6.328,36.92,6.157,6.896,364,12.17,0,1529,1200,3374,2834,3392,3794,5403,5970,5796,5572,4896,3173,24961,1754,1.468,Subclinical
C0586,5,15,7.084,37.58,6.804,7.009,511,10.7,1,2111,1428,4557,3594,4366,4648,6093,7860,6712,7125,6146,4274,30569,2008,2.115,Clinical
C0586,6,18,8.05,38.29,7.623,7.14,662,7.7,1,2319,1787,5227,4257,4762,5358,6970,8394,7666,7921,6442,4780,34271,2300,2.934,Clinical
C0587,1,3,4.392,35.86,4.362,6.78,196,13.63,0,1303,940,2820,2262,3147,3508,4417,4714,4503,4505,3707,2706,19569,1332,-0.327,Healthy
C0587,2,6,4.407,35.78,4.384,6.729,194,13.04,0,1129,909,2599,2255,2822,3427,4629,4674,4582,3989,3787,2349,19647,1401,-0.305,Healthy
C0587,3,9,4.438,35.68,4.423,6.769,191,13.41,0,1148,825,2498,2072,2941,3188,4214,4460,4111,4006,3461,2427,18400,1472,-0.266,Healthy
C0587,4,12,4.346,35.66,4.333,6.76,170,13.47,0,1173,918,2451,2186,2960,3234,4031,4445,4361,4055,3583,2441,18249,1355,-0.356,Healthy
C0587,5,15,4.311,35.76,4.29,6.76,169,13.5,0,1253,857,2568,2140,2903,3423,4358,4693,4275,4186,3557,2378,19060,1449,-0.399,Healthy
C0587,6,18,4.557,35.95,4.518,6.744,184,13.22,0,1124,881,2379,2014,2922,3280,4082,4615,4226,3953,3568,2420,18105,1354,-0.171,Healthy
C0588,1,3,4.634,35.25,4.656,6.554,122,26.36,0,1102,846,2541,1926,2860,2968,3948,4620,4279,3775,3443,2252,17351,1383,-0.033,Healthy
C0588,2,6,4.653,35.13,4.686,6.547,134,26.8,0,1108,821,2340,1891,2671,2765,4037,4572,4338,3971,3221,2295,18161,1340,-0.003,Healthy
C0588,3,9,4.775,35.12,4.809,6.522,121,27.38,0,1134,856,2463,2054,2481,3063,3953,4301,4259,3760,3064,2287,16924,1291,0.12,Healthy
C0588,4,12,4.763,35.26,4.785,6.549,135,27.43,0,1119,801,2526,1912,2721,2962,3773,4222,4046,3790,3430,2230,18026,1381,0.096,Healthy
C0588,5,15,4.762,35.35,4.776,6.527,127,26.79,0,1114,849,2422,1943,2634,2961,3866,4107,4162,3897,3368,2346,17258,1368,0.087,Healthy
C0588,6,18,4.73,35.06,4.77,6.514,135,27.62,0,1073,783,2362,1940,2772,2853,3860,4567,4201,3820,3423,2230,17661,1238,0.081,Healthy
C0589,1,3,4.759,35.67,4.744,6.67,160,20.19,0,1042,866,2303,1876,2866,3247,4462,4666,4411,3916,3546,2563,18583,1395,0.055,Healthy
C0589,2,6,4.853,35.88,4.818,6.715,175,20.16,0,1139,873,2403,2067,3088,3258,4223,4624,4485,3769,3693,2470,18189,1312,0.129,Healthy
C0589,3,9,5.185,36.39,5.097,6.779,224,16.71,0,1293,967,2904,2141,3322,3516,4942,4919,4633,4650,4058,2690,20551,1478,0.408,Healthy
C0589,4,12,5.344,36.81,5.211,6.861,331,16.92,0,1276,999,2961,2259,3863,3907,5584,5381,5475,4959,4228,2963,22686,1574,0.522,Subclinical
C0589,5,15,5.752,37.36,5.549,6.958,421,14.23,0,1366,1018,3097,2484,3701,4016,5439,5570,5226,5245,4524,3207,22762,1501,0.86,Subclinical
C0589,6,18,6.18,38.0,5.886,7.07,537,12.0,0,1519,1114,3413,2518,4357,4477,5841,6577,5707,5826,4810,3089,26168,1837,1.197,Subclinical
C0591,1,3,4.733,35.51,4.732,6.726,106,13.74,0,1132,797,2453,1851,2785,3142,3967,4354,4109,3708,3284,2147,17329,1271,0.043,Healthy
C0591,2,6,5.068,35.45,5.073,6.737,116,14.17,0,1154,813,2394,2015,2891,3182,4337,4497,4224,3871,3521,2341,18153,1283,0.384,Healthy
C0591,3,9,4.948,35.51,4.947,6.727,114,14.13,0,1198,841,2489,1971,2916,3319,4213,4513,4037,4170,3547,2358,18305,1315,0.258,Healthy
C0591,4,12,4.854,35.51,4.853,6.725,116,14.19,0,1111,802,2443,1932,2905,3449,4349,4453,4402,4019,3595,2426,19139,1422,0.164,Healthy
C0591,5,15,4.805,35.52,4.803,6.75,111,14.19,0,1122,835,2349,1886,2737,3310,4053,4443,4279,3944,3215,2308,17747,1236,0.114,Healthy
C0591,6,18,4.92,35.49,4.921,6.744,129,13.99,0,1082,937,2459,2024,2883,3188,4330,4572,4248,3793,3307,2294,18382,1437,0.232,Healthy
C0593,1,3,4.724,35.67,4.709,6.669,148,19.81,0,1150,847,2632,1992,2743,3199,4121,4450,4232,3803,3897,2573,18367,1316,0.02,Healthy
C0593,2,6,4.811,36.0,4.765,6.71,202,18.06,0,1186,933,2709,2192,3024,3274,4341,4680,4325,3896,3843,2589,19423,1445,0.076,Healthy
C0593,3,9,5.422,36.4,5.329,6.77,264,16.99,0,1447,1075,3134,2537,3484,3768,4903,5550,4852,4832,4152,3215,22211,1626,0.64,Healthy
C0593,4,12,6.051,36.94,5.885,6.846,370,13.82,0,1624,1208,3300,2664,3783,4091,5432,5900,5638,5079,4715,3242,24574,1710,1.196,Subclinical
C0593,5,15,6.64,37.58,6.378,6.936,459,11.8,0,1646,1237,3453,3006,4186,4534,6159,6740,5962,5584,5152,3713,25696,1774,1.689,Subclinical
C0593,6,18,7.41,38.25,7.023,7.04,604,9.3,0,1743,1336,3885,3135,4313,4900,6694,6615,6078,5923,5680,3907,27947,1850,2.334,Clinical
C0594,1,3,5.0,35.71,4.98,6.66,166,22.65,0,1171,865,2646,2026,3090,3482,4762,4355,4507,4322,3772,2468,19844,1418,0.291,Healthy
C0594,2,6,5.088,35.79,5.06,6.682,177,18.95,0,1248,925,2529,2085,3233,3613,4835,4908,4680,4348,3919,2596,19837,1411,0.371,Healthy
C0594,3,9,5.392,36.3,5.31,6.715,212,17.89,0,1316,972,2690,2305,3241,3783,5127,5293,4481,4340,4220,2803,20264,1523,0.621,Healthy
C0594,4,12,5.653,36.76,5.518,6.755,272,15.35,0,1284,1029,2883,2267,3372,3875,5488,5399,4969,4610,4215,2792,22307,1639,0.829,Subclinical
C0594,5,15,6.141,37.14,5.95,6.804,320,13.81,0,1391,1056,3498,2464,3839,4412,5637,5615,5724,5116,4742,3132,23823,1684,1.261,Subclinical
C0594,6,18,6.7,37.74,6.415,6.86,398,10.8,0,1693,1179,3416,2771,3869,4766,6272,5966,5608,5647,4832,3142,25241,1829,1.726,Subclinical
C0598,1,3,4.72,35.71,4.701,6.673,160,20.56,0,1130,904,2604,2075,2982,3229,4334,4574,4136,3952,3785,2584,18067,1339,0.012,Healthy
C0598,2,6,4.994,35.88,4.958,6.726,159,17.68,0,1116,933,2706,2122,2977,3507,4550,4851,4246,4082,3816,2555,19921,1457,0.269,Healthy
C0598,3,9,5.508,36.34,5.42,6.801,195,15.3,0,1395,950,2719,2282,3238,3734,4834,5213,4501,4518,3971,2602,19916,1463,0.731,Healthy
C0598,4,12,5.725,36.61,5.604,6.896,183,13.79,0,1320,935,2680,2253,3101,3825,4880,4890,4402,4277,3933,2730,20028,1386,0.915,Subclinical
C0598,5,15,6.416,37.04,6.228,7.009,238,11.69,1,1785,1304,3596,3048,4677,5116,6813,6885,5995,5874,5296,3877,27443,1868,1.539,Subclinical
C0598,6,18,7.03,37.57,6.754,7.14,282,8.5,1,1901,1498,4331,3401,4998,5255,7483,7150,6952,6387,6276,4217,30538,2013,2.065,Clinical
C0599,1,3,4.41,35.78,4.387,6.654,108,23.14,0,1053,881,2503,2153,2526,2902,3813,4100,3802,3430,3262,2028,16795,1357,-0.302,Healthy
C0599,2,6,4.242,35.92,4.208,6.615,97,22.45,0,1107,878,2533,2081,2577,2945,3809,3951,3572,3596,3075,2106,16450,1246,-0.481,Healthy
C0599,3,9,4.598,35.84,4.568,6.643,94,23.23,0,1137,861,2437,1890,2486,2623,3758,3849,3475,3306,3078,1927,16351,1244,-0.121,Healthy
C0599,4,12,4.506,36.05,4.459,6.583,82,22.28,0,1133,802,2294,2006,2377,2635,3596,3989,3435,3371,2976,1977,15853,1167,-0.23,Healthy
C0599,5,15,4.539,35.89,4.505,6.674,114,23.32,0,1171,860,2472,2058,2555,2857,3676,4037,3670,3498,3087,2151,17055,1270,-0.184,Healthy
C0599,6,18,4.4,35.89,4.367,6.641,96,22.78,0,1119,834,2372,1990,2544,2902,3681,4122,3786,3466,2950,2143,16237,1148,-0.322,Healthy
C0600,1,3,4.992,35.64,4.979,6.665,138,18.93,0,1332,944,2701,2263,2937,3211,4127,4872,4414,4211,3795,2653,18812,1468,0.29,Healthy
C0600,2,6,4.891,35.91,4.853,6.699,203,18.93,0,1286,958,2909,2203,3141,3358,4200,5312,4709,4263,4032,2581,19606,1455,0.164,Healthy
C0600,3,9,5.481,36.22,5.406,6.748,229,16.36,0,1427,1074,3240,2371,3078,3492,4585,5436,5146,4612,4358,2900,21588,1521,0.717,Healthy
C0600,4,12,6.098,36.73,5.955,6.811,322,15.24,0,1505,1147,3435,2748,3378,3857,5018,5769,5449,5106,4612,3059,24006,1693,1.266,Subclinical
C0600,5,15,6.736,37.2,6.518,6.885,397,11.6,0,1639,1269,3661,2835,3850,4198,5632,6452,5843,5386,5029,3459,25121,1688,1.829,Subclinical
C0600,6,18,7.46,37.8,7.134,6.97,511,8.4,0,1743,1317,4060,3007,3828,4212,4934,6182,6147,5913,5708,3744,24447,1686,2.445,Clinical
C0601,1,3,5.062,35.36,5.075,6.729,259,15.8,0,1350,1077,3221,2481,3344,3714,5030,5530,5140,5010,4478,2946,22467,1536,0.386,Healthy
C0601,2,6,4.947,35.39,4.957,6.737,255,14.99,0,1403,992,2826,2334,3230,3767,4558,5192,5338,5094,4025,3016,21821,1481,0.268,Healthy
C0601,3,9,5.11,35.43,5.117,6.743,254,16.17,0,1369,1071,3177,2531,3012,4050,4889,5770,4848,4522,4366,3104,21396,1561,0.428,Healthy
C0601,4,12,5.204,35.45,5.209,6.699,258,15.6,0,1334,1056,3080,2358,3456,3731,4980,5362,5279,4872,4479,3085,22264,1570,0.52,Healthy
C0601,5,15,5.019,35.49,5.02,6.683,275,15.6,0,1427,1029,3142,2457,3195,3646,5238,5527,4799,4780,4311,3145,22203,1493,0.331,Healthy
C0601,6,18,5.047,35.39,5.058,6.711,264,16.19,0,1378,1033,3037,2412,3215,3495,5011,4917,5145,4565,4347,2917,20340,1431,0.369,Healthy
C0602,1,3,4.768,35.34,4.782,6.58,108,21.59,0,1065,778,2214,1772,2536,2923,3734,4019,3743,3486,3205,2167,16651,1325,0.093,Healthy
C0602,2,6,4.743,35.29,4.762,6.629,108,22.71,0,1047,770,2386,1784,2478,2925,3667,3997,4033,3416,3297,2171,16819,1242,0.073,Healthy
C0602,3,9,4.663,35.35,4.676,6.605,109,22.93,0,994,766,2238,1744,2675,2797,3656,4149,3852,3339,3194,2380,16150,1266,-0.013,Healthy
C0602,4,12,4.624,35.39,4.634,6.614,105,22.94,0,1017,763,2165,1774,2342,2689,3834,4069,3816,3533,3158,2356,16329,1215,-0.055,Healthy
C0602,5,15,4.585,35.32,4.601,6.625,107,22.6,0,1024,768,2247,1723,2678,2812,3540,4157,3634,3720,3227,2345,16952,1293,-0.088,Healthy
C0602,6,18,4.528,35.4,4.537,6.595,113,22.81,0,934,725,2161,1675,2464,2785,3397,3858,3781,3355,3234,2077,15379,1219,-0.152,Healthy
C0603,1,3,4.715,35.13,4.748,6.301,94,19.58,0,1117,838,2527,2088,2861,3015,4264,4788,4721,4029,3416,2409,19189,1376,0.059,Healthy
C0603,2,6,4.614,35.07,4.652,6.339,93,19.9,0,1125,860,2532,1937,2888,3245,4028,4620,4562,3885,3579,2243,18493,1361,-0.037,Healthy
C0603,3,9,4.67,35.11,4.705,6.379,93,18.55,0,1265,894,2567,2031,2856,3015,4459,4439,4212,3936,3348,2339,17978,1353,0.016,Healthy
C0603,4,12,4.766,35.04,4.808,6.398,92,19.89,0,1125,859,2415,2033,2559,2973,4132,4492,4190,3934,3422,2297,17153,1268,0.119,Healthy
C0603,5,15,4.555,35.12,4.588,6.355,93,19.5,0,1197,889,2415,1862,2786,3126,4222,4526,4066,3811,3540,2345,18177,1340,-0.101,Healthy
C0603,6,18,4.56,35.1,4.595,6.352,92,19.06,0,1144,891,2397,2168,2631,3262,3880,4069,4209,4165,3501,2320,17399,1264,-0.094,Healthy
C0604,1,3,4.672,35.13,4.705,6.628,178,15.87,0,1373,969,3039,2416,3147,3836,4930,4898,4801,4341,4284,2918,21330,1528,0.016,Healthy
C0604,2,6,4.311,35.07,4.346,6.609,177,16.13,0,1399,1012,2916,2246,3256,3844,4697,5542,4965,4378,4214,2837,20310,1515,-0.343,Healthy
C0604,3,9,4.472,35.11,4.505,6.66,186,15.06,0,1387,996,2559,2176,3127,3875,4909,5067,4879,4815,4185,2785,21012,1453,-0.184,Healthy
C0604,4,12,4.58,35.02,4.622,6.619,177,15.84,0,1346,996,2918,2327,3303,3661,4680,5045,4455,4618,3977,2745,20544,1448,-0.067,Healthy
C0604,5,15,4.532,35.14,4.563,6.618,168,15.59,0,1368,978,2864,2194,3117,3496,4693,4595,4651,4158,3659,2618,20578,1390,-0.126,Healthy
C0604,6,18,4.505,35.05,4.544,6.614,190,16.38,0,1347,1018,2692,2404,3245,3791,4559,4828,4830,4284,4141,2506,20551,1503,-0.145,Healthy
C0606,1,3,4.929,35.67,4.913,6.488,137,26.34,0,1207,901,2868,2323,3409,3793,4908,5370,5232,4579,4035,2902,21935,1550,0.224,Healthy
C0606,2,6,4.735,35.65,4.722,6.489,131,26.64,0,1171,857,2642,2023,2912,3539,4495,4903,4785,4241,3920,2545,20232,1472,0.033,Healthy
C0606,3,9,4.679,35.59,4.671,6.502,156,25.99,0,1173,947,2567,2307,3483,3777,4673,5160,5100,4532,4073,2919,21534,1558,-0.018,Healthy
C0606,4,12,4.512,35.82,4.485,6.489,146,25.92,0,1305,959,2623,2146,3192,3577,4718,5199,4891,4406,3981,2800,20998,1531,-0.204,Healthy
C0606,5,15,4.973,35.61,4.963,6.492,136,25.94,0,1262,998,2788,2252,3255,3812,4985,5236,5027,4467,4124,2708,21011,1486,0.274,Healthy
C0606,6,18,4.969,35.65,4.955,6.47,144,26.34,0,1332,921,2595,2155,3100,3703,4729,4908,5042,4719,4238,2657,20182,1455,0.266,Healthy
C0607,1,3,4.386,35.98,4.346,6.532,248,20.51,0,1271,962,2869,2022,2941,3296,4197,4771,4289,4215,4038,2535,18663,1372,-0.343,Healthy
C0607,2,6,4.401,35.88,4.369,6.56,249,19.79,0,1264,936,2707,2251,2873,3206,4611,4853,4389,4055,3884,2726,18805,1327,-0.32,Healthy
C0607,3,9,4.284,35.96,4.247,6.558,231,19.76,0,1231,892,2652,2060,2954,3471,4238,4717,4241,4343,3903,2678,19060,1355,-0.442,Healthy
C0607,4,12,4.126,35.9,4.095,6.555,227,20.65,0,1145,891,2475,2010,2846,3012,3897,4597,4327,4006,3668,2326,18749,1378,-0.594,Healthy
C0607,5,15,4.186,36.07,4.141,6.516,223,20.97,0,1200,865,2636,2029,2804,3013,4077,4402,4332,3744,3753,2476,17446,1272,-0.548,Healthy
C0607,6,18,4.207,35.87,4.177,6.554,251,20.29,0,1232,956,2615,2013,2996,3286,4219,4361,4468,3869,3709,2611,18616,1308,-0.512,Healthy
C0608,1,3,5.098,35.14,5.133,6.682,90,25.92,0,1032,811,2376,1821,2601,2650,3911,4219,3798,3606,3040,2077,16525,1191,0.444,Healthy
C0608,2,6,4.985,34.95,5.037,6.64,92,27.73,0,1019,771,2238,1900,2455,3045,3696,4054,3803,3608,3087,1947,16098,1267,0.348,Healthy
C0608,3,9,5.191,35.0,5.24,6.68,84,26.07,0,1057,778,2377,1892,2393,2938,3805,4157,3891,3444,3018,2101,16490,1273,0.551,Healthy
C0608,4,12,5.096,35.03,5.142,6.64,84,26.18,0,1119,789,2229,1825,2500,2977,3569,3962,3866,3405,2982,2118,16689,1275,0.453,Healthy
C0608,5,15,5.137,35.14,5.172,6.658,87,26.53,0,1119,713,2225,1759,2469,2963,3734,3899,3807,3525,2966,1998,16326,1233,0.483,Healthy
C0608,6,18,5.096,35.05,5.14,6.648,77,26.69,0,1074,786,2247,1870,2686,2848,3750,4052,3585,3710,2833,2082,16704,1243,0.451,Healthy
C0610,1,3,5.041,35.39,5.052,6.704,90,18.62,0,1247,971,2785,2382,2727,3195,4193,4995,4482,4285,3842,2415,19430,1427,0.363,Healthy
C0610,2,6,5.046,35.48,5.048,6.677,87,18.65,0,1191,907,2476,2188,2704,3167,4039,4730,4314,3935,3892,2716,18868,1382,0.359,Healthy
C0610,3,9,5.063,35.45,5.068,6.646,94,18.18,0,1239,897,2662,2191,2623,3338,4063,4890,4330,4055,3788,2691,18657,1330,0.379,Healthy
C0610,4,12,5.008,35.35,5.022,6.656,105,18.36,0,1255,899,2720,2152,2717,3116,4278,4767,4231,3956,3750,2423,18535,1377,0.333,Healthy
C0610,5,15,4.85,35.4,4.859,6.698,86,18.13,0,1134,865,2469,1927,2621,3324,4184,4501,4236,3844,3751,2559,17498,1340,0.17,Healthy
C0610,6,18,4.813,35.23,4.838,6.718,91,18.99,0,1186,909,2536,2111,2664,2983,3960,4555,4154,3768,3677,2357,18104,1245,0.149,Healthy
C0612,1,3,5.092,35.13,5.128,6.701,182,24.76,0,1235,940,2696,2186,3159,3582,4641,5057,4432,4294,3835,2712,20355,1504,0.439,Healthy
C0612,2,6,4.874,35.05,4.916,6.689,186,24.57,0,1232,956,2610,2160,2922,3552,4670,4852,4389,4396,3780,2437,19427,1389,0.227,Healthy
C0612,3,9,4.827,35.18,4.856,6.726,208,25.28,0,1140,951,2686,2075,3265,3728,4739,5008,4801,4549,3716,2533,20070,1504,0.167,Healthy
C0612,4,12,4.983,35.1,5.021,6.696,196,24.69,0,1209,986,2705,2379,3220,3503,4672,4928,4815,4286,3969,2570,19593,1391,0.332,Healthy
C0612,5,15,4.971,35.16,5.003,6.709,193,24.93,0,1226,880,2904,2226,3135,3767,4227,4893,4392,4547,3794,2684,20013,1356,0.314,Healthy
C0612,6,18,4.748,35.04,4.789,6.692,203,24.87,0,1230,887,2458,2115,2988,3239,4566,4713,4554,4088,3624,2370,18820,1399,0.1,Healthy
C0613,1,3,4.874,34.33,4.982,6.605,120,17.71,0,1166,949,2541,2068,2805,2894,4137,4932,4346,4457,3845,2546,18952,1390,0.293,Healthy
C0613,2,6,4.922,34.33,5.031,6.649,124,17.23,0,1161,927,2508,2028,2674,3148,4309,4657,4370,3920,3601,2526,18843,1441,0.342,Healthy
C0613,3,9,4.882,34.34,4.99,6.58,141,17.43,0,1236,943,2700,2114,2573,3236,3971,4739,4595,4006,3631,2634,19017,1349,0.301,Healthy
C0613,4,12,5.059,34.21,5.183,6.571,128,17.21,0,1134,901,2773,2124,2690,3080,3778,4715,4570,4175,3847,2553,18608,1358,0.494,Healthy
C0613,5,15,4.806,34.23,4.922,6.619,145,17.91,0,1114,884,2631,2198,2737,2853,4011,4651,4438,3967,3817,2350,18309,1337,0.233,Healthy
C0613,6,18,4.89,34.25,5.006,6.589,130,17.78,0,1108,812,2465,2107,2541,2744,3832,4636,4261,3781,3509,2260,17535,1351,0.317,Healthy
C0614,1,3,4.749,35.93,4.71,6.533,174,21.57,0,1107,841,2534,2146,2984,3295,4164,4314,4187,4014,3273,2313,19123,1353,0.021,Healthy
C0614,2,6,5.0,35.92,4.96,6.56,183,21.14,0,1136,922,2630,1963,2826,3327,4545,4631,4228,4079,3795,2416,18559,1428,0.271,Healthy
C0614,3,9,4.8,36.13,4.743,6.575,180,23.05,0,1210,906,2640,2043,2818,3452,4205,4474,4506,4017,3529,2549,18798,1351,0.054,Healthy
C0614,4,12,5.027,35.93,4.986,6.574,172,21.54,0,1213,880,2587,2083,2772,3284,4253,4663,4479,3985,3503,2394,18656,1356,0.297,Healthy
C0614,5,15,5.023,35.84,4.991,6.571,177,21.29,0,1222,908,2621,2052,2953,3224,4276,4641,4227,3683,3588,2444,18191,1352,0.302,Healthy
C0614,6,18,4.871,35.99,4.826,6.581,180,22.49,0,1246,904,2669,2095,2777,3374,4772,4852,4280,4086,3491,2443,19108,1355,0.137,Healthy
C0615,1,3,4.507,35.61,4.498,6.669,150,21.93,0,1354,1006,2637,2101,3235,3716,4527,5547,5221,4613,4471,2952,21065,1526,-0.191,Healthy
C0615,2,6,4.958,35.94,4.917,6.71,182,19.65,0,1267,1061,2967,2473,3218,3964,5033,5721,5211,4912,4550,2979,21686,1555,0.228,Healthy
C0615,3,9,5.535,36.26,5.455,6.77,243,18.25,0,1498,1065,3230,2412,3486,4062,5090,6306,5915,5063,4992,3273,24418,1665,0.766,Healthy
C0615,4,12,5.769,36.61,5.647,6.846,309,15.2,0,1550,1196,3471,2611,4074,4376,5756,6772,5938,5874,5075,3502,26178,1803,0.958,Subclinical
C0615,5,15,6.218,37.11,6.028,6.936,411,12.25,1,2036,1476,4502,3528,5297,5936,7278,8431,8071,7744,7144,4654,34401,2256,1.339,Subclinical
C0615,6,18,6.82,37.69,6.536,7.04,511,8.9,1,2253,1665,4791,3815,5201,5441,7436,8933,8646,7665,7664,4835,34513,2274,1.847,Clinical
C0616,1,3,4.878,35.46,4.882,6.45,202,18.3,0,1204,982,2707,2116,2981,3647,4780,4971,4449,4319,3937,2654,19812,1489,0.193,Healthy
C0616,2,6,4.568,35.2,4.594,6.472,238,18.91,0,1190,907,2577,2137,3309,3489,4627,4950,4462,4490,3916,2844,19840,1460,-0.095,Healthy
C0616,3,9,4.785,35.44,4.79,6.475,215,18.69,0,1322,956,2898,2354,3130,3577,4445,4891,4706,4350,4039,2797,19948,1469,0.101,Healthy
C0616,4,12,4.898,35.32,4.915,6.503,229,18.66,0,1305,963,2669,2236,3154,3559,4628,4776,4319,3992,4258,2897,20102,1406,0.226,Healthy
C0616,5,15,4.662,35.29,4.681,6.502,222,19.37,0,1265,952,2713,2237,3167,3508,4502,4657,4535,4131,4073,2781,20182,1391,-0.008,Healthy
C0616,6,18,4.795,35.1,4.831,6.469,227,19.16,0,1254,961,2729,2166,2937,3828,4811,4372,4837,4350,4149,2861,20212,1437,0.142,Healthy
C0617,1,3,4.357,35.47,4.359,6.629,143,22.98,0,1250,877,2787,2129,2987,3420,4388,4443,4395,4269,3689,2558,19837,1456,-0.33,Healthy
C0617,2,6,4.264,35.41,4.271,6.601,125,23.76,0,1167,853,2462,1985,2851,3204,4408,4625,3982,3560,3636,2511,18905,1408,-0.418,Healthy
C0617,3,9,4.528,35.48,4.53,6.611,134,23.03,0,1187,836,2536,2013,2980,3547,4547,4551,4144,3839,3320,2498,19403,1304,-0.159,Healthy
C0617,4,12,4.507,35.58,4.5,6.616,151,23.01,0,1162,902,2695,2117,2900,3512,4289,4582,4464,3805,3583,2523,18688,1384,-0.189,Healthy
C0617,5,15,4.221,35.63,4.211,6.61,144,23.11,0,1179,884,2789,1956,3036,3507,4416,4626,4391,4025,3193,2442,18177,1400,-0.478,Healthy
C0617,6,18,4.252,35.56,4.247,6.608,135,22.99,0,1177,853,2512,2031,2869,3144,4242,4235,3988,3680,3477,2410,18078,1446,-0.442,Healthy
C0618,1,3,4.523,35.63,4.512,6.637,56,19.21,0,1097,771,2242,1809,2715,2944,3937,3996,3709,3196,3245,2057,16518,1323,-0.177,Healthy
C0618,2,6,4.648,35.68,4.632,6.668,69,18.71,0,1060,762,2379,1859,2715,3069,3795,4101,3995,3564,3162,2204,16962,1259,-0.057,Healthy
C0618,3,9,4.443,35.84,4.414,6.682,50,18.78,0,1032,771,2131,1876,2522,2829,3803,3918,3914,3495,3174,2191,16225,1216,-0.275,Healthy
C0618,4,12,4.512,35.72,4.493,6.683,69,19.13,0,1038,808,2265,1854,2536,2970,3932,3942,3959,3567,2945,2173,17110,1313,-0.196,Healthy
C0618,5,15,4.582,35.75,4.56,6.66,51,18.06,0,1078,836,2475,1848,2705,2951,3907,4124,3942,3622,3237,2146,16515,1295,-0.129,Healthy
C0618,6,18,4.626,35.87,4.593,6.696,59,18.52,0,1019,847,2266,1749,2570,2830,3527,4028,3716,3587,3367,2129,16703,1319,-0.096,Healthy
C0619,1,3,4.917,35.55,4.912,6.681,174,21.68,0,1159,1024,2804,2361,2952,3654,4519,5006,4217,4155,3976,2692,20432,1501,0.223,Healthy
C0619,2,6,4.896,35.86,4.863,6.75,221,18.99,0,1388,958,2889,2223,3440,3793,4903,5123,4944,4327,4227,2739,21136,1457,0.174,Healthy
C0619,3,9,5.443,36.12,5.379,6.85,285,16.76,0,1575,1095,3166,2650,3440,4074,5428,5212,5436,4798,4536,3288,22992,1552,0.69,Healthy
C0619,4,12,5.835,36.48,5.726,6.976,421,15.45,0,1544,1182,3455,2606,4124,4386,5183,5793,5333,5032,4962,3281,23387,1702,1.037,Subclinical
C0619,5,15,6.313,36.94,6.14,7.127,554,11.8,0,1659,1289,3836,3113,4208,4936,6190,6148,6027,5690,5597,3584,27256,1842,1.451,Subclinical
C0619,6,18,6.94,37.44,6.684,7.3,730,9.1,0,1870,1413,4024,3405,4419,5072,6924,6336,6477,6263,5997,3910,29374,1922,1.995,Clinical
C0620,1,3,5.087,35.3,5.106,6.615,124,23.12,0,1260,1031,2508,2070,2726,3423,4490,4824,4513,4189,3826,2531,19535,1373,0.417,Healthy
C0620,2,6,4.974,35.1,5.012,6.62,141,23.85,0,1313,915,2793,2255,3054,3338,4510,4909,4441,4125,3826,2530,19138,1378,0.323,Healthy
C0620,3,9,4.957,35.2,4.985,6.624,124,23.23,0,1208,882,2809,2138,2674,3103,4495,4586,4387,3840,3499,2319,18075,1416,0.296,Healthy
C0620,4,12,5.085,35.3,5.104,6.604,138,22.6,0,1238,1010,2723,2284,3023,3350,4420,4905,4343,4266,3994,2465,19474,1410,0.415,Healthy
C0620,5,15,4.922,35.18,4.952,6.62,129,23.93,0,1153,887,2483,2142,3024,3096,4245,4529,4231,3858,3755,2456,18411,1395,0.263,Healthy
C0620,6,18,4.78,35.24,4.804,6.579,140,24.15,0,1222,902,2631,2006,2670,3211,3988,4338,4341,3947,3435,2466,18507,1384,0.115,Healthy
C0621,1,3,4.921,35.66,4.906,6.669,140,17.96,0,1143,870,2574,1944,2852,3078,4030,4157,3670,3690,3659,2313,17281,1298,0.217,Healthy
C0621,2,6,4.763,35.96,4.721,6.713,201,17.01,0,1242,914,2643,2218,2890,3219,4359,4721,4263,4076,3765,2646,19340,1325,0.032,Healthy
C0621,3,9,5.385,36.33,5.3,6.776,230,16.85,0,1224,957,2911,2131,3271,3673,4804,4828,4376,4359,4050,2906,20627,1522,0.611,Healthy
C0621,4,12,5.694,36.76,5.558,6.856,326,14.38,0,1451,1056,3036,2413,3393,3944,4888,4855,5072,3997,4555,2943,21345,1491,0.869,Subclinical
C0621,5,15,6.214,37.36,5.994,6.951,425,11.23,1,1758,1361,4158,3409,4647,5230,7193,7075,6670,6101,6294,3968,30026,1927,1.305,Subclinical
C0621,6,18,6.8,37.92,6.487,7.06,542,8.2,1,1940,1395,4028,3199,4900,5482,6704,7439,6483,5755,6304,4147,29097,1867,1.798,Clinical
C0624,1,3,4.611,34.82,4.671,6.7,211,18.58,0,1368,1035,2972,2467,3301,3643,4814,5263,4784,4432,4019,2847,20696,1431,-0.018,Healthy
C0624,2,6,4.769,34.8,4.832,6.74,200,18.19,0,1339,1061,2886,2629,3246,3817,4958,4602,4489,4455,4071,2751,20101,1466,0.143,Healthy
C0624,3,9,4.691,34.75,4.758,6.742,208,18.39,0,1413,1059,3105,2486,3407,3634,5184,5245,4672,4481,3810,2695,20894,1535,0.069,Healthy
C0624,4,12,4.883,34.92,4.937,6.74,185,18.1,0,1361,1003,2851,2335,3154,3828,4555,4883,4506,4285,3792,2589,20289,1435,0.248,Healthy
C0624,5,15,4.697,34.85,4.755,6.716,199,18.77,0,1362,1032,3070,2546,2990,3516,4394,4649,4664,4220,3648,2667,19437,1430,0.066,Healthy
C0624,6,18,4.808,34.9,4.863,6.745,221,17.4,0,1363,970,3049,2452,3418,3740,5016,5147,4689,4539,4215,2783,21211,1516,0.174,Healthy
C0625,1,3,5.006,35.76,4.981,6.673,146,21.47,0,1397,1014,2982,2315,3213,3391,4417,5097,4705,4430,4259,2884,20440,1399,0.292,Healthy
C0625,2,6,4.952,36.08,4.897,6.726,240,21.45,0,1387,1097,2933,2752,3158,3724,4588,5448,4810,4708,4586,3068,21778,1541,0.208,Healthy
C0625,3,9,5.267,36.56,5.161,6.801,291,17.11,0,1541,1176,3456,2706,3792,4069,5360,5939,5654,4951,5092,3421,24405,1700,0.472,Subclinical
C0625,4,12,5.498,37.17,5.324,6.896,427,15.68,0,1663,1178,3624,2856,3826,4378,5365,5857,5663,5290,5170,3341,23937,1646,0.635,Subclinical
C0625,5,15,5.845,37.76,5.594,7.009,577,14.33,1,2377,1725,4612,3810,4923,5282,7117,7718,7580,6855,6787,4955,31386,2125,0.905,Clinical
C0625,6,18,6.31,38.56,5.943,7.14,765,11.9,1,2449,1709,5139,4129,4944,5261,6694,7350,7623,7631,7285,5197,31911,2049,1.254,Clinical
C0626,1,3,4.987,35.54,4.983,6.575,201,20.29,0,1310,945,2698,2282,3040,3274,4322,4941,4762,4156,3651,2676,19984,1546,0.294,Healthy
C0626,2,6,4.92,35.52,4.918,6.607,200,20.49,0,1315,945,2695,1990,2758,3283,4196,4949,4455,4300,3603,2487,19282,1410,0.229,Healthy
C0626,3,9,4.982,35.35,4.996,6.602,200,21.25,0,1426,950,2746,2288,2909,3187,4399,4877,4620,4444,3691,2468,19605,1420,0.307,Healthy
C0626,4,12,4.831,35.43,4.837,6.596,189,20.44,0,1204,939,2563,2064,2724,3337,3915,4392,4322,4112,3527,2413,17898,1376,0.148,Healthy
C0626,5,15,4.91,35.45,4.915,6.603,179,21.35,0,1270,906,2643,2086,2684,3190,3810,4622,4708,4161,3371,2442,18708,1312,0.226,Healthy
C0626,6,18,4.918,35.51,4.917,6.574,207,21.1,0,1282,942,2674,2296,2965,3463,4035,5153,4334,4174,3503,2549,19949,1550,0.228,Healthy
C0627,1,3,4.547,34.57,4.627,6.493,157,17.51,0,1204,871,2562,2051,2841,3181,4329,4542,4498,3655,3353,2357,18916,1360,-0.062,Healthy
C0627,2,6,4.635,34.68,4.707,6.484,177,16.92,0,1323,954,2648,2213,3090,3193,4313,4715,4274,4085,3584,2620,18538,1410,0.018,Healthy
C0627,3,9,4.866,34.65,4.945,6.503,154,16.75,0,1154,921,2442,2046,2799,3166,3980,4485,4331,3941,3612,2358,18533,1369,0.256,Healthy
C0627,4,12,4.791,34.61,4.872,6.514,156,16.84,0,1141,875,2455,2087,2901,3191,4145,4535,4098,3810,3464,2372,17589,1272,0.183,Healthy
C0627,5,15,4.629,34.64,4.705,6.518,171,17.26,0,1216,927,2737,2224,2911,3311,4640,4381,4376,4110,3604,2514,18963,1439,0.016,Healthy
C0627,6,18,4.659,34.6,4.739,6.491,154,16.08,0,1163,923,2621,1871,2779,3292,4350,4273,4197,3732,3580,2397,17916,1359,0.05,Healthy
C0628,1,3,5.139,36.08,5.082,6.579,149,22.14,0,1278,993,2855,2296,2837,3322,4182,4419,4123,3689,3860,2475,18695,1515,0.393,Healthy
C0628,2,6,4.981,35.99,4.935,6.566,159,22.49,0,1358,952,2914,2375,2750,3323,4256,4537,4337,4128,3882,2500,18792,1401,0.246,Healthy
C0628,3,9,4.986,36.05,4.934,6.609,154,22.49,0,1268,1002,2748,2296,3081,3260,4267,4918,4269,3992,4047,2683,19322,1384,0.245,Healthy
C0628,4,12,5.018,36.11,4.96,6.612,152,23.1,0,1243,951,2751,2147,2990,3236,4141,4520,4306,3981,3735,2564,18359,1276,0.271,Healthy
C0628,5,15,5.012,36.08,4.957,6.592,163,22.91,0,1324,1026,2860,2211,3331,3511,4565,4638,4266,4045,3934,2768,19770,1404,0.268,Healthy
C0628,6,18,4.954,36.1,4.898,6.568,171,22.47,0,1224,944,2735,2338,2799,3319,4150,4436,4213,3938,3584,2573,18168,1361,0.209,Healthy
C0630,1,3,3.786,35.06,3.818,6.681,146,14.98,0,1251,995,2719,2187,3009,3216,4177,4852,4825,4242,4120,2852,19189,1421,-0.871,Healthy
C0630,2,6,3.902,35.14,3.929,6.7,153,14.57,0,1161,955,2735,2078,2888,3189,4341,4853,4475,4252,4003,2712,19401,1436,-0.76,Healthy
C0630,3,9,3.837,35.11,3.865,6.708,160,15.17,0,1246,931,2901,2423,3114,3441,4372,4908,5004,4615,4042,2779,20445,1447,-0.824,Healthy
C0630,4,12,3.802,35.16,3.827,6.689,154,14.77,0,1139,901,2469,2170,2903,3191,4253,4887,4948,4191,4099,2656,19671,1358,-0.862,Healthy
C0630,5,15,3.589,35.02,3.622,6.731,145,14.65,0,1270,943,2537,2179,2692,3411,4083,4949,4734,4386,3985,2782,19244,1535,-1.067,Healthy
C0630,6,18,3.774,35.11,3.802,6.696,165,14.61,0,1187,892,2706,2194,2853,3458,4269,5020,4469,4228,4010,2760,19870,1457,-0.887,Healthy
C0631,1,3,4.974,35.78,4.948,6.678,163,21.8,0,1205,810,2492,1945,2481,3080,3707,4080,3684,3735,3349,2352,16929,1296,0.259,Healthy
C0631,2,6,5.09,35.98,5.044,6.741,208,17.51,0,1270,872,2673,2130,2741,3360,4181,4511,4452,3889,3840,2736,18167,1265,0.355,Healthy
C0631,3,9,5.545,36.17,5.474,6.832,283,16.14,0,1287,928,2919,2313,2959,3376,4776,4879,4553,4114,4214,2707,19581,1460,0.785,Subclinical
C0631,4,12,6.216,36.54,6.093,6.946,373,14.57,0,1441,1072,3269,2799,3422,3797,5376,5793,5134,4875,4567,3330,22657,1644,1.404,Subclinical
C0631,5,15,6.912,37.0,6.715,7.083,496,11.09,1,1924,1393,4073,3186,4165,4236,5211,6557,6578,5947,6070,4209,26889,1844,2.026,Clinical
C0631,6,18,7.75,37.52,7.453,7.24,638,7.5,1,2067,1631,4593,3538,4877,5269,6805,7315,7061,6826,6317,4427,31546,2091,2.764,Clinical
C0632,1,3,4.649,35.67,4.634,6.679,159,19.75,0,1339,991,2869,2287,3152,3611,4300,4686,4822,4340,3961,2550,20331,1474,-0.055,Healthy
C0632,2,6,5.211,35.85,5.176,6.744,190,18.06,0,1375,1047,3015,2416,3351,3712,5080,5338,5021,4452,4216,2957,21867,1513,0.487,Healthy
C0632,3,9,5.525,36.19,5.453,6.838,252,16.47,0,1571,1090,3397,2542,3674,4160,5438,5673,5479,5115,4427,3242,23293,1600,0.764,Healthy
C0632,4,12,6.037,36.58,5.913,6.956,333,15.64,0,1706,1262,3746,2678,3835,4536,6027,6193,6342,5645,4587,3376,26481,1796,1.224,Subclinical
C0632,5,15,6.603,36.99,6.416,7.097,430,12.94,1,2200,1569,4861,3648,5297,6146,8297,8218,7767,6757,6346,4604,34022,2271,1.727,Clinical
C0632,6,18,7.31,37.52,7.029,7.26,557,10.9,1,2289,1738,5364,4222,5640,5853,7454,8569,7911,7709,6965,4666,35744,2328,2.34,Clinical
C0633,1,3,4.173,34.95,4.217,6.512,124,19.64,0,1076,871,2456,1895,2758,3112,4146,4269,4188,3932,3394,2342,17270,1266,-0.472,Healthy
C0633,2,6,4.276,35.01,4.316,6.533,142,19.65,0,1081,854,2496,2005,2900,3088,4020,4930,4153,4053,3312,2210,18506,1339,-0.373,Healthy
C0633,3,9,4.158,34.94,4.202,6.53,131,19.81,0,1103,820,2600,1887,2859,3227,4419,4465,4429,3741,3504,2340,18097,1248,-0.487,Healthy
C0633,4,12,4.38,35.08,4.415,6.577,133,20.18,0,1119,857,2404,1945,2943,3053,4212,4744,4467,4098,3568,2089,18034,1362,-0.274,Healthy
C0633,5,15,4.131,35.02,4.169,6.534,134,19.3,0,1083,790,2288,1984,2776,3264,3959,4361,4179,3965,3342,2114,17992,1330,-0.52,Healthy
C0633,6,18,4.008,34.89,4.054,6.513,127,19.98,0,1142,784,2401,1985,2837,3194,4116,4238,4055,3777,3141,2128,17536,1323,-0.635,Healthy
C0634,1,3,4.525,35.54,4.522,6.604,152,25.4,0,1212,968,2615,2201,2908,3347,4533,4719,4014,3935,3525,2325,19081,1536,-0.167,Healthy
C0634,2,6,4.447,35.44,4.452,6.602,138,26.48,0,1197,832,2506,2038,2775,2982,4323,4306,4093,3794,3204,2138,17535,1294,-0.237,Healthy
C0634,3,9,4.362,35.53,4.36,6.591,147,24.65,0,1193,877,2475,2108,2820,3199,3977,4633,4280,4039,3273,2189,19098,1410,-0.329,Healthy
C0634,4,12,4.338,35.61,4.329,6.592,132,25.98,0,1148,878,2562,2053,2622,3020,4195,4507,3943,3765,3323,2196,17747,1298,-0.36,Healthy
C0634,5,15,4.304,35.68,4.289,6.585,134,25.64,0,1150,838,2374,2009,2599,3100,4066,4390,4580,3739,3311,2194,17716,1317,-0.4,Healthy
C0634,6,18,4.45,35.54,4.447,6.624,156,25.77,0,1199,921,2593,2072,2783,3095,4323,4703,4443,4381,3446,2200,19293,1367,-0.242,Healthy
C0635,1,3,5.586,35.67,5.568,6.576,166,21.11,0,1206,886,2587,2173,3159,3400,4486,5132,4724,4319,4141,2606,19851,1392,0.879,Healthy
C0635,2,6,5.39,35.83,5.356,6.574,162,21.19,0,1116,886,2464,1930,2880,3138,4389,4770,4459,4132,3906,2566,19886,1363,0.667,Healthy
C0635,3,9,5.655,35.73,5.63,6.584,178,20.61,0,1153,930,2472,2238,3082,3450,4730,4910,4839,4292,3910,2880,20363,1421,0.941,Healthy
C0635,4,12,5.48,35.61,5.469,6.558,165,20.94,0,1230,894,2444,2084,2809,3235,4199,5055,4618,4284,4371,3007,18947,1403,0.78,Healthy
C0635,5,15,5.444,35.78,5.415,6.563,178,21.21,0,1243,958,2542,2012,3043,3650,4538,5072,4650,4632,4027,2899,20081,1440,0.726,Healthy
C0635,6,18,5.588,35.7,5.567,6.599,160,20.42,0,1161,829,2497,1942,2847,3248,4036,4643,4607,4208,3738,2558,18636,1365,0.878,Healthy
C0637,1,3,5.038,35.62,5.027,6.515,151,20.43,0,1208,908,2630,2200,3146,3545,4824,4943,4632,4205,3928,2693,20074,1364,0.338,Healthy
C0637,2,6,4.769,35.61,4.759,6.561,149,20.23,0,1175,857,2500,2041,3013,3573,4690,4370,4220,4362,4197,2640,18905,1355,0.07,Healthy
C0637,3,9,4.989,35.55,4.984,6.533,148,21.01,0,1196,899,2707,2136,3103,3622,4544,5191,4594,4022,3801,2938,19660,1395,0.295,Healthy
C0637,4,12,4.9,35.55,4.895,6.548,154,20.07,0,1131,877,2638,2120,3179,3661,4905,4897,4869,4275,4012,2783,20117,1486,0.206,Healthy
C0637,5,15,4.984,35.54,4.98,6.533,152,21.15,0,1295,933,2798,2177,3053,3676,4821,5057,4723,4216,3958,2850,20006,1426,0.291,Healthy
C0637,6,18,4.83,35.53,4.827,6.532,133,21.26,0,1162,862,2494,2057,3184,3403,4770,4467,4496,3983,3955,2628,18545,1326,0.138,Healthy
C0639,1,3,4.029,35.12,4.058,6.73,185,21.4,0,1172,871,2517,2045,2749,3124,4261,4576,4141,3851,3513,2568,18412,1351,-0.631,Healthy
C0639,2,6,4.169,35.02,4.207,6.746,175,20.98,0,1198,855,2464,1957,2741,3020,4175,4202,4119,3849,3582,2295,17019,1271,-0.482,Healthy
C0639,3,9,4.016,35.06,4.05,6.721,195,21.0,0,1201,895,2654,2005,2869,3338,4174,4481,4256,4012,3473,2321,18301,1313,-0.639,Healthy
C0639,4,12,4.045,35.11,4.075,6.723,187,21.06,0,1216,878,2353,1955,2975,3168,4374,4482,4061,3924,3641,2421,18056,1374,-0.614,Healthy
C0639,5,15,4.143,35.0,4.182,6.758,180,21.3,0,1166,886,2493,2020,2734,3180,4416,4442,4132,3587,3591,2539,18127,1266,-0.507,Healthy
C0639,6,18,4.029,34.98,4.069,6.791,188,21.66,0,1098,840,2469,2037,2716,3227,3934,4541,4164,4014,3433,2306,18087,1286,-0.62,Healthy
C0640,1,3,4.645,35.47,4.648,6.877,164,21.79,0,1067,845,2312,1938,2648,2947,3867,4491,4078,4228,3196,2307,17478,1395,-0.041,Healthy
C0640,2,6,4.762,35.56,4.757,6.845,182,20.49,0,1093,844,2462,1959,2626,2951,3990,4491,4168,4105,3627,2351,17803,1324,0.068,Healthy
C0640,3,9,4.58,35.51,4.579,6.83,177,21.34,0,1177,855,2384,1967,2612,2953,3669,4507,4310,3916,3523,2237,17480,1318,-0.11,Healthy
C0640,4,12,4.66,35.42,4.667,6.817,178,21.15,0,1146,898,2279,1907,2729,2889,3975,4432,4111,4127,3421,2199,17343,1249,-0.022,Healthy
C0640,5,15,4.49,35.47,4.493,6.866,184,20.99,0,1138,882,2461,1939,2435,2959,4066,4717,4203,3922,3425,2404,17827,1352,-0.196,Healthy
C0640,6,18,4.601,35.48,4.603,6.79,181,20.98,0,1118,818,2429,1969,2429,2724,3961,4476,4568,3905,3498,2291,16851,1339,-0.086,Healthy
C0643,1,3,4.731,35.61,4.721,6.863,81,24.82,0,1045,812,2380,1838,2684,2916,3891,4247,3682,3429,3107,2035,16492,1244,0.032,Healthy
C0643,2,6,4.533,35.72,4.514,6.919,87,24.4,0,1073,814,2403,1902,2688,3078,3558,4211,3659,3756,3072,2208,16636,1280,-0.175,Healthy
C0643,3,9,4.588,35.59,4.58,6.896,86,24.77,0,1030,787,2298,1921,2566,2880,3754,4164,3636,3548,3248,2174,16065,1262,-0.109,Healthy
C0643,4,12,4.551,35.85,4.521,6.883,89,24.77,0,1089,778,2249,1900,2525,2884,3897,4085,3925,3451,3093,2124,16974,1229,-0.168,Healthy
C0643,5,15,4.527,35.73,4.507,6.865,82,25.15,0,1025,729,2141,1803,2335,2846,3814,3918,3669,3516,3204,2027,15664,1237,-0.182,Healthy
C0643,6,18,4.836,35.82,4.807,6.879,59,25.48,0,965,728,2186,1847,2386,2803,3736,3873,3554,3396,2841,1916,15448,1241,0.118,Healthy
C0644,1,3,4.679,35.87,4.646,6.563,117,22.14,0,1024,808,2172,1718,2545,2945,3844,3785,3453,3436,2983,2001,15965,1273,-0.043,Healthy
C0644,2,6,4.812,35.95,4.771,6.564,127,22.67,0,1003,838,2382,1993,2728,3132,4146,4057,3876,3582,2979,2203,17570,1310,0.082,Healthy
C0644,3,9,4.68,36.0,4.636,6.583,113,22.36,0,1095,816,2520,1971,2574,3040,3938,3840,3799,3513,3275,2112,17091,1332,-0.053,Healthy
C0644,4,12,4.798,35.95,4.757,6.569,138,21.78,0,1130,805,2287,1997,2797,3246,4207,4005,3787,3426,3327,2149,16943,1304,0.068,Healthy
C0644,5,15,4.603,35.89,4.569,6.583,128,22.4,0,1069,757,2383,1774,2514,2940,3798,3625,3509,3357,3011,1997,15882,1227,-0.12,Healthy
C0644,6,18,4.7,35.91,4.663,6.581,128,21.86,0,1158,792,2468,1827,2786,3173,4013,3811,3563,3298,3030,2040,17218,1338,-0.026,Healthy
C0646,1,3,4.426,34.99,4.469,6.424,169,27.11,0,1271,939,2794,2498,3034,3548,4814,4642,4709,4458,3869,2610,20328,1519,-0.22,Healthy
C0646,2,6,4.302,35.02,4.341,6.495,185,26.57,0,1242,985,2803,2411,3280,3462,4676,4659,4637,4412,3887,2634,20484,1434,-0.348,Healthy
C0646,3,9,4.423,35.06,4.46,6.502,171,26.52,0,1262,1054,2859,2250,2960,3446,4722,4853,4612,4223,3761,2677,19890,1491,-0.229,Healthy
C0646,4,12,4.253,35.01,4.293,6.45,178,26.2,0,1294,1001,2727,2418,2861,3144,4390,4568,4225,4092,3773,2695,18435,1301,-0.396,Healthy
C0646,5,15,4.306,34.89,4.356,6.456,169,27.7,0,1303,999,2774,2346,3103,3446,4452,4738,4529,4285,3644,2623,19419,1410,-0.333,Healthy
C0646,6,18,4.243,35.03,4.281,6.469,193,26.27,0,1250,950,2914,2166,2976,3344,4491,4560,4253,4173,3850,2514,19090,1426,-0.408,Healthy
C0647,1,3,5.052,35.83,5.02,6.71,151,20.85,0,1104,837,2454,2063,2625,2822,3686,4056,3595,3254,3299,2212,16255,1239,0.331,Healthy
C0647,2,6,4.605,35.8,4.579,6.71,153,21.24,0,1126,820,2416,1835,2370,2818,3743,4228,3709,3418,3171,2148,16182,1260,-0.11,Healthy
C0647,3,9,4.849,35.68,4.832,6.742,156,20.07,0,1083,811,2339,1854,2485,2841,3271,3780,3684,3553,3110,2151,15719,1277,0.143,Healthy
C0647,4,12,4.757,35.86,4.724,6.68,155,20.5,0,1099,821,2379,1935,2464,2872,3626,4106,3814,3613,3061,2135,17005,1260,0.035,Healthy
C0647,5,15,4.771,35.9,4.735,6.756,155,20.65,0,1021,795,2207,1839,2328,2807,3584,4098,3519,3318,3243,2177,16400,1189,0.046,Healthy
C0647,6,18,4.484,35.77,4.461,6.717,143,20.6,0,1020,773,2311,1827,2471,2790,3436,3771,3964,3314,3086,2157,16338,1198,-0.228,Healthy
C0648,1,3,4.146,36.62,4.058,6.464,104,17.79,0,1170,831,2487,2026,2726,3188,4107,4261,3871,3638,3192,2364,16792,1270,-0.631,Healthy
C0648,2,6,4.088,36.51,4.01,6.458,83,18.03,0,1151,797,2255,1963,2542,2934,3731,3910,3667,3409,3165,2223,16695,1324,-0.679,Healthy
C0648,3,9,4.079,36.54,3.998,6.467,103,16.95,0,1182,868,2436,1809,2585,3035,3946,3847,3756,3677,3269,2202,17075,1275,-0.691,Healthy
C0648,4,12,4.09,36.62,4.003,6.489,91,17.64,0,1120,823,2355,1941,2564,3052,3777,4164,3841,3394,3380,2057,16747,1368,-0.686,Healthy
C0648,5,15,4.09,36.72,3.995,6.476,102,17.25,0,1137,857,2649,1959,2579,3118,4101,4118,3822,3697,3269,2396,17210,1239,-0.694,Healthy
C0648,6,18,3.964,36.64,3.878,6.45,90,18.73,0,1106,783,2319,1796,2569,2691,3769,3765,3467,3511,3198,1924,15884,1145,-0.811,Healthy
C0649,1,3,3.943,35.59,3.936,6.629,188,25.42,0,1259,884,2800,2087,3067,3347,4434,4821,4461,4381,3599,2422,19943,1457,-0.753,Healthy
C0649,2,6,3.949,35.51,3.948,6.616,186,24.76,0,1105,893,2706,1908,3074,3095,4314,5086,4770,4292,3411,2284,19520,1398,-0.741,Healthy
C0649,3,9,3.989,35.54,3.986,6.626,182,24.65,0,1156,868,2604,2042,2945,3090,4682,5017,4778,4378,3614,2436,20044,1419,-0.703,Healthy
C0649,4,12,4.034,35.52,4.032,6.621,195,25.1,0,1240,884,2615,2242,2927,3311,4368,5205,4829,4355,3785,2371,20148,1459,-0.657,Healthy
C0649,5,15,4.072,35.51,4.071,6.637,187,24.85,0,1099,917,2386,2112,2787,3210,4099,4970,4530,4240,3583,2440,19359,1359,-0.618,Healthy
C0649,6,18,3.909,35.73,3.892,6.638,182,25.66,0,1129,861,2449,2026,2865,3158,4005,4708,4486,4010,3490,2352,18646,1400,-0.797,Healthy
C0650,1,3,4.753,35.71,4.734,6.673,130,23.13,0,1149,860,2611,1959,2949,3125,4480,4272,4667,4360,3656,2514,18439,1373,0.045,Healthy
C0650,2,6,4.98,35.98,4.935,6.726,173,18.36,0,1278,1022,2765,2322,3188,3749,5028,5295,4959,4907,3893,2624,20713,1473,0.246,Healthy
C0650,3,9,5.463,36.38,5.372,6.801,211,18.64,0,1413,1101,3134,2613,3518,3941,5109,5848,5725,5012,4296,3012,23496,1652,0.683,Healthy
C0650,4,12,5.939,36.85,5.787,6.896,280,15.7,0,1499,1121,3047,2745,3919,4358,5527,6275,5821,5129,4308,2953,24747,1797,1.098,Subclinical
C0650,5,15,6.426,37.46,6.187,7.009,346,14.01,0,1630,1206,3488,2679,3881,4378,5770,6877,6084,5880,4790,3323,25641,1749,1.498,Subclinical
C0650,6,18,7.03,38.03,6.692,7.14,422,11.4,0,1701,1277,3863,2914,4471,4774,6304,7064,6710,6082,5423,3464,28138,1876,2.003,Clinical
C0651,1,3,4.654,35.41,4.662,6.677,166,19.86,0,1278,948,2633,2399,3159,3626,4366,5152,4939,4286,3701,2674,20143,1488,-0.027,Healthy
C0651,2,6,4.772,35.49,4.773,6.659,163,20.07,0,1242,994,2860,2184,3116,3548,4813,5126,4932,4395,3767,2754,20387,1441,0.084,Healthy
C0651,3,9,4.62,35.48,4.622,6.651,177,19.37,0,1384,990,3030,2377,3147,3704,4997,4935,4847,4331,4000,2771,20320,1489,-0.067,Healthy
C0651,4,12,4.997,35.41,5.006,6.649,153,19.8,0,1276,983,2997,2144,3148,3636,4380,4843,4687,4500,3770,2600,20226,1499,0.317,Healthy
C0651,5,15,4.82,35.34,4.835,6.674,156,19.94,0,1280,1033,2832,2304,3279,3484,5072,5373,4631,4306,4127,2676,20613,1547,0.146,Healthy
C0651,6,18,4.89,35.38,4.901,6.659,168,20.29,0,1336,1027,2952,2369,3171,3717,5034,4991,4938,4306,3776,2615,21140,1498,0.212,Healthy
C0652,1,3,4.596,36.3,4.526,6.686,110,18.68,0,1159,876,2710,2083,2704,2890,3475,4761,4125,3928,3726,2521,17177,1235,-0.163,Healthy
C0652,2,6,4.77,36.14,4.712,6.672,103,17.06,0,1146,890,2565,2080,2534,2814,3525,4440,4568,4040,3691,2380,17947,1326,0.023,Healthy
C0652,3,9,4.806,36.13,4.748,6.663,114,18.27,0,1219,870,2736,2024,2652,2954,3931,4892,4595,3895,3776,2455,18266,1363,0.059,Healthy
C0652,4,12,4.778,36.23,4.712,6.692,119,17.83,0,1197,922,2620,2058,2548,3123,4139,4817,4354,4471,3701,2517,18354,1332,0.023,Healthy
C0652,5,15,4.764,36.21,4.7,6.654,106,19.31,0,1262,880,2565,2078,2624,2765,3855,4559,4499,3966,3634,2391,17854,1338,0.011,Healthy
C0652,6,18,4.736,36.09,4.683,6.633,116,17.68,0,1182,900,2511,2124,2587,3039,3875,4783,4460,3775,3473,2546,17547,1394,-0.006,Healthy
C0654,1,3,4.52,35.58,4.513,6.674,162,21.41,0,1240,915,2406,2140,2579,2854,3995,4620,4029,3991,3513,2321,17932,1262,-0.176,Healthy
C0654,2,6,5.154,36.02,5.103,6.727,186,18.07,0,1312,974,3002,2256,2928,3270,4230,4588,4304,4190,3692,2521,19568,1420,0.414,Healthy
C0654,3,9,5.488,36.35,5.399,6.804,245,15.9,0,1398,1039,3026,2556,3189,3666,4583,4844,4689,4519,4086,2903,21465,1502,0.71,Healthy
C0654,4,12,5.795,36.79,5.653,6.901,304,15.47,0,1454,1120,3329,2640,3126,3825,4935,5136,5286,4716,4383,2866,21367,1548,0.964,Subclinical
C0654,5,15,6.621,37.24,6.402,7.017,397,12.9,0,1643,1197,3566,2621,3702,4255,5279,5746,5112,5108,4508,3147,23521,1653,1.713,Subclinical
C0654,6,18,7.29,37.86,6.963,7.15,499,10.3,0,1895,1408,4018,3167,3632,4039,4994,6058,5909,5418,4960,3616,24750,1719,2.274,Clinical
C0655,1,3,4.725,35.74,4.703,6.665,161,19.39,0,1373,993,2885,2319,3093,3667,5011,5039,4511,4521,4076,2644,21601,1495,0.014,Healthy
C0655,2,6,5.013,36.18,4.948,6.698,153,19.46,0,1449,1032,3017,2521,2997,3757,4913,5033,5047,4622,4369,2834,21575,1511,0.259,Healthy
C0655,3,9,5.321,36.76,5.194,6.745,205,17.77,0,1491,1116,3187,2433,3553,3869,5258,5833,5141,4704,4338,3156,22813,1616,0.505,Healthy
C0655,4,12,5.716,37.18,5.534,6.806,262,14.16,0,1645,1191,3428,2961,3582,4253,5655,6195,5238,5084,4684,3028,24906,1680,0.845,Subclinical
C0655,5,15,6.404,37.98,6.102,6.877,314,13.19,1,2080,1621,4915,3758,5050,5640,7517,7644,7542,6422,6240,4244,32365,2128,1.413,Subclinical
C0655,6,18,7.01,38.84,6.565,6.96,391,9.8,1,2187,1731,4759,3668,5053,4588,6466,7249,7016,6628,6849,4491,30879,2064,1.876,Clinical
C0658,1,3,5.061,36.38,4.976,6.718,174,24.39,0,1227,913,2700,2135,2977,3576,4566,4783,4345,4501,3798,2541,19598,1455,0.287,Healthy
C0658,2,6,4.867,36.36,4.787,6.74,169,25.02,0,1296,949,2764,2186,2779,3587,4513,4495,4270,4031,3980,2661,19557,1401,0.098,Healthy
C0658,3,9,4.979,36.15,4.918,6.734,163,24.53,0,1194,945,2549,2145,2961,3481,4408,4899,4670,4241,3896,2797,19551,1419,0.229,Healthy
C0658,4,12,4.943,36.26,4.872,6.733,171,24.74,0,1283,918,2609,2279,3065,3498,4153,4650,4283,4006,3723,2492,18647,1369,0.183,Healthy
C0658,5,15,4.982,36.33,4.903,6.743,155,24.47,0,1190,883,2653,2117,3076,3164,4757,5217,4768,4454,4140,2805,19391,1401,0.214,Healthy
C0658,6,18,4.949,36.32,4.872,6.745,170,25.12,0,1279,935,2595,2093,3163,3429,4413,4878,4783,4286,3999,2656,19807,1442,0.183,Healthy
C0660,1,3,4.798,35.44,4.803,6.717,145,23.21,0,1292,900,2804,2218,2745,3241,3965,4928,4374,4052,3723,2303,19193,1400,0.114,Healthy
C0660,2,6,4.634,35.46,4.638,6.697,160,23.07,0,1193,968,2637,2145,2783,3271,3999,4639,4204,3899,3829,2490,18280,1307,-0.051,Healthy
C0660,3,9,4.452,35.31,4.468,6.689,153,23.16,0,1139,955,2584,2089,2711,3054,3934,4328,4014,4115,3926,2411,18169,1463,-0.221,Healthy
C0660,4,12,4.646,35.4,4.655,6.691,152,23.35,0,1168,924,2612,2125,2706,3091,4183,4419,4210,4170,3937,2343,18419,1369,-0.034,Healthy
C0660,5,15,4.668,35.32,4.684,6.673,147,23.03,0,1137,865,2530,2172,2771,3096,3995,4334,4057,3787,3535,2569,17469,1240,-0.005,Healthy
C0660,6,18,4.542,35.17,4.57,6.724,161,23.01,0,1229,864,2477,1996,2621,3114,3993,4399,4034,3782,3658,2559,17614,1315,-0.119,Healthy
C0661,1,3,4.892,35.82,4.862,6.671,162,20.2,0,1207,928,2524,2026,2903,3213,4239,4644,4590,4133,3929,2612,18841,1369,0.173,Healthy
C0661,2,6,5.187,36.02,5.136,6.72,219,19.64,0,1295,1034,2896,2252,3013,3562,4484,4883,4723,4686,4182,2967,20428,1466,0.447,Healthy
C0661,3,9,5.344,36.55,5.237,6.789,334,16.17,0,1371,1081,3007,2427,3171,3731,4775,4946,5287,4973,4237,3019,21778,1474,0.548,Subclinical
C0661,4,12,5.709,37.07,5.539,6.876,483,14.45,0,1592,1137,3318,2662,3500,4205,5295,5743,5644,5302,5067,3398,23821,1662,0.85,Subclinical
C0661,5,15,6.448,37.7,6.178,6.98,665,11.61,1,2139,1558,4316,3502,4509,5036,6212,7484,7410,6852,6564,4550,31453,2041,1.489,Clinical
C0661,6,18,7.13,38.41,6.736,7.1,884,9.3,1,2124,1576,4659,3511,4880,4889,6665,7519,6954,7165,6844,4342,31485,2148,2.047,Clinical
C0662,1,3,4.271,34.77,4.33,6.555,140,21.23,0,1070,858,2534,2173,2667,3014,3698,4585,4377,3678,3613,2426,18119,1342,-0.359,Healthy
C0662,2,6,4.091,34.69,4.154,6.538,139,21.74,0,1162,897,2614,1981,2602,3138,4069,4455,4261,3780,3255,2382,18251,1386,-0.535,Healthy
C0662,3,9,4.191,34.71,4.254,6.539,138,20.94,0,1181,907,2318,2085,2547,2859,3986,4297,3999,3864,3344,2231,17413,1348,-0.435,Healthy
C0662,4,12,4.081,34.76,4.138,6.537,158,20.67,0,1204,864,2648,2321,2707,3087,4165,4406,4404,3671,3847,2360,18543,1390,-0.551,Healthy
C0662,5,15,4.12,34.82,4.173,6.525,163,21.47,0,1236,871,2657,2045,2777,3081,4101,4694,4092,4047,3624,2336,18811,1392,-0.516,Healthy
C0662,6,18,4.214,34.52,4.292,6.538,145,21.1,0,1173,870,2451,2052,2629,2821,4110,4465,4078,3754,3489,2332,17654,1370,-0.397,Healthy
C0664,1,3,4.409,35.37,4.42,6.82,163,19.27,0,1190,907,2652,2116,2860,3073,4068,4350,3945,3640,3909,2687,17931,1333,-0.269,Healthy
C0664,2,6,4.515,35.45,4.519,6.822,158,19.75,0,1198,847,2301,1993,2717,3271,4237,4048,3705,3554,3602,2369,17396,1355,-0.17,Healthy
C0664,3,9,4.419,35.4,4.427,6.765,162,19.46,0,1145,831,2696,2040,2842,3085,4462,4405,4033,3686,3597,2575,18587,1363,-0.262,Healthy
C0664,4,12,4.624,35.48,4.626,6.799,164,19.66,0,1083,867,2422,2034,2680,3195,4153,4266,3749,3609,3788,2673,17202,1372,-0.063,Healthy
C0664,5,15,4.513,35.47,4.516,6.751,153,19.93,0,1165,796,2592,1951,2699,3111,4146,4147,3704,3645,3695,2528,17903,1353,-0.173,Healthy
C0664,6,18,4.319,35.45,4.323,6.812,153,19.8,0,1259,861,2532,2031,2690,3191,4180,4454,3593,3608,3880,2683,18187,1343,-0.366,Healthy
C0665,1,3,4.636,35.49,4.637,6.735,166,18.67,0,1243,920,2553,2164,2802,3256,4228,4522,4477,4065,3319,2305,18827,1452,-0.052,Healthy
C0665,2,6,4.862,35.33,4.878,6.75,159,19.37,0,1170,846,2630,2146,2633,3313,4205,4653,4224,4164,3400,2428,18282,1414,0.189,Healthy
C0665,3,9,4.511,35.39,4.52,6.727,165,18.78,0,1156,820,2696,2194,2811,3249,4270,4915,4219,4060,3544,2245,19780,1377,-0.169,Healthy
C0665,4,12,4.874,35.32,4.891,6.702,174,19.68,0,1179,840,2499,2274,2817,3184,4410,4761,4301,3774,3876,2373,19267,1408,0.202,Healthy
C0665,5,15,4.831,35.32,4.848,6.735,161,19.45,0,1292,948,2681,2075,2809,3170,4015,4607,4469,4075,3493,2452,18759,1405,0.159,Healthy
C0665,6,18,4.807,35.36,4.82,6.717,165,18.82,0,1194,904,2616,2124,2872,3118,4555,4541,4534,3838,3562,2449,18272,1387,0.131,Healthy
C0666,1,3,4.537,37.12,4.397,6.828,111,23.64,0,1184,892,2680,2107,2970,3437,4390,4385,3992,3832,3729,2364,18749,1409,-0.292,Healthy
C0666,2,6,4.707,36.94,4.578,6.822,128,23.35,0,1211,943,2639,2048,2827,3437,4409,4513,4199,4046,3720,2469,18547,1363,-0.111,Healthy
C0666,3,9,4.85,37.11,4.702,6.825,107,24.48,0,1190,890,2555,2147,2867,3288,4273,4376,4050,3797,3725,2407,18567,1357,0.013,Healthy
C0666,4,12,4.686,36.92,4.56,6.854,123,23.8,0,1284,922,2535,2189,2951,3524,4325,4522,4234,3822,3558,2590,18877,1384,-0.129,Healthy
C0666,5,15,4.467,37.2,4.323,6.831,126,23.23,0,1145,891,2634,2000,2853,3408,4372,4430,4150,3879,3546,2420,17863,1299,-0.366,Healthy
C0666,6,18,4.509,37.21,4.363,6.811,110,23.6,0,1252,887,2666,2077,2901,3538,4430,4658,3962,3843,3668,2470,18291,1295,-0.326,Healthy
C0669,1,3,4.715,35.35,4.728,6.616,161,25.37,0,968,765,2207,1835,2436,2751,3542,3755,3763,3542,3197,2191,15905,1198,0.039,Healthy
C0669,2,6,4.818,35.38,4.829,6.561,184,25.63,0,1138,842,2382,2016,2386,3043,3965,4216,3953,3737,3119,2052,17540,1249,0.14,Healthy
C0669,3,9,4.983,35.42,4.991,6.566,161,27.11,0,1051,813,2350,1917,2579,2741,3595,4147,3620,3373,3153,2256,16330,1241,0.302,Healthy
C0669,4,12,4.763,35.28,4.783,6.588,169,26.24,0,1050,795,2285,1993,2468,2863,3783,4368,3843,3666,3113,2071,17036,1373,0.094,Healthy
C0669,5,15,4.802,35.33,4.818,6.59,180,26.39,0,1088,776,2286,1866,2483,2949,3885,4106,3915,3495,3206,2094,17115,1255,0.129,Healthy
C0669,6,18,4.973,35.21,5.0,6.619,163,26.05,0,1048,817,2333,1771,2517,2880,3595,4147,3643,3429,3238,2280,16087,1191,0.311,Healthy
C0670,1,3,4.666,36.1,4.613,6.73,130,23.87,0,1265,954,2788,2199,2691,3046,3986,4947,4403,3996,3886,2633,19069,1359,-0.076,Healthy
C0670,2,6,4.443,36.13,4.39,6.701,138,22.24,0,1285,965,2931,2236,2843,3094,4322,5443,4851,4276,4109,2630,19815,1521,-0.299,Healthy
C0670,3,9,4.492,36.07,4.443,6.754,137,23.07,0,1235,894,2663,2208,2839,3228,4213,5046,4817,4232,3715,2555,19870,1493,-0.246,Healthy
C0670,4,12,4.396,36.05,4.35,6.751,150,22.86,0,1185,923,2890,2245,2797,3119,3997,4685,4594,4456,4052,2515,18914,1419,-0.339,Healthy
C0670,5,15,4.436,36.08,4.387,6.756,143,23.44,0,1255,967,2885,2219,2826,3131,3974,5305,4686,4420,4049,2725,19805,1500,-0.302,Healthy
C0670,6,18,4.664,36.12,4.609,6.721,139,22.17,0,1283,965,2605,2121,2752,3270,4278,4783,4663,4267,4025,2618,19124,1443,-0.08,Healthy
C0672,1,3,4.735,35.64,4.722,6.665,133,20.67,0,985,745,2024,1757,2438,2889,3728,4342,4005,3637,3591,2109,15921,1211,0.033,Healthy
C0672,2,6,4.716,36.1,4.662,6.698,161,20.35,0,1060,760,2195,1943,2641,2964,3935,4395,3867,3768,3564,2197,17196,1346,-0.027,Healthy
C0672,3,9,4.977,36.57,4.876,6.745,181,17.07,0,1140,795,2259,1907,2512,2823,4006,4530,4209,4124,3423,2541,17828,1287,0.187,Healthy
C0672,4,12,5.261,37.21,5.09,6.806,215,16.82,0,1125,844,2497,2075,2733,3430,4258,4755,4798,4218,3512,2701,18524,1394,0.401,Healthy
C0672,5,15,5.634,37.89,5.378,6.877,278,14.26,1,1494,1183,3479,2745,3589,4459,5689,6353,6189,5808,4874,3312,24817,1722,0.689,Subclinical
C0672,6,18,5.91,38.58,5.564,6.96,327,11.7,1,1581,1196,3653,2713,4044,4369,6049,6798,6876,6041,5163,3847,26343,1807,0.875,Subclinical
C0673,1,3,4.92,35.64,4.907,6.662,156,19.17,0,1181,896,2473,2095,2902,3379,4231,5139,4358,4260,3682,2531,18679,1390,0.218,Healthy
C0673,2,6,5.075,36.06,5.021,6.69,189,19.59,0,1186,896,2629,2182,3045,3318,4220,4838,4746,4264,3857,2492,19576,1418,0.332,Healthy
C0673,3,9,5.191,36.37,5.105,6.73,262,18.23,0,1358,942,2787,2160,3200,3421,4443,5296,5011,4616,4087,2793,20320,1490,0.416,Healthy
C0673,4,12,5.482,36.73,5.354,6.781,337,15.29,0,1419,1067,3022,2453,3251,3715,5010,6024,5244,4407,4650,3097,22190,1583,0.665,Subclinical
C0673,5,15,5.917,37.29,5.716,6.841,444,11.86,1,1848,1351,3835,2810,4266,4841,6413,7322,6577,6239,5459,3905,27789,1884,1.027,Subclinical
C0673,6,18,6.33,37.89,6.043,6.91,576,9.5,1,1859,1388,3824,3249,4383,5201,6441,7286,7284,6596,5631,3763,29256,2013,1.354,Clinical
C0674,1,3,4.674,35.68,4.658,6.675,172,20.77,0,1161,898,2514,2084,2997,3168,4043,4616,4520,4177,4000,2521,19099,1340,-0.031,Healthy
C0674,2,6,4.846,35.99,4.801,6.732,234,18.96,0,1271,948,2846,2446,3264,3568,4357,5242,5051,4381,4482,2989,20214,1488,0.112,Healthy
C0674,3,9,5.258,36.29,5.179,6.813,369,16.32,0,1382,1123,2758,2445,3364,4256,4740,6035,5312,4756,4510,2975,22174,1580,0.49,Subclinical
C0674,4,12,5.873,36.85,5.722,6.916,521,13.18,0,1587,1204,3474,2719,3595,4251,5345,6451,5737,5165,5225,3527,24712,1732,1.033,Subclinical
C0674,5,15,6.384,37.33,6.162,7.039,730,11.32,1,2078,1566,4210,3562,4206,5626,6981,8149,7465,7097,6739,4377,31382,2103,1.473,Clinical
C0674,6,18,7.04,37.98,6.708,7.18,974,7.7,1,2243,1556,4833,3700,4594,4829,6251,7735,7547,7681,6640,4497,31720,2124,2.019,Clinical
C0675,1,3,4.854,35.66,4.839,6.668,181,20.43,0,1146,888,2674,2168,2663,3086,4044,4657,4363,3778,3519,2319,18270,1338,0.15,Healthy
C0675,2,6,5.189,35.93,5.147,6.709,209,19.69,0,1269,941,2698,2066,2839,3577,4152,4858,4490,4240,3716,2594,18719,1350,0.458,Healthy
C0675,3,9,5.49,36.15,5.422,6.767,265,18.19,0,1273,924,2962,2404,3316,3687,4634,5054,4743,4249,4207,2704,21189,1537,0.733,Subclinical
C0675,4,12,6.029,36.48,5.917,6.841,349,16.09,0,1451,1107,3182,2504,3219,4067,5021,5275,4953,5037,4337,3037,22162,1635,1.228,Subclinical
C0675,5,15,6.918,36.81,6.746,6.929,461,13.39,1,1962,1521,4099,3468,4103,4373,5653,6407,6307,6469,5645,3886,28382,1902,2.057,Clinical
C0675,6,18,7.66,37.23,7.408,7.03,599,10.8,1,2017,1691,4464,3289,4605,5323,6706,7588,7381,6850,6108,4201,31156,2018,2.719,Clinical
C0676,1,3,4.71,36.05,4.661,6.551,171,19.74,0,1230,860,2677,1905,2973,2823,4096,4324,4277,3913,3354,2549,18503,1403,-0.028,Healthy
C0676,2,6,4.682,36.01,4.637,6.548,179,20.28,0,1291,898,2606,2067,2726,3168,4068,4420,4167,4121,3691,2334,18684,1340,-0.052,Healthy
C0676,3,9,4.762,36.21,4.698,6.569,177,19.88,0,1234,941,2694,2136,2842,3239,4198,4548,4458,3971,3627,2393,19223,1421,0.009,Healthy
C0676,4,12,4.655,36.01,4.61,6.553,165,19.89,0,1172,876,2340,2022,2715,2997,4201,4516,4059,3650,3591,2414,17621,1274,-0.079,Healthy
C0676,5,15,4.719,36.15,4.661,6.574,169,19.95,0,1164,865,2558,2101,2507,3180,3901,4631,4236,4094,3351,2297,18775,1370,-0.028,Healthy
C0676,6,18,4.806,36.11,4.75,6.535,183,19.86,0,1207,853,2489,2201,2934,3149,4241,4404,4381,4133,3720,2489,18420,1363,0.061,Healthy
C0677,1,3,4.726,35.09,4.763,6.593,120,16.66,0,1040,833,2314,1914,2550,2853,3647,4104,4025,3673,3312,2257,16832,1262,0.074,Healthy
C0677,2,6,4.579,35.29,4.597,6.57,120,16.65,0,1061,788,2335,1847,2464,2790,3697,4415,4128,3761,3202,2309,17209,1307,-0.092,Healthy
C0677,3,9,4.716,35.25,4.738,6.564,125,16.79,0,1026,781,2457,1877,2669,3020,3868,4543,4246,3663,3400,2224,18560,1385,0.049,Healthy
C0677,4,12,4.703,35.32,4.719,6.572,115,17.42,0,959,778,2152,1759,2387,2706,3548,3973,3705,3516,3074,2120,16145,1215,0.03,Healthy
C0677,5,15,4.716,35.3,4.734,6.571,126,17.02,0,1068,799,2254,1851,2480,2780,3573,4129,3666,3696,3332,2388,16132,1213,0.045,Healthy
C0677,6,18,4.817,35.24,4.841,6.578,105,16.39,0,1032,778,2228,1741,2398,2679,3541,4221,3811,3689,3194,2243,16280,1302,0.152,Healthy
C0678,1,3,5.076,36.05,5.023,6.743,206,19.61,0,1360,1033,2904,2362,3374,3652,4660,5561,5018,4923,4259,2879,21023,1496,0.334,Healthy
C0678,2,6,4.977,36.2,4.911,6.734,202,19.8,0,1351,1122,3171,2521,3410,3798,4731,5671,5218,5100,4316,2911,23036,1630,0.222,Healthy
C0678,3,9,4.867,36.27,4.796,6.757,213,20.11,0,1383,1022,2959,2357,3239,3732,4957,5327,5454,4857,4063,2672,20510,1416,0.107,Healthy
C0678,4,12,4.803,36.09,4.749,6.778,204,19.7,0,1322,1085,2979,2334,3089,3553,4844,5614,5610,5020,4089,2644,21903,1636,0.06,Healthy
C0678,5,15,4.894,36.29,4.821,6.766,196,20.23,0,1378,1059,3065,2461,3202,3740,4689,5493,5013,5123,4181,2675,22797,1624,0.132,Healthy
C0678,6,18,4.87,36.14,4.811,6.744,208,20.0,0,1471,1052,2994,2456,3126,3772,4646,5489,5228,4885,4096,2713,22105,1475,0.122,Healthy
C0679,1,3,4.951,35.5,4.951,6.72,202,15.05,0,1438,1050,2958,2441,3186,3370,4394,5095,5001,4573,4061,2944,20977,1458,0.262,Healthy
C0679,2,6,4.895,35.65,4.881,6.716,197,14.91,0,1310,1067,2975,2396,2833,3419,4333,5338,4921,4503,4025,2764,20030,1419,0.192,Healthy
C0679,3,9,4.982,35.52,4.98,6.716,200,14.96,0,1352,1065,2973,2512,3253,3496,4753,5271,4758,4343,4028,2937,21499,1609,0.291,Healthy
C0679,4,12,5.186,35.46,5.19,6.743,207,15.12,0,1449,1045,3134,2607,3280,3581,4636,5430,5311,4747,4425,2980,21437,1643,0.501,Healthy
C0679,5,15,5.001,35.53,4.998,6.728,200,14.72,0,1308,996,3081,2421,2896,3342,4768,5401,5007,4425,4144,2916,20482,1500,0.309,Healthy
C0679,6,18,4.921,35.62,4.91,6.759,204,15.55,0,1265,1035,2825,2281,2919,3355,4386,4944,4724,4367,3985,2810,20432,1523,0.221,Healthy
C0680,1,3,4.401,35.91,4.367,6.667,124,19.72,0,1164,830,2342,1984,2793,3263,4161,4745,4648,4146,3283,2293,18294,1412,-0.322,Healthy
C0680,2,6,4.565,36.01,4.521,6.644,125,20.62,0,1191,881,2555,2031,2997,3578,4519,4638,4361,3965,3500,2239,18487,1317,-0.168,Healthy
C0680,3,9,4.331,35.85,4.302,6.633,124,19.83,0,1185,907,2459,1965,3068,3332,4082,4769,4279,4212,3268,2481,18398,1359,-0.387,Healthy
C0680,4,12,4.466,36.07,4.418,6.64,120,20.83,0,1187,891,2550,2093,3070,3512,4400,5120,4629,4304,3337,2430,19763,1433,-0.271,Healthy
C0680,5,15,4.215,35.97,4.177,6.655,114,20.36,0,1145,839,2514,2048,2833,3435,4084,4522,4542,3946,3380,2320,18357,1422,-0.512,Healthy
C0680,6,18,4.307,35.97,4.269,6.663,134,20.1,0,1168,941,2396,2145,3129,3253,4105,5022,4636,4551,3826,2400,20141,1552,-0.42,Healthy
C0681,1,3,4.834,35.68,4.817,6.676,154,20.93,0,1272,955,2773,2111,2865,3100,4065,4945,4553,4148,4044,2522,19101,1500,0.128,Healthy
C0681,2,6,4.77,36.04,4.721,6.733,197,18.9,0,1398,1031,2757,2335,2904,3491,4461,5067,4547,4533,4255,2899,19665,1454,0.032,Healthy
C0681,3,9,5.184,36.49,5.086,6.816,227,16.03,0,1348,947,2970,2400,3021,3460,4514,5035,5014,4552,4191,2898,19851,1459,0.397,Healthy
C0681,4,12,5.487,37.02,5.329,6.921,303,14.42,0,1444,1136,3169,2649,3476,3738,4907,5392,5397,4956,4615,3038,22889,1589,0.64,Subclinical
C0681,5,15,5.944,37.58,5.709,7.046,374,11.31,1,1863,1498,4123,3411,4432,4991,5761,6779,7249,6679,6475,4106,29182,1958,1.02,Subclinical
C0681,6,18,6.43,38.28,6.09,7.19,475,8.2,1,2036,1668,4770,3599,4485,4530,5455,7383,6492,7106,6580,4557,29823,2038,1.401,Clinical
C0682,1,3,4.217,34.95,4.261,6.463,47,24.12,0,933,659,2029,1613,2396,2498,3242,3615,3377,3418,3094,2113,14618,1197,-0.428,Healthy
C0682,2,6,4.286,34.97,4.329,6.457,48,24.82,0,876,740,2117,1722,2290,2532,3405,3516,3402,3260,3222,2045,14839,1191,-0.36,Healthy
C0682,3,9,4.265,35.1,4.297,6.48,31,24.38,0,967,755,2074,1616,2285,2359,3226,3638,3628,3200,3127,2042,15074,1141,-0.392,Healthy
C0682,4,12,4.191,35.03,4.228,6.483,39,25.57,0,956,652,2069,1626,2323,2528,3384,3564,3658,3100,3060,2082,14795,1251,-0.461,Healthy
C0682,5,15,4.306,35.18,4.332,6.469,35,25.04,0,866,705,2031,1678,2345,2462,3193,3598,3383,3085,2894,2122,14142,1149,-0.357,Healthy
C0682,6,18,4.454,35.04,4.493,6.448,34,24.99,0,915,726,2072,1612,2201,2469,3300,4070,3590,3354,3025,2075,15289,1200,-0.196,Healthy
C0683,1,3,5.062,35.12,5.099,6.553,89,24.98,0,1034,765,2321,1757,2536,2885,3857,4610,4392,4268,3625,2363,17501,1353,0.41,Healthy
C0683,2,6,4.784,35.14,4.817,6.542,85,24.32,0,977,724,2139,1762,2345,2726,3455,4324,4026,3905,3330,2300,16674,1238,0.128,Healthy
C0683,3,9,4.796,35.17,4.826,6.564,74,24.27,0,976,736,2243,1594,2402,2717,3621,4324,3981,3598,3378,2166,16247,1211,0.137,Healthy
C0683,4,12,4.928,35.13,4.963,6.548,97,24.28,0,1058,780,2381,1904,2715,2967,3719,4900,4011,4124,3459,2301,18012,1324,0.274,Healthy
C0683,5,15,5.013,35.21,5.041,6.533,85,24.25,0,1065,759,2121,1753,2441,2918,3829,4496,4359,3777,3611,2398,17234,1252,0.352,Healthy
C0683,6,18,4.838,35.13,4.872,6.561,92,24.23,0,1000,780,2177,1795,2603,2866,3682,4599,4056,3753,3477,2209,17372,1311,0.183,Healthy
C0684,1,3,4.692,35.98,4.649,6.807,82,22.61,0,1051,866,2390,1823,2499,3018,3745,4441,4651,3820,3344,2410,17886,1242,-0.04,Healthy
C0684,2,6,4.854,36.13,4.796,6.852,87,22.41,0,1067,847,2404,2019,2538,2888,3423,4487,4202,3899,3733,2407,16771,1251,0.107,Healthy
C0684,3,9,4.968,36.1,4.911,6.847,102,21.8,0,1137,835,2459,1857,2689,3127,3756,4460,4404,4115,3415,2407,17210,1208,0.222,Healthy
C0684,4,12,4.794,35.96,4.752,6.839,89,22.79,0,1085,798,2414,1945,2475,2987,3724,4573,4360,4154,3646,2282,17652,1309,0.063,Healthy
C0684,5,15,4.762,36.0,4.717,6.817,91,22.52,0,1106,783,2233,1816,2402,3024,3949,4103,3861,4086,3504,2342,17169,1285,0.028,Healthy
C0684,6,18,4.846,35.91,4.808,6.836,85,21.81,0,1075,820,2383,1959,2521,2820,3638,4599,4371,4030,3304,2234,17240,1351,0.119,Healthy
C0685,1,3,4.157,35.35,4.169,6.511,148,19.53,0,1041,835,2384,1955,2575,2915,3749,4218,4122,3847,3585,2502,17290,1314,-0.52,Healthy
C0685,2,6,4.114,35.36,4.125,6.52,153,19.2,0,1063,864,2349,2070,2666,2857,3905,4367,3766,3698,3377,2187,17253,1264,-0.564,Healthy
C0685,3,9,4.048,35.19,4.072,6.517,147,19.53,0,1088,836,2393,1917,2682,3148,3796,4113,4100,3702,3536,2375,17195,1278,-0.617,Healthy
C0685,4,12,4.025,35.34,4.037,6.512,146,18.56,0,1104,833,2533,1959,2466,3104,4036,4527,4131,3878,3470,2264,17489,1376,-0.652,Healthy
C0685,5,15,4.185,35.38,4.195,6.516,142,19.0,0,1114,861,2428,2063,2734,2869,3911,4545,4039,3559,3375,2318,17081,1240,-0.494,Healthy
C0685,6,18,4.132,35.31,4.147,6.509,159,19.04,0,1178,852,2409,1893,2806,3096,3778,4379,4000,3726,3319,2314,18297,1453,-0.542,Healthy
C0686,1,3,4.508,35.29,4.526,6.68,122,25.54,0,1220,841,2499,1999,3029,3231,4477,4746,4352,3953,3437,2323,18017,1360,-0.163,Healthy
C0686,2,6,4.588,35.49,4.589,6.667,126,26.83,0,1143,921,2346,2056,2993,3320,4367,4433,4434,4186,3432,2290,18259,1296,-0.1,Healthy
C0686,3,9,4.787,35.41,4.795,6.687,127,25.74,0,1159,858,2459,1973,2895,3419,4465,4662,4483,3865,3553,2354,19723,1388,0.106,Healthy
C0686,4,12,4.84,35.34,4.855,6.674,151,26.09,0,1187,943,2523,2170,2989,3636,4479,5011,4538,4365,3547,2547,19334,1451,0.166,Healthy
C0686,5,15,4.716,35.37,4.728,6.689,138,26.39,0,1189,915,2544,2087,2982,3396,4481,4669,4453,4172,3565,2273,18935,1425,0.039,Healthy
C0686,6,18,4.78,35.22,4.805,6.698,132,26.42,0,1202,856,2647,1979,3077,3377,4718,5006,4429,4204,3735,2236,19792,1458,0.116,Healthy
C0687,1,3,4.503,35.02,4.544,6.759,88,14.89,0,1120,788,2405,1970,2631,2908,3806,3920,3781,3587,3385,2209,16848,1282,-0.145,Healthy
C0687,2,6,4.357,35.01,4.398,6.756,99,15.69,0,1165,841,2563,1895,2614,3133,3881,4300,4064,3600,3263,2377,17549,1311,-0.291,Healthy
C0687,3,9,4.563,35.12,4.596,6.726,90,15.33,0,1008,797,2461,1970,2520,3003,4014,3926,3839,3736,3395,2266,17416,1273,-0.093,Healthy
C0687,4,12,4.548,35.05,4.587,6.758,93,15.59,0,1099,879,2350,1942,2453,2944,3927,4288,3832,3815,3404,2432,16741,1288,-0.102,Healthy
C0687,5,15,4.466,35.02,4.507,6.756,101,16.23,0,1192,847,2466,1959,2725,2834,3888,4333,3741,3875,3500,2494,17334,1376,-0.182,Healthy
C0687,6,18,4.399,35.18,4.426,6.747,100,15.28,0,1075,844,2362,1836,2522,2661,4021,4163,3866,3636,3185,2243,16713,1268,-0.263,Healthy
C0688,1,3,4.634,35.88,4.601,6.67,142,18.59,0,1165,856,2245,1984,2769,3210,3975,4584,4298,3742,3439,2426,17559,1328,-0.088,Healthy
C0688,2,6,4.757,36.04,4.708,6.716,215,17.43,0,1185,907,2485,2033,3173,3264,4519,4730,4664,4077,3574,2497,19283,1457,0.019,Healthy
C0688,3,9,5.183,36.48,5.086,6.782,283,15.36,0,1298,969,2779,2353,3290,3599,4969,5650,4891,4558,3907,2582,21539,1511,0.397,Healthy
C0688,4,12,5.454,37.04,5.294,6.866,365,12.62,0,1335,1088,2995,2540,3512,3921,5343,5702,4956,4703,4367,2844,22641,1614,0.605,Subclinical
C0688,5,15,5.825,37.7,5.582,6.965,492,9.65,1,1786,1353,4096,3437,4773,5661,6661,7413,6895,6242,5485,3789,30597,2069,0.893,Subclinical
C0688,6,18,6.3,38.41,5.952,7.08,633,6.3,1,1951,1513,4189,3362,4987,5429,6738,7406,6814,6282,5762,3806,30152,1975,1.263,Clinical
C0690,1,3,4.598,34.96,4.645,6.703,177,26.85,0,1227,924,2805,2172,3047,3145,4289,4769,4272,4319,3640,2515,18949,1382,-0.044,Healthy
C0690,2,6,4.534,34.79,4.595,6.753,186,26.96,0,1202,911,2679,2124,2982,3405,4478,4862,4590,4282,3724,2435,20236,1477,-0.094,Healthy
C0690,3,9,4.569,35.06,4.607,6.722,173,26.8,0,1275,897,2594,2136,2968,3323,4502,4788,4519,4169,3609,2452,19278,1334,-0.082,Healthy
C0690,4,12,4.449,35.02,4.49,6.723,164,27.08,0,1238,954,2749,2306,2980,3268,4529,5133,4070,4207,3695,2325,20102,1509,-0.199,Healthy
C0690,5,15,4.562,34.91,4.613,6.735,176,27.08,0,1260,916,2608,2018,2959,3314,4375,4759,4268,3944,3467,2352,19019,1356,-0.076,Healthy
C0690,6,18,4.508,35.06,4.546,6.753,185,26.68,0,1276,925,2762,2268,2748,3416,4619,4910,4432,4092,3853,2368,19255,1425,-0.143,Healthy
C0691,1,3,4.639,35.71,4.62,6.672,138,18.78,0,1109,898,2651,1974,2725,3070,4035,4271,3899,3655,3511,2590,17495,1344,-0.069,Healthy
C0691,2,6,4.968,36.17,4.905,6.723,211,20.66,0,1258,901,2757,2129,2916,3409,4586,4544,4224,3944,3958,2702,18386,1427,0.216,Healthy
C0691,3,9,5.526,36.67,5.403,6.795,288,17.39,0,1426,1010,2977,2420,3244,3670,4459,4789,4688,4431,4146,2879,20395,1470,0.714,Subclinical
C0691,4,12,5.911,37.29,5.71,6.886,395,13.25,0,1480,1096,3126,2746,3346,4024,5164,4836,5020,4658,4867,2995,21431,1463,1.021,Subclinical
C0691,5,15,6.55,38.07,6.23,6.995,519,10.57,1,1961,1559,4146,3603,4842,5642,7051,6864,7200,6119,6246,4156,30736,1969,1.541,Clinical
C0691,6,18,7.19,38.87,6.73,7.12,683,7.6,1,2006,1596,4567,3646,5028,4895,6608,7492,7530,6366,6914,4687,30567,2089,2.041,Clinical
C0692,1,3,4.798,35.64,4.785,6.675,158,22.01,0,1283,985,2963,2202,3122,3616,4679,5119,4482,4291,4116,2790,20177,1435,0.096,Healthy
C0692,2,6,4.962,36.1,4.905,6.732,186,19.78,0,1372,977,2982,2427,3193,3590,4892,5308,5000,4773,4333,2763,21220,1500,0.216,Healthy
C0692,3,9,5.357,36.62,5.243,6.813,238,18.9,0,1507,1132,3219,2444,3366,3834,5259,6081,5458,4810,4710,2909,23422,1587,0.554,Healthy
C0692,4,12,5.515,37.24,5.333,6.916,332,14.02,0,1477,1144,3497,2661,3689,4133,5140,5885,5380,5194,4655,3421,23263,1612,0.644,Subclinical
C0692,5,15,6.019,37.84,5.751,7.039,428,12.99,0,1770,1264,3815,2931,4028,4559,6326,5903,6083,5285,5460,3675,25520,1832,1.062,Subclinical
C0692,6,18,6.52,38.69,6.125,7.18,547,10.4,0,1681,1288,3878,2831,4201,4809,6068,6938,6244,5931,5382,3724,27385,1858,1.436,Clinical
C0694,1,3,4.582,35.6,4.573,6.673,145,20.73,0,1174,911,2840,1961,3092,3201,4017,4669,4250,4214,3842,2521,18746,1316,-0.116,Healthy
C0694,2,6,5.012,36.14,4.951,6.724,207,18.07,0,1329,1030,3002,2389,3291,3644,4643,5171,4364,4301,4110,2773,20756,1485,0.262,Healthy
C0694,3,9,5.259,36.48,5.161,6.798,249,16.61,0,1355,1062,3048,2334,3391,3902,4915,5137,4963,4455,4167,2854,21795,1531,0.472,Healthy
C0694,4,12,5.971,37.04,5.796,6.891,330,12.63,0,1522,1180,3474,2766,3836,4147,6024,5957,5376,5061,5027,3256,23649,1608,1.107,Subclinical
C0694,5,15,6.658,37.59,6.394,7.002,405,11.55,1,2073,1578,4360,3627,4492,4488,6027,6658,7006,6603,6417,4466,28919,1922,1.705,Clinical
C0694,6,18,7.48,38.34,7.076,7.13,523,8.4,1,2165,1684,5032,3426,5305,6008,8301,8239,7631,7074,6980,4512,34415,2156,2.387,Clinical
C0695,1,3,4.929,35.02,4.974,6.623,182,23.19,0,1314,935,2508,2022,3012,3399,4500,4712,4337,4102,3583,2712,19219,1505,0.285,Healthy
C0695,2,6,5.009,35.06,5.051,6.634,183,22.8,0,1296,1067,2953,2274,3033,3687,4774,5501,4754,4466,3984,2676,20885,1344,0.362,Healthy
C0695,3,9,5.21,34.99,5.26,6.647,180,22.78,0,1335,979,2898,2092,3244,3514,4799,4957,5077,4606,4176,2732,21077,1503,0.571,Healthy
C0695,4,12,5.023,34.88,5.082,6.657,173,22.81,0,1267,940,2659,2102,2961,3466,4722,4954,4963,4052,4079,2733,20290,1459,0.393,Healthy
C0695,5,15,4.991,34.83,5.055,6.646,193,23.18,0,1262,895,2682,2191,2941,3638,4770,5120,4333,4305,3873,2710,19108,1375,0.366,Healthy
C0695,6,18,5.034,34.98,5.084,6.642,192,22.99,0,1275,940,2613,2191,2997,3329,4575,4586,4753,4311,3833,2640,20190,1450,0.395,Healthy
C0696,1,3,4.924,35.7,4.905,6.746,113,22.79,0,1237,958,2500,2121,2831,3222,4111,4742,4203,4272,3225,2284,18264,1383,0.216,Healthy
C0696,2,6,4.915,35.76,4.891,6.746,110,22.11,0,1231,946,2495,2168,2747,3336,4410,4767,4327,4089,3500,2306,19145,1346,0.202,Healthy
C0696,3,9,4.858,35.82,4.828,6.724,123,22.55,0,1222,892,2698,1997,2951,3149,4121,4609,4453,4282,3422,2396,18707,1299,0.139,Healthy
C0696,4,12,4.947,35.71,4.927,6.734,109,23.01,0,1177,882,2653,1964,2793,3226,4172,4770,4356,3871,3010,2291,18980,1370,0.238,Healthy
C0696,5,15,4.908,35.79,4.881,6.725,105,22.3,0,1156,831,2326,2086,2928,2976,4165,4793,4125,3882,3046,2274,18408,1240,0.192,Healthy
C0696,6,18,4.923,35.67,4.907,6.708,102,22.92,0,1142,855,2721,2175,2817,3243,4118,4701,4394,4067,3335,2354,18965,1354,0.218,Healthy
C0698,1,3,4.456,35.92,4.42,6.578,137,17.02,0,1115,791,2568,2127,2773,2877,3960,4339,3962,3834,3493,2369,17222,1270,-0.269,Healthy
C0698,2,6,4.6,35.88,4.567,6.542,132,18.07,0,1141,830,2560,1982,2685,2902,3898,4403,4162,3970,3293,2360,18118,1320,-0.122,Healthy
C0698,3,9,4.531,36.03,4.485,6.558,133,18.18,0,1115,796,2379,1993,2638,3059,3871,4189,4204,3847,3341,2241,17059,1282,-0.204,Healthy
C0698,4,12,4.548,35.89,4.514,6.584,125,18.37,0,1089,758,2327,1914,2514,2629,3643,4369,3754,3763,3296,2237,16537,1240,-0.175,Healthy
C0698,5,15,4.47,36.04,4.424,6.541,133,17.29,0,1163,876,2383,1911,2552,3090,3802,4262,4246,4154,3383,2429,17791,1343,-0.265,Healthy
C0698,6,18,4.418,36.03,4.374,6.568,144,17.97,0,1107,849,2537,1990,2604,2822,3763,4442,4449,3592,3272,2261,17814,1358,-0.315,Healthy
C0699,1,3,4.386,36.12,4.334,6.659,71,15.9,0,1174,854,2520,1990,2435,2757,3748,4322,4188,3677,3492,2429,17027,1344,-0.355,Healthy
C0699,2,6,4.461,36.11,4.409,6.67,60,15.9,0,1149,855,2579,1984,2364,2848,3500,4461,4164,3682,3511,2242,17268,1312,-0.28,Healthy
C0699,3,9,4.59,36.18,4.531,6.683,52,16.65,0,1218,819,2561,2013,2461,2855,3654,4415,3943,3660,3674,2322,17184,1310,-0.158,Healthy
C0699,4,12,4.584,36.05,4.536,6.681,47,16.16,0,1107,849,2272,1890,2504,2771,3495,4318,3903,3885,3355,2109,16653,1318,-0.153,Healthy
C0699,5,15,4.519,36.06,4.471,6.687,79,15.51,0,1173,855,2599,1920,2363,2821,3895,4177,3985,3445,3438,2361,16534,1292,-0.218,Healthy
C0699,6,18,4.445,36.09,4.395,6.669,48,15.8,0,1115,814,2495,1985,2525,2698,3636,4209,3844,3759,3360,2229,16937,1265,-0.294,Healthy
C0700,1,3,4.891,36.71,4.779,6.504,151,19.76,0,1098,848,2469,1983,3087,3553,4390,4969,4367,3884,3468,2311,19012,1349,0.09,Healthy
C0700,2,6,4.884,36.73,4.77,6.471,160,20.6,0,1157,846,2584,2037,3064,3532,4307,4744,4544,4192,3548,2470,19101,1379,0.081,Healthy
C0700,3,9,4.704,36.84,4.584,6.469,167,20.16,0,1203,863,2518,1904,3035,3546,4226,4930,4318,4186,3671,2641,19096,1363,-0.105,Healthy
C0700,4,12,4.757,36.79,4.64,6.47,167,20.45,0,1169,883,2627,2147,3024,3413,4592,4835,4473,4353,3443,2580,19763,1442,-0.049,Healthy
C0700,5,15,4.998,36.76,4.878,6.456,162,19.64,0,1108,887,2569,2141,3085,3220,4855,4842,4634,4230,3639,2570,18916,1412,0.189,Healthy
C0700,6,18,4.916,36.91,4.784,6.451,167,20.44,0,1154,868,2545,2071,2914,3491,4455,4738,4080,4081,3580,2508,18640,1357,0.095,Healthy
C0701,1,3,4.007,35.87,3.979,6.723,130,17.16,0,998,776,2253,1840,2518,2898,3752,4293,4277,3581,3395,2294,16527,1242,-0.71,Healthy
C0701,2,6,3.964,35.71,3.948,6.715,119,16.72,0,1103,830,2343,1819,2675,3048,3973,4827,4414,4408,3502,2470,17925,1217,-0.741,Healthy
C0701,3,9,4.197,35.82,4.171,6.701,140,17.01,0,1156,850,2392,1935,2834,2966,3957,4536,4412,4123,3283,2319,17795,1303,-0.518,Healthy
C0701,4,12,3.946,35.82,3.922,6.7,134,16.02,0,1108,826,2560,1848,2668,2941,3907,4690,4481,4075,3407,2353,18441,1505,-0.767,Healthy
C0701,5,15,3.866,35.81,3.843,6.69,137,17.02,0,1144,841,2295,1835,2612,2932,3808,4802,4474,4188,3502,2357,18057,1394,-0.846,Healthy
C0701,6,18,3.846,35.67,3.834,6.681,137,17.57,0,1058,786,2319,1923,2609,2983,3749,4671,4400,4006,3499,2315,17284,1361,-0.855,Healthy
C0702,1,3,5.54,35.84,5.504,6.657,185,16.18,0,1427,1056,3035,2655,3223,3612,4921,5253,5067,4745,4624,2994,21777,1570,0.815,Healthy
C0702,2,6,5.373,35.63,5.36,6.703,174,16.94,0,1304,1038,2875,2493,3060,3645,4868,5092,4734,4523,4387,3004,21030,1548,0.671,Healthy
C0702,3,9,5.299,35.71,5.278,6.684,175,16.53,0,1316,1035,3004,2410,3206,3788,4732,4908,4620,4167,4276,2859,20428,1458,0.589,Healthy
C0702,4,12,5.513,35.66,5.496,6.682,173,16.77,0,1351,1023,3102,2441,3164,3587,4568,5181,4722,4638,4418,2810,20403,1436,0.807,Healthy
C0702,5,15,5.303,35.78,5.275,6.666,198,16.85,0,1334,1071,3029,2428,3154,3463,4737,5130,4958,4890,4384,2640,20739,1558,0.586,Healthy
C0702,6,18,5.536,35.69,5.516,6.697,186,17.06,0,1479,1024,3168,2392,3187,3690,4948,5135,5007,4884,4520,3066,20960,1454,0.827,Healthy
C0703,1,3,4.864,35.6,4.855,6.719,111,18.27,0,971,799,2334,1817,2540,2999,4071,4377,4029,3936,3286,2249,18021,1363,0.166,Healthy
C0703,2,6,4.994,35.64,4.981,6.693,100,18.74,0,1082,774,2225,1865,2670,2970,4048,4366,3765,3928,3306,2238,16576,1342,0.292,Healthy
C0703,3,9,5.022,35.66,5.007,6.725,118,18.78,0,1120,766,2201,1998,2683,3208,3929,4547,3724,3657,3376,2372,16824,1319,0.318,Healthy
C0703,4,12,4.859,35.61,4.849,6.695,113,19.02,0,1072,778,2348,1791,2594,3066,3997,4340,4037,3685,3448,2492,17171,1283,0.16,Healthy
C0703,5,15,4.842,35.43,4.848,6.699,98,18.26,0,999,840,2267,1693,2589,2757,3869,4468,3723,3589,3323,2373,16005,1288,0.159,Healthy
C0703,6,18,4.964,35.64,4.951,6.66,111,19.03,0,959,766,2200,1743,2543,2748,3727,4048,3925,4059,3388,2193,16181,1250,0.262,Healthy
C0704,1,3,4.56,35.36,4.572,6.771,108,18.41,0,1019,842,2213,1875,2487,2947,3794,4362,4175,3673,3296,2280,17019,1280,-0.117,Healthy
C0704,2,6,4.836,35.36,4.849,6.753,128,18.85,0,1090,760,2372,2003,2496,2938,3900,4426,4062,3557,3507,2236,17184,1328,0.16,Healthy
C0704,3,9,4.741,35.32,4.757,6.753,119,17.88,0,1034,795,2266,1891,2660,3044,3922,4160,3829,3484,3032,2272,16930,1242,0.068,Healthy
C0704,4,12,4.666,35.39,4.676,6.783,115,18.41,0,1019,723,2273,1934,2690,2862,3666,4285,3835,3723,3267,2199,16986,1219,-0.013,Healthy
C0704,5,15,4.862,35.27,4.883,6.754,131,17.97,0,1137,820,2267,1856,2723,3161,4050,4553,4030,3650,3577,2355,17499,1302,0.194,Healthy
C0704,6,18,4.682,35.29,4.701,6.777,121,18.01,0,1114,807,2365,1788,2670,2877,4043,4328,3955,3931,3336,2270,17046,1258,0.012,Healthy
C0705,1,3,5.07,35.68,5.053,6.684,90,18.45,0,1015,790,2264,1708,2696,2901,3934,4317,4155,3835,3462,2172,17278,1235,0.364,Healthy
C0705,2,6,5.126,35.67,5.109,6.698,86,18.34,0,1000,726,2177,1702,2413,2717,3719,4098,3917,3672,3278,2150,16658,1268,0.42,Healthy
C0705,3,9,4.913,35.72,4.892,6.686,99,17.66,0,943,774,1957,1798,2362,2852,3549,4028,3857,3498,3142,2028,16079,1210,0.203,Healthy
C0705,4,12,5.093,35.64,5.079,6.704,88,18.19,0,1014,758,2227,1904,2600,3000,3871,4319,4123,3580,3569,2239,16692,1225,0.39,Healthy
C0705,5,15,5.073,35.68,5.056,6.724,94,18.27,0,1018,746,2148,1771,2342,2834,3831,4013,4116,3692,3187,2290,16639,1264,0.367,Healthy
C0705,6,18,4.877,35.53,4.874,6.701,73,18.74,0,953,695,1995,1632,2327,2821,3384,4036,3724,3449,2991,2220,15683,1170,0.185,Healthy
C0707,1,3,4.872,35.6,4.863,6.679,153,20.64,0,1218,955,2652,2201,2649,3187,3870,4343,4058,3956,3644,2414,18219,1382,0.174,Healthy
C0707,2,6,4.843,35.99,4.798,6.743,187,18.02,0,1235,931,2586,2135,2763,3208,3894,4275,4005,3752,3549,2586,17758,1359,0.109,Healthy
C0707,3,9,5.4,36.28,5.32,6.835,260,17.09,0,1378,1016,3123,2486,3012,3446,4684,4927,4629,4496,4376,2848,20681,1523,0.631,Healthy
C0707,4,12,5.967,36.73,5.828,6.951,343,15.31,0,1449,1123,3135,2516,3271,3763,4605,5906,4661,4666,4303,2850,21842,1535,1.139,Subclinical
C0707,5,15,6.607,37.16,6.399,7.09,458,12.3,1,1991,1463,4581,3497,4701,4877,6145,6952,6893,6486,5941,4064,29591,2009,1.71,Clinical
C0707,6,18,7.31,37.71,7.003,7.25,590,9.4,1,2115,1704,4478,3797,4571,4692,6424,7295,7152,6440,6512,4409,29925,2018,2.314,Clinical
C0708,1,3,4.988,36.15,4.926,6.544,197,18.8,0,1303,1005,3034,2270,3374,3664,4633,5296,5112,4914,4298,2888,21844,1563,0.237,Healthy
C0708,2,6,5.099,36.29,5.022,6.59,189,19.12,0,1333,993,3080,2233,3296,3905,4859,5371,5260,4847,4220,2919,21439,1533,0.333,Healthy
C0708,3,9,5.032,36.15,4.97,6.596,198,19.46,0,1191,1007,2776,2259,3139,3704,4891,5121,5113,4916,4027,2724,21265,1471,0.281,Healthy
C0708,4,12,5.173,36.2,5.104,6.578,191,18.72,0,1307,905,2879,2266,3194,3618,4471,5551,5073,4918,4380,2688,21358,1543,0.415,Healthy
C0708,5,15,4.901,36.14,4.841,6.545,188,19.13,0,1253,924,2704,2321,3214,3636,4430,5513,5099,4653,3919,2876,20841,1484,0.152,Healthy
C0708,6,18,4.942,36.16,4.88,6.594,198,20.13,0,1351,941,2838,2303,2935,3644,4560,5174,5158,4773,3934,2714,21211,1459,0.191,Healthy
C0709,1,3,4.705,35.05,4.745,6.768,125,20.99,0,1048,884,2355,1910,2771,3137,4171,4508,4316,3931,3377,2221,17832,1299,0.056,Healthy
C0709,2,6,4.915,35.0,4.962,6.74,113,21.24,0,1018,758,2172,1802,2526,2913,3870,4042,3661,3830,3350,2175,17244,1318,0.273,Healthy
C0709,3,9,4.817,35.07,4.856,6.769,125,19.85,0,1031,732,1971,1802,2476,2841,3829,4089,3946,3778,3197,2045,16505,1236,0.167,Healthy
C0709,4,12,4.686,35.11,4.721,6.794,113,20.66,0,1006,706,2129,1704,2514,2786,3621,4056,3552,3315,3193,1978,16131,1211,0.032,Healthy
C0709,5,15,4.864,35.05,4.906,6.782,125,20.68,0,944,784,2216,1804,2638,2788,3810,3904,3974,3564,3165,2102,16675,1174,0.217,Healthy
C0709,6,18,4.61,35.08,4.647,6.759,131,20.63,0,978,739,2283,1826,2524,2913,3901,3918,3774,3338,3116,2070,16703,1318,-0.042,Healthy
C0710,1,3,4.669,35.96,4.628,6.775,143,16.99,0,1285,939,2731,2298,2960,3725,5088,4966,4690,4249,3896,2621,20453,1425,-0.061,Healthy
C0710,2,6,4.644,36.02,4.598,6.774,141,16.57,0,1233,982,2859,2199,3073,3652,4642,5033,4725,4311,4022,2794,20737,1493,-0.091,Healthy
C0710,3,9,4.627,35.98,4.585,6.773,153,17.12,0,1345,957,2736,2205,3121,3376,4947,4867,4770,4503,4115,2821,20945,1481,-0.104,Healthy
C0710,4,12,4.524,35.98,4.483,6.807,154,17.34,0,1245,955,2708,2181,3143,3474,4791,5375,4936,4314,3988,2588,20654,1498,-0.206,Healthy
C0710,5,15,4.622,36.06,4.573,6.795,146,16.37,0,1197,945,2778,2017,3044,3475,4568,4730,4761,4228,3936,2813,19406,1429,-0.116,Healthy
C0710,6,18,4.783,35.95,4.742,6.774,158,16.5,0,1293,935,2506,2122,3178,3377,4274,5156,4933,4505,3888,2710,20745,1482,0.053,Healthy
C0711,1,3,4.674,35.63,4.662,6.675,151,22.72,0,1235,872,2535,2044,2953,3250,4175,4606,4195,4057,3565,2471,18559,1383,-0.027,Healthy
C0711,2,6,4.983,35.96,4.939,6.73,229,18.06,0,1349,1006,2840,2357,3283,3752,4752,4984,4444,4517,4156,2731,20669,1488,0.25,Healthy
C0711,3,9,5.328,36.31,5.246,6.81,338,18.12,0,1474,1091,3205,2513,3553,4113,5171,5535,5232,4876,4433,2951,22916,1549,0.557,Subclinical
C0711,4,12,5.697,36.7,5.567,6.911,466,14.53,0,1612,1110,3237,2591,3679,4495,5469,5700,5283,5239,4768,3444,23444,1694,0.878,Subclinical
C0711,5,15,6.108,37.42,5.885,7.031,627,12.37,1,1883,1305,4292,3346,5295,5177,6900,7525,6938,6998,5958,3955,30998,2123,1.196,Clinical
C0711,6,18,6.77,38.04,6.443,7.17,838,9.6,1,2189,1628,4741,3674,5272,5861,8213,8413,7639,7081,6644,4520,34157,2189,1.754,Clinical
C0712,1,3,4.553,35.51,4.552,6.622,102,20.3,0,1022,836,2218,1865,2648,2932,4009,4284,4090,3711,3438,2277,17118,1222,-0.137,Healthy
C0712,2,6,4.561,35.45,4.565,6.675,86,19.94,0,1028,765,2184,1816,2575,2691,3342,4158,3924,3601,3209,2039,16151,1295,-0.124,Healthy
C0712,3,9,4.327,35.3,4.343,6.647,93,19.57,0,1026,779,2195,1718,2470,2812,3615,4077,3770,3509,3197,2091,16030,1183,-0.346,Healthy
C0712,4,12,4.29,35.43,4.296,6.647,109,20.87,0,1129,795,2421,1817,2531,2938,3924,4402,4186,3768,3502,2374,17173,1353,-0.393,Healthy
C0712,5,15,4.334,35.42,4.341,6.638,100,21.05,0,1065,781,2269,1772,2562,2847,3801,4154,3849,3668,3253,2066,16837,1328,-0.348,Healthy
C0712,6,18,4.355,35.46,4.358,6.627,105,20.81,0,1089,825,2295,1780,2679,3048,3736,4266,4414,3703,3308,2196,17358,1298,-0.331,Healthy
C0713,1,3,4.422,34.52,4.504,6.556,141,14.74,0,1170,870,2416,1891,2712,3084,3970,4196,3964,3880,3529,2464,17780,1320,-0.185,Healthy
C0713,2,6,4.514,34.4,4.608,6.552,138,15.01,0,1172,939,2585,1909,2848,3000,3991,4581,4193,3852,3453,2440,17835,1286,-0.081,Healthy
C0713,3,9,4.587,34.37,4.685,6.579,143,15.53,0,1142,808,2463,1977,2648,2914,4030,4722,4222,3792,3490,2363,18207,1354,-0.004,Healthy
C0713,4,12,4.56,34.47,4.649,6.543,134,14.97,0,1147,867,2349,2056,2766,3266,3758,4474,4108,3734,3695,2280,18001,1362,-0.04,Healthy
C0713,5,15,4.497,34.51,4.582,6.561,151,15.14,0,1266,867,2471,2157,2958,3298,3871,4568,4283,4217,3710,2391,18482,1383,-0.107,Healthy
C0713,6,18,4.457,34.4,4.55,6.56,152,15.53,0,1237,907,2580,2166,2742,3153,4230,4575,4450,4152,3616,2314,18470,1393,-0.139,Healthy
C0714,1,3,4.358,35.12,4.389,6.762,177,23.24,0,1241,883,2581,2190,2946,3281,4151,5035,4666,4364,4027,2579,19661,1479,-0.3,Healthy
C0714,2,6,4.309,35.2,4.334,6.773,174,23.03,0,1287,913,2946,2252,3076,3569,4729,5178,4510,4466,3964,2713,19767,1435,-0.355,Healthy
C0714,3,9,4.18,35.19,4.205,6.789,176,23.05,0,1251,915,2615,2164,2865,3284,4173,4999,4299,4164,3896,2555,18894,1516,-0.484,Healthy
C0714,4,12,4.203,35.19,4.228,6.77,171,23.0,0,1195,959,2744,2201,2862,3151,4340,4994,4699,4316,3916,2714,19613,1449,-0.461,Healthy
C0714,5,15,4.308,35.3,4.324,6.761,175,22.58,0,1241,922,2736,2357,3056,3354,4386,4990,4615,4136,3810,2757,19653,1449,-0.365,Healthy
C0714,6,18,4.129,35.09,4.161,6.796,174,23.48,0,1248,868,2495,2087,2778,2993,3771,4607,4381,3984,3692,2490,17723,1342,-0.528,Healthy
C0715,1,3,4.786,36.16,4.726,6.708,89,17.4,0,1032,790,2117,1878,2358,2758,3917,4031,3887,3632,3692,2251,16398,1270,0.037,Healthy
C0715,2,6,4.677,36.05,4.628,6.672,90,17.39,0,1163,805,2362,1819,2461,2923,3587,4205,4109,3537,3396,2413,16388,1269,-0.061,Healthy
C0715,3,9,4.703,36.07,4.652,6.7,109,18.0,0,1154,875,2338,1968,2555,2690,3613,4312,4312,3822,3586,2579,17226,1344,-0.037,Healthy
C0715,4,12,4.779,36.15,4.72,6.703,90,17.33,0,1063,805,2281,1877,2244,2617,3377,4167,4068,3531,3343,2277,16012,1118,0.031,Healthy
C0715,5,15,4.741,36.12,4.685,6.705,103,16.75,0,1096,797,2319,1954,2496,2855,3656,3969,3846,3724,3442,2333,16516,1247,-0.004,Healthy
C0715,6,18,4.685,36.22,4.621,6.68,103,18.06,0,1015,844,2293,1876,2409,2656,3558,4200,4201,3570,3595,2422,16234,1169,-0.068,Healthy
C0717,1,3,4.704,34.88,4.759,6.585,113,23.97,0,1290,910,2575,2172,2913,2919,3968,4788,4482,4318,3762,2486,19212,1312,0.07,Healthy
C0717,2,6,4.929,34.9,4.985,6.558,112,23.49,0,1204,892,2647,2257,2586,3177,4282,4931,4464,4065,3514,2554,18303,1425,0.296,Healthy
C0717,3,9,5.001,34.91,5.057,6.548,110,24.32,0,1172,942,2573,1896,2729,3048,3905,4676,4234,4085,3764,2336,18070,1363,0.368,Healthy
C0717,4,12,4.863,35.04,4.906,6.542,117,23.97,0,1265,929,2496,2078,2714,3052,3975,4832,4285,3859,3624,2543,17915,1301,0.217,Healthy
C0717,5,15,4.814,34.83,4.875,6.563,127,23.65,0,1276,897,2678,2139,2743,3200,4102,4653,4335,4166,3764,2464,18523,1395,0.186,Healthy
C0717,6,18,4.631,34.97,4.678,6.576,122,22.46,0,1188,876,2476,1967,2637,2762,3756,4316,4139,3846,3493,2251,17071,1303,-0.011,Healthy
C0718,1,3,4.668,35.27,4.688,6.622,133,22.44,0,1122,897,2492,1939,2916,3173,4227,4784,4482,4244,3456,2416,19255,1367,-0.001,Healthy
C0718,2,6,4.645,35.26,4.666,6.625,128,21.89,0,1136,819,2437,1887,2866,3251,4023,4796,4539,4027,3541,2469,18729,1412,-0.023,Healthy
C0718,3,9,4.683,35.26,4.704,6.609,131,23.38,0,1173,839,2457,2009,2968,3267,4184,4601,4373,3987,3863,2513,18232,1343,0.015,Healthy
C0718,4,12,4.684,35.3,4.702,6.626,142,22.87,0,1202,880,2556,2118,2852,3218,4326,4556,4626,3956,3851,2453,18605,1424,0.013,Healthy
C0718,5,15,4.826,35.22,4.852,6.632,139,22.92,0,1123,859,2458,2055,2799,3137,4322,4657,4408,4070,3504,2437,18665,1355,0.163,Healthy
C0718,6,18,4.718,35.28,4.738,6.607,133,22.95,0,1179,878,2693,1997,2773,3447,4174,4760,4470,4068,3752,2394,19208,1346,0.049,Healthy
C0719,1,3,4.992,35.75,4.968,6.666,147,19.8,0,1151,846,2541,2012,3128,3435,4246,4655,4605,4200,3623,2405,19506,1467,0.279,Healthy
C0719,2,6,4.765,35.9,4.729,6.701,181,16.62,0,1212,860,2561,2126,2954,3305,4647,4840,4445,4186,3859,2388,19550,1415,0.04,Healthy
C0719,3,9,4.919,36.56,4.82,6.752,268,16.44,0,1268,939,2661,2048,3136,3776,4608,5183,4661,4348,3926,2664,20963,1502,0.131,Healthy
C0719,4,12,5.276,36.92,5.134,6.816,360,15.93,0,1328,1093,2822,2440,3671,4199,5319,5676,5468,5059,4365,2942,23183,1637,0.445,Subclinical
C0719,5,15,5.574,37.65,5.346,6.892,478,11.66,1,1786,1327,3789,3181,4793,5340,7251,7030,6525,6742,5906,4173,29350,1920,0.657,Subclinical
C0719,6,18,5.93,38.34,5.61,6.98,622,9.1,1,1793,1508,3881,3173,4280,4478,5510,6427,6509,6208,6176,4060,26693,1805,0.921,Clinical
C0723,1,3,4.261,35.34,4.274,6.76,152,18.14,0,1179,818,2568,1949,2800,3111,4012,4664,4281,3937,3464,2391,18182,1325,-0.415,Healthy
C0723,2,6,4.275,35.34,4.288,6.743,145,18.33,0,1143,933,2505,2027,2651,2999,3977,4509,4142,3847,3380,2416,17873,1265,-0.401,Healthy
C0723,3,9,4.3,35.47,4.302,6.719,147,18.59,0,1128,855,2497,1917,2613,3185,3924,4598,4222,3680,3750,2395,17113,1315,-0.387,Healthy
C0723,4,12,4.388,35.3,4.405,6.745,151,18.17,0,1139,846,2581,1958,2525,3066,3868,4208,4262,3797,3541,2602,17663,1278,-0.284,Healthy
C0723,5,15,4.243,35.26,4.262,6.738,157,17.97,0,1036,857,2380,2030,2589,2908,3933,4295,3909,3758,3160,2395,16903,1188,-0.427,Healthy
C0723,6,18,4.048,35.25,4.067,6.788,141,17.5,0,1079,843,2360,1900,2473,2848,3794,4286,4044,3751,3305,2370,16907,1339,-0.622,Healthy
C0725,1,3,4.616,36.22,4.553,6.574,78,13.5,0,1019,746,2249,1656,2608,2708,3854,4174,4007,3536,3209,2000,16832,1274,-0.136,Healthy
C0725,2,6,4.597,36.3,4.527,6.521,69,13.83,0,1001,730,2256,1711,2558,2761,3831,4103,4178,3529,3111,2108,16629,1285,-0.162,Healthy
C0725,3,9,4.554,36.17,4.496,6.587,56,12.63,0,1023,701,2154,1570,2513,2808,3632,4030,3756,3546,3121,1986,15728,1197,-0.193,Healthy
C0725,4,12,4.467,36.39,4.391,6.561,73,13.93,0,946,757,2303,1683,2597,2789,3471,4118,3880,3383,3200,2222,15634,1193,-0.298,Healthy
C0725,5,15,4.549,36.37,4.474,6.553,75,13.57,0,1042,736,2116,1758,2604,2654,3606,3896,3544,3513,3097,2173,15620,1250,-0.215,Healthy
C0725,6,18,4.548,36.21,4.487,6.562,82,13.75,0,1017,806,2314,1754,2713,2864,3742,4270,4082,3592,3005,2152,17129,1258,-0.202,Healthy
C0726,1,3,4.307,35.37,4.318,6.771,177,20.41,0,1194,910,2614,2082,3057,3375,4629,4447,4255,4016,3358,2475,19128,1378,-0.371,Healthy
C0726,2,6,4.47,35.35,4.483,6.789,166,20.24,0,1268,929,2632,2249,3017,3361,4481,4624,4198,4032,3859,2536,18271,1344,-0.206,Healthy
C0726,3,9,4.242,35.29,4.259,6.764,171,20.46,0,1294,978,2763,2255,2977,3546,4403,4447,4153,3855,3706,2515,18889,1324,-0.43,Healthy
C0726,4,12,4.369,35.26,4.389,6.8,174,20.23,0,1297,890,2697,2136,2970,3207,4241,4729,4270,3844,3734,2635,18821,1373,-0.3,Healthy
C0726,5,15,4.409,35.28,4.427,6.795,170,20.65,0,1357,926,2703,2279,3192,3428,4963,4765,4172,3870,3874,2416,20376,1461,-0.262,Healthy
C0726,6,18,4.373,35.22,4.396,6.803,186,20.84,0,1315,950,2681,2298,3066,3600,4649,4674,4221,4194,3524,2563,20127,1488,-0.293,Healthy
C0727,1,3,4.24,36.08,4.193,6.799,175,20.24,0,1185,924,2458,2180,2844,3319,4569,4927,4222,4250,3829,2519,19076,1375,-0.496,Healthy
C0727,2,6,4.195,36.12,4.146,6.759,201,19.67,0,1232,955,2728,2168,2783,3273,4369,4434,4286,4235,3798,2846,18955,1308,-0.543,Healthy
C0727,3,9,4.413,36.11,4.362,6.773,185,19.94,0,1195,935,2530,2200,3188,3294,4375,4759,4210,4303,4222,2703,18690,1379,-0.327,Healthy
C0727,4,12,4.278,36.24,4.218,6.781,189,20.61,0,1296,911,2793,2175,2862,3425,4342,4678,4474,4341,3763,2600,18385,1340,-0.471,Healthy
C0727,5,15,4.289,36.19,4.233,6.751,191,19.33,0,1276,931,2635,2058,2937,3393,4471,4743,4273,4004,4132,2566,18896,1336,-0.456,Healthy
C0727,6,18,4.209,36.11,4.16,6.756,199,19.95,0,1217,930,2776,2130,3130,3328,4737,4580,4432,4081,3857,2617,19821,1455,-0.529,Healthy
C0728,1,3,4.878,35.82,4.848,6.662,122,20.48,0,1203,830,2369,2003,2671,3227,3961,4105,3889,3871,3424,2285,17503,1329,0.159,Healthy
C0728,2,6,5.293,35.97,5.246,6.689,211,20.22,0,1291,1006,2997,2455,3282,3715,4771,5147,4501,3934,4120,2685,20214,1489,0.557,Healthy
C0728,3,9,5.538,36.63,5.419,6.727,257,15.43,0,1451,1088,3224,2466,3655,3737,5159,5469,4792,4602,4248,2840,22502,1605,0.73,Subclinical
C0728,4,12,5.981,37.2,5.788,6.775,355,14.36,0,1491,1175,3492,2627,3955,4205,5438,6064,5523,5144,4487,2978,25120,1765,1.099,Subclinical
C0728,5,15,6.697,37.91,6.39,6.833,455,10.44,1,1948,1503,4247,3754,4870,5373,7591,8190,7128,6603,6536,4257,30803,2059,1.701,Clinical
C0728,6,18,7.47,38.73,7.012,6.9,592,6.6,1,2259,1575,4646,3882,5250,6221,7314,7694,7417,7278,6016,4085,33157,2265,2.323,Clinical
C0729,1,3,4.606,35.81,4.579,6.669,145,21.56,0,1223,882,2620,2228,2622,3156,4203,4719,4285,3849,3488,2486,18271,1421,-0.11,Healthy
C0729,2,6,4.843,35.77,4.818,6.713,191,17.85,0,1253,988,2685,2093,2764,3116,3904,4978,4402,4347,3711,2552,18945,1403,0.129,Healthy
C0729,3,9,5.325,36.19,5.255,6.776,266,17.4,0,1333,977,2936,2304,3145,3551,4284,5548,4898,4607,4231,2757,20632,1407,0.566,Healthy
C0729,4,12,5.889,36.44,5.784,6.856,362,14.19,0,1392,1137,3115,2648,3106,3618,4767,6118,5181,5043,4353,3060,23648,1735,1.095,Subclinical
C0729,5,15,6.28,36.87,6.117,6.951,458,12.53,1,1873,1545,4459,3263,4478,4958,6345,7530,7202,6588,6141,3920,29838,1979,1.428,Subclinical
C0729,6,18,6.98,37.33,6.737,7.06,590,10.1,1,1930,1501,4694,3611,4249,4443,5867,7283,7015,7318,5714,3998,29883,2022,2.048,Clinical
C0730,1,3,5.122,35.18,5.153,6.722,159,23.75,0,1315,970,2882,2221,3271,3549,4678,4931,4285,4114,3862,2483,20041,1474,0.464,Healthy
C0730,2,6,4.979,35.13,5.014,6.712,168,23.89,0,1363,1003,2892,2348,3236,3529,4606,4391,4556,4089,3795,2441,19351,1409,0.325,Healthy
C0730,3,9,4.899,35.4,4.908,6.74,147,23.47,0,1291,940,2702,2038,2889,3335,4130,4252,4101,4133,3355,2336,18558,1349,0.219,Healthy
C0730,4,12,4.957,35.38,4.968,6.715,165,24.12,0,1206,931,2897,2243,3002,3418,4446,4612,4225,3834,3580,2483,18542,1354,0.279,Healthy
C0730,5,15,5.041,35.46,5.045,6.685,160,23.92,0,1277,959,2918,2181,3179,3523,4574,4981,4545,4073,3632,2487,20690,1367,0.356,Healthy
C0730,6,18,5.176,35.36,5.19,6.684,157,24.02,0,1273,995,2725,2440,3182,3654,4758,4365,4135,3949,3717,2475,19868,1390,0.501,Healthy
C0731,1,3,4.775,35.62,4.764,6.674,137,20.58,0,1113,946,2588,2056,2751,3185,4496,4424,4063,3753,3600,2356,18002,1318,0.075,Healthy
C0731,2,6,4.712,35.74,4.691,6.729,178,15.94,0,1298,944,2660,2162,3236,3812,4716,4691,4074,4058,3520,2408,19558,1428,0.002,Healthy
C0731,3,9,5.278,36.25,5.203,6.807,235,15.05,0,1382,1043,3306,2486,3637,3866,5450,5302,4732,4355,4002,2754,22499,1614,0.514,Healthy
C0731,4,12,5.507,36.66,5.386,6.906,303,11.71,0,1495,1152,3324,2571,3735,4201,5266,5512,5189,5062,4289,2930,23381,1610,0.697,Subclinical
C0731,5,15,5.847,37.15,5.664,7.024,397,8.62,1,2069,1473,4191,3542,5035,5803,7127,6684,6121,6621,5622,3783,29176,1985,0.975,Subclinical
C0731,6,18,6.32,37.7,6.056,7.16,507,4.7,1,2042,1511,4306,3474,5246,5835,7149,7030,7099,6385,6062,3743,31152,2053,1.367,Clinical
C0732,1,3,5.059,35.54,5.055,6.662,74,23.06,0,1018,755,2302,1759,2609,3002,4055,4387,3961,3455,3370,2368,17295,1285,0.366,Healthy
C0732,2,6,5.158,35.49,5.159,6.694,57,23.18,0,1033,739,2264,1771,2610,3013,3983,4165,3845,3542,3144,2271,15938,1229,0.47,Healthy
C0732,3,9,5.34,35.37,5.353,6.65,75,22.13,0,1065,842,2287,1721,2574,2911,4020,3996,3725,3762,3416,2295,16726,1303,0.664,Healthy
C0732,4,12,5.194,35.43,5.201,6.647,77,23.13,0,1011,746,2136,1776,2503,2946,3790,4124,3898,3427,3428,2323,16068,1223,0.512,Healthy
C0732,5,15,4.996,35.62,4.985,6.671,69,23.94,0,1004,770,2147,1768,2399,2672,3691,4013,3936,3658,3194,2200,16566,1278,0.296,Healthy
C0732,6,18,5.232,35.53,5.229,6.63,60,23.62,0,989,789,2162,1773,2505,2875,3633,3674,3715,3583,3375,2174,15788,1252,0.54,Healthy
C0733,1,3,4.521,35.04,4.561,6.415,125,17.61,0,1153,862,2424,2069,2876,3130,4108,4466,4462,4032,3554,2394,18137,1372,-0.128,Healthy
C0733,2,6,4.664,34.96,4.712,6.448,101,17.68,0,1080,817,2255,1755,2430,2970,3553,4531,4200,3820,3403,2223,17276,1270,0.023,Healthy
C0733,3,9,4.424,35.11,4.457,6.441,113,18.5,0,1056,816,2383,1867,2584,2950,3582,4841,4171,3871,3197,2307,17122,1270,-0.232,Healthy
C0733,4,12,4.423,35.07,4.459,6.37,121,18.0,0,1104,797,2458,1956,2658,3013,3840,4740,4369,3981,3440,2455,17958,1364,-0.23,Healthy
C0733,5,15,4.533,35.07,4.57,6.44,117,18.12,0,1165,789,2456,2045,2727,2918,4100,4236,4494,3880,3488,2423,17963,1332,-0.119,Healthy
C0733,6,18,4.446,35.25,4.467,6.407,102,18.48,0,1143,802,2378,1831,2636,2803,3628,4200,4157,3805,3409,2142,16912,1245,-0.222,Healthy
C0734,1,3,4.682,35.55,4.678,6.728,131,22.43,0,1071,750,2313,1632,2536,2949,3835,4425,4095,3727,3368,2314,16505,1260,-0.011,Healthy
C0734,2,6,4.822,35.64,4.809,6.734,148,22.64,0,987,828,2182,1748,2621,2905,4006,4532,4431,4030,3537,2264,17222,1332,0.12,Healthy
C0734,3,9,4.889,35.58,4.882,6.726,139,22.57,0,980,767,2283,1762,2615,3216,4073,4370,4330,3897,3190,2231,17496,1353,0.193,Healthy
C0734,4,12,4.849,35.63,4.837,6.727,148,22.67,0,1004,840,2330,1696,2662,3189,4191,4398,4035,3970,3604,2345,16890,1325,0.148,Healthy
C0734,5,15,4.967,35.55,4.962,6.741,128,22.29,0,1027,754,2191,1850,2604,3032,3763,4485,4334,3853,3259,2321,17323,1304,0.273,Healthy
C0734,6,18,4.809,35.63,4.797,6.73,140,22.87,0,906,804,2187,1662,2628,3039,3837,4456,4210,3638,3145,2125,16878,1295,0.108,Healthy
C0735,1,3,5.086,35.02,5.132,6.484,182,16.6,0,1321,1030,2894,2398,3192,3842,4917,5427,5219,4807,4194,2755,21978,1609,0.443,Healthy
C0735,2,6,4.837,34.83,4.899,6.494,178,15.75,0,1298,946,2878,2082,2942,3313,4524,4696,4448,4173,3566,2365,19658,1402,0.21,Healthy
C0735,3,9,4.903,35.05,4.945,6.494,182,16.06,0,1373,978,2887,2446,3148,3766,4946,5378,4917,4495,4180,2766,20809,1538,0.256,Healthy
C0735,4,12,4.709,35.08,4.747,6.495,173,15.29,0,1194,930,2675,2106,3015,3522,4521,4714,4407,4219,3367,2368,19206,1438,0.058,Healthy
C0735,5,15,4.958,35.05,5.0,6.509,190,15.19,0,1261,1017,2749,2203,3116,3469,4635,4923,4728,4771,3740,2613,20002,1482,0.311,Healthy
C0735,6,18,4.876,34.82,4.939,6.471,164,15.58,0,1274,932,2662,2227,3022,3282,4701,4797,4876,4196,3864,2500,19612,1353,0.25,Healthy
C0736,1,3,4.702,35.73,4.681,6.67,170,18.17,0,1247,895,2496,2038,2938,3305,4641,4881,4589,4012,3912,2531,19149,1378,-0.008,Healthy
C0736,2,6,4.9,36.07,4.847,6.716,195,19.91,0,1251,948,2869,2276,3018,3627,4889,5255,4533,4540,3665,2537,21049,1480,0.158,Healthy
C0736,3,9,5.112,36.52,5.013,6.782,213,16.92,0,1263,1009,2833,2191,3376,3479,4648,4782,4754,4596,3939,2591,20174,1524,0.324,Healthy
C0736,4,12,5.38,37.01,5.226,6.866,283,14.8,0,1358,1071,2971,2375,3441,3932,5283,5457,5123,4811,4125,2958,22603,1553,0.537,Subclinical
C0736,5,15,5.635,37.73,5.396,6.965,382,12.57,1,1749,1446,3850,3201,5039,5117,7112,7295,7377,6334,5839,3798,30239,1965,0.707,Subclinical
C0736,6,18,6.05,38.43,5.713,7.08,473,9.9,1,1932,1476,4244,3276,5014,5555,7109,8151,7154,6556,6175,4118,32157,2064,1.024,Clinical
C0737,1,3,4.932,35.64,4.919,6.676,158,21.17,0,1186,900,2552,2084,3160,3319,4424,4386,4174,3993,3797,2517,18578,1355,0.23,Healthy
C0737,2,6,5.029,35.87,4.994,6.733,202,22.06,0,1205,960,2711,2233,3232,3550,4886,4703,4396,4433,4014,2696,19706,1452,0.305,Healthy
C0737,3,9,5.622,36.4,5.526,6.816,295,17.36,0,1422,1082,2879,2237,3464,4002,5178,5395,5187,4851,4271,2875,22196,1653,0.837,Subclinical
C0737,4,12,5.885,36.65,5.756,6.921,413,14.56,0,1515,1108,3253,2708,3615,4060,5457,5631,5441,4957,4639,3164,22650,1579,1.067,Subclinical
C0737,5,15,6.653,37.29,6.427,7.046,554,13.09,1,2084,1599,4444,3662,4867,5791,7855,8088,7329,6599,6743,4351,32539,2106,1.738,Clinical
C0737,6,18,7.43,37.81,7.104,7.19,729,9.7,1,2142,1672,4921,3558,5424,5395,6981,7707,7551,7297,6912,4756,33011,2236,2.415,Clinical
C0738,1,3,5.146,35.58,5.138,6.659,106,19.63,0,1167,862,2703,2041,2804,3161,3875,4933,4365,3991,3670,2369,18947,1469,0.449,Healthy
C0738,2,6,5.184,35.63,5.171,6.657,102,19.08,0,1260,958,2654,2233,2805,3115,3960,4904,4293,3900,3849,2505,18802,1305,0.482,Healthy
C0738,3,9,4.939,35.67,4.923,6.648,83,19.63,0,1154,846,2419,2122,2690,3014,4033,4427,4373,3823,3381,2290,17867,1309,0.234,Healthy
C0738,4,12,5.234,35.69,5.215,6.653,90,19.6,0,1184,944,2749,2185,2740,3099,4085,4574,4033,4108,3837,2347,19129,1412,0.526,Healthy
C0738,5,15,5.069,35.63,5.056,6.637,86,18.7,0,1147,929,2682,1996,2614,3156,3951,4515,3745,3838,3780,2526,17712,1333,0.367,Healthy
C0738,6,18,5.295,35.57,5.288,6.613,92,19.31,0,1196,916,2619,2249,2770,3041,4114,4584,4236,3860,3478,2499,17954,1437,0.599,Healthy
C0740,1,3,4.872,35.54,4.868,6.612,200,18.48,0,1350,951,2899,2303,3521,4140,4817,5379,4696,4478,4013,2643,20911,1529,0.179,Healthy
C0740,2,6,4.908,35.35,4.922,6.614,187,18.52,0,1412,1000,2765,2204,3146,3744,4833,4969,4572,4735,3883,2758,20754,1461,0.233,Healthy
C0740,3,9,4.772,35.48,4.774,6.643,209,19.12,0,1198,955,2803,2119,3246,3678,4991,5266,4891,4634,4177,2701,20646,1524,0.085,Healthy
C0740,4,12,4.776,35.52,4.774,6.634,195,18.27,0,1241,939,2906,2272,3551,3868,4806,5215,4672,4728,3980,2789,21428,1583,0.085,Healthy
C0740,5,15,4.947,35.34,4.962,6.619,198,19.67,0,1182,997,2922,2185,3385,3694,4871,5483,4615,4461,3934,2732,21142,1578,0.273,Healthy
C0740,6,18,4.819,35.39,4.829,6.628,204,18.39,0,1306,984,2945,2319,3347,3756,4936,5093,5227,4606,3949,2603,20843,1433,0.14,Healthy
C0741,1,3,4.39,35.79,4.366,6.779,148,16.95,0,1124,847,2351,1911,2560,2970,3844,4141,3777,3678,3387,2446,17176,1307,-0.323,Healthy
C0741,2,6,4.304,35.8,4.279,6.799,157,17.73,0,1135,838,2526,1988,2608,3064,3795,4197,4014,3875,3527,2306,17325,1253,-0.41,Healthy
C0741,3,9,4.314,35.69,4.298,6.796,143,17.74,0,1133,807,2293,1821,2568,2905,3496,4070,4037,3612,3418,2187,16174,1226,-0.391,Healthy
C0741,4,12,4.354,35.72,4.336,6.789,149,17.46,0,1098,806,2290,1934,2639,3065,3837,4265,3868,3658,3449,2248,17152,1283,-0.353,Healthy
C0741,5,15,4.681,35.7,4.663,6.798,149,17.46,0,1152,791,2328,1934,2600,2948,3875,4110,4109,3510,3526,2336,17559,1328,-0.026,Healthy
C0741,6,18,4.327,35.71,4.31,6.794,146,16.8,0,1105,776,2302,1781,2595,2800,3586,3918,3670,3498,3296,2174,16076,1256,-0.379,Healthy
C0743,1,3,4.408,35.96,4.369,6.819,188,19.52,0,1271,927,2875,2205,3014,3216,4139,4814,4140,4303,3674,2485,18419,1280,-0.32,Healthy
C0743,2,6,4.606,35.96,4.566,6.809,186,19.69,0,1197,922,2667,2174,2788,3228,3971,4626,4349,4193,3686,2368,19449,1378,-0.123,Healthy
C0743,3,9,4.725,35.96,4.684,6.756,180,19.48,0,1149,886,2549,2118,2871,3239,4279,4885,4502,4077,3708,2383,18925,1371,-0.005,Healthy
C0743,4,12,4.471,35.7,4.454,6.768,207,19.41,0,1209,904,2707,2277,2890,3386,4344,4877,4663,4124,3869,2681,19472,1462,-0.235,Healthy
C0743,5,15,4.409,36.03,4.365,6.814,183,19.04,0,1251,960,2671,2122,3029,3125,4347,4906,4550,3935,3647,2516,19292,1367,-0.324,Healthy
C0743,6,18,4.622,35.97,4.581,6.782,192,19.08,0,1149,903,2560,2146,2654,3128,3863,4849,4587,3950,3593,2482,18374,1358,-0.108,Healthy
C0744,1,3,4.521,34.86,4.576,6.676,186,18.31,0,1179,863,2525,2018,2877,3372,4373,4218,4096,3841,3771,2747,18017,1452,-0.113,Healthy
C0744,2,6,4.661,34.89,4.715,6.668,183,18.77,0,1283,934,2641,2133,2810,3280,4316,4611,4485,4190,4063,2581,18665,1387,0.026,Healthy
C0744,3,9,4.74,34.89,4.795,6.703,175,18.29,0,1193,863,2494,2099,2786,3306,4321,4754,4179,3744,3814,2553,18004,1413,0.106,Healthy
C0744,4,12,4.735,34.82,4.796,6.682,168,19.31,0,1139,828,2439,1782,2693,3234,4168,4218,4258,3673,3971,2444,17771,1273,0.107,Healthy
C0744,5,15,4.521,34.73,4.587,6.668,174,19.46,0,1176,871,2582,2015,2820,3053,4218,4826,4141,3836,3761,2491,18809,1294,-0.102,Healthy
C0744,6,18,4.647,34.74,4.714,6.663,173,17.86,0,1105,840,2397,2018,2657,3110,4011,4437,4143,3969,3867,2458,18124,1274,0.025,Healthy
C0746,1,3,4.72,36.52,4.629,6.549,168,28.29,0,1226,875,2558,2105,2613,3371,4160,4203,3867,3876,3414,2427,18194,1405,-0.06,Healthy
C0746,2,6,4.727,36.42,4.644,6.544,156,27.76,0,1201,934,2523,2002,2672,2997,4015,4582,4215,4082,3422,2420,17217,1290,-0.045,Healthy
C0746,3,9,4.806,36.57,4.708,6.542,167,28.16,0,1192,873,2424,1995,2769,2961,3958,4365,4132,3885,3498,2343,17844,1347,0.019,Healthy
C0746,4,12,4.749,36.47,4.661,6.569,182,27.63,0,1113,962,2419,2077,2781,3104,4439,4265,4384,3862,3285,2291,17820,1276,-0.028,Healthy
C0746,5,15,4.781,36.58,4.683,6.554,149,27.97,0,1081,855,2407,1975,2653,3046,4135,4207,3928,3793,3458,2279,16916,1246,-0.006,Healthy
C0746,6,18,4.738,36.48,4.65,6.53,156,29.08,0,1135,843,2331,1988,2886,3019,4026,4240,4005,3469,3199,2242,17224,1285,-0.039,Healthy
C0748,1,3,4.545,35.18,4.573,6.545,195,23.47,0,1252,923,2603,2139,3302,3491,4604,4739,4663,4529,3772,2428,20178,1393,-0.116,Healthy
C0748,2,6,4.404,35.15,4.433,6.558,199,22.76,0,1134,948,2648,1972,2935,3340,4485,4579,4275,4063,3649,2494,19034,1461,-0.256,Healthy
C0748,3,9,4.248,35.16,4.275,6.576,182,22.85,0,1205,898,2542,2132,3074,3581,4738,5187,4724,4302,3490,2350,19015,1481,-0.414,Healthy
C0748,4,12,4.542,35.19,4.569,6.552,201,22.96,0,1208,912,2613,2117,3018,3376,4552,4935,4314,4470,3527,2599,19046,1404,-0.12,Healthy
C0748,5,15,4.253,35.21,4.276,6.543,203,23.7,0,1199,887,2786,2038,2982,3258,4318,4857,4461,4109,3840,2557,19123,1325,-0.413,Healthy
C0748,6,18,4.169,35.27,4.187,6.562,186,22.94,0,1155,887,2580,1902,2904,3160,4446,4771,4098,3991,3347,2404,18691,1387,-0.502,Healthy
C0749,1,3,4.893,35.67,4.877,6.5,156,20.46,0,1167,907,2613,1983,2744,3231,4496,4758,4348,3920,3598,2331,18857,1427,0.188,Healthy
C0749,2,6,4.774,35.86,4.741,6.551,137,22.08,0,1100,838,2517,1958,2502,3109,3713,4172,4291,3686,3179,2298,17498,1323,0.052,Healthy
C0749,3,9,5.089,35.77,5.063,6.519,138,21.25,0,1169,839,2595,2122,2836,3351,4221,4450,4439,4194,3536,2452,18464,1347,0.374,Healthy
C0749,4,12,4.915,35.74,4.893,6.541,140,21.18,0,1073,861,2553,2120,2626,3261,4058,4004,4008,4020,3541,2353,17785,1325,0.204,Healthy
C0749,5,15,4.74,35.74,4.718,6.528,145,20.71,0,1149,843,2285,1985,2756,3157,3973,4447,4058,4009,3557,2370,17630,1378,0.029,Healthy
C0749,6,18,4.952,35.77,4.927,6.547,139,22.31,0,1174,852,2453,1878,2750,2988,3842,4260,4086,3719,3543,2268,17167,1316,0.238,Healthy
C0750,1,3,4.98,35.61,4.97,6.76,146,20.53,0,1149,803,2244,1942,2733,3086,3925,4182,3879,3696,3353,2353,16618,1330,0.281,Healthy
C0750,2,6,5.038,35.71,5.018,6.774,140,20.76,0,1130,898,2484,2083,2931,2931,3864,4305,4115,3862,3296,2356,17839,1380,0.329,Healthy
C0750,3,9,5.01,35.57,5.003,6.773,146,20.67,0,1106,880,2447,1945,2783,3133,4265,4256,4382,3491,3471,2353,17200,1287,0.314,Healthy
C0750,4,12,4.955,35.66,4.94,6.774,132,21.25,0,1147,880,2538,2033,2593,3044,4246,4264,3919,3784,3307,2252,17225,1335,0.251,Healthy
C0750,5,15,4.99,35.8,4.962,6.814,126,20.1,0,1084,827,2354,1866,2570,2709,4024,4008,4045,3763,3005,2181,17127,1360,0.273,Healthy
C0750,6,18,4.899,35.58,4.892,6.747,145,21.81,0,1127,856,2379,2002,2846,3340,4049,4214,3998,3874,3364,2100,17726,1332,0.203,Healthy
C0752,1,3,4.251,35.88,4.22,6.54,90,18.34,0,993,762,2125,1847,2558,2868,3632,3978,3779,3216,2986,1993,15918,1302,-0.469,Healthy
C0752,2,6,4.353,35.81,4.327,6.575,92,18.29,0,985,715,2073,1772,2277,2894,3676,3894,3452,3436,2857,2015,15645,1224,-0.362,Healthy
C0752,3,9,4.367,35.87,4.336,6.568,107,17.87,0,1061,731,2397,1621,2420,2844,3548,3990,3766,3578,3039,2039,16021,1291,-0.353,Healthy
C0752,4,12,4.501,35.83,4.473,6.54,102,18.12,0,989,818,2218,1707,2585,2922,3715,4202,3741,3454,3036,2023,16624,1296,-0.216,Healthy
C0752,5,15,4.352,35.73,4.333,6.564,110,18.46,0,921,751,2259,1813,2543,2962,3802,3730,3762,3680,2925,2115,16280,1323,-0.356,Healthy
C0752,6,18,4.296,35.83,4.269,6.56,95,18.62,0,996,730,2179,1712,2494,2704,3678,3882,3675,3244,2851,1925,15578,1204,-0.42,Healthy
C0753,1,3,4.463,35.88,4.431,6.667,164,18.41,0,1183,860,2624,2058,2860,3425,4126,4640,4020,3594,3457,2379,18314,1327,-0.258,Healthy
C0753,2,6,4.154,35.92,4.121,6.697,161,19.53,0,1144,888,2586,1942,2849,3143,4334,4299,4106,3828,3627,2228,17495,1347,-0.568,Healthy
C0753,3,9,4.325,35.69,4.309,6.623,159,18.38,0,1162,866,2516,1954,2793,3097,4165,4411,4121,3638,3622,2295,18169,1279,-0.38,Healthy
C0753,4,12,4.37,35.72,4.352,6.677,159,18.49,0,1188,867,2378,1928,2704,3206,3858,4401,4001,3887,3468,2356,17088,1317,-0.337,Healthy
C0753,5,15,4.419,35.83,4.391,6.643,168,18.27,0,1103,867,2503,1881,2748,3256,4173,4241,3974,3654,3364,2357,17374,1206,-0.298,Healthy
C0753,6,18,4.453,35.9,4.419,6.68,167,18.52,0,1163,936,2538,1967,2730,3325,4169,4430,4195,4004,3663,2471,18098,1306,-0.27,Healthy
C0754,1,3,4.6,35.59,4.592,6.676,150,18.97,0,1259,879,2642,2026,2912,3382,4333,4614,4677,3935,3781,2496,19103,1416,-0.097,Healthy
C0754,2,6,4.95,36.03,4.9,6.733,234,17.22,0,1318,1016,2923,2304,3506,3867,4844,4842,4864,4586,4332,2609,21808,1492,0.211,Healthy
C0754,3,9,5.224,36.25,5.15,6.816,262,15.97,0,1384,1012,3072,2345,3413,4056,4915,5426,4702,4335,4354,2805,21932,1538,0.461,Healthy
C0754,4,12,5.488,36.67,5.366,6.921,369,14.73,0,1356,1132,3342,2707,3793,4229,5549,5652,5238,5029,4464,2918,22883,1549,0.677,Subclinical
C0754,5,15,6.0,37.12,5.815,7.046,495,12.58,1,1888,1464,3875,3374,4974,5477,7486,7330,7362,6735,5775,3841,30429,2056,1.126,Subclinical
C0754,6,18,6.5,37.69,6.23,7.19,641,9.3,1,2100,1537,4456,3837,5125,5786,7743,8185,7960,7343,6386,4273,32586,2193,1.541,Clinical
C0756,1,3,4.962,35.84,4.93,6.672,136,18.14,0,1319,928,2908,2303,3033,3460,4296,5221,4874,4220,4078,2653,19809,1454,0.241,Healthy
C0756,2,6,4.775,35.99,4.731,6.723,141,19.06,0,1240,911,2719,2211,3224,3604,4937,4789,4634,4056,3766,2728,20013,1563,0.042,Healthy
C0756,3,9,4.924,36.23,4.856,6.795,175,16.31,0,1385,984,2925,2342,3254,4011,5076,5511,5263,4681,4469,2935,22076,1516,0.167,Healthy
C0756,4,12,5.137,36.67,5.023,6.886,192,13.37,0,1442,1150,3159,2527,3668,3920,5133,5715,5426,4855,4718,2963,24065,1645,0.334,Healthy
C0756,5,15,5.52,37.04,5.358,6.995,209,10.53,1,1920,1468,4435,3431,4861,5452,6873,7597,7071,7174,5917,3988,31751,2118,0.669,Subclinical
C0756,6,18,5.76,37.59,5.531,7.12,235,7.5,1,2010,1453,4412,3684,4556,5130,7388,7858,7576,6911,6067,4247,32647,2150,0.842,Subclinical
C0757,1,3,4.576,35.8,4.55,6.658,207,19.8,0,1268,918,2798,2221,3316,3790,4873,5318,4629,4228,4180,2755,20695,1461,-0.139,Healthy
C0757,2,6,4.462,35.81,4.436,6.688,213,20.79,0,1283,938,3062,2257,3406,3849,4936,4637,4383,4436,4069,2680,20793,1492,-0.253,Healthy
C0757,3,9,4.495,35.82,4.468,6.702,196,19.04,0,1226,911,2620,2205,3308,3603,4668,4764,4325,4326,4120,2617,19916,1394,-0.221,Healthy
C0757,4,12,4.483,35.93,4.446,6.711,197,19.58,0,1247,976,2623,2104,3090,3445,4497,4932,4281,4361,3862,2597,18865,1367,-0.243,Healthy
C0757,5,15,4.641,35.81,4.614,6.713,208,20.54,0,1242,923,2684,2027,3166,3664,4659,4545,4610,4183,3892,2461,18688,1328,-0.075,Healthy
C0757,6,18,4.425,35.73,4.406,6.688,209,19.83,0,1166,860,2755,2090,3158,3478,4742,4717,4252,4059,3926,2730,18955,1439,-0.283,Healthy
C0758,1,3,4.458,36.51,4.372,6.694,173,22.82,0,1241,1018,2632,2281,3051,3055,4326,4773,4518,4143,3640,2508,19722,1468,-0.317,Healthy
C0758,2,6,4.372,36.45,4.293,6.672,176,22.68,0,1220,912,2912,2312,3041,3505,4539,4496,4796,4145,3662,2609,19608,1426,-0.396,Healthy
C0758,3,9,4.375,36.5,4.292,6.689,169,22.91,0,1253,922,2582,2051,2926,3518,4342,4621,4539,4039,3625,2458,19389,1417,-0.397,Healthy
C0758,4,12,4.304,36.42,4.229,6.734,174,22.33,0,1267,1015,2792,2317,3170,3650,4670,5169,4488,4399,3885,2475,20954,1513,-0.46,Healthy
C0758,5,15,4.352,36.52,4.268,6.708,166,22.96,0,1276,945,2708,2008,3043,3197,4211,4410,4258,4046,3763,2384,18184,1330,-0.421,Healthy
C0758,6,18,4.306,36.35,4.236,6.723,165,22.36,0,1287,927,2639,2235,2960,3159,4415,4653,4377,3976,3747,2413,19550,1349,-0.453,Healthy
C0760,1,3,4.47,34.98,4.514,6.674,198,21.28,0,1389,1010,2934,2483,2983,3697,4879,5093,4707,4329,3922,2649,21188,1523,-0.175,Healthy
C0760,2,6,4.368,35.08,4.403,6.643,204,21.56,0,1375,963,2857,2241,3133,3578,4505,4964,4694,4497,3866,2698,20983,1457,-0.286,Healthy
C0760,3,9,4.398,34.97,4.442,6.657,194,21.46,0,1297,990,2704,2199,2952,3484,4612,4832,4183,4216,3904,2501,19804,1358,-0.247,Healthy
C0760,4,12,4.478,34.95,4.525,6.634,214,21.7,0,1409,1075,3133,2331,3252,3672,4652,4756,4426,4440,3751,2610,20885,1474,-0.164,Healthy
C0760,5,15,4.537,34.97,4.583,6.62,204,21.47,0,1174,977,2954,2296,3216,3470,4568,4824,4437,4182,3907,2599,19722,1503,-0.106,Healthy
C0760,6,18,4.351,34.87,4.403,6.657,215,20.21,0,1407,1002,2902,2355,3059,3547,4803,5121,4434,4266,3921,2685,20323,1493,-0.286,Healthy
C0762,1,3,5.079,35.52,5.077,6.677,175,14.29,0,1375,1061,2931,2208,3235,3680,4695,5497,4984,4582,3590,2562,21079,1518,0.388,Healthy
C0762,2,6,5.266,35.31,5.285,6.679,191,13.96,0,1414,995,3012,2403,3269,3806,4742,5396,5088,4710,3938,2643,21970,1456,0.596,Healthy
C0762,3,9,5.175,35.42,5.183,6.687,182,14.25,0,1338,1033,2845,2206,3327,3763,4778,5366,5040,4781,4027,2683,21555,1541,0.494,Healthy
C0762,4,12,5.051,35.51,5.05,6.681,172,13.66,0,1217,971,2715,2290,3067,3374,4241,4930,4585,4340,3889,2422,19999,1495,0.361,Healthy
C0762,5,15,5.097,35.35,5.112,6.703,181,14.18,0,1353,950,2822,2248,2965,3591,4743,5408,4943,4369,4040,2496,20563,1495,0.423,Healthy
C0762,6,18,5.074,35.59,5.065,6.729,183,14.61,0,1340,1010,2942,2310,3201,3694,4656,4981,4838,4363,3831,2637,20721,1466,0.376,Healthy
C0763,1,3,4.813,34.42,4.912,6.9,115,14.56,0,1365,987,2959,2250,3128,3399,4340,5106,4617,4512,4167,2693,20209,1349,0.223,Healthy
C0763,2,6,4.98,34.34,5.09,6.866,117,15.07,0,1331,998,2879,2324,2978,3542,4547,5416,4749,4510,4166,2941,20904,1518,0.401,Healthy
C0763,3,9,4.885,34.44,4.983,6.898,133,14.25,0,1307,1025,2768,2423,2836,3411,4547,5401,4930,4361,3941,2795,20572,1441,0.294,Healthy
C0763,4,12,5.087,34.43,5.19,6.847,129,14.2,0,1414,991,2926,2249,3019,3504,4421,5174,5106,4580,4084,2847,20540,1503,0.501,Healthy
C0763,5,15,4.98,34.4,5.084,6.837,99,14.48,0,1342,952,2917,2076,2912,3285,4435,4526,4381,3973,3716,2695,18118,1378,0.395,Healthy
C0763,6,18,4.931,34.36,5.038,6.881,141,15.22,0,1313,980,2750,2307,3158,3361,4676,5016,4885,4448,4173,2775,20464,1517,0.349,Healthy
C0764,1,3,4.83,35.86,4.797,6.509,130,16.68,0,1136,856,2605,2006,2541,2978,3905,4614,3859,3690,3404,2351,16891,1296,0.108,Healthy
C0764,2,6,4.533,35.93,4.496,6.569,144,16.34,0,1250,928,2757,2154,2787,3147,4188,4412,4152,3909,3568,2349,18658,1361,-0.193,Healthy
C0764,3,9,4.736,36.14,4.678,6.538,139,16.67,0,1190,894,2568,2153,2426,3118,4374,4521,4262,4177,3630,2168,18710,1405,-0.011,Healthy
C0764,4,12,4.854,36.04,4.804,6.559,138,15.57,0,1217,848,2520,2006,2699,2965,3715,4399,4039,3813,3554,2263,16698,1223,0.115,Healthy
C0764,5,15,4.716,35.94,4.677,6.553,157,16.36,0,1173,832,2616,2115,2624,2965,3955,4403,4344,3957,3578,2325,18078,1404,-0.012,Healthy
C0764,6,18,4.616,35.93,4.578,6.526,138,15.72,0,1258,919,2617,2013,2880,3144,3791,4653,4253,4023,3748,2422,18422,1333,-0.111,Healthy
C0766,1,3,4.851,35.6,4.842,6.669,168,22.94,0,1235,921,2708,2150,2827,3357,4331,4546,4435,4095,3578,2489,18850,1352,0.153,Healthy
C0766,2,6,5.132,35.93,5.09,6.713,230,17.48,0,1255,933,2649,2120,2923,3504,4594,4706,4520,4127,3661,2404,19590,1422,0.401,Healthy
C0766,3,9,5.421,36.36,5.332,6.776,325,18.06,0,1394,1041,2988,2535,3341,3767,5127,5701,4988,4937,4552,2956,21787,1550,0.643,Subclinical
C0766,4,12,5.507,36.94,5.356,6.856,437,15.7,0,1433,1069,2941,2448,3275,3927,5255,5842,5332,4852,4477,2987,22300,1530,0.667,Subclinical
C0766,5,15,6.073,37.5,5.842,6.951,587,12.24,1,1964,1501,4205,3485,4723,5031,6724,7210,7277,6511,5987,3774,30853,2020,1.153,Clinical
C0766,6,18,6.59,38.16,6.257,7.06,785,9.9,1,2069,1560,4850,3390,4900,5523,6546,8193,7985,6558,6280,4290,32695,2205,1.568,Clinical
C0767,1,3,4.943,35.68,4.926,6.67,152,21.74,0,1079,955,2562,2193,2940,3521,4239,4736,4390,4167,3920,2702,18666,1317,0.237,Healthy
C0767,2,6,5.042,36.01,4.993,6.716,176,20.15,0,1244,949,2764,2211,2874,3154,4348,4876,4841,4366,4078,2831,19366,1442,0.304,Healthy
C0767,3,9,5.35,36.36,5.263,6.782,239,18.76,0,1301,953,2786,2326,3258,3504,4775,5185,5039,4477,4184,2858,20603,1466,0.574,Healthy
C0767,4,12,5.904,36.88,5.749,6.866,287,15.41,0,1470,1061,2972,2425,3556,4016,4775,5922,5287,5077,4612,3201,22696,1643,1.06,Subclinical
C0767,5,15,6.365,37.41,6.134,6.965,391,14.53,1,1906,1373,4201,3428,4529,5425,6967,7801,7331,6691,6725,4091,30702,2070,1.445,Subclinical
C0767,6,18,7.03,38.04,6.691,7.08,489,12.5,1,2065,1551,4350,3588,4816,4832,6567,7753,7136,7141,7009,4239,31673,2061,2.002,Clinical
C0768,1,3,5.146,35.61,5.135,6.662,150,21.1,0,1340,1023,2766,2410,3485,3841,5182,5275,4918,4642,4437,2893,22290,1607,0.446,Healthy
C0768,2,6,4.822,35.81,4.794,6.69,204,20.41,0,1386,920,3143,2223,3213,3794,5155,4927,4769,4589,4226,2712,21917,1530,0.105,Healthy
C0768,3,9,5.228,35.99,5.179,6.73,313,16.58,0,1573,1242,3352,2565,3755,4202,5598,5809,5418,5262,4797,3164,25079,1806,0.49,Healthy
C0768,4,12,5.732,36.27,5.648,6.781,414,13.82,0,1576,1222,3611,2795,4050,4669,6037,6113,5923,5444,4872,3458,24881,1724,0.959,Subclinical
C0768,5,15,6.081,36.58,5.956,6.841,566,10.88,1,2299,1553,4511,3757,5254,5662,8075,8458,7258,6662,6747,4279,33038,2152,1.267,Clinical
C0768,6,18,6.67,36.89,6.494,6.91,749,8.0,1,2451,1868,5170,4050,6039,6576,8825,8676,8229,7555,7197,5237,36341,2330,1.805,Clinical
C0769,1,3,5.003,35.79,4.975,6.758,55,18.97,0,958,688,2108,1650,2156,2518,3473,4089,3535,3262,3165,2092,14879,1152,0.286,Healthy
C0769,2,6,4.987,35.79,4.96,6.762,31,19.78,0,950,763,2150,1678,2300,2652,3455,3853,3489,3271,3242,2199,15657,1198,0.271,Healthy
C0769,3,9,5.039,35.78,5.012,6.768,54,19.83,0,979,724,2214,1813,2285,2611,3502,3888,3605,3104,3233,2183,15459,1233,0.323,Healthy
C0769,4,12,5.284,35.84,5.25,6.76,38,19.87,0,1026,732,2317,1793,2377,2764,3621,4010,3716,3563,3474,2358,15559,1183,0.561,Healthy
C0769,5,15,5.114,35.79,5.086,6.749,17,18.86,0,1010,790,2306,1753,2307,2605,3307,3765,3542,3440,3468,2193,16190,1203,0.397,Healthy
C0769,6,18,5.168,35.79,5.14,6.778,45,18.68,0,1044,768,2087,1699,2375,2786,3344,4112,3575,3657,3375,2116,15204,1235,0.451,Healthy
C0770,1,3,4.856,35.38,4.867,6.891,157,20.88,0,1343,1057,2900,2388,3292,3637,4773,4979,4604,4609,4080,2790,20673,1548,0.178,Healthy
C0770,2,6,5.195,35.29,5.216,6.882,164,20.64,0,1424,1061,3065,2361,3346,3764,4580,5186,4760,4532,4008,2665,21166,1479,0.527,Healthy
C0770,3,9,5.149,35.11,5.187,6.904,174,20.67,0,1329,1066,2933,2465,3316,3729,4866,5342,4528,4498,4154,2719,20647,1472,0.498,Healthy
C0770,4,12,5.082,35.27,5.104,6.87,154,20.87,0,1370,998,2947,2336,3363,3746,4727,5028,4928,4279,4133,2750,21138,1569,0.415,Healthy
C0770,5,15,5.115,35.17,5.147,6.871,150,20.0,0,1402,1042,3048,2484,3548,3727,4843,5011,4807,4414,4243,2740,21019,1527,0.458,Healthy
C0770,6,18,5.197,35.3,5.217,6.874,170,20.22,0,1471,1042,3210,2449,3416,3977,5071,5245,4871,4533,4184,2857,22237,1645,0.528,Healthy
C0771,1,3,5.226,35.77,5.199,6.664,143,23.32,0,1236,906,2874,2296,3167,3444,4239,4447,4173,4083,3659,2514,19289,1442,0.51,Healthy
C0771,2,6,5.108,35.88,5.071,6.686,145,22.79,0,1262,975,2758,2393,3190,3423,4628,4399,4367,3989,3852,2587,18484,1388,0.382,Healthy
C0771,3,9,5.299,35.7,5.279,6.646,138,22.44,0,1335,991,2797,2223,3249,3485,4464,4413,4319,4123,3900,2492,18864,1371,0.59,Healthy
C0771,4,12,5.13,35.69,5.111,6.689,147,24.51,0,1342,954,2817,2359,3165,3456,4228,4932,4258,3926,3854,2630,19822,1396,0.422,Healthy
C0771,5,15,5.376,35.64,5.362,6.708,133,23.43,0,1300,961,2799,2319,3016,3528,4534,4680,4251,4568,3969,2518,19973,1394,0.673,Healthy
C0771,6,18,5.154,35.68,5.136,6.674,144,23.13,0,1159,906,2647,2091,3061,3319,4550,4739,4434,4227,3574,2415,18906,1388,0.447,Healthy
C0772,1,3,4.847,35.41,4.855,6.571,137,17.02,0,1244,858,2396,2009,2838,3319,4113,4154,3880,3827,3574,2281,17518,1377,0.166,Healthy
C0772,2,6,4.752,35.38,4.763,6.563,147,16.43,0,1165,898,2585,2076,2950,3175,4184,4038,4125,3562,3423,2387,17799,1282,0.074,Healthy
C0772,3,9,4.897,35.28,4.917,6.557,154,17.1,0,1171,913,2490,2115,2824,3454,4342,4471,4061,3571,3979,2543,17497,1307,0.228,Healthy
C0772,4,12,4.839,35.3,4.857,6.55,143,16.88,0,1113,867,2305,1997,2914,3169,4068,4028,3995,3662,3650,2354,18225,1278,0.168,Healthy
C0772,5,15,4.92,35.46,4.924,6.564,162,16.45,0,1166,844,2490,2025,2831,3317,4158,4303,4047,3640,3585,2351,17519,1376,0.235,Healthy
C0772,6,18,4.784,35.41,4.792,6.532,133,16.6,0,1126,814,2529,1944,2813,3026,3863,4203,3873,3781,3222,2304,17353,1268,0.103,Healthy
C0773,1,3,4.953,35.85,4.92,6.522,140,21.19,0,1307,975,2472,2223,3154,3306,4543,5026,4907,4488,3760,2556,20760,1594,0.231,Healthy
C0773,2,6,4.685,35.89,4.65,6.482,117,20.57,0,1147,914,2542,1986,2938,3137,4623,4797,4433,4111,3949,2353,18919,1411,-0.039,Healthy
C0773,3,9,4.825,35.79,4.798,6.486,123,22.07,0,1152,869,2584,2022,2899,3559,4290,4408,4115,4256,3492,2374,18816,1454,0.109,Healthy
C0773,4,12,4.844,35.78,4.818,6.491,127,21.66,0,1252,863,2370,1941,2951,3213,4316,5128,4152,4084,3714,2376,18408,1284,0.129,Healthy
C0773,5,15,4.925,35.96,4.882,6.478,139,20.07,0,1246,965,2658,2126,3260,3604,4421,4997,4502,4327,4108,2828,19687,1321,0.193,Healthy
C0773,6,18,4.856,35.84,4.825,6.54,127,20.6,0,1151,857,2408,1984,2655,3103,4177,4735,4427,4167,3630,2608,18051,1326,0.136,Healthy
C0774,1,3,5.184,35.81,5.153,6.658,182,19.97,0,1271,1011,2747,2247,3126,3513,4512,5382,4810,4438,4097,3083,21020,1508,0.464,Healthy
C0774,2,6,5.159,35.83,5.127,6.664,189,20.37,0,1315,965,2761,2178,3021,3475,4610,5100,4832,4630,3944,2721,20118,1485,0.438,Healthy
C0774,3,9,5.197,35.87,5.16,6.694,199,21.02,0,1397,974,2806,2382,3128,3937,4863,5361,5099,4757,4446,3146,21197,1585,0.471,Healthy
C0774,4,12,5.228,35.76,5.202,6.663,177,20.34,0,1313,1009,2643,2204,2728,3346,4339,5243,4756,4265,3985,2731,19404,1403,0.513,Healthy
C0774,5,15,5.136,35.74,5.113,6.682,182,20.65,0,1290,981,2815,2245,3101,3372,4503,5097,4446,4813,4237,3027,20406,1453,0.424,Healthy
C0774,6,18,5.153,35.85,5.119,6.659,179,20.18,0,1290,932,2976,2120,2961,3426,4373,5121,4533,4337,3991,2844,20114,1446,0.43,Healthy
C0775,1,3,4.763,35.07,4.802,6.774,196,18.93,0,1435,967,3015,2348,3118,3537,4890,5247,5132,4246,3973,2647,20199,1477,0.113,Healthy
C0775,2,6,4.801,34.95,4.851,6.763,188,18.27,0,1350,932,2920,2369,3088,3559,4647,4829,4693,4206,3818,2785,20235,1407,0.162,Healthy
C0775,3,9,4.78,35.02,4.824,6.759,203,19.46,0,1269,966,2907,2377,3060,3512,4570,5047,4213,4178,3871,2789,20021,1370,0.135,Healthy
C0775,4,12,4.629,35.18,4.657,6.742,200,19.05,0,1201,1055,2786,2337,2932,3460,4794,4722,4710,4408,3843,2567,20656,1501,-0.032,Healthy
C0775,5,15,4.891,35.08,4.93,6.741,200,18.64,0,1367,994,2963,2343,3215,3710,4838,5317,5127,4749,4089,2767,20941,1441,0.241,Healthy
C0775,6,18,4.907,35.03,4.951,6.76,206,19.02,0,1367,1048,2992,2373,3215,3599,4546,5343,4787,4457,4120,2508,20442,1526,0.262,Healthy
C0776,1,3,4.672,35.93,4.634,6.763,152,22.54,0,1031,800,2389,1831,2572,3064,3890,4623,4202,4126,3223,2175,17914,1236,-0.055,Healthy
C0776,2,6,4.538,36.09,4.487,6.723,168,22.78,0,1111,799,2425,1925,2746,3276,4010,4893,4074,4207,3418,2257,18247,1318,-0.202,Healthy
C0776,3,9,4.473,36.13,4.419,6.674,161,22.07,0,1086,808,2418,1868,2693,3000,3841,4462,4251,3626,3230,2224,17872,1272,-0.27,Healthy
C0776,4,12,4.55,36.08,4.5,6.691,158,22.89,0,1081,772,2536,1946,2734,2959,3881,4471,3977,4055,3103,2344,18003,1310,-0.189,Healthy
C0776,5,15,4.805,36.01,4.758,6.703,164,22.9,0,1082,803,2461,1984,2692,2929,4165,4636,4136,3944,3410,2166,17976,1299,0.069,Healthy
C0776,6,18,4.598,36.0,4.554,6.692,171,22.8,0,1115,776,2287,1865,2686,3027,4022,4484,3966,3964,3352,2180,17456,1361,-0.135,Healthy
C0779,1,3,4.274,35.77,4.252,6.562,149,19.64,0,1195,967,2566,2143,2573,3235,3909,4454,4193,3839,3572,2458,17766,1351,-0.437,Healthy
C0779,2,6,4.266,35.67,4.252,6.538,158,19.97,0,1220,976,2817,2164,2880,3247,4376,4635,4102,3901,3451,2471,19091,1392,-0.437,Healthy
C0779,3,9,4.337,35.79,4.313,6.518,159,19.85,0,1189,954,2845,2063,2899,3157,4038,4404,4173,3617,3853,2419,17996,1365,-0.376,Healthy
C0779,4,12,4.288,35.79,4.264,6.529,149,20.13,0,1257,885,2791,1978,2646,3146,3963,4277,3932,4010,3544,2446,17848,1396,-0.425,Healthy
C0779,5,15,4.358,35.81,4.332,6.509,149,18.22,0,1192,943,2789,2021,2749,3159,4222,4126,3753,3816,3561,2389,17443,1229,-0.357,Healthy
C0779,6,18,4.163,35.61,4.154,6.532,151,18.28,0,1201,925,2683,2084,2825,3122,4114,4266,4415,3781,3682,2471,18090,1254,-0.535,Healthy
C0780,1,3,4.555,35.57,4.549,6.679,137,20.86,0,1142,911,2619,1993,3022,3261,4291,4913,4523,4049,3971,2567,19036,1455,-0.14,Healthy
C0780,2,6,4.93,35.82,4.9,6.746,184,17.41,0,1249,991,2730,2273,3041,3900,5014,5350,4859,4711,3966,2813,20618,1524,0.211,Healthy
C0780,3,9,5.11,36.08,5.054,6.841,265,16.19,0,1483,987,2948,2523,3228,3817,5202,5783,5398,4953,4293,2887,22475,1650,0.365,Healthy
C0780,4,12,5.646,36.45,5.544,6.961,327,14.6,0,1471,1081,3032,2699,3899,4314,5407,5977,5514,5301,4709,3076,24237,1678,0.855,Subclinical
C0780,5,15,6.186,36.94,6.017,7.105,418,12.07,1,2065,1489,4331,3596,4836,5744,7348,8047,7674,6877,6264,4413,30960,2132,1.328,Subclinical
C0780,6,18,6.77,37.43,6.522,7.27,543,9.3,1,2098,1600,4195,3777,5044,5536,7906,8915,8195,7429,6267,4335,33469,2321,1.833,Clinical
C0781,1,3,4.981,35.45,4.986,6.759,166,19.36,0,1177,931,2933,2208,3072,3339,4306,4959,4310,4213,3813,2398,20494,1529,0.297,Healthy
C0781,2,6,4.977,35.47,4.98,6.757,177,19.72,0,1421,997,2936,2302,2955,3607,4800,5038,4517,4480,3656,2526,20409,1499,0.291,Healthy
C0781,3,9,5.25,35.4,5.26,6.731,148,19.06,0,1320,961,2596,2305,2944,3366,4338,4432,4218,3957,3643,2267,19301,1445,0.571,Healthy
C0781,4,12,4.985,35.48,4.987,6.737,177,18.7,0,1304,1033,2885,2307,3185,3335,4440,5258,4742,4185,3697,2476,20247,1471,0.298,Healthy
C0781,5,15,5.048,35.33,5.064,6.737,173,19.06,0,1339,1029,3104,2311,2935,3564,4754,4905,4640,4585,3647,2470,20427,1488,0.375,Healthy
C0781,6,18,4.994,35.24,5.019,6.7,181,19.7,0,1273,959,2861,2472,3003,3407,4648,4899,4745,4276,3821,2422,20553,1501,0.33,Healthy
C0782,1,3,4.084,35.37,4.094,6.481,167,21.81,0,1180,874,2319,1947,2569,3089,3718,4575,4341,3964,3526,2392,18141,1450,-0.595,Healthy
C0782,2,6,4.245,35.25,4.265,6.518,169,21.72,0,1111,825,2330,2131,2691,3443,4085,4685,4321,4201,3338,2534,18160,1315,-0.424,Healthy
C0782,3,9,4.055,35.12,4.084,6.513,161,22.17,0,1123,891,2326,1874,2872,3180,3931,4617,4411,4309,3641,2579,17909,1325,-0.605,Healthy
C0782,4,12,3.882,35.34,3.894,6.535,144,21.23,0,1057,798,2394,1856,2743,3039,3986,4427,4184,3686,3342,2269,16987,1284,-0.795,Healthy
C0782,5,15,4.089,35.35,4.101,6.494,152,21.43,0,1102,829,2345,1951,2674,2988,4165,4563,4286,4191,3270,2316,17721,1353,-0.588,Healthy
C0782,6,18,4.005,35.43,4.01,6.515,163,21.63,0,1155,833,2358,1935,2707,2905,4014,4609,4405,3899,3589,2290,18274,1366,-0.679,Healthy
C0783,1,3,5.076,35.43,5.083,6.804,212,20.63,0,1381,981,2773,2111,3330,3857,4723,5613,4847,4739,4228,2991,21313,1464,0.394,Healthy
C0783,2,6,5.053,35.54,5.049,6.788,209,21.11,0,1256,978,2746,2211,3132,3573,4904,5073,4615,4612,4297,2689,21008,1509,0.36,Healthy
C0783,3,9,5.138,35.48,5.14,6.825,218,20.58,0,1309,982,2680,2457,3281,3673,4817,5250,4826,4914,4459,2879,20759,1487,0.451,Healthy
C0783,4,12,5.149,35.41,5.158,6.81,218,20.34,0,1310,1007,2862,2306,3141,3978,4865,5573,5149,4879,4330,2981,21307,1521,0.469,Healthy
C0783,5,15,5.139,35.46,5.143,6.838,205,19.99,0,1270,1003,2708,2351,3202,3725,4829,5149,5175,4729,4436,2907,21001,1543,0.454,Healthy
C0783,6,18,5.147,35.48,5.149,6.813,220,21.77,0,1359,898,2642,2143,3145,3742,4694,5218,4760,4347,4087,2787,20549,1534,0.46,Healthy
C0785,1,3,4.382,35.9,4.349,6.81,126,15.55,0,1326,980,2704,2075,2874,3211,4251,4863,4516,4220,3634,2607,18286,1278,-0.34,Healthy
C0785,2,6,4.461,35.82,4.434,6.793,125,15.9,0,1191,966,2628,2026,2700,3282,4089,4768,4313,4068,3592,2203,18615,1474,-0.255,Healthy
C0785,3,9,4.455,35.96,4.416,6.811,120,15.46,0,1281,918,2529,2124,2511,3097,4082,4553,4401,3834,3589,2245,18491,1286,-0.273,Healthy
C0785,4,12,4.519,35.86,4.488,6.76,125,15.79,0,1206,928,2641,2192,2633,3192,3800,4364,4265,4028,3679,2448,19050,1467,-0.201,Healthy
C0785,5,15,4.647,35.75,4.625,6.777,122,14.79,0,1289,921,2685,2242,2708,3436,3883,4985,4305,3878,3461,2609,18768,1364,-0.064,Healthy
C0785,6,18,4.699,35.87,4.666,6.769,116,15.56,0,1166,898,2563,1978,2621,3225,3614,4344,3832,3867,3362,2342,16661,1271,-0.023,Healthy
C0786,1,3,5.011,34.83,5.075,6.527,178,20.13,0,1357,1023,2913,2224,3312,3758,4954,5151,4820,4247,3945,2582,21527,1434,0.386,Healthy
C0786,2,6,4.767,34.81,4.829,6.509,171,20.74,0,1289,966,2886,2332,3165,3675,4683,4949,4386,4462,3695,2427,19837,1474,0.14,Healthy
C0786,3,9,4.829,34.75,4.898,6.508,194,20.29,0,1284,1055,2837,2224,3176,3552,4781,5036,4591,4370,3481,2550,20590,1476,0.209,Healthy
C0786,4,12,4.852,34.59,4.936,6.542,184,19.19,0,1298,964,2798,2166,3285,3797,4578,4835,4692,4344,3476,2607,20528,1532,0.247,Healthy
C0786,5,15,4.686,34.8,4.748,6.542,184,19.61,0,1372,1032,2744,2251,3088,3741,4605,5055,4514,4402,3641,2569,20390,1409,0.059,Healthy
C0786,6,18,4.784,34.65,4.861,6.532,174,18.87,0,1191,926,2655,2227,3300,3554,4344,5242,4690,4281,3737,2483,19237,1472,0.172,Healthy
C0789,1,3,5.046,35.91,5.007,6.725,126,14.93,0,1250,930,2902,2296,3051,3645,4383,4058,4249,3982,3382,2447,19022,1449,0.318,Healthy
C0789,2,6,5.063,35.94,5.021,6.693,131,15.75,0,1213,870,2839,2324,2975,3400,4255,4278,4489,4104,3633,2446,18895,1433,0.332,Healthy
C0789,3,9,4.854,35.92,4.815,6.726,126,14.57,0,1301,884,2699,2173,2839,3251,4369,4173,4338,3650,3497,2391,17956,1285,0.126,Healthy
C0789,4,12,5.069,35.99,5.022,6.655,129,15.84,0,1281,888,2920,2175,2918,3213,4278,4516,3972,3847,3565,2435,18386,1393,0.333,Healthy
C0789,5,15,4.882,35.82,4.852,6.685,119,15.11,0,1263,943,2579,2115,2682,3138,4121,4466,4016,3792,3337,2331,18224,1289,0.163,Healthy
C0789,6,18,4.969,35.95,4.927,6.692,126,15.05,0,1139,873,2488,1866,2991,2961,4271,4122,4438,3567,3453,2272,18500,1435,0.238,Healthy
C0790,1,3,4.379,36.31,4.312,6.836,105,21.21,0,1012,741,2127,1716,2464,2926,3526,4042,3763,3640,3006,2193,16277,1202,-0.377,Healthy
C0790,2,6,4.355,36.4,4.281,6.822,110,20.78,0,1043,740,2355,1851,2519,2831,3654,4073,3950,3788,3273,2115,16856,1313,-0.408,Healthy
C0790,3,9,4.157,36.36,4.089,6.822,116,21.44,0,1054,785,2376,1889,2509,2876,3985,4538,4124,3475,3346,2297,17082,1318,-0.6,Healthy
C0790,4,12,4.471,36.33,4.4,6.805,114,19.87,0,987,752,2187,1753,2275,2835,3703,4118,4024,3588,3190,2117,16429,1240,-0.289,Healthy
C0790,5,15,4.179,36.52,4.098,6.829,113,21.48,0,1090,815,2088,1848,2503,3085,3894,4199,3597,3696,3098,2184,15911,1208,-0.591,Healthy
C0790,6,18,4.228,36.38,4.157,6.844,103,21.34,0,988,745,2115,1710,2372,2721,3693,3878,3781,3522,3143,2117,15597,1197,-0.532,Healthy
C0791,1,3,4.516,35.82,4.489,6.674,149,24.16,0,1126,857,2436,2089,2955,3439,4425,4363,4644,4199,3682,2750,19197,1428,-0.2,Healthy
C0791,2,6,4.977,35.94,4.935,6.729,161,20.47,0,1170,966,2664,2359,3172,3952,4998,5131,4702,4335,4074,2542,21038,1545,0.246,Healthy
C0791,3,9,5.12,36.22,5.05,6.807,242,18.6,0,1355,995,2769,2379,3423,3924,5077,5271,4800,4795,4383,2979,21334,1623,0.361,Healthy
C0791,4,12,5.818,36.75,5.68,6.906,320,16.3,0,1607,1111,3026,2529,3969,4137,6139,5855,5358,5194,4638,3279,23502,1721,0.991,Subclinical
C0791,5,15,6.383,37.11,6.188,7.024,417,13.56,1,1954,1442,4680,3536,5523,5699,8241,8179,7555,6940,7026,4346,33277,2206,1.499,Subclinical
C0791,6,18,6.97,37.65,6.685,7.16,528,11.8,1,2072,1541,4309,3700,4999,4956,6404,6872,7400,7186,6634,4545,30386,2033,1.996,Clinical
C0792,1,3,4.467,35.31,4.483,6.638,50,17.32,0,1047,764,2291,1676,2457,2882,3854,4309,4182,3383,2915,1932,16957,1258,-0.206,Healthy
C0792,2,6,4.722,35.4,4.731,6.624,65,18.75,0,961,789,2161,1721,2470,2928,3619,3790,3751,3499,3082,1956,16151,1268,0.042,Healthy
C0792,3,9,4.953,35.33,4.969,6.63,42,17.81,0,987,733,2088,1800,2506,2750,3925,4292,3857,3503,3134,2039,16901,1341,0.28,Healthy
C0792,4,12,4.69,35.34,4.704,6.631,54,17.07,0,964,805,2191,1818,2492,2792,3551,3999,3544,3417,2731,1919,16207,1293,0.015,Healthy
C0792,5,15,4.425,35.35,4.438,6.629,37,18.53,0,1040,769,2149,1797,2540,2767,3763,3995,3567,3846,2835,2024,16175,1252,-0.251,Healthy
C0792,6,18,4.602,35.47,4.605,6.594,37,17.4,0,1042,707,2141,1705,2439,2928,3581,4102,3687,3656,2869,1946,16225,1215,-0.084,Healthy
C0793,1,3,4.746,35.6,4.737,6.554,81,16.71,0,1150,832,2490,2039,2757,3219,4135,4123,3968,3666,3453,2138,18311,1363,0.048,Healthy
C0793,2,6,4.688,35.47,4.691,6.567,85,15.66,0,1093,887,2372,2000,2709,3243,4196,4245,3837,3640,3114,2221,17358,1337,0.002,Healthy
C0793,3,9,4.641,35.63,4.63,6.576,73,16.01,0,1065,847,2212,1917,2526,2951,3858,3992,3704,3507,3204,1972,16537,1313,-0.059,Healthy
C0793,4,12,4.836,35.57,4.83,6.554,86,15.28,0,1141,876,2523,2035,2596,3348,4140,4364,3948,3796,3306,2214,17834,1342,0.141,Healthy
C0793,5,15,4.891,35.38,4.902,6.563,77,15.23,0,1077,841,2499,1956,2559,2932,3900,4219,3807,3745,2977,2155,17077,1332,0.213,Healthy
C0793,6,18,4.785,35.78,4.76,6.532,68,15.05,0,1083,782,2280,1841,2713,2949,3827,3941,3674,3571,3149,2083,16241,1291,0.071,Healthy
C0794,1,3,4.596,35.6,4.587,6.673,160,18.5,0,1166,897,2491,2175,2579,3004,4017,4630,3995,3636,3548,2322,18190,1337,-0.102,Healthy
C0794,2,6,4.828,35.91,4.79,6.724,196,17.73,0,1239,882,2778,2143,3056,3390,4579,4858,4234,4284,3625,2558,19137,1377,0.101,Healthy
C0794,3,9,5.147,36.36,5.063,6.798,249,17.46,0,1290,996,2787,2301,2907,3556,4715,5291,4957,4280,3868,2579,21272,1596,0.374,Healthy
C0794,4,12,5.399,36.74,5.272,6.891,300,13.64,0,1311,1028,2844,2272,3053,3264,4596,5060,4661,4385,3868,2667,20794,1526,0.583,Subclinical
C0794,5,15,5.692,37.29,5.498,7.002,375,12.39,1,1738,1310,3785,3141,4126,4942,6212,7156,6340,6163,5234,3817,27986,1914,0.809,Subclinical
C0794,6,18,6.07,37.85,5.799,7.13,491,9.7,1,1799,1462,3987,3149,4802,5298,7386,7185,7201,6022,5919,3996,29944,1973,1.11,Clinical
C0795,1,3,5.127,35.03,5.173,6.579,148,24.43,0,1199,952,2494,1959,2965,3305,4434,4350,4339,4326,3397,2370,18508,1276,0.484,Healthy
C0795,2,6,5.071,35.11,5.109,6.556,154,23.91,0,1159,895,2474,2068,2916,3376,4578,4420,4479,4165,3490,2388,18955,1414,0.42,Healthy
C0795,3,9,5.243,34.9,5.303,6.573,146,23.49,0,1158,906,2666,2279,2919,3254,4384,4711,4324,4207,3613,2346,19514,1445,0.614,Healthy
C0795,4,12,5.216,34.91,5.274,6.563,164,23.86,0,1232,910,2705,2218,3076,3345,4554,4816,4711,4285,3571,2441,19478,1452,0.585,Healthy
C0795,5,15,5.375,34.98,5.428,6.57,145,23.83,0,1175,877,2675,2042,2929,3593,4326,4715,4447,4276,3333,2349,19819,1440,0.739,Healthy
C0795,6,18,5.167,35.18,5.198,6.527,156,23.69,0,1210,876,2566,2138,2957,3255,4338,4839,4405,4140,3623,2337,19439,1394,0.509,Healthy
C0798,1,3,4.291,35.73,4.272,6.809,100,25.63,0,1198,977,2588,2103,2665,3095,4030,4485,3866,3817,3413,2313,18244,1338,-0.417,Healthy
C0798,2,6,4.348,35.68,4.333,6.83,121,25.44,0,1201,931,2700,2120,2748,3158,4054,4205,3928,3738,3692,2392,17755,1327,-0.356,Healthy
C0798,3,9,4.259,35.7,4.243,6.806,111,24.99,0,1178,914,2718,2115,2661,2866,3930,4259,4053,3739,3272,2272,17793,1278,-0.446,Healthy
C0798,4,12,4.186,35.74,4.167,6.827,113,24.43,0,1214,882,2595,2027,2812,3104,4131,4215,4117,3676,3363,2335,17580,1346,-0.522,Healthy
C0798,5,15,4.396,35.69,4.38,6.787,116,25.77,0,1147,909,2786,2189,2684,3253,3912,4297,3843,3943,3474,2289,17933,1298,-0.309,Healthy
C0798,6,18,4.155,35.88,4.125,6.845,113,26.11,0,1197,880,2614,2133,2597,3120,4057,3838,4158,3604,3500,2296,17187,1230,-0.564,Healthy
C0800,1,3,5.008,35.98,4.962,6.613,171,18.24,0,1192,801,2464,1913,3003,3336,4549,5209,4727,4343,4070,2515,19677,1429,0.273,Healthy
C0800,2,6,4.765,36.0,4.72,6.614,176,19.27,0,1060,870,2541,1946,2712,3255,4504,4806,4774,3841,3834,2580,19623,1333,0.031,Healthy
C0800,3,9,4.917,35.95,4.875,6.625,177,19.12,0,1165,820,2496,1858,3002,3320,4428,5246,4666,4411,3856,2680,19331,1430,0.186,Healthy
C0800,4,12,4.87,36.04,4.82,6.65,179,18.38,0,1220,837,2543,2080,2945,3431,4447,5313,4719,4447,3914,2555,19300,1411,0.131,Healthy
C0800,5,15,4.846,35.96,4.804,6.645,163,18.05,0,1163,860,2577,2007,2876,3293,4326,4905,4869,4371,3973,2662,19721,1364,0.115,Healthy
C0800,6,18,4.703,35.92,4.665,6.658,178,18.55,0,1161,863,2431,2025,2846,3407,4124,5106,4479,4597,3814,2685,19354,1491,-0.024,Healthy
