cow_id,scan_number,day,conductivity_raw_mScm,temperature_C,conductivity_temp_adjusted_mScm,milk_pH,somatic_cell_count,milk_yield_L,clotting,as7343_F1,as7343_F2,as7343_FZ,as7343_F3,as7343_F4,as7343_F5,as7343_FY,as7343_FXL,as7343_F6,as7343_F7,as7343_F8,as7343_NIR,as7343_VIS,as7343_FD,conductivity_deviation,prev_risk_score,risk_moving_avg_3scan,risk_slope,risk_score,risk_label,split
C0184,6,18,4.248,35.53,4.246,6.706,167,16.43,0,1151,974,2825,2092,2796,3350,4399,4891,4471,4791,4289,2914,20096,1493,-0.443,7.67,7.46,-2.06,5.61,Healthy,train
C0384,1,3,4.959,35.13,4.994,6.811,150,18.91,0,1295,980,2829,2367,3263,4000,4729,4902,4843,4191,3689,2433,20488,1467,0.305,13.17,12.89,-0.86,12.31,Healthy,train
C0497,4,12,5.594,35.23,5.623,6.633,120,20.55,0,1190,936,2698,1995,3189,3367,4488,4547,4097,4132,3766,2608,19437,1400,0.934,17.57,18.01,-1.04,16.53,Healthy,train
C0784,5,15,7.046131751612945,37.93,6.720995599129461,7.203182596113479,755,7.522732829381994,0,1807,1403,4014,3155,4338,4567,5767,6897,6428,6037,5725,3981,27974,1872,2.031995599129461,73.50495721375864,71.33517109494804,16.317515280800485,89.82247249455912,Clinical,train
C0144,4,12,5.507,36.66,5.386,6.906,303,11.71,0,1495,1152,3324,2571,3735,4201,5266,5512,5189,5062,4289,2930,23381,1610,0.697,22.04,21.23,8.92,30.96,Subclinical,train
C0453,2,6,4.86,35.05,4.902,6.606,123,28.25,0,1046,811,2296,1765,2930,3236,4156,4506,4223,3672,3359,2417,17504,1304,0.213,13.54,11.88,-3.22,10.31,Healthy,train
C0106,1,3,5.267,36.56,5.161,6.801,291,17.11,0,1541,1176,3456,2706,3792,4069,5360,5939,5654,4951,5092,3421,24405,1700,0.472,18.47,21.36,12.91,31.38,Subclinical,train
C0402,2,6,6.793844256154466,37.98155743845535,6.473046980616789,7.049740426924108,536,7.769097930812587,1,1949,1383,4000,3147,4954,5511,6699,7498,6406,5657,6399,4193,28992,1838,1.784046980616789,66.74943151386434,63.949270620756224,16.10823232845266,82.85766384231698,Clinical,train
C0785,6,18,4.035,35.72,4.018,6.617,162,20.72,0,1295,882,2516,2032,2767,3091,3860,4617,4156,4131,3486,2297,18350,1328,-0.671,7.47,9.04,3.66,11.13,Healthy,train
C0390,6,18,7.618388787177465,37.0959194253496,7.387194393588732,6.932907170080751,580,12.32574447015963,1,1993,1718,4404,3173,4479,5347,6660,7714,7528,6861,6011,4096,30975,1984,2.6981943935887323,77.70367770139842,69.84919425349608,11.392083956076368,89.0957616574748,Clinical,train
C0561,6,18,4.586,35.43,4.592,6.571,79,21.54,0,930,715,1944,1598,2406,2930,3404,3627,3635,3289,3140,2056,15687,1215,-0.097,6.02,6.02,0.0,6.02,Healthy,train
C0504,5,15,5.3,36.06,5.244,6.575,90,16.84,0,1157,783,2437,2030,2708,3248,4326,4596,4246,4119,3492,2511,19224,1387,0.555,15.7,15.7,0.0,15.7,Healthy,train
C0356,4,12,4.545,34.98,4.59,6.78,154,21.64,0,1170,911,2521,2100,3053,3453,4378,5217,4632,4324,4264,2678,20173,1369,-0.099,8.66,10.06,3.82,12.48,Healthy,train
C0017,3,9,5.004,36.01,4.956,6.769,176,18.39,0,1356,948,2768,2234,3025,3462,4465,4365,4323,4187,4021,2607,19465,1446,0.267,11.64,14.55,5.81,17.45,Healthy,train
C0168,4,12,5.105,36.25,5.032,6.748,272,16.69,0,1272,1023,2939,2362,3302,3483,4619,5406,4736,4282,3949,2939,20435,1528,0.343,21.7,19.56,2.28,23.98,Healthy,train
C0081,4,12,4.922,35.97,4.878,6.681,161,19.52,0,1241,975,2718,2309,3071,3384,4414,4902,4618,4261,4147,2647,19150,1292,0.189,15.24,15.24,0.0,15.24,Healthy,train
C0282,5,15,4.822,34.06,4.954,6.599,158,19.03,0,1013,780,2282,1908,2651,3232,4034,4463,4111,4241,3703,2307,17888,1298,0.265,11.23,11.21,-2.9,8.33,Healthy,train
C0302,3,9,6.139,36.77,5.991,6.891,457,12.68,0,1601,1127,3387,2760,3561,3963,5245,5844,5425,5712,5175,3354,24595,1657,1.302,33.53,37.14,26.39,59.92,Subclinical,train
C0650,1,3,5.073,36.3,4.996,6.764,277,13.78,0,1307,1045,3038,2450,3403,3736,4942,4947,4940,4373,3885,2706,21139,1505,0.307,19.54,18.81,3.91,23.45,Healthy,train
C0738,2,6,5.025,36.5,4.93,6.796,308,16.18,0,1220,935,2777,2307,3149,3540,4643,4683,4699,4470,3976,2868,19727,1435,0.241,18.81,18.97,4.61,23.42,Healthy,train
C0611,1,3,5.302547595137107,36.25424556640755,5.235317739888679,6.782683281281635,405,13.72459199911698,0,1526,1102,3179,2704,3516,3851,5167,5452,5703,4940,4002,2915,23277,1731,0.5463177398886794,20.708010564846543,25.76800801192076,14.770645338337108,35.47865590318365,Subclinical,train
C0659,3,9,5.116,35.39,5.127,6.576,149,24.11,0,1235,873,2512,2172,2841,3517,4129,4700,4581,4078,3872,2584,19225,1472,0.438,16.91,16.14,1.41,18.32,Healthy,train
C0125,4,12,5.869007751084308,36.39734908790519,5.768705000344314,6.952450987815782,373,14.475074771115514,0,1587,1156,3352,2594,4041,4338,5903,6233,5997,5342,4427,3109,24257,1697,1.079705000344313,26.75367917670448,28.68520030288389,17.046861705790565,43.80054088249504,Subclinical,train
C0167,6,18,6.957270360832753,37.58909148379776,6.680815842423235,7.108181851988104,563,10.790899963212048,1,1869,1440,4156,3474,4647,5357,6720,7201,6906,6237,5884,3927,29631,2013,1.991815842423236,69.00997768785167,64.20634473865013,15.184552993347086,84.19453068119877,Clinical,train
C0388,5,15,4.891,35.38,4.902,6.563,77,15.23,0,1077,841,2499,1956,2559,2932,3900,4219,3807,3745,2977,2155,17077,1332,0.213,9.01,10.58,4.82,13.83,Healthy,train
C0726,3,9,4.437,35.07,4.473,6.844,162,18.1,0,1062,839,2234,1858,2583,2840,3738,4044,3347,3583,3404,2182,16209,1265,-0.216,8.03,10.83,4.66,12.69,Healthy,train
C0772,2,6,4.867,36.55,4.77,6.794,113,24.17,0,1112,802,2491,1970,2768,3206,4235,4376,4243,4203,3726,2417,18240,1360,0.081,13.23,15.23,4.73,17.95,Healthy,train
C0778,2,6,4.647,35.75,4.625,6.777,122,14.79,0,1289,921,2685,2242,2708,3436,3883,4985,4305,3878,3461,2609,18768,1364,-0.064,10.43,8.66,-3.08,7.34,Healthy,train
C0138,1,3,4.571,35.14,4.602,6.624,217,17.43,0,1194,934,2564,2097,2966,3241,4245,4527,4254,4108,3955,2341,18744,1452,-0.087,11.55,11.55,0.0,11.55,Healthy,train
C0047,6,18,4.926,35.26,4.948,6.456,108,19.37,0,1105,822,2364,1882,2669,2966,3960,4374,4102,3840,3316,2172,18090,1362,0.259,12.97,11.67,-2.6,10.37,Healthy,train
C0316,2,6,4.54,35.74,4.519,6.673,164,22.49,0,1245,987,2814,2192,3177,3560,4469,5286,4714,4228,3882,2568,20668,1370,-0.17,10.39,10.39,0.0,10.39,Healthy,train
C0680,5,15,4.049,34.95,4.091,6.576,120,17.1,0,1258,931,2666,2183,2699,3131,4118,4254,3726,3809,3514,2301,18095,1302,-0.598,6.42,6.77,0.46,6.88,Healthy,train
C0287,2,6,5.01,35.57,5.003,6.773,146,20.67,0,1106,880,2447,1945,2783,3133,4265,4256,4382,3491,3471,2353,17200,1287,0.314,16.5,16.23,0.26,16.76,Healthy,train
C0031,1,3,6.7247985067627445,37.88515915482657,6.420811901152635,7.190484661906246,268,15.663808168059496,1,1899,1331,4168,3293,4701,4983,7387,7215,7083,6644,5789,3612,30312,2014,1.7318119011526347,35.97266887334588,41.98922943679485,30.89131211268979,66.86398098603567,Subclinical,train
C0199,5,15,4.95,35.72,4.929,6.779,85,23.42,0,1191,810,2569,2024,2883,3222,4175,4408,3976,3771,3387,2370,18296,1390,0.24,11.22,11.22,0.0,11.22,Healthy,train
C0696,6,18,4.242,35.55,4.238,6.543,107,20.5,0,1041,755,2193,1738,2782,3019,3791,4029,3672,3527,3356,2307,15910,1274,-0.451,9.74,8.91,-3.47,6.27,Healthy,train
C0120,1,3,6.171978085644628,37.48714244330992,5.93920230730876,6.961470357683636,413,12.648044408076856,1,1852,1342,4084,3277,4810,5387,7051,6938,6708,6388,5747,3980,29782,1961,1.2502023073087596,39.11169146092645,42.65659458442561,25.170576146266907,64.27646541575783,Subclinical,train
C0223,6,18,5.038,35.71,5.018,6.774,140,20.76,0,1130,898,2484,2083,2931,2931,3864,4305,4115,3862,3296,2356,17839,1380,0.329,15.44,15.97,1.05,16.5,Healthy,train
C0410,5,15,5.887531843552058,37.08468156447943,5.710067433404357,6.828584291755447,271,16.12292080336565,0,1513,1050,3712,2490,3453,4055,5116,6709,5267,5792,4854,3233,24375,1709,1.0210674334043572,21.669328287602767,24.466593488426053,14.096105158571412,35.76543344617418,Subclinical,train
C0033,6,18,4.811,35.74,4.789,6.671,147,21.01,0,1110,889,2457,1890,2624,2791,3751,4561,4197,3792,3283,2283,17615,1331,0.1,13.49,13.49,0.0,13.49,Healthy,train
C0331,6,18,6.489,37.27,6.271,6.936,457,10.93,1,2128,1535,4503,3751,4819,5366,6731,7331,7208,6533,6674,4290,30432,2090,1.582,43.71,45.98,27.56,71.28,Clinical,train
C0355,6,18,5.075,35.88,5.038,6.486,131,17.39,0,1108,869,2516,2091,2842,3242,4030,4421,4296,4138,3454,2494,17817,1230,0.349,19.37,15.26,-3.33,16.04,Healthy,train
C0616,2,6,5.938956038120088,37.1249470793465,5.7579843587563175,7.018289311106208,443,11.957413936549656,1,1844,1487,4231,3189,4489,5010,6440,7387,7036,6498,5942,3794,29824,1986,1.068984358756318,38.77595780991757,42.64761225422345,24.85260990469978,63.62856771461735,Subclinical,train
C0745,5,15,4.76,34.98,4.807,6.516,100,17.55,0,1096,797,2387,1941,2831,3198,4155,4408,4313,4150,3684,2476,18316,1292,0.118,11.03,9.75,-3.17,7.86,Healthy,train
C0360,6,18,4.466,35.8,4.441,6.755,190,21.94,0,1244,927,2681,2158,2789,3341,3942,4661,4261,3928,3924,2571,19026,1433,-0.248,11.71,11.43,-2.96,8.76,Healthy,train
C0574,1,3,6.23,37.35,6.011,7.017,504,12.49,1,1952,1498,4117,3451,5044,5653,7659,7917,7343,6604,6677,4458,32002,2106,1.322,44.32,46.36,25.61,69.93,Subclinical,train
C0572,6,18,4.512,35.61,4.503,6.578,104,17.59,0,973,710,2120,1754,2264,2735,3455,3872,3785,3460,2900,1967,15605,1211,-0.186,8.38,8.54,0.33,8.71,Healthy,train
C0699,3,9,4.398,35.32,4.413,6.702,195,20.18,0,1252,970,2837,2155,2786,3317,4448,4868,4342,4423,3963,2804,19535,1385,-0.276,7.59,10.33,3.26,10.85,Healthy,train
C0152,3,9,5.356583082417177,37.02007048992843,5.202299327239499,6.880684716469246,336,14.117162448223214,0,1421,1053,3106,2487,3433,3927,4912,5462,5134,4624,4401,3014,22391,1586,0.5132993272394984,20.211205384955928,22.551205384955928,13.239510412795353,33.45071579775128,Subclinical,train
C0095,1,3,6.0213460957760825,37.9213512410151,5.747712257984326,6.955905115042579,505,9.440948849574214,1,2018,1656,4394,3530,4124,4720,6295,8078,7125,6730,6208,3937,30350,2032,1.0587122579843264,51.80641661930045,52.037886200812906,22.668338981846304,74.47475560114674,Clinical,train
C0427,5,15,4.666,35.39,4.676,6.783,115,18.41,0,1019,723,2273,1934,2690,2862,3666,4285,3835,3723,3267,2199,16986,1219,-0.013,10.4,11.51,1.4,11.8,Healthy,train
C0289,1,3,5.637253657545683,37.01365835565999,5.475184009904257,6.832724706367856,368,13.88289594057446,0,1404,1105,2964,2440,3517,4039,5217,5554,5306,5170,4377,3093,23147,1637,0.7861840099042566,26.19981289950086,27.524867916959558,14.530663507078636,40.73716628912664,Subclinical,train
C0581,5,15,4.219,35.38,4.229,6.731,98,17.5,0,1162,855,2365,1920,2571,2958,3952,4416,3881,3997,3289,2189,16933,1284,-0.46,7.87,7.87,0.0,7.87,Healthy,train
C0550,4,12,4.56,35.36,4.572,6.771,108,18.41,0,1019,842,2213,1875,2487,2947,3794,4362,4175,3673,3296,2280,17019,1280,-0.117,7.79,7.79,0.0,7.79,Healthy,train
C0163,1,3,4.386,35.58,4.379,6.594,122,20.56,0,1062,840,2500,1797,2574,2905,4069,4063,4007,3775,3383,2327,16570,1291,-0.31,7.42,8.58,1.27,8.69,Healthy,train
C0681,4,12,4.938,35.99,4.892,6.718,194,16.84,0,1207,867,2409,2178,3257,3523,4828,4690,4035,4039,3830,2461,19035,1434,0.203,10.46,12.47,4.01,14.48,Healthy,train
C0709,6,18,4.304,35.45,4.308,6.435,178,23.16,0,1194,870,2253,1962,3116,3301,4104,4708,4349,4130,3824,2534,18854,1434,-0.381,12.68,10.98,-1.6,11.08,Healthy,train
C0070,4,12,4.621,34.81,4.682,6.689,108,19.38,0,1099,856,2232,1919,2299,2674,3540,4188,3940,3749,3142,2098,16774,1190,-0.007,9.6,9.46,-0.49,9.11,Healthy,train
C0644,1,3,6.009651630095164,37.2796478625592,5.8065812026070045,6.823918973222679,434,12.37070544707949,1,1866,1350,3830,2776,4242,4861,6382,7443,6647,6288,5429,3906,27785,1886,1.1175812026070042,30.181296695882143,40.073766346759314,34.31641616904949,64.50943822117176,Subclinical,train
C0631,1,3,4.337,35.79,4.313,6.518,159,19.85,0,1189,954,2845,2063,2899,3157,4038,4404,4173,3617,3853,2419,17996,1365,-0.376,9.26,9.84,0.35,9.61,Healthy,train
C0752,2,6,6.363241830686215,38.569592248584456,5.991937026156463,7.1812232542466425,555,9.4,0,1748,1288,3691,2963,3763,4829,5704,6915,6659,5995,5509,3787,26956,1879,1.302937026156463,52.65465887032155,54.65875656511519,21.30635041789824,73.95141703963533,Clinical,train
C0650,2,6,4.746,35.6,4.737,6.554,81,16.71,0,1150,832,2490,2039,2757,3219,4135,4123,3968,3666,3453,2138,18311,1363,0.048,11.85,11.85,0.0,11.85,Healthy,train
C0337,1,3,4.687,35.47,4.69,6.753,194,24.5,0,1194,888,2676,2159,2866,3355,4380,4557,4257,3828,3523,2386,18302,1399,0.001,16.82,15.01,-0.44,16.37,Healthy,train
C0422,3,9,6.752,37.36,6.513,6.885,434,14.36,1,1955,1505,4330,3495,4543,5296,6818,7909,7583,7024,5731,4127,31193,2064,1.824,44.96,48.75,29.57,74.53,Clinical,train
C0715,2,6,4.132,35.45,4.136,6.636,205,21.82,0,1216,918,2693,2118,2978,3303,4775,4805,4584,4318,3894,2570,19830,1426,-0.553,9.1,9.37,-0.27,8.83,Healthy,train
C0758,4,12,4.832,34.55,4.919,6.58,129,18.02,0,1168,909,2562,2037,2824,3320,4076,4515,4103,3830,3653,2344,18185,1325,0.23,10.28,10.28,0.0,10.28,Healthy,train
C0295,1,3,4.95,36.03,4.9,6.733,234,17.22,0,1318,1016,2923,2304,3506,3867,4844,4842,4864,4586,4332,2609,21808,1492,0.211,11.84,15.49,7.32,19.15,Healthy,train
C0475,1,3,4.671,34.12,4.793,6.707,137,20.06,0,1252,939,2703,2063,3053,3688,4666,4814,4523,4155,3918,2549,19807,1431,0.104,9.28,7.2,-2.23,7.05,Healthy,train
C0473,2,6,4.722,35.4,4.731,6.624,65,18.75,0,961,789,2161,1721,2470,2928,3619,3790,3751,3499,3082,1956,16151,1268,0.042,7.02,7.89,1.75,8.77,Healthy,train
C0621,3,9,4.98,35.43,4.987,6.673,155,23.02,0,1129,843,2228,1898,3003,3407,4255,4671,4623,4495,3506,2408,18265,1334,0.298,12.06,11.9,1.98,14.04,Healthy,train
C0230,6,18,5.25,35.68,5.232,6.669,171,20.37,0,1251,928,2647,2158,3342,3698,4949,5194,5037,4598,3895,2751,20781,1519,0.543,18.62,18.57,0.48,19.1,Healthy,train
C0793,4,12,6.41261658145345,38.36909412464546,6.063675390074951,7.094312433884928,558,9.65173748237196,0,1738,1292,3706,2971,3851,4860,5807,6794,6577,5916,5379,3741,26958,1875,1.3746753900749509,51.16524781821588,53.446667511448304,22.973555293563088,74.13122366449409,Clinical,train
C0220,6,18,7.01,38.62,6.594,7.18,599,7.2,1,1837,1527,4455,3368,4698,4860,6438,7814,7104,7321,6609,4498,30792,2011,1.905,74.44,68.7,13.81,88.25,Clinical,train
C0514,4,12,4.61,35.51,4.609,6.713,134,23.73,0,1217,871,2760,2215,2695,3170,4109,4201,3956,3809,3625,2473,17992,1290,-0.08,12.94,11.39,-3.1,9.83,Healthy,train
C0085,2,6,5.25,35.4,5.26,6.731,148,19.06,0,1320,961,2596,2305,2944,3366,4338,4432,4218,3957,3643,2267,19301,1445,0.571,14.88,15.31,3.16,18.03,Healthy,train
C0088,6,18,3.984,34.91,4.029,6.529,124,17.56,0,1190,948,2564,2208,2573,3302,4010,4188,4005,3718,3556,2425,18224,1268,-0.66,7.0,6.36,-0.58,6.42,Healthy,train
C0365,3,9,4.49,35.47,4.493,6.866,184,20.99,0,1138,882,2461,1939,2435,2959,4066,4717,4203,3922,3425,2404,17827,1352,-0.196,12.64,12.29,0.52,13.16,Healthy,train
C0014,2,6,5.884,38.19,5.583,6.943,594,13.74,1,1741,1341,4169,3285,4035,4421,5986,6435,6934,6049,5666,3719,27151,1784,0.894,45.2,49.25,30.26,75.47,Clinical,train
C0762,1,3,4.446,35.5,4.446,6.603,174,17.19,0,1392,1001,2811,2420,3156,3400,4744,4999,4973,4422,3968,2788,21374,1530,-0.243,14.06,11.36,-2.65,11.41,Healthy,train
C0735,4,12,4.892,35.62,4.881,6.558,53,18.56,0,1044,798,2326,2047,2584,2886,3795,4105,3928,3545,3278,2100,16307,1380,0.192,9.51,10.13,1.23,10.75,Healthy,train
C0031,4,12,5.922485251841584,37.57078943911899,5.689505728511176,6.986780682167428,505,12.454941401409853,1,1948,1485,4292,3479,4624,5022,6696,7380,6887,6894,5749,3830,30213,1990,1.0005057285111758,35.808245982730774,42.36169607541827,30.60140373920673,66.41529299295073,Subclinical,train
C0390,2,6,5.048,35.23,5.074,6.75,236,21.33,0,1257,1031,2845,2470,3204,3619,4963,5295,5056,4389,4334,3098,21447,1515,0.385,15.81,17.62,1.72,17.53,Healthy,train
C0705,4,12,6.271917180844893,38.43334882369375,5.930771635152658,7.6139269378874435,476,3.3981600467043744,0,1640,1274,3704,2924,3968,5121,5786,5943,5226,5252,4994,3315,24195,1584,1.241771635152657,48.420381025176006,50.25072020753378,17.57708561495803,65.99746664013404,Subclinical,train
C0738,3,9,5.216,35.14,5.252,6.43,163,24.36,0,1331,1037,2954,2400,3106,3773,4258,4779,4767,4307,3944,2730,19898,1431,0.563,18.73,17.73,-0.65,18.08,Healthy,train
C0716,4,12,4.641,35.63,4.63,6.576,73,16.01,0,1065,847,2212,1917,2526,2951,3858,3992,3704,3507,3204,1972,16537,1313,-0.059,10.4,10.38,-1.51,8.89,Healthy,train
C0674,1,3,6.11812718549932,37.16798345124984,5.924131322686859,7.007357800687106,408,10.285202183154894,0,1547,1149,3054,2557,3686,3916,5327,6032,6193,5337,4647,3135,24098,1656,1.2351313226868588,38.80119846368651,39.19721741120535,16.291500060657675,55.09269852434418,Subclinical,train
C0240,4,12,5.517216036054655,36.75618034225982,5.385543524493605,6.702324990724792,399,15.641127012413744,0,1562,1169,3411,2820,3808,4652,5325,6135,5432,5255,5333,3709,24723,1634,0.6965435244936049,22.709524420629084,25.907357815797138,20.255309852387715,42.95483427301679,Subclinical,train
C0450,6,18,4.481,34.95,4.528,6.639,151,20.14,0,1153,834,2466,2022,2540,2950,3770,4345,4183,3609,3552,2419,17329,1202,-0.161,9.3,9.5,-0.31,8.98,Healthy,train
C0344,4,12,6.078725011396472,37.64507052935264,5.831340664360452,7.004056423482115,424,12.497059001866509,0,1581,1057,3218,2865,3615,3909,5558,6355,5909,5934,4489,3364,25634,1742,1.1423406643604517,37.09999393339795,39.94351281699242,19.95062035481613,57.047052935264446,Subclinical,train
C0144,6,18,6.164338023159348,37.232423340505456,5.961618777130084,6.914,325,11.084078282607084,1,2100,1457,4479,3557,4782,5473,7182,7654,7415,6368,5775,3662,31326,2005,1.2726187771300852,35.0253048345198,38.213690476488416,21.543734667475416,56.56903950199522,Subclinical,train
C0427,6,18,6.23427194848167,37.217563753450754,6.032259615779593,6.922523411439929,439,10.578993519130965,1,1850,1338,4149,3369,4431,5127,6748,7526,7449,6675,5915,4110,29257,1936,1.343259615779593,38.7348724930985,42.5989234958591,27.95916179013913,66.69403428323763,Subclinical,train
C0137,6,18,4.69,35.89,4.655,6.684,119,17.83,0,1141,892,2604,2047,2784,3384,4052,4402,4018,3943,3549,2065,18266,1240,-0.034,14.28,12.93,-1.44,12.84,Healthy,train
C0401,5,15,4.648,35.26,4.669,6.657,136,29.01,0,1151,823,2407,1860,2648,3002,4176,4601,3922,3932,3351,2154,17561,1290,-0.02,12.5,11.95,-1.09,11.4,Healthy,train
C0454,6,18,4.531,34.88,4.584,6.692,103,16.53,0,1151,861,2539,1923,2636,2955,3662,4021,3998,3729,3309,2171,17369,1321,-0.105,6.43,6.64,-0.17,6.27,Healthy,train
C0539,1,3,4.236,35.65,4.224,6.643,226,20.68,0,1467,1173,3010,2640,3184,3856,4848,5015,5033,4586,4269,2712,21448,1526,-0.465,10.3,11.24,0.65,10.94,Healthy,train
C0239,3,9,4.486,35.55,4.482,6.64,209,21.98,0,1138,948,2556,2127,2857,3279,4397,4902,4605,4483,3666,2489,19039,1351,-0.207,14.43,11.94,-1.86,12.58,Healthy,train
C0084,2,6,5.38,36.14,5.315,6.853,335,18.89,0,1441,1092,3137,2420,3543,4047,5711,5963,5468,5038,4269,3037,23437,1599,0.626,17.26,20.44,12.36,29.62,Healthy,train
C0279,4,12,5.714,37.92,5.451,6.973,427,10.19,0,1629,1196,3388,2581,3712,4266,5640,5779,5283,5346,4681,3187,23888,1634,0.762,32.99,34.01,16.45,49.44,Subclinical,train
C0714,1,3,4.954,36.1,4.898,6.568,171,22.47,0,1224,944,2735,2338,2799,3319,4150,4436,4213,3938,3584,2573,18168,1361,0.209,15.12,15.05,0.1,15.22,Healthy,train
C0025,4,12,4.943,35.77,4.918,6.589,117,18.49,0,1127,864,2437,1850,2790,3046,4137,4260,3914,3591,3581,2477,17624,1292,0.229,15.61,15.33,-2.23,13.38,Healthy,train
C0299,5,15,5.456051334270711,37.2138875271841,5.278542370047489,6.982971881796026,504,10.778952658730123,1,1797,1190,3560,2816,4251,4980,6535,6238,6744,6023,5321,3635,27814,1846,0.5895423700474893,34.03299110486193,37.76327228690168,29.306002865579508,63.326308558305456,Subclinical,train
C0288,5,15,6.889022274908054,38.85432239345118,6.450357620472178,7.167897069526634,666,10.01414243673034,0,1643,1346,4117,3345,4001,4218,5578,7323,6907,6666,5649,3543,27950,1952,1.7613576204721786,65.00515302284961,65.5114824461264,17.754271957859824,82.77063424216394,Clinical,train
C0581,3,9,6.37,38.0,6.067,7.07,761,8.7,1,2262,1686,4951,3823,5318,6257,8122,8983,7496,7290,7017,4634,34652,2265,1.378,69.67,67.99,18.18,87.84,Clinical,train
C0010,2,6,5.936975028164179,37.75976752742034,5.681437512930653,7.025858056059374,361,13.39356825862958,1,1800,1413,3968,3242,4908,5079,7159,7279,7274,6448,5827,3746,30249,1981,0.9924375129306532,34.380260755582874,38.20496677318239,23.739028259974496,58.12598151251067,Subclinical,train
C0074,6,18,4.388,35.3,4.405,6.745,151,18.17,0,1139,846,2581,1958,2525,3066,3868,4208,4262,3797,3541,2602,17663,1278,-0.284,9.73,10.32,2.35,12.08,Healthy,train
C0209,1,3,4.985,34.95,5.037,6.64,92,27.73,0,1019,771,2238,1900,2455,3045,3696,4054,3803,3608,3087,1947,16098,1267,0.348,12.78,12.22,-1.12,11.66,Healthy,train
C0751,3,9,5.082,34.77,5.152,6.661,157,21.91,0,1149,901,2705,2156,3111,3373,4644,4785,4395,4173,3624,2350,19255,1420,0.463,12.3,13.19,1.78,14.08,Healthy,train
C0486,4,12,4.133,35.64,4.122,6.382,164,19.0,0,1246,936,2755,2151,2731,3260,4142,4519,4051,4027,4019,2536,17994,1371,-0.567,10.23,9.99,-1.81,8.42,Healthy,train
C0761,2,6,5.074,35.54,5.07,6.446,103,20.21,0,1079,839,2314,1995,2715,2859,3973,4590,4428,3993,3527,2358,17873,1348,0.381,14.51,14.09,0.0,14.52,Healthy,train
C0478,4,12,4.589,36.48,4.504,6.84,111,18.56,0,1267,863,2510,2047,3056,3208,4360,4606,4000,4288,3788,2458,19309,1449,-0.185,12.15,12.15,0.0,12.15,Healthy,train
C0755,6,18,4.92,35.54,4.916,6.764,73,24.55,0,1197,882,2300,1994,2777,3209,4001,4214,4031,3705,3526,2425,17517,1291,0.227,12.65,11.55,-1.72,10.93,Healthy,train
C0087,3,9,6.7823680225575,38.356834561937504,6.4142508326274985,7.149961643506252,546,9.08673664446244,0,1693,1213,3697,2851,3659,4104,4844,6007,6129,6321,5030,3471,24824,1774,1.725250832627499,59.35519128301254,57.85094176033752,14.817427061349903,74.17210355684995,Clinical,train
C0072,3,9,4.749,36.12,4.693,6.726,195,17.05,0,1166,937,2616,2204,2740,3377,4126,4830,4546,4563,3631,2462,19235,1350,0.004,13.75,14.16,0.81,14.56,Healthy,train
C0069,4,12,7.4,38.3,7.006,7.11,599,11.8,1,1985,1568,4383,3524,5319,5763,7092,8551,8299,7530,6990,4523,33165,2161,2.317,76.38,72.13,16.23,92.61,Clinical,train
C0718,2,6,4.4,34.77,4.461,6.65,99,23.75,0,1053,790,2329,1726,2409,2810,3539,4036,3879,3688,3021,1921,15843,1163,-0.228,7.03,7.03,0.0,7.03,Healthy,train
C0592,5,15,4.537,35.97,4.496,6.679,132,23.35,0,1166,881,2662,1885,2616,3064,3805,3902,4004,3436,3435,2526,17072,1344,-0.193,11.89,10.89,0.06,11.95,Healthy,train
C0263,5,15,5.296,36.52,5.193,6.832,315,16.99,0,1353,1036,2886,2430,3479,4135,5384,5337,5061,4810,4499,2876,21933,1500,0.504,18.75,20.62,12.24,30.98,Subclinical,train
C0242,5,15,5.883,36.85,5.732,6.931,441,14.04,0,1513,1052,3329,2553,3713,4420,5614,6035,5666,5120,4736,3057,24764,1654,1.043,31.34,33.7,18.22,49.57,Subclinical,train
C0417,3,9,5.402977769596763,36.48062167990303,5.302274838269085,6.8267495573204044,308,17.11141648696565,0,1375,1051,2883,2366,3474,4091,5316,5356,5102,4823,4424,2875,22019,1550,0.6132748382690857,18.389032065777798,21.00065709427069,13.39181586283631,31.77412945528885,Subclinical,train
C0310,3,9,5.519873214350016,36.76856700144634,5.38674797819381,6.923084120520685,325,15.79653881198724,0,1401,1052,3155,2486,3341,4002,5214,5622,4782,4771,4423,3052,21420,1528,0.6977479781938104,23.129112309979792,24.131417503615864,11.340476533665004,34.46958884364479,Subclinical,train
C0747,5,15,4.215,35.56,4.21,6.633,180,18.24,0,1176,897,2740,2173,2940,3064,4376,5119,4843,4340,3680,2450,19876,1446,-0.479,10.55,10.55,0.0,10.55,Healthy,train
C0546,3,9,4.585,35.32,4.601,6.625,107,22.6,0,1024,768,2247,1723,2678,2812,3540,4157,3634,3720,3227,2345,16952,1293,-0.088,8.38,9.94,2.18,10.56,Healthy,train
C0291,1,3,4.774,35.9,4.738,6.824,172,20.96,0,1282,887,2608,2332,2988,3486,4442,4821,4509,3984,3764,2572,19962,1482,0.049,12.97,13.88,1.82,14.79,Healthy,train
C0597,6,18,6.004929624880666,37.183155160344754,5.812888069973512,7.021999162294443,447,12.659728551989351,1,1957,1498,4545,3620,5089,5769,7740,8415,7157,7225,6400,4303,32684,2125,1.1238880699735114,35.820348532626966,41.53489444124726,30.128964470290835,65.95383378037138,Subclinical,train
C0292,3,9,6.24,38.8,5.849,7.1,735,9.8,1,2062,1529,4376,3525,4553,5424,6679,7468,7375,6878,6206,4153,32414,2080,1.16,69.67,66.29,17.39,87.06,Clinical,train
C0537,5,15,4.025,35.34,4.037,6.512,146,18.56,0,1104,833,2533,1959,2466,3104,4036,4527,4131,3878,3470,2264,17489,1376,-0.652,7.31,8.1,0.57,7.88,Healthy,train
C0038,4,12,4.798,35.64,4.785,6.675,158,22.01,0,1283,985,2963,2202,3122,3616,4679,5119,4482,4291,4116,2790,20177,1435,0.096,12.83,12.83,0.0,12.83,Healthy,train
C0213,6,18,6.368,37.46,6.131,7.039,764,9.63,1,2274,1651,4949,3935,4883,5572,7063,8430,7391,7293,6187,4139,34302,2186,1.442,59.74,59.71,27.51,87.25,Clinical,train
C0480,2,6,6.02,36.82,5.869,6.811,334,15.98,0,1530,1063,3166,2642,3406,4081,4803,6107,5663,4928,4497,3139,23188,1647,1.18,26.78,30.62,18.18,44.96,Subclinical,train
C0321,3,9,4.909,34.65,4.988,6.561,104,26.15,0,1172,795,2296,1890,2729,3221,3945,4427,4060,3651,3541,2453,18255,1385,0.299,9.34,10.2,3.11,12.46,Healthy,train
C0433,4,12,4.939,35.67,4.923,6.648,83,19.63,0,1154,846,2419,2122,2690,3014,4033,4427,4373,3823,3381,2290,17867,1309,0.234,15.31,14.24,-2.82,12.49,Healthy,train
C0221,4,12,6.116,37.52,5.881,6.951,491,12.64,1,1976,1425,4377,3381,5181,5429,7090,7787,7600,6621,6210,4039,31216,2059,1.192,40.68,45.92,28.6,69.28,Subclinical,train
C0683,6,18,6.29,38.37,5.947,6.93,762,10.8,1,1879,1476,4317,3356,4935,5726,7262,7587,7061,6715,6901,4234,32077,2095,1.258,72.5,67.95,15.14,87.64,Clinical,train
C0135,1,3,5.802621971299748,37.8377109458477,5.545162321985739,7.073447369855066,509,8.87537592960667,1,1838,1392,4008,3444,4736,5587,6746,7501,6801,6290,5453,3825,30394,2055,0.8561623219857395,42.601812967471375,46.17670430503777,25.856563812671236,68.4618195537888,Subclinical,train
C0612,5,15,4.882,35.39,4.892,6.677,158,17.42,0,1237,888,2467,2094,2858,3170,4236,4974,4090,4025,3485,2329,19091,1408,0.203,15.09,13.89,0.14,15.24,Healthy,train
C0759,3,9,4.304,35.8,4.279,6.799,157,17.73,0,1135,838,2526,1988,2608,3064,3795,4197,4014,3875,3527,2306,17325,1253,-0.41,9.29,9.19,-0.21,9.08,Healthy,train
C0088,2,6,4.951,34.89,5.008,6.596,164,18.5,0,1386,965,3036,2468,3220,3866,4947,5187,4359,4428,3818,2731,21774,1590,0.319,14.59,14.45,-1.79,12.81,Healthy,train
C0556,6,18,4.64,35.8,4.614,6.676,156,19.82,0,1232,939,2707,2057,2989,3149,4096,4819,4276,4108,4105,2495,18845,1370,-0.075,10.39,10.39,0.0,10.39,Healthy,train
C0070,3,9,5.098,36.0,5.05,6.727,189,18.96,0,1243,893,2676,2213,2883,3765,4767,5077,4338,4356,4034,2662,20138,1366,0.361,14.0,15.52,3.03,17.03,Healthy,train
C0144,5,15,4.789,36.04,4.74,6.713,219,21.71,0,1281,939,2637,2133,3055,3559,4631,4875,4634,4264,4285,2821,20588,1522,0.051,14.06,14.98,1.83,15.9,Healthy,train
C0661,5,15,6.436176289151587,38.11226651699017,6.116678913465656,6.921540406342433,476,4.81796466547491,1,2151,1672,4668,3859,4654,5266,6840,7362,7332,6561,5466,3999,30645,1972,1.4276789134656562,61.61967385657445,55.35365118351076,8.586086789793972,70.20576064636843,Subclinical,train
C0123,5,15,4.981,35.43,4.988,6.69,197,26.63,0,1189,1009,2770,2281,2964,3289,4092,4686,4781,4502,3681,2449,19108,1413,0.299,18.33,17.03,-2.42,15.91,Healthy,train
C0753,1,3,4.669,34.87,4.725,6.589,62,23.66,0,933,711,2100,1673,2379,2647,3568,3723,3624,3290,3036,1967,15713,1146,0.036,6.48,7.3,1.63,8.11,Healthy,train
C0535,6,18,5.044,35.05,5.087,6.703,116,18.11,0,1295,845,2754,2183,2856,3218,4282,4503,3973,3761,3781,2610,19082,1382,0.398,12.78,14.37,0.99,13.76,Healthy,train
C0235,4,12,4.668,35.73,4.648,6.669,149,19.67,0,1195,812,2457,1944,2922,3139,4555,4259,3988,3778,3565,2537,17929,1277,-0.041,9.61,9.61,0.0,9.61,Healthy,train
C0668,4,12,4.855,34.28,4.968,6.719,150,21.26,0,1265,997,2667,2245,3164,3608,4353,4851,4554,4120,3975,2522,19902,1412,0.279,10.91,10.48,-0.87,10.05,Healthy,train
C0537,3,9,4.414,35.62,4.404,6.617,184,17.54,0,1292,948,2862,2360,3271,3538,4749,5003,4853,4450,4085,2705,19580,1374,-0.285,12.52,12.52,0.0,12.52,Healthy,train
C0191,4,12,4.078,35.32,4.092,6.811,153,18.03,0,1154,905,2510,1976,2630,3243,3619,4559,4414,4001,3633,2428,18145,1339,-0.597,8.83,10.01,0.68,9.51,Healthy,train
C0183,6,18,4.412,34.72,4.477,6.6,94,24.22,0,1014,739,2096,1870,2378,2820,3626,3823,3635,3516,3028,2177,15683,1167,-0.212,7.38,7.8,1.79,9.17,Healthy,train
C0376,2,6,6.43,37.46,6.191,7.08,614,12.3,1,1913,1501,3983,3243,5001,5284,6894,7782,8034,7375,5757,4189,31880,2103,1.502,60.41,58.82,19.24,79.65,Clinical,train
C0459,3,9,4.928,35.13,4.963,6.548,97,24.28,0,1058,780,2381,1904,2715,2967,3719,4900,4011,4124,3459,2301,18012,1324,0.274,7.71,9.89,3.82,11.53,Healthy,train
C0467,1,3,4.658,36.31,4.586,6.722,166,18.66,0,1263,959,2512,2241,3239,3608,4744,4731,4274,3947,3760,2553,19558,1383,-0.103,11.57,14.3,3.23,14.8,Healthy,train
C0028,6,18,4.147,35.83,4.121,6.64,99,18.66,0,1033,702,2076,1665,2386,2596,3438,3991,3767,3471,3383,2291,15293,1250,-0.568,5.52,6.16,0.21,5.73,Healthy,train
C0612,4,12,4.471,36.33,4.4,6.805,114,19.87,0,987,752,2187,1753,2275,2835,3703,4118,4024,3588,3190,2117,16429,1240,-0.289,10.19,10.1,0.48,10.67,Healthy,train
C0066,1,3,4.793,35.94,4.753,6.727,218,18.97,0,1304,905,2660,2163,3172,3449,4851,5128,4867,4207,3972,2865,20677,1405,0.064,14.58,15.8,2.45,17.02,Healthy,train
C0695,5,15,6.564655445651693,37.28336121931464,6.342284636876696,6.9148959394694005,383,15.620825009004117,0,1594,1273,3351,2606,3842,4177,5789,6345,5856,5733,5057,3411,25027,1723,1.6532846368766956,33.22685437698724,37.03997619290524,28.574652132227907,61.813013684654806,Subclinical,train
C0646,4,12,5.702074628704949,36.93896285546224,5.544166254975331,6.847344428319337,354,15.609435884775,0,1398,1114,3025,2457,3248,3730,4974,5273,5195,4881,4249,3052,21913,1461,0.8551662549753314,22.295993299728824,26.38312362978341,19.41028375575969,41.71627705548851,Subclinical,train
C0086,2,6,5.506,37.23,5.325,6.987,477,11.12,1,1785,1216,3608,2885,4225,4972,6467,6433,6659,6053,5303,3674,27851,1861,0.636,33.7,37.39,27.3,60.99,Subclinical,train
C0362,1,3,4.6,35.9,4.565,6.389,147,21.38,0,1255,878,2695,2223,2995,3359,4482,4370,4064,3891,3431,2560,18346,1337,-0.124,12.58,10.67,-0.71,11.87,Healthy,train
C0572,1,3,5.172536670941123,37.01624326443289,5.0252217106181245,6.940585578522372,275,12.364533751475632,0,1580,1084,3138,2492,3507,3767,4815,5555,5735,5564,4668,3179,23486,1675,0.3362217106181245,20.0536012544269,24.218350544050157,8.165480650955537,28.21908190538243,Subclinical,train
C0674,4,12,5.211,35.85,5.176,6.744,190,18.06,0,1375,1047,3015,2416,3351,3712,5080,5338,5021,4452,4216,2957,21867,1513,0.487,12.85,14.8,3.88,16.74,Healthy,train
C0726,5,15,5.866719078332332,37.89099196698857,5.602238135517811,7.0920079272771686,493,13.866642955324664,1,1895,1374,4230,3300,4346,5097,6549,7186,6617,5961,5536,3767,29096,1969,0.9132381355178114,40.8001270479032,44.781658704144746,26.635793256388094,67.4359203042913,Subclinical,train
C0606,2,6,4.568,35.81,4.541,6.631,181,19.11,0,1231,887,2769,2031,2912,3369,4638,4891,4739,4372,3867,2419,19666,1451,-0.148,13.45,13.79,0.66,14.11,Healthy,train
C0440,4,12,4.659,36.05,4.61,6.624,133,22.22,0,1138,892,2525,2057,2644,3049,4016,4373,4207,3705,3512,2419,17561,1349,-0.079,11.08,11.59,2.69,13.77,Healthy,train
C0432,1,3,4.689,35.42,4.696,6.776,168,22.13,0,1331,1002,2941,2252,3184,3601,4837,5086,4589,4644,4161,2729,20427,1457,0.007,13.54,12.65,-2.11,11.43,Healthy,train
C0474,6,18,6.742246043065904,38.02942754275482,6.418168818112566,7.133032887904218,520,8.746065775808434,0,1686,1261,3586,2834,3784,4220,5196,6073,5980,6089,4951,3435,25466,1768,1.7291688181125662,56.28237285882947,55.987581084265344,17.629200830847157,73.91157368967663,Clinical,train
C0649,4,12,4.477,35.71,4.459,6.751,200,22.3,0,1328,1007,2708,2216,2912,3511,4373,4626,4472,4381,4040,2622,19529,1432,-0.23,10.71,11.02,0.62,11.33,Healthy,train
C0739,4,12,6.34715114519743,37.25729564410501,6.135132265284711,7.068471786026604,504,13.711573679045488,1,2291,1522,4848,3531,4763,5065,6662,7607,6961,6984,6225,4682,29147,1974,1.4461322652847113,39.92389937772929,47.90496994542122,34.41075625546555,74.33465563319486,Clinical,train
C0188,2,6,5.60354969053152,37.962546191837134,5.340676893410108,6.8828227864500855,267,14.181726477228358,1,1480,1191,3483,2733,3560,4463,5674,6385,6228,5831,4870,3327,24789,1716,0.6516768934101073,26.100406655906315,29.196631959288712,18.60049583818251,44.71281160440033,Subclinical,train
C0266,1,3,5.939,36.85,5.787,6.896,280,15.7,0,1499,1121,3047,2745,3919,4358,5527,6275,5821,5129,4308,2953,24747,1797,1.098,24.63,27.49,14.73,39.37,Subclinical,train
C0003,1,3,6.59,38.54,6.209,7.21,768,10.8,1,1936,1606,4361,3651,5158,4686,6272,7210,7171,6761,7281,4494,29855,1901,1.52,77.11,71.06,12.98,90.09,Clinical,train
C0110,6,18,4.78,35.22,4.805,6.698,132,26.42,0,1202,856,2647,1979,3077,3377,4718,5006,4429,4204,3735,2236,19792,1458,0.116,12.12,11.36,-3.51,8.61,Healthy,train
C0594,5,15,4.949,36.58,4.847,6.662,110,17.6,0,1098,771,2265,1681,2390,2906,3339,4083,3786,3293,2775,2014,16121,1216,0.158,13.18,14.96,2.81,15.98,Healthy,train
C0647,3,9,4.585,34.91,4.636,6.618,175,19.89,0,1201,896,2573,2129,2885,3242,4574,4690,4179,4051,3539,2574,19417,1399,-0.053,10.98,9.4,-1.67,9.32,Healthy,train
C0053,3,9,4.636,35.49,4.637,6.735,166,18.67,0,1243,920,2553,2164,2802,3256,4228,4522,4477,4065,3319,2305,18827,1452,-0.052,11.6,11.6,0.0,11.6,Healthy,train
C0380,1,3,4.688,34.35,4.79,6.724,137,21.52,0,1195,907,2665,2053,3085,3507,4698,4804,4455,4375,3941,2393,20207,1533,0.101,10.91,10.91,0.0,10.91,Healthy,train
C0585,3,9,5.131,36.39,5.044,6.46,177,24.42,0,1312,989,2738,2247,3081,3616,4408,5085,4726,4406,3803,2524,20124,1487,0.355,16.01,17.17,0.8,16.81,Healthy,train
C0055,1,3,4.762,36.54,4.668,6.733,111,24.25,0,1102,835,2348,1845,2641,3125,3965,4273,4268,4069,3560,2395,17424,1343,-0.021,14.51,13.4,-1.28,13.23,Healthy,train
C0160,5,15,6.0185888638810745,37.35507270299111,5.8038493175627615,6.869900625236334,299,14.48838619903992,0,1323,982,3004,2411,3178,3673,4633,5418,4894,4618,4021,2721,20887,1442,1.1148493175627614,24.581050247710365,28.72214193659513,19.269391993796027,43.85845173445322,Subclinical,train
C0051,3,9,4.749,35.84,4.718,6.534,138,18.09,0,1253,1020,2579,2078,3021,3499,4569,4807,4157,4087,3695,2282,19482,1383,0.029,8.11,9.89,2.75,10.86,Healthy,train
C0778,5,15,5.487,37.02,5.329,6.921,303,14.42,0,1444,1136,3169,2649,3476,3738,4907,5392,5397,4956,4615,3038,22889,1589,0.64,24.38,24.04,7.49,31.87,Subclinical,train
C0154,3,9,4.645,35.3,4.663,6.629,156,18.84,0,1040,849,2541,2009,2680,2889,3772,4213,3899,3874,3390,2282,16982,1253,-0.026,10.36,11.25,3.8,14.16,Healthy,train
C0284,2,6,4.384,36.04,4.339,6.583,154,17.37,0,1265,970,2870,2287,3203,3509,4880,5254,4787,4402,3955,2709,21061,1505,-0.35,9.51,9.34,0.97,10.48,Healthy,train
C0731,3,9,4.687,35.17,4.716,6.622,88,16.27,0,1024,797,2241,1794,2567,2941,3804,3925,3308,3563,3385,2331,16221,1242,0.027,10.76,11.56,0.72,11.49,Healthy,train
C0782,1,3,4.916,35.67,4.9,6.66,146,20.75,0,1246,963,2788,2128,2836,3502,4290,5340,4718,4178,4156,2819,19602,1474,0.211,11.65,11.65,0.0,11.65,Healthy,train
C0484,6,18,4.984,35.54,4.98,6.533,152,21.15,0,1295,933,2798,2177,3053,3676,4821,5057,4723,4216,3958,2850,20006,1426,0.291,11.97,13.9,0.84,12.81,Healthy,train
C0036,1,3,6.797982711396022,36.5708196383693,6.6629275351121935,6.886075667243062,384,14.75460938466089,1,2028,1565,4141,3555,4073,4302,5664,6364,6312,6600,5653,3856,28494,1912,1.973927535112193,37.67689011075687,45.953493090707255,37.5370512068261,75.21394131758296,Clinical,train
C0493,2,6,4.85,36.07,4.797,6.479,153,17.57,0,1206,902,2799,2263,3051,3370,4238,4614,4356,3802,3444,2402,19576,1427,0.108,14.49,15.87,2.56,17.05,Healthy,train
C0039,2,6,4.115,35.01,4.153,6.743,120,13.02,0,1176,800,2443,2051,2875,3204,4124,4577,4189,3728,3379,2170,18135,1358,-0.536,8.15,8.91,1.12,9.27,Healthy,train
C0320,1,3,4.735,36.05,4.686,6.718,125,17.07,0,1032,767,2391,1894,2684,3083,4129,4312,3966,3700,3414,2149,16945,1273,-0.003,13.87,14.05,0.36,14.23,Healthy,train
C0312,3,9,7.362434246439932,37.77465839632725,7.043081948707712,7.055409190928876,524,15.774446960065934,1,2070,1488,4549,3638,4897,5325,6299,7803,6904,6899,6432,4612,30026,1999,2.3540819487077127,62.2019426814418,60.24773649677411,22.699550233268518,84.90149291471032,Clinical,train
C0592,1,3,5.167,35.18,5.198,6.527,156,23.69,0,1210,876,2566,2138,2957,3255,4338,4839,4405,4140,3623,2337,19439,1394,0.509,15.31,16.26,1.48,16.8,Healthy,train
C0212,6,18,4.408,35.9,4.374,6.682,137,11.35,0,1305,971,2686,2174,2802,3274,4322,4427,4273,4216,3775,2502,19584,1437,-0.315,11.41,11.67,1.21,12.62,Healthy,train
C0774,1,3,4.624,35.31,4.641,6.732,140,25.83,0,1233,921,2748,2214,2811,3215,4063,4403,4209,3830,3426,2513,18739,1339,-0.048,11.53,10.03,-1.27,10.26,Healthy,train
C0160,1,3,5.029,35.87,4.994,6.733,202,22.06,0,1205,960,2711,2233,3232,3550,4886,4703,4396,4433,4014,2696,19706,1452,0.305,14.3,15.97,3.35,17.65,Healthy,train
C0592,2,6,4.486,35.39,4.495,6.611,133,29.2,0,1081,849,2355,1866,2761,3257,4081,4428,4249,3819,3493,2307,17706,1403,-0.194,9.95,10.11,0.85,10.79,Healthy,train
C0448,1,3,4.253,35.01,4.293,6.45,178,26.2,0,1294,1001,2727,2418,2861,3144,4390,4568,4225,4092,3773,2695,18435,1301,-0.396,9.05,9.8,1.91,10.96,Healthy,train
C0640,2,6,4.604,34.94,4.653,6.662,118,20.35,0,1093,786,2206,1848,2666,3094,3666,4102,4167,3689,3244,2146,17697,1411,-0.036,12.47,11.0,-5.02,7.45,Healthy,train
C0432,2,6,4.593,35.66,4.579,6.593,123,23.24,0,1112,792,2511,2008,2610,2983,3811,4617,4202,3582,3452,2258,18131,1421,-0.11,6.91,9.85,1.61,8.51,Healthy,train
C0373,3,9,4.979,36.15,4.918,6.734,163,24.53,0,1194,945,2549,2145,2961,3481,4408,4899,4670,4241,3896,2797,19551,1419,0.229,16.29,16.97,-0.08,16.21,Healthy,train
C0439,5,15,4.993,36.18,4.928,6.737,189,17.45,0,1329,989,2974,2183,3138,3548,4784,4975,4990,4620,4174,2820,19695,1432,0.239,11.83,15.02,6.39,18.22,Healthy,train
C0353,2,6,5.068,35.45,5.073,6.737,116,14.17,0,1154,813,2394,2015,2891,3182,4337,4497,4224,3871,3521,2341,18153,1283,0.384,9.99,12.24,4.5,14.49,Healthy,train
C0296,4,12,5.977829633911458,37.97545214831324,5.6958510417992105,7.088269549145983,588,14.712236751008,1,1776,1520,4196,3491,5246,5483,7681,8245,7202,7049,6004,3843,32415,2200,1.0068510417992105,44.92641339619086,50.52028842854828,31.046998681572283,75.97341207776316,Clinical,train
C0097,4,12,4.854,35.63,4.842,6.627,93,27.17,0,1156,907,2473,1981,2710,2872,3913,4173,3965,4057,3174,2337,17602,1279,0.153,13.87,12.3,-3.14,10.73,Healthy,train
C0043,1,3,5.149,35.11,5.187,6.904,174,20.67,0,1329,1066,2933,2465,3316,3729,4866,5342,4528,4498,4154,2719,20647,1472,0.498,15.6,16.02,2.36,17.97,Healthy,train
C0026,4,12,5.917,38.16,5.618,7.053,508,14.46,1,1947,1486,3888,3312,4615,5430,7382,7920,7849,6390,6083,4008,30794,1914,0.929,40.03,44.75,29.19,69.21,Subclinical,train
C0021,5,15,4.822,35.4,4.831,6.596,168,25.14,0,1194,875,2526,1934,3018,3298,4373,4628,4197,4045,3430,2282,18659,1379,0.142,11.1,11.55,1.2,12.31,Healthy,train
C0060,6,18,4.992,35.67,4.976,6.476,92,19.8,0,1050,842,2419,1944,2546,2982,3808,4359,4084,3775,3297,2237,16995,1220,0.287,15.78,15.02,-1.0,14.77,Healthy,train
C0061,3,9,5.023,35.84,4.991,6.571,177,21.29,0,1222,908,2621,2052,2953,3224,4276,4641,4227,3683,3588,2444,18191,1352,0.302,16.84,17.08,0.31,17.16,Healthy,train
C0256,2,6,4.806,34.23,4.922,6.619,145,17.91,0,1114,884,2631,2198,2737,2853,4011,4651,4438,3967,3817,2350,18309,1337,0.233,11.45,10.81,0.27,11.72,Healthy,train
C0109,3,9,6.475,37.12,6.276,6.943,487,11.83,1,1826,1398,4267,3378,4402,5313,6842,7081,7160,6217,5556,3954,29427,1924,1.587,45.02,50.84,30.03,75.05,Clinical,train
C0471,1,3,4.476,35.98,4.435,6.71,189,22.59,0,1237,988,2603,2233,2912,3251,4378,4965,4315,4244,3671,2478,18985,1357,-0.254,15.72,14.19,-3.62,12.1,Healthy,train
C0185,6,18,6.890084507812508,38.22704859199219,6.529340751848966,6.974317136002602,683,7.156617370442704,0,1988,1470,4209,3227,4377,5084,6511,6723,6593,6406,5674,3834,29215,1923,1.8403407518489652,69.77361878802093,65.99893381132821,16.996575116536448,86.77019390455737,Clinical,train
C0087,5,15,5.986826436969559,36.51514108092597,5.87161515049548,6.859845145896314,306,11.986945577118934,0,1313,1059,2991,2327,3598,4000,5514,5522,5157,4666,4704,2925,22894,1604,1.182615150495481,25.715150835125037,26.496971783814804,14.25918641943776,39.98573161132576,Subclinical,train
C0351,2,6,6.118928802444502,37.49936525550464,5.886258531661721,6.944277067116027,484,12.337800838680852,1,1981,1427,4386,3387,5148,5416,7084,7816,7566,6621,6217,4070,31167,2053,1.1972585316617208,40.93693585081319,45.8807274217669,27.991607855846475,68.92854370665967,Subclinical,train
C0454,4,12,4.93,35.26,4.952,6.687,228,21.02,0,1432,1104,3132,2422,3151,3755,4514,5776,5402,4750,4276,2927,21924,1554,0.263,13.65,14.54,0.11,13.76,Healthy,train
C0386,6,18,5.812559797749968,37.46657310917288,5.595022082332617,7.036670880208992,458,10.55972861416593,1,1928,1501,4146,3519,4673,5582,7405,7242,7484,6581,6294,4170,30857,2013,0.906022082332617,40.834677537605856,43.80828397589853,21.55766123119707,62.39233876880294,Subclinical,train
C0740,5,15,5.7293284363906,37.17343496923726,5.546526441550801,6.864442499503826,362,12.887905145874912,0,1412,1042,2994,2468,3408,3777,4838,5550,5310,4983,4214,2939,22344,1652,0.8575264415508008,29.93897417139081,30.11296439566108,11.82263504862497,41.75472422100813,Subclinical,train
C0089,3,9,6.659992238015784,37.821881688961774,6.365984476031567,7.109568387680639,453,9.181571209593116,0,1636,1258,3446,2729,3953,4331,5773,6605,5864,5486,4374,3192,25837,1843,1.6769844760315673,50.12374730582488,51.289143441085024,17.109828688217007,67.24509232161525,Subclinical,train
C0724,5,15,4.471,35.7,4.454,6.768,207,19.41,0,1209,904,2707,2277,2890,3386,4344,4877,4663,4124,3869,2681,19472,1462,-0.235,15.28,15.02,-0.41,14.87,Healthy,train
C0600,1,3,5.673,37.71,5.435,6.936,410,13.67,0,1487,1144,3362,2856,3752,3869,5203,6060,5832,5333,4741,3519,24954,1668,0.746,30.83,32.89,15.02,45.85,Subclinical,train
C0356,5,15,8.18226576957433,37.42322408143858,7.880749560041465,7.259355183712284,616,6.2096544191811,1,2065,1643,4659,3537,4844,5173,6702,7157,7065,6796,6376,4486,31676,2098,3.191749560041465,83.290391926169,77.3061863601911,13.47675452839984,96.76714645456885,Clinical,train
C0568,5,15,6.473450839496175,37.658360701136274,6.207680341337095,6.9467868819166725,364,13.180573523826231,1,1963,1463,4330,3262,4663,5228,7005,8089,7374,7065,6687,4043,31193,2066,1.5186803413370955,38.968606180568905,43.33270470465951,27.68573800757518,66.65434418814408,Subclinical,train
C0341,6,18,6.418061811670484,37.67596909416476,6.154409783250194,7.114530586147978,498,7.959690941647581,1,1860,1466,3968,3236,4909,5344,7290,7314,7123,6220,5918,3987,30036,2025,1.4654097832501938,57.42971275233414,55.92110877382154,17.57819190070937,75.00177200650651,Clinical,train
C0459,5,15,7.4,37.75,7.084,7.14,388,9.4,1,2131,1683,4555,3812,4698,4930,6254,6548,6995,6614,6568,4614,29337,1878,2.395,63.26,59.92,18.15,81.41,Clinical,train
C0282,1,3,6.349100378660815,37.82146498879938,6.067361288932132,7.054751438314106,371,13.497004069111286,1,2125,1611,4678,3577,4994,5679,8021,8507,8311,7553,6700,4595,33727,2240,1.378361288932132,38.28506150750784,42.518954580601886,28.322362131004702,66.60742363851253,Subclinical,train
C0549,1,3,5.873,36.85,5.722,6.916,521,13.18,0,1587,1204,3474,2719,3595,4251,5345,6451,5737,5165,5225,3527,24712,1732,1.033,31.56,34.84,23.1,54.66,Subclinical,train
C0439,2,6,4.308,35.1,4.341,6.58,150,18.31,0,1192,912,2644,2133,2907,3453,4505,5017,4332,4068,3802,2562,19505,1445,-0.348,9.19,8.77,-0.99,8.2,Healthy,train
C0177,1,3,5.543953595233631,36.91343212730946,5.3952542981524285,6.815824879040537,322,13.854036758732722,0,1311,1061,2944,2416,3448,3900,5408,5565,4961,4660,4298,2820,22490,1625,0.7062542981524285,24.924964854060107,25.19942671091432,9.462324498680308,34.39276907157289,Subclinical,train
C0482,4,12,5.807,38.02,5.529,6.98,560,12.58,1,1773,1333,3817,3154,4231,5098,6333,7263,6743,6445,5524,3556,29880,2005,0.84,42.14,46.31,27.53,69.67,Subclinical,train
C0766,2,6,6.200552089018633,36.83060497347967,6.044597360592732,7.157020030533486,589,11.782191507310644,0,1651,1264,3885,3181,4292,4944,6117,6003,6024,5610,5669,3600,27190,1832,1.3555973605927325,47.33382608873781,48.41161055762907,22.53360175960484,69.87997191872684,Subclinical,train
C0487,3,9,5.914,36.98,5.748,6.965,479,14.95,1,1729,1335,3891,3169,4466,4836,6451,7223,7443,6555,5522,3892,28283,1868,1.059,36.41,39.2,23.99,60.41,Subclinical,train
C0234,3,9,5.184240849910157,36.85731177919646,5.050230996123697,6.872442648266372,311,15.482108800183488,0,1511,1080,3468,2494,3378,4011,5074,5313,4972,4958,4547,3142,22080,1677,0.3612309961236975,21.917304057953206,21.470855506403066,8.623504222179704,30.54080828013291,Subclinical,train
C0773,5,15,4.876,35.35,4.89,6.583,166,19.67,0,1393,1004,3014,2456,2739,3467,4623,5545,5081,4406,4171,2635,20818,1446,0.201,13.83,14.49,0.26,14.09,Healthy,train
C0195,3,9,3.979,35.44,3.984,6.685,123,18.23,0,1141,810,2575,1955,2708,3081,3728,4297,4316,3795,3321,2278,17933,1304,-0.705,5.33,5.55,0.93,6.25,Healthy,train
C0777,5,15,4.548,35.89,4.514,6.584,125,18.37,0,1089,758,2327,1914,2514,2629,3643,4369,3754,3763,3296,2237,16537,1240,-0.175,8.66,9.39,1.18,9.84,Healthy,train
C0577,6,18,4.988,34.61,5.072,6.564,96,25.97,0,1103,815,2393,1976,2655,3006,3992,4579,3850,3690,3623,2333,16832,1280,0.383,12.46,10.52,-2.69,9.77,Healthy,train
C0245,6,18,5.269,35.11,5.308,6.588,110,22.56,0,1099,846,2645,2149,2740,3352,4163,4615,4233,4186,3762,2718,18692,1405,0.619,17.15,16.17,-0.21,16.93,Healthy,train
C0759,2,6,6.731479757211592,37.37941104047552,6.490815953742263,6.910419219670324,440,13.947746473710374,1,1946,1494,4330,3479,4588,5274,6856,7887,7545,7027,5751,4127,31207,2064,1.8018159537422624,46.37608161945226,49.57728005836147,28.535668843232983,74.9108261274245,Clinical,train
C0739,3,9,6.249379546900551,37.5854686084571,6.002415275051693,7.058640582537129,544,10.116988348987135,1,1994,1474,4224,3354,4526,5276,6636,7002,6752,6236,5764,4050,29462,1969,1.313415275051692,52.38593139343482,53.20048802681187,25.137214885198095,77.52314627863291,Clinical,train
C0785,2,6,4.887,35.47,4.89,6.514,84,23.64,0,997,753,2062,1779,2318,2563,3313,4012,3449,3118,3116,2184,14537,1146,0.201,9.76,12.12,3.27,13.03,Healthy,train
C0119,6,18,5.953228252182823,37.22216273466487,5.758599773616471,6.886258454472247,368,15.139449638588417,0,1418,1133,3035,2476,3310,3734,5122,5523,5124,4813,4255,3064,22008,1458,1.069599773616471,25.60888430378141,30.65366152995959,23.486365861845425,49.10525016562684,Subclinical,train
C0494,6,18,4.392,35.86,4.362,6.78,196,13.63,0,1303,940,2820,2262,3147,3508,4417,4714,4503,4505,3707,2706,19569,1332,-0.327,12.74,12.74,0.0,12.74,Healthy,train
C0278,5,15,5.798222820462985,37.40666846138895,5.588770757232729,6.9240369572716025,266,16.430080375543433,0,1631,1060,3321,2669,3815,3856,5105,5628,5638,4337,5031,3242,22886,1623,0.8997707572327297,27.618612853013065,26.21081413680862,9.48004807054229,37.09866092355536,Subclinical,train
C0436,3,9,4.509,37.21,4.363,6.811,110,23.6,0,1252,887,2666,2077,2901,3538,4430,4658,3962,3843,3668,2470,18291,1295,-0.326,13.98,14.33,0.33,14.31,Healthy,train
C0302,1,3,5.191,36.37,5.105,6.73,262,18.23,0,1358,942,2787,2160,3200,3421,4443,5296,5011,4616,4087,2793,20320,1490,0.416,17.73,18.15,7.47,25.21,Healthy,train
C0121,3,9,4.958,35.27,4.98,6.747,164,19.38,0,1337,995,3048,2348,3277,3571,4925,5451,4984,4705,4023,2796,21377,1510,0.291,15.36,14.25,0.24,15.6,Healthy,train
C0463,2,6,5.689,37.16,5.51,6.821,380,13.25,0,1438,1028,3085,2518,3407,3884,5181,5219,4715,4829,4524,3027,22988,1661,0.821,27.47,28.8,15.8,43.27,Subclinical,train
C0059,1,3,4.956,35.75,4.932,6.855,142,16.67,0,1193,872,2477,2015,2898,3306,4146,4831,4451,3812,3450,2396,18538,1439,0.243,14.8,14.53,-0.54,14.26,Healthy,train
C0060,3,9,4.795,36.44,4.709,6.463,145,20.38,0,1144,824,2203,1986,2473,3050,3674,4378,3992,4099,3552,2281,17752,1366,0.02,11.14,14.82,5.83,16.96,Healthy,train
C0113,1,3,4.575,36.28,4.507,6.732,196,23.35,0,1317,952,2749,2060,2826,3153,4087,4627,4486,4255,3771,2388,19035,1385,-0.182,12.1,13.37,0.21,12.31,Healthy,train
C0349,1,3,4.0,34.95,4.042,6.577,136,17.48,0,1226,922,2727,2228,2759,3281,4050,4199,4014,3884,3723,2518,18332,1365,-0.647,5.66,6.33,1.34,7.0,Healthy,train
C0354,4,12,6.054024685762599,37.03683658831692,5.877174064356642,6.942265364673231,429,13.337907676829111,1,1761,1356,4039,3206,4472,4770,6443,7066,7016,6368,5244,3767,28309,1880,1.1881740643566416,36.27049201049483,40.42457013010097,26.38747063445927,62.667962644954095,Subclinical,train
C0513,6,18,4.935,35.66,4.92,6.539,134,17.84,0,1224,909,2588,2014,2882,3185,4431,4844,4359,4140,3539,2353,18812,1428,0.231,12.54,13.8,3.39,15.93,Healthy,train
C0331,3,9,4.891,35.91,4.853,6.699,203,18.93,0,1286,958,2909,2203,3141,3358,4200,5312,4709,4263,4032,2581,19606,1455,0.164,15.34,15.9,1.13,16.47,Healthy,train
C0511,4,12,5.825131836626169,37.66273637855206,5.586131836626169,7.001322355581886,390,11.614856575439292,1,1811,1423,3786,3261,4851,5153,7071,7302,7250,6312,5847,3951,30335,2000,0.8971318366261689,34.0981089715835,38.50866799064165,24.6214620498444,58.72508677999803,Subclinical,train
C0457,2,6,5.601873636069458,36.94638553911079,5.446552257830731,6.809040067850193,421,17.681484991388267,0,1434,1109,3635,2709,3805,4505,5521,5396,5816,4483,4958,3110,23874,1615,0.7575522578307297,26.494469067320782,30.466038110036603,20.6546875500116,47.14915661733238,Subclinical,train
C0577,5,15,5.089,35.1,5.128,6.616,165,18.02,0,1181,879,2690,2079,2801,3182,4400,4959,4541,4518,3780,2610,18888,1361,0.439,16.13,16.13,0.0,16.13,Healthy,train
C0247,2,6,4.953,35.64,4.94,6.757,88,24.88,0,1150,906,2509,1974,2689,3232,4418,4367,4161,3872,3452,2471,17831,1329,0.251,10.93,12.4,2.69,13.62,Healthy,train
C0563,6,18,6.073611160203353,38.11268207691644,5.769588273804948,6.879698534225619,505,9.830249149400217,1,1992,1281,3802,3330,4319,5264,6591,7381,6889,6704,5764,4378,29788,1987,1.0805882738049477,42.502328065791644,47.93388725308521,33.49719392082408,75.99952198661572,Clinical,train
C0061,5,15,5.061,36.38,4.976,6.718,174,24.39,0,1227,913,2700,2135,2977,3576,4566,4783,4345,4501,3798,2541,19598,1455,0.287,18.43,18.43,0.0,18.43,Healthy,train
C0597,2,6,4.71,36.04,4.662,6.74,220,19.12,0,1163,865,2538,1984,3118,3505,4450,4803,4764,4223,4076,2593,19369,1472,-0.027,12.64,15.25,5.23,17.87,Healthy,train
C0160,6,18,4.9486757030234285,36.962526981279865,4.808528295782104,6.881210581773322,300,15.312595419049115,0,1528,1073,3547,2491,3422,3995,5089,5324,4978,4936,4606,3172,22057,1689,0.1195282957821039,19.3482995404168,18.74110554123924,7.246938661588524,26.595238202005326,Subclinical,train
C0419,2,6,5.338,35.15,5.373,6.615,112,23.01,0,1090,898,2449,2026,2703,3016,3902,4439,3943,3899,3644,2476,17614,1297,0.684,14.44,15.79,2.71,17.15,Healthy,train
C0692,5,15,5.711,37.09,5.538,6.851,316,15.43,0,1293,1026,2968,2480,3555,4035,5321,5208,4860,4700,4361,3220,21707,1618,0.849,24.26,27.13,15.41,39.67,Subclinical,train
C0297,4,12,5.981,37.2,5.788,6.775,355,14.36,0,1491,1175,3492,2627,3955,4205,5438,6064,5523,5144,4487,2978,25120,1765,1.099,31.11,32.59,16.74,47.85,Subclinical,train
C0596,1,3,4.452,36.17,4.395,6.656,131,19.68,0,1127,884,2581,2013,2576,2935,3922,4519,4163,3985,3294,2323,18088,1353,-0.294,9.94,10.4,-0.89,9.05,Healthy,train
C0209,4,12,4.616,36.22,4.553,6.574,78,13.5,0,1019,746,2249,1656,2608,2708,3854,4174,4007,3536,3209,2000,16832,1274,-0.136,9.14,9.14,0.0,9.14,Healthy,train
C0204,5,15,4.113,35.8,4.09,6.491,110,19.81,0,1064,826,2383,1846,2682,2988,3799,4200,4023,3650,3671,2302,16960,1272,-0.599,6.49,5.86,-1.25,5.24,Healthy,train
C0489,1,3,6.88,37.89,6.568,6.97,427,8.6,1,2054,1472,4359,3362,4386,4390,5917,7665,7106,6802,6213,3925,30533,2031,1.879,61.46,56.84,15.14,76.59,Clinical,train
C0515,2,6,3.967,35.83,3.942,6.755,147,17.9,0,1185,897,2528,2048,2879,3434,4046,4555,4217,3651,3704,2493,18200,1310,-0.747,7.23,7.77,2.38,9.61,Healthy,train
C0135,4,12,5.171,34.59,5.26,6.688,182,24.28,0,1197,850,2483,2120,2767,3119,4363,4789,4152,3932,3562,2450,18952,1343,0.571,13.66,13.66,0.0,13.66,Healthy,train
C0121,2,6,5.973443251840295,37.23908913210218,5.77681246837398,6.917400876140532,529,15.98258163573768,1,1957,1477,4436,3453,4781,5253,6720,7807,6869,7142,5862,3934,30339,2113,1.0878124683739798,36.14738904394841,43.02104228897763,34.41986857892018,70.55474422775245,Clinical,train
C0249,2,6,4.732,35.75,4.71,6.476,152,21.53,0,1296,987,2646,2334,3099,3547,4774,4549,4525,3925,4098,2602,19246,1394,0.021,10.15,11.98,2.23,12.38,Healthy,train
C0377,4,12,4.731,35.06,4.771,6.7,139,16.54,0,1207,849,2623,2011,2928,3480,4171,4903,4588,4217,3676,2654,19587,1413,0.082,10.03,9.36,0.79,10.82,Healthy,train
C0618,3,9,5.911,37.29,5.71,6.886,395,13.25,0,1480,1096,3126,2746,3346,4024,5164,4836,5020,4658,4867,2995,21431,1463,1.021,33.12,33.48,15.0,48.12,Subclinical,train
C0033,3,9,4.814,34.68,4.889,6.768,128,18.73,0,1138,832,2519,1959,2748,2985,3687,4268,4199,3777,3543,2307,17040,1316,0.2,9.66,10.84,-0.06,9.6,Healthy,train
C0216,2,6,4.304,36.34,4.235,6.601,155,24.3,0,1142,855,2508,2167,2787,3145,4372,5040,4674,4325,3878,2648,19091,1385,-0.454,8.68,10.35,1.58,10.26,Healthy,train
C0590,6,18,5.875,37.35,5.668,6.958,581,11.62,1,2213,1681,4709,3868,5152,5455,7193,7745,7659,6970,6772,4531,32882,2202,0.979,46.45,45.85,23.21,69.67,Subclinical,train
C0416,5,15,5.03,34.39,5.136,6.517,136,20.28,0,1235,949,2963,2185,2921,3226,4327,4436,4333,3805,3818,2607,19164,1403,0.447,11.98,13.85,2.16,14.14,Healthy,train
C0656,5,15,5.024,34.94,5.077,6.449,167,20.98,0,1169,922,2544,2119,3044,3484,4328,4830,4664,3997,3709,2689,18812,1391,0.388,11.05,13.35,2.4,13.45,Healthy,train
C0682,6,18,6.572514151482258,37.00392431018778,6.384784522988449,7.007784862037557,387,9.78430275924886,1,1998,1420,4153,3450,4723,5069,7035,7284,7312,6776,6007,4158,30927,2074,1.695784522988448,40.71605526592144,43.28331062213376,26.192035455373496,66.90809072129494,Subclinical,train
C0508,1,3,6.448468964077187,38.04364431090868,6.13674010189545,6.969909204441552,443,7.048121645977092,1,2093,1598,4561,3740,4654,5218,6924,7339,7269,6580,5538,3920,30566,1983,1.44774010189545,55.7835741032481,52.35367502549526,13.700639958152852,69.48421406140096,Subclinical,train
C0364,6,18,4.619,35.5,4.619,6.733,129,24.08,0,1179,867,2745,2167,2921,3184,4232,4347,4077,3731,3887,2253,17932,1284,-0.07,11.71,10.99,-0.29,11.43,Healthy,train
C0437,1,3,4.457,34.83,4.514,6.729,170,22.5,0,1167,897,2598,2072,3183,3539,4553,4781,4435,4023,3822,2740,19708,1450,-0.175,10.07,10.35,-0.94,9.13,Healthy,train
C0180,3,9,6.269716717759406,37.47569045723749,6.033521969863791,6.931251404343733,357,9.781595616753394,1,2107,1500,4518,3624,4751,5406,7117,7554,7370,6430,5682,3734,31088,1996,1.3445219698637918,41.63235723681869,42.683705068059496,18.88935244934384,60.52170968616254,Subclinical,train
C0102,1,3,4.99,35.8,4.962,6.814,126,20.1,0,1084,827,2354,1866,2570,2709,4024,4008,4045,3763,3005,2181,17127,1360,0.273,14.02,15.21,0.83,14.85,Healthy,train
C0752,6,18,3.99,36.58,3.908,6.435,188,20.67,0,1210,955,2543,2011,2975,3521,4589,4481,4382,3889,3804,2483,19179,1417,-0.781,11.33,9.89,-3.09,8.24,Healthy,train
C0566,5,15,5.001133549478696,36.63724774216623,4.893649420396739,6.896,370,13.94105161352446,0,1527,1129,3520,2623,3914,4415,5560,6412,5745,5238,4500,3322,24324,1738,0.204649420396739,19.38859743101631,20.858569042890064,8.66365678175487,28.037427116014744,Subclinical,train
C0665,6,18,5.598225867621215,36.63377591646528,5.477526705211838,6.758906494131616,255,15.475310997583358,0,1459,1098,3218,2516,3616,3739,5187,5416,4775,4630,4317,2890,22445,1601,0.7885267052118391,19.836489069719345,21.990163386257272,12.014918306871364,31.85951941835807,Subclinical,train
C0516,2,6,4.418,36.81,4.308,6.717,176,25.35,0,1130,873,2625,2174,2888,3609,4126,4837,4590,4550,3817,2505,18828,1390,-0.381,12.24,11.68,-0.74,11.5,Healthy,train
C0122,3,9,6.826373502494611,38.21556280681767,6.478526988413661,7.000207674295952,462,10.420809275692546,1,1835,1332,4065,3328,4366,4182,5453,6813,6872,6852,5652,3994,28297,1964,1.7895269884136606,51.10371870960635,52.06456983139619,28.769958153902703,79.87367686350905,Clinical,train
C0610,5,15,6.675573966469392,37.29834160509143,6.447546162060863,6.951968219496929,391,15.351936438993857,0,1588,1323,3340,2541,3835,4105,5720,6426,5882,5776,5103,3471,25044,1712,1.758546162060863,34.89734842905387,38.02890756286521,28.932969093444186,63.84621623097366,Subclinical,train
C0681,5,15,5.519,36.53,5.411,6.811,400,13.52,0,1521,1098,3184,2682,3520,3906,5137,5491,5677,4976,4047,2921,23256,1723,0.722,23.98,28.53,15.93,39.91,Subclinical,train
C0268,5,15,6.140000743738278,37.767271848309306,5.875364447714484,7.168182223857243,496,9.890911119286212,1,1765,1413,3895,3229,4770,5459,7256,6957,6963,5790,6098,4050,29886,2014,1.1863644477144848,56.22276905729596,53.12637634752693,16.06451692204062,72.28364968331279,Clinical,train
C0656,3,9,4.899,35.58,4.892,6.747,145,21.81,0,1127,856,2379,2002,2846,3340,4049,4214,3998,3874,3364,2100,17726,1332,0.203,14.85,14.12,-1.35,13.5,Healthy,train
C0243,4,12,6.53,38.22,6.193,7.19,506,7.2,1,1932,1434,4345,3374,4485,5348,6998,7769,6932,6539,6009,4271,31142,2033,1.504,64.82,59.73,14.79,79.61,Clinical,train
C0494,4,12,5.563528469092529,36.421523262910725,5.466272945422737,6.8188697683880966,298,17.293636606025263,0,1409,1073,2880,2271,3466,4025,5214,5384,5164,4843,4311,2875,22148,1625,0.7772729454227372,17.847296576681646,21.57194179186299,15.120444559861284,32.96594753130037,Subclinical,train
C0408,1,3,5.851,37.06,5.678,6.77,415,14.31,0,1525,1155,3383,2577,3819,4026,5623,5789,5663,5376,4649,3233,23707,1635,0.989,27.81,31.0,18.8,46.61,Subclinical,train
C0019,2,6,5.717,36.66,5.591,6.866,270,16.98,0,1370,1043,2835,2369,3532,3802,4895,6026,5522,5035,4136,2856,22468,1650,0.902,22.74,25.05,12.44,35.18,Subclinical,train
C0639,5,15,6.169,37.16,5.974,6.943,414,10.76,0,1585,1114,3434,2699,3618,4278,5135,6048,5468,5167,4942,3139,23593,1659,1.285,36.54,38.84,17.79,54.33,Subclinical,train
C0609,1,3,4.991,36.34,4.911,6.669,196,17.83,0,1244,942,2524,2088,3076,3422,4351,4346,4370,3648,3527,2470,19227,1385,0.222,18.26,18.26,0.0,18.26,Healthy,train
C0211,2,6,5.392,36.3,5.31,6.715,212,17.89,0,1316,972,2690,2305,3241,3783,5127,5293,4481,4340,4220,2803,20264,1523,0.621,19.13,19.23,5.11,24.24,Healthy,train
C0499,6,18,4.867,35.82,4.837,6.565,131,17.9,0,1149,852,2615,2025,2879,3166,4343,4710,4378,4524,3670,2358,19105,1406,0.148,11.53,13.39,3.73,15.26,Healthy,train
C0198,1,3,4.057,35.69,4.042,6.824,160,28.03,0,1222,906,2746,2250,2913,3189,4522,4823,4334,4157,4129,2547,19048,1395,-0.647,7.85,7.85,0.0,7.85,Healthy,train
C0061,4,12,6.94,37.44,6.684,7.3,730,9.1,0,1870,1413,4024,3405,4419,5072,6924,6336,6477,6263,5997,3910,29374,1922,1.995,69.16,67.17,16.51,85.67,Clinical,train
C0186,2,6,5.002,35.16,5.034,6.507,51,18.79,0,1029,782,2228,1920,2494,2818,3843,4377,4248,3763,3078,2120,16690,1376,0.345,12.46,11.96,-0.33,12.13,Healthy,train
C0542,3,9,5.141,35.02,5.188,6.82,187,20.93,0,1418,1013,2987,2619,3455,3639,4816,5532,5340,4640,4077,2974,21544,1688,0.499,13.3,14.4,2.42,15.71,Healthy,train
C0754,6,18,5.052,35.02,5.098,6.802,219,20.81,0,1182,871,2587,2155,3009,3277,4360,4739,4677,4017,3830,2493,19500,1367,0.409,16.35,16.29,-2.35,14.0,Healthy,train
C0115,6,18,6.049,36.45,5.94,6.941,407,15.9,0,1548,1108,3048,2558,3629,4152,4977,5493,5288,4963,4341,2977,22961,1628,1.251,29.19,33.39,19.3,48.49,Subclinical,train
C0734,3,9,5.748,36.63,5.625,6.831,265,13.31,0,1455,1074,3143,2387,3640,3919,5068,5553,4865,4867,3997,2774,22066,1581,0.936,23.22,24.6,11.94,35.16,Subclinical,train
C0015,4,12,7.15193668201844,38.585032089642496,6.738817802352131,7.021256332901411,362,11.556138111386709,0,1475,1062,3209,2526,3539,4321,4914,5753,5491,5215,4299,2927,23112,1675,2.049817802352131,48.70762081645754,49.59419797958861,24.723926067898283,73.43031250404162,Subclinical,train
C0440,6,18,4.987,35.35,5.001,6.676,233,18.98,0,1470,1075,3357,2545,3797,4622,6206,6658,5801,5653,4507,2940,26038,1795,0.312,17.96,19.1,0.0,17.97,Healthy,train
C0143,6,18,5.785,37.17,5.601,6.916,352,13.7,0,1335,990,3007,2375,3442,3636,5169,5493,5376,4832,4726,3185,23086,1635,0.912,24.67,28.19,18.74,43.41,Subclinical,train
C0371,2,6,5.715598195263227,37.26296075585765,5.524872109179438,6.7838197270514025,392,12.94969779541518,0,1457,1027,3048,2501,3370,3864,5198,5103,4632,4852,4467,3076,22990,1677,0.8358721091794387,29.386214067350764,29.47496495506684,15.09357481397666,44.47978888132743,Subclinical,train
C0480,1,3,3.98,35.2,4.003,6.654,132,20.52,0,1060,855,2393,2025,2686,3172,3721,3849,3794,3738,3157,2309,16597,1324,-0.686,6.74,7.46,-1.18,5.56,Healthy,train
C0612,6,18,4.531,35.73,4.511,6.693,129,21.45,0,1274,948,2733,2182,2855,3263,4263,4478,4482,4309,3714,2463,19544,1429,-0.178,14.02,12.03,-3.05,10.97,Healthy,train
C0596,5,15,5.186,35.46,5.19,6.743,207,15.12,0,1449,1045,3134,2607,3280,3581,4636,5430,5311,4747,4425,2980,21437,1643,0.501,17.11,17.26,2.89,20.0,Healthy,train
C0099,2,6,4.941,34.87,5.0,6.571,161,18.76,0,1304,981,2621,2205,3224,3553,4580,4736,4523,4142,3769,2563,19971,1471,0.311,14.32,14.06,-0.01,14.3,Healthy,train
C0425,4,12,4.843,35.77,4.818,6.713,191,17.85,0,1253,988,2685,2093,2764,3116,3904,4978,4402,4347,3711,2552,18945,1403,0.129,12.87,15.37,4.99,17.86,Healthy,train
C0685,6,18,5.269,35.45,5.274,6.55,197,15.31,0,1263,897,2792,2074,3103,3538,4405,4902,4519,4400,4212,2724,19924,1465,0.585,19.82,19.82,0.0,19.82,Healthy,train
C0204,2,6,5.651,36.63,5.53,6.881,338,15.92,0,1305,1025,2657,2410,3422,3696,4809,5356,4889,4677,4196,3017,20452,1500,0.841,25.04,26.96,13.3,38.34,Subclinical,train
C0611,2,6,4.562,35.79,4.537,6.565,204,18.51,0,1328,978,2784,2134,3291,3368,4262,4843,4636,4285,4042,2705,20015,1411,-0.152,14.5,13.97,-2.18,12.31,Healthy,train
C0459,6,18,7.18,38.23,6.808,7.07,543,9.6,1,2172,1319,4145,3377,5402,5726,7461,8268,7625,7169,6620,4317,33392,2166,2.119,69.61,65.92,15.87,85.47,Clinical,train
C0581,4,12,5.493239568554632,36.694396065969954,5.368496992413921,6.826714885760941,306,16.194592767472212,0,1444,1026,3005,2429,3229,3690,4542,4762,4755,4502,4155,2843,20424,1466,0.679496992413921,20.81014035401702,22.48705050685828,12.11120596594192,32.921346319958936,Subclinical,train
C0733,5,15,7.258411532422764,37.94743037181021,6.922181669888994,6.963982433803665,514,8.520351323926707,0,1683,1270,3793,2893,3771,4187,5075,6074,5983,5675,5488,3651,24264,1680,2.233181669888994,60.25623077769494,61.115176805914814,19.12593724512171,79.38216802281664,Clinical,train
C0328,1,3,4.737,35.24,4.76,6.804,168,22.04,0,1185,939,2532,2036,2849,3310,3975,4341,4242,3912,3793,2458,17899,1385,0.071,12.46,12.46,0.0,12.46,Healthy,train
C0300,4,12,4.223,35.33,4.237,6.657,142,19.72,0,1226,866,2768,2148,2854,3117,4340,4701,4334,4069,3393,2299,19406,1441,-0.452,8.59,8.86,0.55,9.13,Healthy,train
C0318,6,18,4.199,35.28,4.217,6.588,152,22.3,0,1185,899,2464,2054,3022,3285,4564,4235,3855,3583,3791,2548,18069,1440,-0.472,11.76,9.09,-2.52,9.24,Healthy,train
C0582,6,18,6.653,37.29,6.427,7.046,554,13.09,1,2084,1599,4444,3662,4867,5791,7855,8088,7329,6599,6743,4351,32539,2106,1.738,50.49,55.01,30.67,81.16,Clinical,train
C0642,3,9,6.51,37.44,6.27,6.987,500,13.02,1,2221,1629,4813,3718,4921,5180,6078,6685,6972,6974,6989,4400,30490,2006,1.581,45.95,48.78,26.79,72.74,Clinical,train
C0011,1,3,6.383,37.11,6.188,7.024,417,13.56,1,1954,1442,4680,3536,5523,5699,8241,8179,7555,6940,7026,4346,33277,2206,1.499,40.2,44.33,27.49,67.69,Subclinical,train
C0163,2,6,4.947,35.34,4.962,6.619,198,19.67,0,1182,997,2922,2185,3385,3694,4871,5483,4615,4461,3934,2732,21142,1578,0.273,15.39,15.46,0.02,15.41,Healthy,train
C0278,1,3,4.925,35.96,4.882,6.478,139,20.07,0,1246,965,2658,2126,3260,3604,4421,4997,4502,4327,4108,2828,19687,1321,0.193,11.17,11.64,3.32,14.49,Healthy,train
C0054,1,3,5.52,37.04,5.358,6.995,209,10.53,1,1920,1468,4435,3431,4861,5452,6873,7597,7071,7174,5917,3988,31751,2118,0.669,20.6,25.56,18.88,39.48,Subclinical,train
C0367,3,9,4.687,35.21,4.713,6.736,235,19.54,0,1401,1067,3006,2338,3071,3483,4747,5521,5086,4871,4317,2923,21381,1528,0.024,16.2,14.25,-2.56,13.65,Healthy,train
C0016,1,3,4.948,35.06,4.989,6.634,173,22.72,0,1323,953,2991,2192,2958,3299,4513,4914,4496,4282,3673,2481,19844,1427,0.3,16.45,16.05,-0.81,15.64,Healthy,train
C0540,5,15,4.652,36.46,4.567,6.785,187,18.05,0,1236,856,2478,2019,3029,3100,4330,4479,4663,4103,3548,2407,18932,1336,-0.122,16.8,16.8,0.0,16.8,Healthy,train
C0719,5,15,4.447,35.44,4.452,6.602,138,26.48,0,1197,832,2506,2038,2775,2982,4323,4306,4093,3794,3204,2138,17535,1294,-0.237,12.03,11.54,-0.98,11.05,Healthy,train
C0666,1,3,4.74,35.19,4.768,6.715,187,19.76,0,1254,939,2599,2160,2966,3128,4380,4848,4122,3877,3777,2601,18340,1461,0.079,12.67,12.79,0.62,13.29,Healthy,train
C0480,3,9,4.964,35.64,4.951,6.66,111,19.03,0,959,766,2200,1743,2543,2748,3727,4048,3925,4059,3388,2193,16181,1250,0.262,12.53,11.53,0.6,13.12,Healthy,train
C0533,3,9,4.92,35.52,4.918,6.607,200,20.49,0,1315,945,2695,1990,2758,3283,4196,4949,4455,4300,3603,2487,19282,1410,0.229,19.22,17.92,-2.61,16.61,Healthy,train
C0231,5,15,5.502,36.53,5.394,6.807,319,17.2,0,1397,1047,2834,2358,3092,3527,4663,5414,4899,4581,3883,2637,20672,1465,0.705,18.4,19.97,12.05,30.45,Subclinical,train
C0495,6,18,4.483,35.44,4.488,6.649,104,22.02,0,1277,936,2564,2248,2883,3268,4445,5131,4616,4123,3797,2623,20539,1485,-0.201,10.48,9.41,-2.14,8.34,Healthy,train
C0693,2,6,5.23,35.99,5.181,6.533,111,19.37,0,1092,807,2320,1706,2633,3138,4045,4529,4110,4022,3423,2326,17892,1281,0.492,16.26,14.71,-0.28,15.99,Healthy,train
C0471,6,18,4.615,35.41,4.623,6.492,152,23.99,0,1242,972,2483,2012,2804,3498,4462,5025,4853,4329,4099,2767,19865,1406,-0.066,10.55,10.91,0.73,11.28,Healthy,train
C0365,6,18,5.244,36.27,5.167,6.804,278,17.69,0,1378,1015,2960,2527,3406,4129,4933,5437,4826,4773,4598,2817,21613,1541,0.478,17.02,18.81,7.8,24.83,Healthy,train
C0743,1,3,4.791,36.2,4.727,6.528,156,24.92,0,1094,804,2351,1857,2668,3231,3865,4491,3936,4026,3666,2351,17850,1354,0.038,13.95,15.41,2.15,16.1,Healthy,train
C0080,2,6,6.044702085110802,37.72595369893871,5.789084855748614,7.145370779783589,538,9.927946872333797,1,1873,1425,3881,3395,4504,5170,6567,6955,7310,6406,5888,3898,29401,1980,1.1000848557486138,56.44365155649754,53.59287586390579,16.804655041462958,73.24543904583273,Clinical,train
C0743,2,6,4.803,35.4,4.812,6.534,151,18.87,0,1149,900,2390,2071,3076,3465,4217,4662,4524,3836,3634,2379,18063,1365,0.123,13.71,12.58,-0.93,12.78,Healthy,train
C0688,5,15,5.894010767423981,36.79000540157209,5.74926601609667,6.706268716882713,411,15.603462494794192,0,1492,1142,3381,2575,3852,3950,5617,5792,5782,5385,4638,3247,23650,1635,1.06026601609667,26.18375346528303,30.055018905502305,19.53777593756465,45.72152940284768,Subclinical,train
C0049,6,18,4.827,36.4,4.744,6.45,132,20.69,0,1141,829,2425,2040,2705,3008,3811,4322,4236,3969,3464,2415,17171,1247,0.055,16.96,14.26,-2.28,14.68,Healthy,train
C0704,6,18,5.819,36.67,5.69,6.866,434,14.19,0,1542,1079,3271,2582,3384,4265,5295,6223,6008,5408,4880,3253,23525,1699,1.001,33.25,33.53,16.18,49.43,Subclinical,train
C0649,6,18,5.713229211363382,37.36909339054513,5.510228870163426,6.91277351823626,446,11.335921963452853,1,1845,1307,3809,3123,4066,4836,6280,6982,6366,5731,5323,4031,28094,1953,0.8212288701634264,35.2267739809149,39.88224775763965,24.67275736035968,59.89953134127458,Subclinical,train
C0174,2,6,4.844,35.78,4.818,6.491,127,21.66,0,1252,863,2370,1941,2951,3213,4316,5128,4152,4084,3714,2376,18408,1284,0.129,9.27,10.13,1.9,11.17,Healthy,train
C0629,6,18,5.149,36.38,5.063,6.634,204,18.48,0,1244,952,2577,2095,3379,3542,4640,4463,3972,3940,3649,2384,19016,1314,0.374,18.26,20.01,3.49,21.75,Healthy,train
C0578,1,3,6.47,37.88,6.177,7.03,597,5.5,0,1530,1066,3279,2700,3778,4336,5484,5753,5325,4894,4790,3369,23398,1731,1.488,55.84,55.7,19.9,75.74,Clinical,train
C0124,5,15,4.996,35.62,4.985,6.671,69,23.94,0,1004,770,2147,1768,2399,2672,3691,4013,3936,3658,3194,2200,16566,1278,0.296,12.87,12.98,-2.41,10.46,Healthy,train
C0332,1,3,6.241333153737067,36.95672163954353,6.067251156240741,6.764289688567765,294,14.660599570323608,0,1335,1023,3523,2436,3868,4446,5636,5576,5827,5061,4756,3119,23807,1695,1.3782511562407402,33.977977805596375,34.8003822444771,11.12726957234952,45.10524737794589,Subclinical,train
C0231,1,3,5.50933475730398,36.84912634209642,5.367771926511529,6.771619764100628,338,15.023036443102836,0,1407,1011,2953,2410,3392,3822,5105,5677,5050,4859,4277,2820,21832,1598,0.6787719265115291,22.72643013781962,25.460726599329053,13.823537350733728,36.55726788171896,Subclinical,train
C0581,2,6,5.013,36.18,4.948,6.698,153,19.46,0,1449,1032,3017,2521,2997,3757,4913,5033,5047,4622,4369,2834,21575,1511,0.259,12.18,13.91,3.45,15.63,Healthy,train
C0608,1,3,4.29,35.92,4.256,6.651,176,16.9,0,1398,892,2877,2393,3201,3624,4749,5275,4655,4582,4268,2844,21245,1491,-0.433,9.11,9.11,0.0,9.11,Healthy,train
C0215,1,3,5.875142992255767,37.38360036385951,5.664935261462934,6.922173733497343,418,12.030968803934032,1,1936,1487,4252,3362,4593,5204,6951,7691,7432,6483,6184,3861,31401,2044,0.975935261462934,33.26347466994686,37.200843110021374,24.32738244622213,57.59085711616899,Subclinical,train
C0336,6,18,5.7318874511588005,36.658713727529154,5.606032156811772,6.870678431882288,331,12.614951636705536,0,1315,950,2822,2242,3429,4002,5026,5493,5119,4768,4351,2904,21350,1539,0.9170321568117712,22.87929152552658,26.00244314923377,16.084245723768255,38.956816987941885,Subclinical,train
C0717,2,6,5.139,35.08,5.18,6.454,164,20.96,0,1152,923,2384,1997,2801,3436,4392,4424,4391,4217,3669,2396,18716,1378,0.491,13.45,13.67,3.06,16.51,Healthy,train
C0651,4,12,4.224,35.41,4.231,6.656,147,19.78,0,1180,863,2510,2032,2749,3327,4121,4536,4350,3858,3386,2179,18698,1426,-0.458,7.55,7.16,-0.69,6.86,Healthy,train
C0229,6,18,7.936540809556823,36.98772088366261,7.70534255186862,6.990843779177795,621,11.681014968499614,1,2037,1753,4493,3268,4634,5316,6634,7543,7490,6926,6132,4183,31159,2014,3.0163425518686195,81.52422802146245,73.99456431639044,11.815103951468313,93.33933197293076,Clinical,train
C0371,3,9,4.614,35.68,4.598,6.549,103,23.45,0,1108,763,2448,1822,2631,3075,3512,3858,3909,3488,3406,2097,16400,1185,-0.091,7.98,8.7,1.01,8.99,Healthy,train
C0580,5,15,4.788,34.86,4.846,6.668,117,20.34,0,1087,817,2352,1883,2723,3192,4014,4589,4036,3637,3406,2364,17877,1327,0.157,10.48,9.94,-0.63,9.85,Healthy,train
C0268,3,9,5.677231443655749,36.7456528149208,5.542833818240755,6.832988127074972,308,14.50646878458286,0,1381,1092,2945,2559,3342,3725,4652,5969,5255,5168,4254,2945,22113,1570,0.8538338182407548,22.28793737320996,23.996498270939668,12.97356070177395,35.261498074983905,Subclinical,train
C0003,3,9,6.511,37.26,6.293,6.921,391,15.29,0,1600,1272,3361,2615,3847,4176,5747,6332,5858,5728,5059,3397,25059,1727,1.604,33.52,37.15,27.65,61.18,Subclinical,train
C0048,4,12,5.975167354246923,37.1825427312877,5.7842864472748,6.900369344388393,494,13.804944700686509,0,1566,1166,3531,2378,3359,4322,5169,5664,4902,4920,4567,3057,22827,1660,1.0952864472748003,31.66121658489678,36.014819538995006,26.472166209080324,58.13338279397711,Subclinical,train
C0394,6,18,6.384,37.33,6.162,7.039,730,11.32,1,2078,1566,4210,3562,4206,5626,6981,8149,7465,7097,6739,4377,31382,2103,1.473,54.66,57.03,30.2,84.86,Clinical,train
C0178,2,6,5.521915669345184,36.57184344431961,5.409390700343758,6.7723686888639225,316,14.861876463821584,0,1327,1074,2993,2593,3459,3893,5181,5940,5149,4807,4246,2874,22784,1607,0.720390700343758,18.63908927673345,21.855560597031943,14.05837804819318,32.70087357062128,Subclinical,train
C0437,3,9,4.837,35.53,4.834,6.777,193,16.94,0,1169,917,2450,2050,3029,3284,4065,5096,4339,4319,3928,2707,18866,1375,0.145,14.34,15.03,1.32,15.66,Healthy,train
C0614,2,6,4.549,36.37,4.474,6.553,75,13.57,0,1042,736,2116,1758,2604,2654,3606,3896,3544,3513,3097,2173,15620,1250,-0.215,8.75,8.15,-2.17,6.58,Healthy,train
C0642,2,6,4.85,35.19,4.879,6.479,121,18.4,0,1075,829,2356,1929,2695,2978,3872,4591,4216,3501,3378,2340,16760,1292,0.19,13.05,11.26,-2.7,10.35,Healthy,train
C0209,5,15,4.785,35.78,4.76,6.532,68,15.05,0,1083,782,2280,1841,2713,2949,3827,3941,3674,3571,3149,2083,16241,1291,0.071,13.83,11.19,-3.1,10.73,Healthy,train
C0540,2,6,5.301739125902902,36.4354639512327,5.210187178527792,6.952901657501621,481,15.903774713857045,0,1570,1108,3369,2788,3485,4210,6058,6508,6191,5446,4348,3092,25349,1781,0.5211871785277927,25.89057120553095,25.885606956963706,15.681411624783742,41.571982830314695,Subclinical,train
C0006,3,9,4.453,35.24,4.475,6.708,129,20.11,0,1126,893,2235,2000,2860,3191,4281,4845,4460,4240,3615,2485,18296,1270,-0.214,8.87,8.56,0.87,9.74,Healthy,train
C0238,3,9,4.801,34.94,4.852,6.633,38,17.75,0,1040,785,2296,1838,2361,2922,3641,4331,3825,3496,3185,2320,16812,1274,0.163,9.0,8.81,-0.37,8.62,Healthy,train
C0153,3,9,4.49,36.1,4.439,6.622,107,21.79,0,990,739,2259,1846,2499,2973,3865,3732,3723,3384,3151,2100,15475,1177,-0.25,10.51,10.26,1.76,12.27,Healthy,train
C0058,1,3,4.711,35.61,4.701,6.665,152,19.26,0,1163,901,2613,1994,2626,3096,4129,4453,4324,3967,3629,2241,18213,1404,0.012,7.93,7.93,0.0,7.93,Healthy,train
C0272,5,15,4.307,35.58,4.3,6.456,210,21.66,0,1467,992,2972,2491,3081,3622,4715,5215,4804,4816,3773,2550,21811,1583,-0.389,11.4,11.08,-0.64,10.76,Healthy,train
C0475,2,6,5.036,34.92,5.091,6.635,109,17.29,0,1161,868,2407,1883,2873,3492,4148,4620,4559,3850,3868,2577,18574,1285,0.402,10.73,11.15,0.84,11.57,Healthy,train
C0293,4,12,5.482713117136887,36.44930578782631,5.384365865628352,6.912083290918672,349,15.023657202066593,0,1588,1124,3296,2673,4107,4603,5529,6069,5723,5161,4398,2788,24713,1782,0.6953658656283525,25.398196211721967,26.4430111611865,8.591159928723341,33.98935614044531,Subclinical,train
C0452,4,12,4.624,35.76,4.601,6.668,139,19.63,0,1075,799,2383,1991,2528,2974,3610,4133,4306,3543,3717,2362,16824,1195,-0.088,6.85,6.85,0.0,6.85,Healthy,train
C0659,1,3,6.66,37.79,6.37,7.16,597,12.3,1,2068,1480,4362,3696,4979,5714,7206,7266,6862,6718,5679,4040,31488,2026,1.681,65.0,63.38,18.88,83.88,Clinical,train
C0085,4,12,4.962,35.84,4.93,6.672,136,18.14,0,1319,928,2908,2303,3033,3460,4296,5221,4874,4220,4078,2653,19809,1454,0.241,14.91,14.91,0.0,14.91,Healthy,train
C0752,5,15,4.862,36.0,4.816,6.6,194,19.83,0,1223,904,2627,2143,2817,3098,4022,4757,4422,3967,3585,2432,18378,1279,0.127,16.41,16.14,0.64,17.04,Healthy,train
C0764,6,18,5.76,37.59,5.531,7.12,235,7.5,1,2010,1453,4412,3684,4556,5130,7388,7858,7576,6911,6067,4247,32647,2150,0.842,39.48,34.95,5.3,44.78,Subclinical,train
C0795,4,12,4.19,36.14,4.139,6.715,99,19.3,0,1022,793,2322,1848,2492,2974,3879,3999,3911,3784,3492,2206,16323,1223,-0.55,8.43,8.27,0.59,9.02,Healthy,train
C0091,1,3,6.78,38.38,6.409,7.16,546,8.8,0,1697,1213,3699,2859,3644,4106,4815,5981,6139,6351,5024,3478,24777,1772,1.72,59.54,57.94,14.35,73.89,Clinical,train
C0499,3,9,4.345,35.89,4.313,6.712,157,21.61,0,1200,892,2689,2208,2888,3483,4414,4980,4425,4267,3927,2500,19537,1408,-0.376,9.34,10.18,1.67,11.01,Healthy,train
C0793,6,18,5.028,34.91,5.084,6.643,194,21.8,0,1276,992,2796,2391,3125,3695,4615,5248,5025,4740,3689,2685,20487,1465,0.395,16.45,16.45,0.0,16.45,Healthy,train
C0653,5,15,5.721188494604233,36.800471639422085,5.580546047056246,6.859929254086688,362,13.355226262497414,0,1395,1065,3012,2591,3437,3680,5167,5149,5242,4750,4461,2855,22081,1536,0.8915460470562458,22.935521037136212,27.6717288073323,17.324969716713124,40.26447896286378,Subclinical,train
C0445,5,15,6.757553468874761,37.64244653112524,6.482308815762237,7.027339593375717,583,8.306416264971311,0,1544,1243,3631,3002,4149,4805,6106,6605,6168,5989,5262,3482,26474,1841,1.793308815762237,57.23053204790819,57.06005561387984,18.887459568239,76.1179916161472,Clinical,train
C0359,3,9,6.141,37.14,5.95,6.804,320,13.81,0,1391,1056,3498,2464,3839,4412,5637,5615,5724,5116,4742,3132,23823,1684,1.261,33.79,34.65,12.14,45.93,Subclinical,train
C0446,2,6,4.98,35.98,4.935,6.726,173,18.36,0,1278,1022,2765,2322,3188,3749,5028,5295,4959,4907,3893,2624,20713,1473,0.246,10.84,14.66,7.65,18.48,Healthy,train
C0071,2,6,4.65,35.74,4.629,6.864,167,24.05,0,1136,866,2699,1957,2937,3092,4271,4268,4503,3928,3687,2646,18082,1356,-0.06,13.88,14.27,-1.78,12.1,Healthy,train
C0609,4,12,7.186262685475039,37.82505071925772,6.868724511368316,7.0481526964268895,524,14.675894320181872,1,2055,1510,4526,3614,4796,5234,6304,7836,6938,6895,6412,4526,30095,2003,2.1797245113683155,61.41380675080938,59.578526448257584,22.35285105150694,83.76665780231633,Clinical,train
C0166,6,18,5.759231269605852,37.29298143102465,5.5626970532349,7.017354369776946,398,12.158939095589645,1,1739,1323,3805,3122,4182,4998,6288,7164,6383,6201,5341,3833,28022,1915,0.8736970532348995,33.9164290555414,37.55034413281787,20.988285953076424,54.90471500861783,Subclinical,train
C0571,6,18,5.38,37.35,5.191,6.94,498,8.9,1,1743,1355,3863,3007,4405,4721,6592,6616,6167,5953,5630,3898,27810,1867,0.502,47.57,43.65,12.39,59.96,Subclinical,train
C0132,1,3,5.887012725893555,37.3804709411581,5.676670341189325,6.959474750616517,422,12.894730482909385,1,1929,1493,4218,3462,4623,5222,7016,7641,7419,6660,6201,3936,31492,2077,0.9876703411893256,34.20733970657102,38.12868038894967,24.547971953176244,58.755311659747264,Subclinical,train
C0795,5,15,5.703,36.79,5.563,6.797,330,10.86,1,1976,1511,4348,3398,4452,5057,6210,7315,7160,6538,6416,4330,30651,2029,0.874,27.47,30.16,17.07,44.54,Subclinical,train
C0175,3,9,4.732,35.45,4.736,6.666,173,20.0,0,1253,900,2555,2159,2964,3143,4106,4679,4382,4035,3555,2438,18782,1422,0.047,12.86,12.3,-1.11,11.74,Healthy,train
C0142,1,3,4.97,36.11,4.912,6.715,195,19.05,0,1343,1089,3075,2542,3329,3825,5114,5299,4972,4523,4005,2915,21714,1520,0.223,17.05,17.51,0.91,17.97,Healthy,train
C0377,1,3,4.894,35.46,4.898,6.6,130,20.69,0,1324,935,2626,2170,3102,3381,4547,5114,4738,4380,3972,2627,19406,1459,0.209,9.49,9.49,0.0,9.49,Healthy,train
C0378,5,15,5.711976570817341,37.8214988364316,5.458209981721902,7.359778303686769,546,8.516414187212376,1,1848,1441,3742,3468,4580,5066,6685,6643,7458,6350,5988,3804,29452,1953,0.7692099817219017,59.48134557828729,53.66565192813358,9.47786328147679,68.95920885976408,Clinical,train
C0567,5,15,4.533,36.77,4.424,6.533,110,19.53,0,1091,819,2352,1887,2933,3136,4196,4303,4126,3893,3527,2518,17830,1399,-0.265,10.36,11.25,2.08,12.44,Healthy,train
C0557,2,6,4.561,35.43,4.567,6.696,121,21.56,0,1232,965,2678,2106,3164,3515,4564,4661,4363,4110,3772,2382,19175,1471,-0.122,10.59,10.59,0.0,10.59,Healthy,train
C0329,6,18,5.637,36.76,5.502,6.936,319,17.14,0,1512,1055,3314,2555,3529,4043,5202,6329,5528,5099,4396,3203,22968,1620,0.813,23.45,24.86,13.4,36.85,Subclinical,train
C0505,3,9,6.7030530728231055,37.31900699361535,6.471152373461572,6.718780715092233,534,10.44161648746163,1,1942,1535,3771,3247,4541,5478,6841,7563,7525,6934,5824,3920,32166,2150,1.7821523734615716,42.82938097715093,52.230994492460624,40.29565250484981,83.12824364023152,Clinical,train
C0262,5,15,7.126716054995327,37.78662425307285,6.818007728726803,7.131871477308531,498,12.684039284589026,1,2102,1550,4358,3808,4933,4901,6293,6797,7526,7202,6533,4555,30053,2018,2.1290077287268034,69.33752775764319,64.65409564765253,13.546144319255932,82.87965371651461,Clinical,train
C0384,6,18,5.895848881902203,37.71367513850583,5.647588610559438,6.921522109670885,425,12.059416777900216,1,1816,1317,3912,3323,4883,5323,7197,6862,6581,6596,5786,4088,29698,1958,0.958588610559438,37.631706094256586,40.75135791996026,24.725785211437152,62.35170265673866,Subclinical,train
C0660,4,12,5.79425886446187,37.22060949610904,5.604164053956021,7.043831456355406,362,13.540158268483948,1,1917,1495,4233,3614,4744,5361,7117,7519,7263,7125,6134,4103,31715,2143,0.9151640539560206,31.47001596952537,35.80122735344205,23.274831071986565,54.74484704151193,Subclinical,train
C0652,5,15,4.776,35.52,4.774,6.634,195,18.27,0,1241,939,2906,2272,3551,3868,4806,5215,4672,4728,3980,2789,21428,1583,0.085,15.56,15.24,-0.17,15.39,Healthy,train
C0796,1,3,6.044918325490757,39.18247551806717,5.62288565568706,7.26433757435824,648,10.969996388172872,1,1982,1480,4549,3485,4411,4805,5971,6567,6495,6852,5633,3838,28220,1880,0.93388565568706,65.83710387639056,62.76721986325751,17.210457132212426,83.04756100860298,Clinical,train
C0690,4,12,4.52,35.58,4.513,6.674,162,21.41,0,1240,915,2406,2140,2579,2854,3995,4620,4029,3991,3513,2321,17932,1262,-0.176,10.77,10.77,0.0,10.77,Healthy,train
C0536,2,6,6.558,37.92,6.256,6.892,489,11.66,1,2054,1537,4337,3566,4960,5801,7484,8303,7288,6772,5825,4174,32064,2132,1.567,52.14,52.18,23.39,75.54,Clinical,train
C0423,5,15,4.534,34.79,4.595,6.753,186,26.96,0,1202,911,2679,2124,2982,3405,4478,4862,4590,4282,3724,2435,20236,1477,-0.094,11.22,10.03,-2.38,8.84,Healthy,train
C0085,1,3,4.358,35.45,4.362,6.467,125,23.64,0,1271,871,2480,2215,3106,3436,4688,4724,4857,4606,3616,2494,20331,1452,-0.327,11.14,9.88,-1.63,9.51,Healthy,train
C0705,2,6,4.976,36.22,4.908,6.623,158,20.5,0,1491,1030,3139,2466,3119,3459,4809,4848,4613,4600,3980,2703,20804,1481,0.219,15.49,15.49,0.0,15.49,Healthy,train
C0361,2,6,4.628,35.81,4.601,6.583,186,21.59,0,1139,849,2423,1959,2592,3043,4229,4492,4387,3995,3772,2655,18073,1382,-0.088,11.89,13.38,2.99,14.88,Healthy,train
C0074,3,9,6.71,38.21,6.365,7.06,624,10.4,1,2019,1571,4754,3529,5218,5854,7795,7866,6803,7798,6712,4530,31617,2099,1.676,69.28,65.0,15.76,85.03,Clinical,train
C0084,5,15,4.857,35.83,4.827,6.671,158,20.76,0,1158,861,2556,1953,2741,3148,4088,4544,4084,3527,4001,2413,17739,1339,0.138,11.97,11.97,0.0,11.97,Healthy,train
C0640,4,12,7.017504509619996,37.389755748607335,6.766144954170776,7.010728628003142,426,11.741587634052308,0,1676,1402,3604,2769,3814,4893,6538,6608,5960,5963,5330,3444,27397,1869,2.0771449541707767,46.98693089094351,49.13035041044078,22.810202989644203,69.79713388058771,Subclinical,train
C0157,5,15,4.427,35.73,4.408,6.465,88,17.11,0,978,816,2271,1729,2671,2862,3962,3604,3575,3453,3292,2137,16447,1244,-0.281,9.49,9.49,0.0,9.49,Healthy,train
C0747,4,12,5.07,35.84,5.037,6.679,254,16.98,0,1342,1109,3190,2434,3443,3814,4841,5539,5250,4889,4332,2926,22580,1616,0.348,22.1,20.09,-4.02,18.08,Healthy,train
C0661,2,6,3.829,35.64,3.819,6.696,184,18.32,0,1198,893,2572,2086,2873,3317,4114,4312,4335,3820,3530,2483,18620,1380,-0.87,7.86,8.12,-0.35,7.51,Healthy,train
C0164,4,12,6.80067603323252,38.28466198338374,6.440853967119728,6.955592207883701,520,8.769497047907086,0,1545,1162,3180,2633,3641,4113,5381,5811,5606,5142,4971,3437,23826,1665,1.7518539671197288,56.557863637964765,56.55854510163925,18.312790673499883,74.87065431146465,Clinical,train
C0151,6,18,7.21,38.08,6.857,7.17,483,7.6,0,1597,1179,3448,2734,3734,3492,4524,5334,5759,5850,4706,3514,23348,1618,2.168,60.31,59.57,19.57,79.88,Clinical,train
C0784,4,12,4.496,35.57,4.49,6.523,122,25.76,0,1151,949,2532,2067,3102,3481,4514,4777,4792,4249,3467,2481,19659,1401,-0.199,8.43,10.4,1.64,10.07,Healthy,train
C0075,4,12,4.922,35.18,4.952,6.62,129,23.93,0,1153,887,2483,2142,3024,3096,4245,4529,4231,3858,3755,2456,18411,1395,0.263,12.94,13.23,1.09,14.03,Healthy,train
C0674,6,18,6.372406738416264,38.03273578082862,6.063878070360372,6.926025274740539,545,9.507479530930858,1,1945,1371,3990,3346,4419,5235,6689,7363,6913,6536,5824,4198,29667,1964,1.3748780703603714,52.90406497344043,54.872473617716274,26.636990456811773,79.54402524066325,Clinical,train
C0528,1,3,4.779,34.96,4.828,6.56,192,19.04,0,1205,952,2616,2113,2974,3560,4104,4813,4420,4160,3618,2512,19041,1378,0.139,11.68,13.82,2.67,14.34,Healthy,train
C0565,1,3,4.63,35.09,4.666,6.625,125,23.51,0,1145,933,2466,2098,2883,3107,4109,4444,4407,4395,3318,2146,18581,1317,-0.023,8.82,7.94,-1.76,7.06,Healthy,train
C0688,2,6,6.475453400075668,38.56762362456008,6.097848998667911,7.187129126319772,536,9.4,0,1753,1285,3734,2969,3895,4843,5760,6833,6582,5921,5495,3759,27081,1874,1.408848998667911,52.821991912393536,54.749313270236506,21.192170224484407,74.00653851231787,Clinical,train
C0049,2,6,4.47,35.35,4.483,6.789,166,20.24,0,1268,929,2632,2249,3017,3361,4481,4624,4198,4032,3859,2536,18271,1344,-0.206,10.56,11.02,0.93,11.49,Healthy,train
C0200,1,3,4.522,35.31,4.538,6.763,102,19.52,0,1046,873,2587,2008,2780,3003,4069,4145,3889,3808,3532,2369,16701,1302,-0.151,10.42,8.85,-1.8,8.62,Healthy,train
C0607,5,15,5.73341659419441,37.1194470066329,5.556763368033653,6.824115439012905,355,14.476933192782218,0,1415,1062,2984,2416,3364,3792,5109,5601,5097,4822,4213,2907,21923,1542,0.8677633680336524,24.545776518650538,28.34255764924029,18.458430974680557,43.01420749333109,Subclinical,train
C0429,4,12,4.779,35.03,4.822,6.612,35,18.07,0,1031,745,2264,1879,2578,2814,3686,4298,3883,3815,3290,2308,17176,1304,0.133,9.0,9.0,0.0,9.0,Healthy,train
C0512,6,18,5.3107526112303285,37.18454920309711,5.140156129624375,6.88030731172927,279,14.067465639461329,0,1339,1067,2997,2414,3434,3911,5313,5474,5104,4799,4083,2981,22719,1524,0.4511561296243743,22.627385927845573,24.60952171608792,10.99125893203395,33.60578339753367,Subclinical,train
C0534,5,15,4.255,35.16,4.282,6.619,162,17.18,0,1158,941,2551,1976,2835,3521,4679,4681,4532,3930,3815,2558,19362,1334,-0.407,8.86,8.82,0.53,9.39,Healthy,train
C0349,4,12,6.102,37.69,5.848,7.127,480,12.72,1,1905,1511,4486,3430,4860,5609,7194,8374,7555,7172,6812,4497,31906,2186,1.159,40.94,45.33,29.16,70.1,Clinical,train
C0296,1,3,6.019058490673782,37.271390223033535,5.816098832398102,7.010982002869605,496,12.824975985396328,1,1858,1461,3922,3310,4518,5382,7130,7361,6841,6140,5961,3995,29960,2034,1.127098832398102,40.28175016564143,43.43260199295381,26.934527575327145,67.20946160427884,Subclinical,train
C0139,5,15,5.899,36.72,5.762,6.846,340,14.03,0,1457,1144,3150,2659,3644,4116,5032,5704,5525,4741,4761,3331,23401,1552,1.073,22.95,28.6,20.76,43.71,Subclinical,train
C0684,3,9,5.057,34.61,5.143,6.717,135,16.13,0,1195,913,2609,2219,2754,3201,4043,4695,4152,3917,3792,2481,17990,1391,0.454,11.89,11.89,0.0,11.89,Healthy,train
C0297,6,18,5.500652002787088,37.03766149558326,5.3393975457508445,6.843792313052092,436,16.500824263782775,0,1432,1093,2907,2366,3230,3954,5317,5929,5379,4745,4447,2982,22220,1483,0.650397545750845,35.31021764041953,32.108541328358,4.38950915016898,39.68972679058851,Subclinical,train
C0704,4,12,4.143,34.94,4.187,6.743,129,12.9,0,1130,879,2628,2052,2864,3112,4138,4190,4058,3922,3563,2320,18298,1364,-0.502,9.32,8.67,-1.17,8.15,Healthy,train
C0727,4,12,5.762601771849365,37.5857147287187,5.533984385356625,7.1192041639049,238,7.615243188386597,1,2008,1453,4407,3684,4558,5132,7385,7852,7572,6913,6069,4245,32632,2150,0.844984385356625,39.43974905903629,35.04060287851908,5.608386486851252,45.04813554588754,Subclinical,train
C0324,4,12,4.882,35.32,4.899,6.664,141,22.41,0,1044,819,2177,1873,2913,2977,3819,4181,3975,3459,3221,2267,16678,1274,0.21,14.02,14.02,0.0,14.02,Healthy,train
C0557,6,18,5.725,36.58,5.608,6.851,340,12.51,0,1312,919,2853,2231,3381,4121,5082,5474,5061,4862,4441,3008,21361,1573,0.919,22.02,25.54,17.16,39.17,Subclinical,train
C0648,4,12,4.863,35.46,4.867,6.592,123,16.61,0,1167,898,2540,2048,2789,3036,4186,4394,3762,3735,3545,2415,17689,1294,0.178,12.9,12.9,0.0,12.9,Healthy,train
C0441,1,3,6.108,37.42,5.885,7.031,627,12.37,1,1883,1305,4292,3346,5295,5177,6900,7525,6938,6998,5958,3955,30998,2123,1.196,48.08,53.06,31.08,79.16,Clinical,train
C0730,1,3,4.672,35.47,4.675,6.671,111,16.77,0,1128,823,2300,1837,2752,2899,3737,4397,4072,3801,3297,2218,17151,1271,-0.014,11.55,10.26,0.4,11.95,Healthy,train
C0760,2,6,6.099,36.65,5.966,6.901,377,14.2,0,1419,1089,3256,2383,3809,4420,5465,5494,5335,5390,4423,3104,23730,1687,1.277,29.06,32.19,21.42,50.48,Subclinical,train
C0661,4,12,4.3,35.47,4.302,6.719,147,18.59,0,1128,855,2497,1917,2613,3185,3924,4598,4222,3680,3750,2395,17113,1315,-0.387,9.16,9.64,0.57,9.73,Healthy,train
C0012,5,15,4.749,35.93,4.71,6.533,174,21.57,0,1107,841,2534,2146,2984,3295,4164,4314,4187,4014,3273,2313,19123,1353,0.021,12.65,12.65,0.0,12.65,Healthy,train
C0683,4,12,5.057,35.5,5.057,6.72,86,24.23,0,1070,833,2304,1783,2314,2569,3552,3940,3816,3420,3225,2148,15733,1315,0.368,11.37,11.43,-0.22,11.15,Healthy,train
C0169,6,18,5.299682391249573,37.05472026456455,5.143131693717042,6.9001754159242665,326,13.953222589672984,0,1414,1054,3063,2448,3504,3880,4863,5428,5038,4635,4249,2936,22291,1573,0.4541316937170423,21.177756845562676,22.372237883483606,11.277872378561302,32.455629224123975,Subclinical,train
C0691,3,9,5.224,36.21,5.154,6.792,324,15.35,0,1340,926,2821,2279,3429,3734,4683,5445,5157,4625,4251,2855,20910,1456,0.465,18.23,20.01,11.37,29.61,Healthy,train
C0378,2,6,5.816,37.06,5.644,6.841,373,12.87,0,1442,1111,3035,2441,3442,3960,5168,5495,5226,5225,4384,3168,23130,1637,0.955,29.5,30.12,14.15,43.66,Subclinical,train
C0788,6,18,4.826,35.74,4.804,6.573,109,23.69,0,1111,799,2335,1862,2611,3055,3803,4233,3846,3806,3232,2331,17553,1317,0.115,14.12,14.12,0.0,14.12,Healthy,train
C0244,4,12,4.457,34.8,4.516,6.541,148,21.2,0,1164,897,2707,2181,2848,3210,3984,4546,4332,4044,3616,2574,18037,1433,-0.173,8.37,7.99,-0.78,7.6,Healthy,train
C0554,4,12,6.33,39.09,5.898,7.05,777,12.5,1,1896,1434,3996,3385,4329,4867,6214,6850,6860,6955,6210,4079,29247,1949,1.209,75.47,69.81,13.29,88.76,Clinical,train
C0268,1,3,6.05,38.43,5.713,7.08,473,9.9,1,1932,1476,4244,3276,5014,5555,7109,8151,7154,6556,6175,4118,32157,2064,1.024,53.77,52.93,17.7,71.47,Clinical,train
C0732,5,15,4.447,35.37,4.458,6.621,121,22.12,0,1179,863,2679,2024,2568,3089,3895,4706,4358,3931,3267,2107,18183,1319,-0.231,7.06,8.19,1.62,8.68,Healthy,train
C0673,2,6,6.501154541676561,37.31807726035328,6.276024263960219,7.006419586551878,296,14.371257882737115,0,1578,1172,3370,2621,3890,4324,5775,6867,6042,5802,4672,3237,25539,1759,1.587024263960218,37.1411678841844,38.394671956137785,17.003872415949235,54.14826581694378,Subclinical,train
C0297,2,6,4.201,35.28,4.219,6.809,156,18.39,0,1164,866,2483,2076,2670,3019,3773,4510,4339,3935,3546,2444,18052,1315,-0.47,11.69,8.52,-2.86,8.83,Healthy,train
C0740,2,6,5.472464449896262,37.20420342299712,5.2954018221756485,6.994874744558772,483,11.05482970020326,1,1774,1201,3570,2844,4250,4991,6498,6357,6698,6083,5283,3632,27837,1851,0.6064018221756482,33.615821696095885,37.12117251333846,27.57290063039884,61.17736461191562,Subclinical,train
C0143,4,12,6.557809301413133,38.10391063857416,6.2340271736983,6.970770151979631,435,6.591819450795584,1,2147,1641,4643,3793,4633,5140,6970,7326,7334,6640,5547,3943,30561,1968,1.5450271736983,59.44776682530942,54.02563514444335,10.280956336905774,69.7287231622152,Subclinical,train
C0067,5,15,7.79154715962285,37.211166155560605,7.537663775178911,7.051006980336249,622,10.284242413813494,1,2025,1717,4483,3259,4613,5326,6689,7541,7351,6824,6162,4211,31150,2011,2.848663775178911,83.06146417648509,74.44101130169247,9.912483776735302,92.9739479532204,Clinical,train
C0056,3,9,4.726,35.64,4.713,6.511,95,13.24,0,1125,765,2162,1927,2410,2810,3612,4359,3718,3572,3459,2122,16053,1192,0.024,10.29,8.9,-1.66,8.63,Healthy,train
C0156,4,12,5.841670189789052,36.87490343133269,5.688878210630855,6.784341740233945,382,14.13594295511045,0,1491,1100,3173,2552,3748,3918,5277,5799,5431,4996,4711,3094,23243,1607,0.9998782106308552,30.23961488619328,30.531025917219345,15.55982163008631,45.80943651627959,Subclinical,train
C0355,4,12,5.548438812104222,37.06290374129199,5.382955534782732,6.992900490381568,222,10.63068102942938,1,1922,1465,4432,3428,4876,5450,6883,7606,7096,7147,5930,3990,31725,2115,0.6939555347827323,21.55813984404831,26.531500359801967,19.343800761162825,40.90194060521113,Subclinical,train
C0260,2,6,4.619,35.6,4.61,6.697,173,19.17,0,1226,834,2583,2073,2708,3210,4325,4617,4236,3777,3559,2634,18633,1483,-0.079,13.1,12.64,-1.02,12.08,Healthy,train
C0058,2,6,5.611265704040592,36.57408964228944,5.497506462833087,6.8002426053162335,228,17.710785631470074,0,1369,1153,3321,2562,3483,3802,5403,6049,5348,5204,4916,2998,24096,1565,0.808506462833087,10.305299974219515,13.870544896279236,14.86328084338454,25.16858081760406,Subclinical,train
C0800,4,12,6.311265400225265,39.30544789740945,5.854442055523742,7.10152014938052,902,14.65447897409449,1,1800,1442,3921,3280,4171,4940,6208,6856,6844,6817,6078,3842,29221,1954,1.165442055523742,80.51429098934732,74.56390469283893,13.847354343298356,94.36164533264568,Clinical,train
C0470,5,15,4.598,35.97,4.557,6.671,214,20.97,0,1265,884,2580,2187,3063,3465,4665,4652,4289,4188,3922,2613,19484,1372,-0.132,17.66,15.43,-2.69,14.98,Healthy,train
C0008,2,6,5.021,36.17,4.957,6.659,233,17.51,0,1220,914,2700,2215,2693,3375,4197,4286,3936,3988,3746,2574,17991,1329,0.268,21.79,19.92,-3.17,18.62,Healthy,train
C0388,3,9,4.915,35.76,4.891,6.737,109,23.35,0,1105,863,2447,1856,2657,2922,3832,4156,3878,3586,3325,2191,16527,1254,0.202,11.22,12.17,2.69,13.92,Healthy,train
C0670,1,3,6.075476938134875,37.15300180291616,5.88452666769745,6.997584773089304,395,11.396986555437556,0,1508,1132,3083,2532,3640,3953,5266,6092,6116,5264,4623,3088,24193,1689,1.1955266676974503,35.714199969076496,37.07982609589909,17.57148024523099,53.28568021430748,Subclinical,train
C0797,5,15,7.110073780130144,38.69435598107633,6.67431644802842,7.15056932056771,518,8.957177990538163,0,1667,1213,3564,2863,3691,4096,5079,6026,6017,6075,5002,3408,24801,1781,1.98531644802842,62.76529236584311,61.19987152376151,15.902918546517052,78.66821091236017,Clinical,train
C0737,2,6,5.245,35.37,5.258,6.728,53,18.5,0,991,717,2219,1664,2440,2796,3530,3813,3479,3354,3099,2046,15196,1127,0.569,13.41,13.63,-1.28,12.13,Healthy,train
C0798,2,6,4.595,34.74,4.661,6.647,88,12.98,0,1001,767,2145,1738,2394,2660,3221,3969,3552,3378,3054,2058,15443,1157,-0.028,6.1,8.23,2.97,9.07,Healthy,train
C0751,4,12,4.284,36.14,4.232,6.655,112,17.57,0,1087,827,2380,1975,2845,3126,4209,4475,4353,4287,3494,2410,18383,1381,-0.457,10.29,9.07,-2.8,7.49,Healthy,train
C0091,3,9,4.742,34.97,4.79,6.563,193,18.72,0,1157,963,2566,2178,3005,3439,4472,5066,4425,4105,3773,2710,20089,1429,0.101,15.45,13.2,-3.77,11.68,Healthy,train
C0535,4,12,5.913,36.83,5.764,6.896,330,14.46,0,1573,1181,3242,2751,3806,4208,5214,5811,5434,5307,4658,3228,24304,1753,1.075,29.13,29.74,14.98,44.11,Subclinical,train
C0472,2,6,7.682560877286955,37.810929569226296,7.346758767288407,7.192551753457681,381,8.581258913521628,1,2153,1722,4629,3882,4776,5098,6340,6506,6990,6618,6625,4670,29496,1861,2.6577587672884078,70.51823493408267,64.63061732080813,13.865889663775963,84.38412459785864,Clinical,train
C0082,5,15,4.396,35.86,4.366,6.754,117,21.81,0,1040,834,2373,1942,2733,2992,4086,4170,3983,3740,3604,2438,17583,1237,-0.323,9.98,10.46,-1.29,8.7,Healthy,train
C0295,5,15,6.842570248898877,37.23818036697812,6.615222561622709,6.806876539692489,362,15.117400327049088,1,1923,1481,4314,3483,4428,5225,6737,7937,7725,7052,5624,4096,31207,2063,1.926222561622709,39.03321002819629,44.67963530533409,32.634028595789495,71.66723862398578,Clinical,train
C0448,4,12,5.819,36.92,5.662,6.916,540,13.86,0,1626,1210,3666,3023,3448,3977,5479,6370,5798,5192,4790,3237,24780,1727,0.973,32.14,37.57,27.61,59.74,Subclinical,train
C0585,6,18,4.682,36.01,4.637,6.548,179,20.28,0,1291,898,2606,2067,2726,3168,4068,4420,4167,4121,3691,2334,18684,1340,-0.052,12.92,12.66,-0.53,12.39,Healthy,train
C0754,3,9,5.021,35.46,5.025,6.589,229,19.16,0,1192,922,2537,2034,2788,3175,4186,4562,4140,3822,3548,2363,18426,1357,0.336,16.48,16.55,3.22,19.7,Healthy,train
C0720,1,3,6.622970752845751,37.88678525350564,6.322161351910914,6.922505744817159,519,10.713418125378064,1,1980,1526,4283,3698,4897,5422,7470,8089,7106,6683,6432,4253,30889,2061,1.633161351910914,52.877282324168384,55.11883194418484,26.303633185867408,79.17349492631294,Clinical,train
C0480,4,12,5.22,36.93,5.078,6.966,315,13.78,0,1412,1050,2949,2374,3623,3763,4812,5422,4892,4654,3970,2824,22107,1551,0.389,24.76,23.37,6.49,31.25,Subclinical,train
C0223,5,15,5.081,35.84,5.048,6.824,214,20.49,0,1410,992,2770,2358,3211,3818,4794,5476,4843,4423,4203,2882,21272,1443,0.359,20.66,19.91,-0.76,19.9,Healthy,train
C0401,2,6,4.648,35.97,4.606,6.303,129,21.45,0,1210,945,2630,2271,2955,3504,4586,4413,4184,3787,3648,2512,18583,1461,-0.083,10.45,10.68,0.46,10.91,Healthy,train
C0356,2,6,6.499,37.08,6.304,6.965,571,12.08,1,2073,1349,4498,3756,4689,5395,6760,8349,7710,6827,6064,4184,31257,2055,1.615,49.43,54.42,31.17,80.6,Clinical,train
C0255,5,15,6.016572918537945,37.202684748568906,5.82209630682505,6.770838639718203,367,14.386847485689016,0,1470,1172,3500,2582,4005,4198,5408,6046,5561,5152,4460,2971,25148,1776,1.13309630682505,31.90065845354151,33.670611298982884,17.97229959312582,49.87430042095178,Subclinical,train
C0392,6,18,5.5412743533031,36.65515680123445,5.419153273333962,6.991291797376791,462,15.645879557720038,0,1510,1149,3292,2771,4010,4290,5923,6396,5850,5285,4816,3410,24647,1603,0.730153273333962,30.474824582119314,30.58858781174615,13.332116328093202,43.8081517099039,Subclinical,train
C0399,2,6,5.623534282524625,36.61156663256686,5.504930620290934,6.867359308099479,334,16.155947103144154,0,1321,1029,2689,2400,3361,3664,4782,5366,4890,4659,4138,2946,20492,1493,0.8159306202909337,23.8160244024397,25.671507616423725,13.069582907085788,36.88560730952549,Subclinical,train
C0662,4,12,6.848094621950245,37.739474081734734,6.558470416708792,7.095248410482906,551,6.590882638818679,1,1980,1421,3906,3337,4683,5389,7117,8131,7063,6757,6310,4157,30934,2049,1.869470416708792,66.55260049402686,63.10044939853663,18.458240108447505,85.01084060247437,Clinical,train
C0622,6,18,4.923,35.67,4.907,6.708,102,22.92,0,1142,855,2721,2175,2817,3243,4118,4701,4394,4067,3335,2354,18965,1354,0.218,13.38,12.81,-0.47,12.91,Healthy,train
C0261,6,18,4.578,35.7,4.561,6.66,136,18.25,0,1144,854,2450,1942,2831,3414,4614,4792,3913,3805,3892,2364,18793,1343,-0.128,13.83,13.0,-0.87,12.96,Healthy,train
C0692,1,3,5.326261531780848,37.26315226577742,5.149174563010524,7.165007223921073,367,10.589770772970274,1,1816,1436,3954,3060,4615,5076,6669,7157,6832,6346,5721,3645,29776,1995,0.460174563010524,26.87690402651147,34.340593240257846,25.441660881496976,52.31856490800844,Subclinical,train
C0175,4,12,4.289,35.56,4.284,6.686,178,16.13,0,1249,989,2527,2264,3090,3311,4365,5368,4583,4310,4038,2930,19858,1457,-0.405,9.13,9.11,-0.03,9.1,Healthy,train
C0020,6,18,5.154,35.68,5.136,6.674,144,23.13,0,1159,906,2647,2091,3061,3319,4550,4739,4434,4227,3574,2415,18906,1388,0.447,19.49,16.08,-5.26,14.23,Healthy,train
C0375,2,6,5.935,37.73,5.684,6.826,433,11.57,1,1987,1430,4019,3305,4678,5083,6894,7598,6508,6482,5746,3794,30011,1994,0.995,37.71,40.92,23.74,61.45,Subclinical,train
C0408,5,15,4.188,36.16,4.135,6.701,109,18.46,0,1096,904,2525,2005,2794,3195,4011,4738,4448,3819,3456,2379,18603,1360,-0.554,9.02,9.02,0.0,9.02,Healthy,train
C0064,2,6,6.80025739375625,37.9035267996,6.4893680225575,7.061801756293749,539,8.223165438062495,1,1939,1392,4026,3195,4907,5491,6703,7436,6475,5736,6308,4148,29082,1864,1.8003680225574996,66.70400828201255,63.68152215913753,16.100306851949984,82.80405774020629,Clinical,train
C0699,4,12,4.922,35.72,4.901,6.536,128,18.35,0,1161,918,2532,2106,2946,3486,4577,5094,4690,4180,3570,2574,20188,1453,0.212,15.26,13.23,-2.34,12.92,Healthy,train
C0193,4,12,5.057,35.14,5.092,6.712,221,21.25,0,1539,1092,3195,2515,3206,3657,4745,5696,5578,5384,4461,3001,21784,1599,0.403,12.89,15.8,3.31,16.2,Healthy,train
C0314,6,18,6.64,37.58,6.378,6.936,459,11.8,0,1646,1237,3453,3006,4186,4534,6159,6740,5962,5584,5152,3713,25696,1774,1.689,47.2,46.93,21.55,68.75,Subclinical,train
C0420,6,18,4.296,34.68,4.363,6.814,170,15.66,0,1216,865,2508,2095,2824,3053,3980,4935,4352,4381,3655,2375,19361,1414,-0.326,10.96,9.05,-5.07,5.88,Healthy,train
C0545,5,15,4.374,36.1,4.324,6.695,135,21.8,0,1112,907,2537,2073,2659,3212,4103,4412,4279,4102,3755,2367,18196,1396,-0.365,11.01,9.49,-2.9,8.11,Healthy,train
C0254,4,12,5.013,35.31,5.031,6.628,96,28.04,0,1229,949,2650,2195,2927,3564,4508,4759,4365,4246,3725,2710,19137,1453,0.342,11.83,10.79,-0.78,11.05,Healthy,train
C0194,1,3,6.845711263268506,38.56112787257424,6.447320455506064,7.206616382277289,474,9.4,0,1769,1277,3879,2989,4332,4892,5944,6563,6325,5676,5449,3668,27491,1859,1.7583204555060636,53.37413083118987,55.04811786158511,20.81541660930573,74.18841956792137,Clinical,train
C0521,1,3,6.278122110531751,37.93,5.988147845230297,7.332726390994644,647,8.448045649961747,1,2085,1564,4217,3328,4513,4329,6067,7412,6693,6360,5939,3906,28184,1908,1.2991478452302965,66.38004849529455,61.980258478886746,18.862125537394803,85.24217403268935,Clinical,train
C0562,1,3,4.498,35.36,4.51,6.613,120,21.68,0,1156,919,2755,2085,2741,3093,4417,4628,4550,4307,3769,2539,18749,1472,-0.179,10.96,11.21,-1.54,9.42,Healthy,train
C0527,4,12,4.377,35.19,4.403,6.697,141,19.58,0,1089,815,2506,2098,2951,3390,4068,4522,4084,3809,3357,2376,17979,1339,-0.286,7.71,7.95,-0.31,7.39,Healthy,train
C0573,2,6,6.115813623868228,38.13374406105021,5.811057855376384,7.066855912839531,571,14.737916524618376,1,1784,1578,4229,3532,5161,5429,7772,8197,7019,6967,5932,3848,32501,2224,1.1220578553763842,46.55382464947807,51.960011025609845,31.3387092796412,77.89253392911928,Clinical,train
C0146,3,9,4.79,36.02,4.743,6.649,142,15.88,0,1169,883,2529,2086,2790,3239,4142,4568,4260,3998,3710,2568,17221,1289,0.054,12.0,12.94,3.09,15.08,Healthy,train
C0040,4,12,5.19,35.29,5.211,6.494,146,22.69,0,1239,954,2819,2295,3244,3475,4848,5228,5265,4512,4068,2801,21641,1550,0.522,16.86,17.37,1.02,17.88,Healthy,train
C0409,1,3,5.944,37.58,5.709,7.046,374,11.31,1,1863,1498,4123,3411,4432,4991,5761,6779,7249,6679,6475,4106,29182,1958,1.02,31.87,38.86,28.45,60.32,Subclinical,train
C0352,5,15,4.453,35.9,4.419,6.68,167,18.52,0,1163,936,2538,1967,2730,3325,4169,4430,4195,4004,3663,2471,18098,1306,-0.27,13.48,10.27,-4.95,8.53,Healthy,train
C0055,6,18,5.253,36.09,5.194,6.619,254,18.37,0,1202,939,2533,2231,3073,3453,4643,5077,4713,4217,3628,2413,19942,1462,0.505,21.3,22.59,3.17,24.47,Healthy,train
C0275,3,9,4.963,35.22,4.989,6.514,129,18.71,0,1133,855,2441,1950,2805,3147,4161,4635,4493,4043,3514,2356,18583,1321,0.3,10.35,12.55,3.91,14.25,Healthy,train
C0493,6,18,4.776,35.49,4.777,6.726,202,21.59,0,1317,1016,2789,2234,3100,3837,4873,4874,4773,4168,3775,2639,20241,1483,0.088,15.13,14.55,0.39,15.51,Healthy,train
C0680,3,9,6.521108906211225,37.39305709492571,6.285414615703795,6.848128624890559,392,15.26525583027317,1,1939,1457,4295,3547,4527,5289,6846,7990,7634,7068,5635,4108,31202,2075,1.5964146157037955,36.49738369901935,43.043836845132034,33.93607938364897,70.43346308266833,Clinical,train
C0174,5,15,6.918305411506144,37.36185102736995,6.673416027928115,7.022038356208076,413,11.914004452202253,0,1661,1394,3600,2788,3850,4915,6513,6672,5981,6031,5288,3442,27442,1869,1.984416027928116,45.70556884096322,47.69693288062275,21.719653080515105,67.42522192147833,Subclinical,train
C0350,2,6,5.689,36.88,5.54,6.811,269,13.71,0,1598,1170,3402,2654,3399,3808,5043,5441,5323,4765,4270,2845,23527,1617,0.851,20.93,22.21,11.0,31.92,Subclinical,train
C0789,3,9,5.919550585985369,37.48498960116085,5.696086981922402,7.042644543864221,407,10.955426352405256,1,1834,1448,4206,3144,4452,4908,6724,7124,6632,6424,5699,3708,29662,1985,1.0070869819224024,35.91028748423148,41.02820955803336,26.434178491706945,62.339476374777576,Subclinical,train
C0005,5,15,7.14,38.06,6.793,7.02,459,8.2,1,1969,1560,4509,3572,4943,5433,7084,7630,7315,7295,6851,4551,32134,2143,2.104,66.08,64.89,19.39,85.47,Clinical,train
C0769,6,18,5.865,37.17,5.679,6.841,397,13.95,0,1532,1199,3387,2809,3513,4103,5630,5817,6024,5540,4779,3197,25108,1765,0.99,27.88,32.6,19.73,47.61,Subclinical,train
C0564,6,18,5.971,37.04,5.796,6.891,330,12.63,0,1522,1180,3474,2766,3836,4147,6024,5957,5376,5061,5027,3256,23649,1608,1.107,24.86,28.38,19.34,44.2,Subclinical,train
C0687,4,12,5.044,36.46,4.952,6.795,266,17.22,0,1357,971,2720,2265,2817,3300,4224,4416,4374,3847,3900,2477,18622,1395,0.263,16.29,17.4,7.53,23.82,Healthy,train
C0155,4,12,4.426,35.56,4.421,6.581,158,23.71,0,1208,925,2719,2168,2979,3392,4664,4467,4027,3842,3771,2615,18696,1366,-0.268,10.62,10.96,0.92,11.54,Healthy,train
C0130,4,12,5.187,35.53,5.184,6.691,152,22.73,0,1281,960,2913,2287,2986,3410,4283,4865,4788,4084,4003,2772,20251,1458,0.495,17.64,17.64,0.0,17.64,Healthy,train
C0104,1,3,4.859,35.77,4.834,6.674,143,22.88,0,1223,923,2742,2111,2809,3093,4038,4442,4375,3965,3824,2511,18110,1355,0.145,10.97,10.97,0.0,10.97,Healthy,train
C0242,4,12,5.99,36.89,5.832,7.075,470,12.61,1,1963,1494,4224,3400,4519,5581,7471,7356,7205,6638,6187,4231,31298,2053,1.143,36.32,41.33,27.27,63.59,Subclinical,train
C0750,2,6,6.185188513144609,38.07220526480872,5.883508481236677,7.243199680920684,583,8.665998404603418,1,1928,1392,4135,3406,4831,5532,6970,7598,6885,6601,6250,4168,30480,2009,1.1945084812366773,61.97309598014285,59.17886997517856,18.250192501636064,80.22328848177891,Clinical,train
C0021,2,6,6.061127688186078,38.87008158962155,5.671491811990484,7.094095110432179,545,5.553885425961502,0,1594,1196,3398,2891,3871,4417,6210,6098,5466,5681,4771,3422,26362,1735,0.9824918119904844,49.42697010317033,50.79319307607276,19.476494551009445,68.90346465417979,Subclinical,train
C0703,6,18,5.436152593520586,36.586751836862994,5.324525907475303,6.917698130268418,456,15.598289560180486,0,1554,1121,3394,2756,3578,4209,5935,6420,6059,5386,4376,3069,25303,1777,0.6355259074753038,26.923401963199307,27.212285338644747,15.89088715873338,42.81428912193269,Subclinical,train
C0784,6,18,5.025,35.49,5.026,6.566,136,24.02,0,1217,888,2545,2093,2992,3208,4471,4870,4515,4009,3569,2451,19475,1458,0.337,14.64,13.93,-1.43,13.21,Healthy,train
C0295,6,18,7.31,37.52,7.029,7.26,557,10.9,1,2289,1738,5364,4222,5640,5853,7454,8569,7911,7709,6965,4666,35744,2328,2.34,71.75,67.53,16.89,88.65,Clinical,train
C0041,1,3,4.414,35.05,4.452,6.588,83,24.55,0,982,708,2198,1635,2489,2623,3612,3710,3528,3083,2772,2039,15338,1183,-0.237,9.52,8.24,0.06,9.58,Healthy,train
C0299,4,12,6.031,37.41,5.812,6.936,529,14.56,1,1961,1507,4431,3461,4677,5153,6642,7849,6920,7088,5951,3962,30363,2096,1.123,40.39,45.64,31.63,72.01,Clinical,train
C0101,4,12,4.137,35.77,4.116,6.665,81,18.4,0,984,714,1960,1708,2535,2729,3483,3894,3477,3441,2804,2147,15365,1212,-0.573,10.04,7.97,-5.21,4.83,Healthy,train
C0627,4,12,5.196,36.35,5.112,6.807,275,16.63,0,1383,1023,2875,2257,3216,3595,4706,5117,4564,4139,3778,2919,19664,1469,0.423,17.45,19.94,10.04,27.49,Healthy,train
C0525,1,3,6.46,38.05,6.147,6.97,443,7.0,1,2099,1603,4570,3746,4652,5210,6929,7338,7276,6587,5539,3923,30566,1982,1.458,56.17,52.53,13.34,69.51,Subclinical,train
C0227,5,15,4.787,35.31,4.804,6.483,201,19.78,0,1309,908,2520,2128,2988,3476,4450,4669,4437,4134,3946,2462,19400,1378,0.115,10.29,12.54,3.45,13.74,Healthy,train
C0437,4,12,5.952248873898826,37.24102221540856,5.755129217089488,7.03153880803113,521,13.371600122645964,1,1892,1495,3842,3276,4474,5435,7108,7460,6899,6154,5847,4004,29938,2071,1.0661292170894887,39.84024605478595,43.056505898521365,27.47414371081717,67.30523762832686,Subclinical,train
C0254,1,3,4.831,35.6,4.822,6.72,156,15.89,0,1094,875,2330,2117,2813,3138,3850,4505,4525,4024,3947,2600,17957,1228,0.133,17.7,15.27,-6.71,10.99,Healthy,train
C0605,4,12,4.919,35.76,4.895,6.508,144,17.4,0,1130,888,2698,1954,2897,3259,4157,4407,3923,3744,3646,2555,17853,1286,0.206,14.94,13.94,-1.58,13.36,Healthy,train
C0378,4,12,4.575,35.61,4.565,6.674,165,20.49,0,1154,919,2416,1976,2806,3161,4301,4768,4573,4254,3541,2522,18886,1395,-0.124,11.8,11.8,0.0,11.8,Healthy,train
C0333,3,9,4.963,36.08,4.908,6.687,223,17.16,0,1315,1004,3022,2254,3110,3682,4702,5031,4657,4272,3886,2714,20305,1453,0.219,17.62,18.11,0.98,18.59,Healthy,train
C0348,4,12,4.531,36.07,4.482,6.712,153,22.07,0,1199,854,2660,2066,2689,3156,4177,4705,4321,3946,3624,2443,18052,1307,-0.207,9.34,9.34,0.0,9.34,Healthy,train
C0327,2,6,6.547,37.41,6.309,7.031,383,11.14,0,1467,1195,3386,2749,3945,4402,5722,5994,5856,5467,4772,2916,24597,1716,1.62,38.52,41.16,21.78,60.31,Subclinical,train
C0157,6,18,6.185386361952132,37.0194342031037,6.006862760488752,7.007882152239305,403,11.37335427981155,1,1848,1398,3958,3192,4955,5398,7518,7814,6930,6542,5923,3940,30512,2050,1.317862760488752,35.9714065144306,40.87989985012317,25.98358550775925,61.954992022189856,Subclinical,train
C0396,1,3,4.696,35.86,4.664,6.686,194,18.74,0,1122,877,2459,1977,3006,3381,4529,4292,4217,4001,3460,2341,18577,1353,-0.025,14.49,14.47,-0.37,14.12,Healthy,train
C0379,3,9,4.957,35.61,4.947,6.791,198,15.45,0,1220,868,2715,2240,3251,3524,4936,4928,4514,4196,4083,2937,19503,1469,0.258,16.9,15.88,-1.82,15.07,Healthy,train
C0782,2,6,5.192,36.15,5.128,6.773,255,14.4,0,1265,949,2733,2056,3162,3551,4586,5408,5260,4673,4383,2778,21215,1495,0.439,15.43,16.86,6.59,22.02,Healthy,train
C0645,5,15,6.34,38.57,5.97,7.18,559,9.4,0,1748,1289,3682,2962,3736,4826,5693,6933,6676,6011,5512,3793,26931,1880,1.281,52.62,54.64,21.33,73.94,Clinical,train
C0472,6,18,4.864,35.05,4.906,6.782,125,20.68,0,944,784,2216,1804,2638,2788,3810,3904,3974,3564,3165,2102,16675,1174,0.217,10.66,10.89,0.44,11.1,Healthy,train
C0136,4,12,4.714,35.4,4.723,6.807,173,23.46,0,1357,1005,2646,2304,3110,3724,5040,4948,4442,4039,3993,2852,20466,1403,0.034,13.43,13.2,-0.45,12.98,Healthy,train
C0181,1,3,4.677,35.03,4.719,6.557,207,25.1,0,1301,942,2533,2180,3101,3268,4411,4972,4511,4230,3905,2725,20091,1390,0.03,17.88,14.14,-6.5,11.38,Healthy,train
C0422,1,3,4.379,34.72,4.444,6.756,155,16.6,0,1218,828,2621,1995,2764,3186,4088,4732,4598,4007,3673,2550,18239,1384,-0.245,7.58,9.13,0.11,7.69,Healthy,train
C0730,5,15,4.618,35.87,4.586,6.65,136,21.19,0,1156,860,2579,2056,3004,3164,3960,4978,4581,4180,3282,2282,18553,1397,-0.103,10.0,10.92,2.32,12.32,Healthy,train
C0115,1,3,6.833258155470998,37.91158567547066,6.5170129415843885,7.112201038490554,493,8.766031154716606,0,1669,1292,3466,2820,3892,4292,5537,6149,5835,5822,4897,3383,25922,1769,1.8280129415843889,55.29384636980113,55.8596264241422,20.30454080603845,75.59838717583959,Clinical,train
C0018,2,6,4.785,35.44,4.79,6.475,215,18.69,0,1322,956,2898,2354,3130,3577,4445,4891,4706,4350,4039,2797,19948,1469,0.101,13.84,14.28,-0.47,13.37,Healthy,train
C0707,3,9,4.886,34.77,4.954,6.775,159,23.28,0,1347,972,2966,2479,3530,3646,4855,5208,4833,4464,4157,2803,21913,1572,0.265,12.31,11.99,-0.54,11.78,Healthy,train
C0778,6,18,5.135,35.52,5.133,7.052,180,24.14,0,1233,916,2706,2106,3153,3482,4424,5000,4902,4158,4290,2706,19629,1506,0.444,19.57,18.23,-3.38,16.19,Healthy,train
C0088,4,12,4.885,35.54,4.881,6.715,91,24.35,0,1034,747,2279,1824,2285,2616,3467,4036,3845,3450,3264,2071,15708,1189,0.192,10.6,10.6,0.0,10.6,Healthy,train
C0113,4,12,6.302112864740782,37.03067584878514,6.119045279862268,6.955270339514056,451,11.069684933154422,1,1847,1341,4114,3337,4465,5217,6889,7326,7363,6519,5827,4004,29267,1944,1.4300452798622678,38.93853677734849,43.1026180767552,28.56137790426615,67.49991468161464,Subclinical,train
C0466,4,12,5.071,36.39,4.985,6.779,290,16.02,0,1421,1061,3233,2526,3494,4093,4957,5402,5438,4725,4667,3147,22711,1577,0.296,17.97,18.82,3.46,21.43,Healthy,train
C0483,4,12,7.664613816059732,37.80705958297784,7.330069451591933,7.189213890318387,381,8.63326185373528,1,2151,1720,4624,3877,4771,5087,6334,6508,6991,6617,6621,4666,29486,1862,2.641069451591933,70.05722282223513,64.33141900897422,14.137998071870651,84.19522089410579,Clinical,train
C0583,1,3,4.623,35.13,4.655,6.649,84,25.58,0,1119,915,2479,1967,2738,3137,3722,4326,4450,3649,3315,2594,17596,1360,-0.034,9.69,8.4,-2.66,7.03,Healthy,train
C0149,5,15,5.727,38.33,5.419,7.134,515,13.42,1,1924,1386,4219,3223,4457,5122,6672,7240,6820,5950,5459,3705,29342,1978,0.73,40.51,44.9,28.43,68.94,Subclinical,train
C0056,1,3,5.801606276326799,36.27865548961746,5.715687232395041,7.077163339362932,440,16.407614134746197,0,1579,1225,3602,2634,4291,4614,5110,5783,5296,5073,5089,3383,23440,1748,1.026687232395041,26.619600550073137,30.951783165667056,19.87378746469427,46.48847717305076,Subclinical,train
C0562,5,15,5.867962816400723,38.20213878249408,5.56399981257051,6.993852015320853,529,6.455374541629228,1,1940,1673,4359,3438,4037,4550,6340,8090,7196,6863,6259,3881,30609,2036,0.8749998125705103,55.51614944179271,54.57079696847872,19.758485176440782,75.27463461823349,Clinical,train
C0192,2,6,6.664331827025149,37.70045146678819,6.384760894688011,6.996487063617319,434,8.739809003006293,1,2128,1603,4437,3710,4753,4920,6289,7465,7161,6696,6053,3880,30492,1993,1.695760894688011,52.99747522770115,54.39280255708511,22.404264650932543,75.40944955043324,Clinical,train
C0616,4,12,4.251,36.13,4.2,6.592,183,18.64,0,1184,911,2753,2161,2890,3557,4834,4823,4502,4178,3982,2529,19614,1454,-0.489,9.12,9.28,2.9,12.02,Healthy,train
C0579,1,3,4.387,35.72,4.369,6.621,206,20.1,0,1268,963,2499,2127,3248,3371,4343,4646,4795,4461,3599,2396,19440,1406,-0.32,11.97,11.97,0.0,11.97,Healthy,train
C0610,1,3,6.169,37.24,5.965,6.866,416,16.78,0,1527,1089,3265,2648,3652,4225,5358,6066,6094,5244,4707,3235,23575,1695,1.276,33.3,34.72,22.65,55.95,Subclinical,train
C0384,3,9,4.195,36.12,4.146,6.759,201,19.67,0,1232,955,2728,2168,2783,3273,4369,4434,4286,4235,3798,2846,18955,1308,-0.543,13.36,10.68,-5.38,7.99,Healthy,train
C0677,6,18,4.461,35.98,4.42,6.611,141,21.98,0,1173,908,2633,2031,2834,3099,4363,4934,4516,3901,3393,2210,19034,1443,-0.269,7.2,9.48,3.26,10.46,Healthy,train
C0248,3,9,4.731,35.79,4.705,6.727,127,21.16,0,1015,815,2071,1879,2543,2943,3991,4085,3942,3723,3567,2395,16937,1224,0.016,12.01,12.01,0.0,12.01,Healthy,train
C0769,3,9,7.548790425471587,39.085270734388494,7.030465884772227,7.081329112100852,475,9.164803089169032,0,1587,1199,3245,2808,3752,4091,5587,6043,5712,5379,4962,3305,24579,1766,2.341465884772227,66.19294641902977,65.1112410897393,19.016902240121443,85.20984865915122,Clinical,train
C0299,2,6,4.538,34.61,4.615,6.56,74,16.11,0,1056,806,2391,1831,2665,3060,4299,4588,4240,3998,3465,2251,18145,1363,-0.074,9.5,8.35,-2.31,7.19,Healthy,train
C0693,6,18,5.917,37.29,5.716,6.841,444,11.86,1,1848,1351,3835,2810,4266,4841,6413,7322,6577,6239,5459,3905,27789,1884,1.027,32.74,40.6,31.09,63.84,Subclinical,train
C0303,5,15,5.709,37.07,5.539,6.876,483,14.45,0,1592,1137,3318,2662,3500,4205,5295,5743,5644,5302,5067,3398,23821,1662,0.85,31.22,33.34,19.83,51.04,Subclinical,train
C0294,6,18,6.655530353940403,37.858388013214885,6.357060707880806,7.122751226994263,456,9.039602170831008,0,1636,1258,3434,2722,3959,4339,5781,6614,5866,5492,4336,3177,25879,1852,1.6680607078808063,50.36171445651184,51.66772754445064,17.18554550889013,67.55945233601706,Subclinical,train
C0768,6,18,5.11,34.62,5.195,6.715,111,15.46,0,1092,881,2560,1941,2753,3220,3875,4503,4111,4014,3630,2312,17485,1359,0.506,11.89,11.45,-0.88,11.01,Healthy,train
C0631,5,15,5.344,36.81,5.211,6.861,331,16.92,0,1276,999,2961,2259,3863,3907,5584,5381,5475,4959,4228,2963,22686,1574,0.522,20.76,22.63,11.36,32.12,Subclinical,train
C0136,1,3,4.935,35.68,4.918,6.702,132,20.9,0,1179,1008,2750,2346,3105,3564,4246,4870,4513,4194,3608,2635,19558,1418,0.229,13.2,13.21,0.03,13.23,Healthy,train
C0531,2,6,6.488,37.7,6.217,7.017,438,8.33,1,2017,1593,4574,3533,5307,5711,7921,8795,7690,7004,6345,4417,33242,2218,1.528,43.63,47.27,29.56,73.19,Clinical,train
C0034,4,12,6.845292871072034,37.90435102923728,6.532366847238701,6.999574647888418,363,6.893238136596085,1,2178,1645,4570,3806,4797,4927,6227,7605,7186,6734,6081,3871,30330,1970,1.8433668472387013,57.80793196086152,56.62156012994347,18.109684073841883,75.92921993502826,Clinical,train
C0246,6,18,5.585667355670305,36.586152587698194,5.470367519269541,6.848552914896662,329,16.48124687746315,0,1345,1034,2734,2387,3277,3621,4744,5381,4893,4634,4058,2850,20548,1484,0.7813675192695402,22.1285318231599,23.895065880103573,12.751907346227393,34.880439169387294,Subclinical,train
C0683,5,15,4.651,35.07,4.689,6.694,166,23.63,0,1097,879,2301,1958,2932,3371,4236,4347,3960,3486,3558,2390,17113,1294,0.0,9.16,10.68,0.44,9.6,Healthy,train
C0341,2,6,4.698,35.07,4.736,6.684,142,15.33,0,1171,904,2381,2053,2856,3306,4452,4810,4586,4323,3771,2426,19839,1518,0.047,9.45,9.45,0.0,9.45,Healthy,train
C0417,6,18,4.844,35.48,4.846,6.568,141,19.6,0,1210,821,2698,2016,2905,3317,4128,4395,4293,3890,3514,2588,18946,1361,0.157,13.26,12.19,-2.01,11.25,Healthy,train
C0718,5,15,4.329,35.38,4.339,6.63,155,19.08,0,1018,764,2292,2007,2680,2979,3941,4481,3928,3662,3294,2424,16880,1328,-0.35,12.07,11.32,-2.85,9.23,Healthy,train
C0420,5,15,4.676,35.64,4.664,6.599,152,14.88,0,1383,1026,2859,2518,3201,3747,4866,5176,4740,4512,4403,2880,20833,1460,-0.025,10.97,10.97,0.0,10.97,Healthy,train
C0560,1,3,4.404,35.73,4.385,6.65,122,20.36,0,1117,740,2511,1872,2540,3141,3825,4114,3951,3648,3024,2149,16900,1352,-0.304,8.97,9.18,0.91,9.88,Healthy,train
C0358,2,6,6.483747701426014,37.988056358232186,6.177275486500852,7.06680274618735,560,8.997513791443916,1,1902,1479,4163,3196,4369,4631,6020,6933,6738,6344,5683,3871,28116,1908,1.488275486500852,54.11783832207123,56.19180178691611,24.338148301191623,78.45598662326286,Clinical,train
C0725,2,6,6.096495663547301,36.74319544860707,5.951164604910471,6.970392039562198,353,15.200528791940028,0,1701,1262,3707,2674,3860,4514,6071,6221,6349,5661,4652,3365,26504,1792,1.262164604910471,30.650747643981816,31.466596972837387,15.001331900398435,45.65207954438026,Subclinical,train
C0131,6,18,4.466,34.94,4.514,6.809,162,20.79,0,1177,888,2387,1992,3113,3318,4284,5087,4522,4149,3975,2608,19034,1410,-0.175,9.96,9.51,-2.05,7.91,Healthy,train
C0563,4,12,6.41,37.93,6.114,7.22,564,13.4,1,2156,1579,4614,3662,4600,4993,6485,7488,7611,7491,6348,4187,31084,2112,1.425,62.3,59.38,16.7,78.99,Clinical,train
C0065,6,18,5.157,35.12,5.194,6.802,150,18.23,0,1323,966,2797,2341,3236,3911,4952,5068,4575,4192,3884,2673,20753,1499,0.505,14.08,13.62,0.4,14.48,Healthy,train
C0085,5,15,5.096,35.03,5.142,6.64,84,26.18,0,1119,789,2229,1825,2500,2977,3569,3962,3866,3405,2982,2118,16689,1275,0.453,14.92,12.87,-2.89,12.03,Healthy,train
C0203,6,18,4.879,35.9,4.842,6.543,131,17.37,0,1209,823,2569,2027,3037,3420,4489,4427,4199,4039,3470,2467,18306,1301,0.153,17.52,15.68,-2.95,14.58,Healthy,train
C0207,1,3,4.991,34.83,5.055,6.646,193,23.18,0,1262,895,2682,2191,2941,3638,4770,5120,4333,4305,3873,2710,19108,1375,0.366,14.06,16.07,2.19,16.24,Healthy,train
C0125,1,3,5.797075980582934,37.83771236458874,5.54081238327197,7.110451008590913,532,18.174491781739352,1,1753,1538,4034,3503,5213,5499,7655,8403,7162,7024,5916,3680,32607,2214,0.8518123832719698,34.25179660100122,44.25646357883017,37.08715222246121,71.3345915205115,Clinical,train
C0286,6,18,4.579,35.43,4.585,6.65,140,15.29,0,1087,791,2492,1908,2762,3117,4064,4225,4217,3608,3471,2436,17956,1294,-0.104,8.05,8.05,0.0,8.05,Healthy,train
C0282,6,18,4.893,36.41,4.808,6.465,127,17.22,0,1106,844,2433,1916,2661,3172,4025,4278,3886,3803,3661,2317,17393,1288,0.119,15.55,13.31,-1.83,13.72,Healthy,train
C0553,1,3,6.059,37.58,5.82,7.046,402,10.44,1,1889,1396,3708,3336,4621,5199,7021,7312,7096,6287,5858,4140,30455,2044,1.131,34.76,41.25,30.06,64.82,Subclinical,train
C0746,1,3,4.712,36.23,4.647,6.847,162,23.14,0,1222,950,2557,2237,2949,3366,4032,4754,4187,4033,3615,2447,19484,1396,-0.042,12.3,12.79,3.53,15.83,Healthy,train
C0123,1,3,4.229,35.31,4.244,6.522,136,21.99,0,1148,854,2551,2014,2810,3327,4125,4019,4060,3483,3641,2584,17297,1284,-0.445,9.24,10.4,0.96,10.2,Healthy,train
C0042,3,9,5.291,35.14,5.327,6.634,129,13.92,0,1139,840,2369,1920,2809,3130,4155,4719,3957,3924,3519,2237,18245,1366,0.638,15.53,15.71,1.07,16.6,Healthy,train
C0504,4,12,7.374681728676894,39.21540059530449,6.875104531195744,7.027953317687409,347,10.540254516317075,0,1461,1053,3284,2520,3510,4328,4908,5862,5584,5322,4352,2948,23173,1685,2.186104531195744,53.22332682311013,53.01864236976432,25.643315798507714,78.86664262161784,Subclinical,train
C0719,4,12,5.288,36.96,5.141,6.861,407,13.9,0,1390,1055,3180,2411,3519,3674,4899,5373,5408,4943,4036,2767,22387,1569,0.452,24.19,25.92,12.16,36.35,Subclinical,train
C0391,2,6,5.68089413752921,37.08442800175235,5.5096767215391385,6.903459305549067,324,13.8524928877044,0,1357,1043,3125,2408,3229,3815,5231,5767,5563,5216,4404,2938,22700,1555,0.8206767215391383,27.95018781308425,28.093420597692862,12.283722255987108,40.23391006907136,Subclinical,train
C0096,5,15,4.834,35.87,4.8,6.729,176,17.87,0,1174,833,2357,1940,2736,3169,3903,4248,4608,4025,3719,2360,18072,1337,0.111,10.93,13.74,5.61,16.55,Healthy,train
C0664,1,3,7.82,37.76,7.484,7.15,671,8.8,1,2105,1696,4749,4042,5765,6090,8126,7747,7715,7706,7276,4919,34417,2276,2.795,78.12,74.14,15.7,93.82,Clinical,train
C0414,3,9,4.166,35.9,4.134,6.651,137,20.2,0,1124,873,2516,1912,2850,3318,4480,4448,4220,4133,3368,2263,18615,1423,-0.555,7.47,9.06,1.69,9.15,Healthy,train
C0746,4,12,4.39,35.79,4.366,6.779,148,16.95,0,1124,847,2351,1911,2560,2970,3844,4141,3777,3678,3387,2446,17176,1307,-0.323,9.29,9.29,0.0,9.29,Healthy,train
C0380,5,15,4.862,35.69,4.844,6.703,116,22.77,0,1226,867,2471,2045,2704,2980,4136,4560,4303,3579,3768,2395,18029,1361,0.155,15.15,13.38,-3.61,11.54,Healthy,train
C0657,4,12,5.58192589748379,36.38140966356031,5.48800599683139,6.746121734016864,288,16.16955538490274,0,1330,1063,2967,2581,3448,3867,5066,6057,5291,4888,4177,2884,22798,1611,0.7990059968313901,16.29021160485098,21.082198238586336,15.842178957127034,32.13239056197801,Subclinical,train
C0722,4,12,6.333619963311408,38.049176983971535,6.024653313379361,7.037721623865817,607,11.702487835508505,1,1921,1415,4157,3326,4551,5302,6703,7333,6884,6678,6339,4176,30058,1950,1.3356533133793609,55.73413153109729,56.24122664601467,25.146309673735107,80.88371984935834,Clinical,train
C0789,5,15,6.13,38.71,5.756,7.09,537,6.6,0,1606,1208,3406,2853,3897,4409,6236,6148,5613,5696,4823,3402,26410,1741,1.067,49.44,50.46,19.51,68.95,Subclinical,train
C0121,6,18,4.682,35.13,4.715,6.699,68,17.09,0,1023,780,2434,1864,2490,2934,3942,4331,3708,3600,3091,2094,16591,1297,0.026,10.23,9.02,-1.29,8.94,Healthy,train
C0323,6,18,4.87,35.97,4.827,6.84,86,19.18,0,1082,777,2271,1858,2524,3018,3688,4052,3871,3731,3179,2203,16568,1203,0.138,10.99,12.07,2.02,13.0,Healthy,train
C0412,6,18,5.448,36.34,5.361,6.773,277,16.38,0,1393,964,2788,2308,3252,3714,4785,5374,4948,4624,4060,2803,21506,1468,0.672,22.2,21.55,10.24,32.44,Subclinical,train
C0278,3,9,5.62,36.76,5.485,6.971,317,16.16,0,1527,1188,3402,2719,3622,3952,5172,6023,6046,5338,4390,3044,23714,1704,0.796,19.27,25.42,15.49,34.76,Subclinical,train
C0110,2,6,4.381,34.92,4.429,6.72,139,21.55,0,1161,855,2422,1886,2828,3524,4585,4610,4430,4040,3721,2490,19267,1386,-0.26,11.86,10.51,-1.79,10.07,Healthy,train
C0595,1,3,5.557,36.33,5.469,6.724,292,16.02,0,1323,1067,2992,2621,3433,3880,5098,6063,5249,4861,4185,2890,22859,1604,0.78,15.1,20.35,16.47,31.57,Subclinical,train
C0067,2,6,5.127,35.03,5.173,6.579,148,24.43,0,1199,952,2494,1959,2965,3305,4434,4350,4339,4326,3397,2370,18508,1276,0.484,16.37,16.37,0.0,16.37,Healthy,train
C0326,1,3,5.799,36.95,5.639,7.002,492,10.9,0,1676,1246,3489,2725,3905,4160,5187,6147,5874,5661,5074,3201,25482,1769,0.95,37.41,38.61,15.38,52.78,Subclinical,train
C0666,2,6,5.464,37.48,5.258,7.112,423,11.16,1,1804,1407,3915,3087,4505,5083,6573,7188,6807,6375,5665,3620,29806,1998,0.569,31.25,37.77,26.04,57.29,Subclinical,train
C0780,5,15,4.943,36.26,4.872,6.733,171,24.74,0,1283,918,2609,2279,3065,3498,4153,4650,4283,4006,3723,2492,18647,1369,0.183,16.21,16.0,-0.7,15.52,Healthy,train
C0128,5,15,4.396,35.69,4.38,6.787,116,25.77,0,1147,909,2786,2189,2684,3253,3912,4297,3843,3943,3474,2289,17933,1298,-0.309,10.52,9.24,-0.24,10.28,Healthy,train
C0330,1,3,4.895,35.54,4.891,6.661,163,20.17,0,1131,880,2572,2009,2801,3161,4101,4665,4393,4029,3399,2377,18628,1303,0.202,15.47,15.47,0.0,15.47,Healthy,train
C0349,6,18,4.335,34.82,4.391,6.63,138,23.19,0,1116,836,2719,2002,2855,3255,4055,4475,4253,3822,3651,2484,18012,1384,-0.298,8.97,8.3,-1.35,7.62,Healthy,train
C0053,2,6,4.861,35.09,4.899,6.63,127,20.25,0,1236,900,2565,2188,2953,3483,4464,4787,4954,4369,3972,2392,20097,1413,0.21,12.89,11.58,-3.09,9.8,Healthy,train
C0310,6,18,4.88,35.82,4.85,6.665,111,21.89,0,1203,884,2494,2066,2695,2975,4046,4533,4296,3826,3582,2283,18085,1399,0.161,13.35,12.36,-1.99,11.36,Healthy,train
C0069,2,6,4.846,36.17,4.784,6.654,179,21.29,0,1315,1023,2994,2478,3420,3607,4816,5114,4740,4348,4167,2658,21263,1609,0.095,14.16,15.68,3.02,17.19,Healthy,train
C0781,2,6,4.664,35.48,4.666,6.718,146,23.09,0,1221,947,2587,2140,2838,3431,4409,4423,4316,3738,3684,2513,18960,1369,-0.023,9.83,11.5,1.88,11.71,Healthy,train
C0336,4,12,6.84,37.76,6.546,7.01,389,7.7,1,2177,1634,4507,3778,4762,4888,6160,7542,7127,6752,6073,3912,30386,1986,1.857,56.52,55.98,19.72,76.25,Clinical,train
C0168,2,6,5.542,36.86,5.399,6.956,326,15.29,0,1403,1055,3193,2476,3341,4055,5234,5605,4737,4735,4395,3074,21338,1524,0.71,23.76,24.36,10.94,34.7,Subclinical,train
C0413,5,15,4.561,35.64,4.549,6.743,122,23.83,0,1224,839,2482,1991,2785,3049,4058,4268,4055,3652,3710,2283,17713,1391,-0.14,9.93,10.5,0.23,10.15,Healthy,train
C0260,5,15,4.735,36.11,4.68,6.636,98,23.02,0,1032,747,2177,1792,2645,2859,4055,4001,3903,3402,3564,2288,16294,1235,-0.009,11.35,12.96,3.22,14.57,Healthy,train
C0062,3,9,5.897283282390373,36.64703950159083,5.768437691036103,6.8786176345829215,321,14.257465083275637,0,1450,1165,3147,2707,3584,4199,4903,5657,5575,4652,4785,3442,23453,1527,1.0794376910361028,19.250473551252867,27.462674583621823,23.021775450684157,42.26795720791295,Subclinical,train
C0731,4,12,5.256,34.82,5.324,6.675,78,17.8,0,1181,872,2545,2010,2707,3050,4075,4479,4038,3945,3396,2364,17994,1279,0.635,10.25,12.82,4.62,14.87,Healthy,train
C0428,6,18,4.789,34.53,4.877,6.553,100,26.07,0,1099,830,2403,1971,2461,3092,3978,4372,4183,4014,3580,2416,17743,1332,0.188,12.57,12.57,0.0,12.57,Healthy,train
C0307,5,15,6.060613730770109,37.27062491047662,5.856958434793164,7.04054163682554,430,13.56134441754824,1,1854,1436,4158,3222,4569,5377,6928,7232,6688,6302,5563,3763,29616,1988,1.1679584347931635,36.56825856322759,42.01666762158272,28.49651569408109,65.06477425730867,Subclinical,train
C0092,1,3,5.05,36.56,4.948,6.667,184,16.69,0,1120,882,2445,1992,2713,2993,3576,4551,3955,3650,3397,2109,17518,1271,0.259,16.12,15.68,-0.41,15.71,Healthy,train
C0678,2,6,4.727,36.42,4.644,6.544,156,27.76,0,1201,934,2523,2002,2672,2997,4015,4582,4215,4082,3422,2420,17217,1290,-0.045,12.91,13.73,1.65,14.56,Healthy,train
C0106,3,9,5.74588062317943,36.64303326791094,5.6210156526195085,6.83713111384741,251,15.586399214931232,0,1479,1123,3203,2640,3520,3746,5256,5289,4734,4699,4487,3013,22307,1591,0.9320156526195088,22.377632041551948,23.388023454551345,11.315988272724328,33.69710368032081,Subclinical,train
C0428,5,15,5.795,37.28,5.599,6.901,368,14.86,0,1698,1293,3407,2737,3573,4229,5744,6600,6206,5555,4999,3364,24474,1647,0.91,26.92,30.12,19.35,46.28,Subclinical,train
C0126,4,12,4.716,35.25,4.738,6.564,125,16.79,0,1026,781,2457,1877,2669,3020,3868,4543,4246,3663,3400,2224,18560,1385,0.049,8.21,10.36,5.24,13.46,Healthy,train
C0684,5,15,4.796,35.13,4.83,6.467,171,24.07,0,1423,1096,2839,2265,3288,3660,4575,5264,5065,4672,4214,3006,21303,1509,0.141,13.43,12.39,-0.96,12.47,Healthy,train
C0119,5,15,6.65,37.93,6.343,7.27,700,8.0,1,1951,1487,4119,3245,4429,4445,5922,7163,6565,6204,5836,3943,28083,1891,1.654,69.83,66.51,17.63,87.46,Clinical,train
C0575,5,15,4.645,35.33,4.66,6.913,153,21.59,0,1168,881,2450,2066,2862,3263,4067,4664,4609,4131,3734,2386,19121,1395,-0.029,11.65,11.14,0.42,12.07,Healthy,train
C0652,4,12,6.2816700737028,36.52112928916586,6.159330548581995,6.952132981021094,366,14.618120312627052,0,1441,1077,3293,2816,3427,3790,5399,5805,5124,4856,4569,3361,22675,1645,1.4703305485819949,31.08737729813043,33.79079470046988,18.25268915526376,49.341009988935895,Subclinical,train
C0252,1,3,5.073,36.46,4.98,6.573,275,24.02,0,1358,935,2742,2293,3027,3376,4800,5467,4741,4766,4225,2783,20497,1393,0.291,23.94,23.94,0.0,23.94,Healthy,train
C0100,5,15,5.407417065609415,36.673030668427394,5.285623825627104,6.837101022280913,315,16.571179223251352,0,1336,1033,2908,2443,3499,4108,5367,5302,5007,4780,4461,2968,21872,1531,0.5966238256271041,20.229296461464763,22.36777131835492,13.091065296341798,33.313046506375464,Subclinical,train
C0126,5,15,5.734,37.52,5.514,6.958,550,12.28,1,1931,1426,4384,3480,4377,5095,6646,7390,6985,6850,5876,3777,30081,2023,0.825,36.35,42.61,30.94,67.29,Subclinical,train
C0464,3,9,5.454289928234048,36.350131428028,5.366086821155722,6.775912785558049,277,16.30506964687628,0,1391,965,2787,2307,3257,3714,4787,5377,4954,4623,4062,2800,21502,1468,0.6770868211557228,22.25150142580898,21.663978565314952,10.316829995878969,32.568331421687944,Subclinical,train
C0239,5,15,4.736,35.65,4.723,6.555,175,13.87,0,1245,878,2558,2036,2873,3416,4394,4652,4251,4120,3680,2576,18916,1344,0.034,13.56,13.56,0.0,13.56,Healthy,train
C0320,5,15,4.375,36.5,4.292,6.689,169,22.91,0,1253,922,2582,2051,2926,3518,4342,4621,4539,4039,3625,2458,19389,1417,-0.397,12.72,12.9,0.18,12.9,Healthy,train
C0400,4,12,4.893,35.67,4.877,6.5,156,20.46,0,1167,907,2613,1983,2744,3231,4496,4758,4348,3920,3598,2331,18857,1427,0.188,14.01,14.01,0.0,14.01,Healthy,train
C0522,6,18,4.432,34.28,4.535,6.656,170,24.6,0,1110,892,2412,1974,2527,3096,3974,4108,3943,3941,3503,2314,17422,1295,-0.154,8.5,8.56,0.12,8.61,Healthy,train
C0679,3,9,5.496402265927417,38.050223039369534,5.2335575984238405,6.842133923004503,643,15.379545970638416,1,1729,1365,4268,3395,3894,4239,5989,6404,7180,6205,5750,3743,26995,1756,0.54455759842384,42.075796042124495,47.04001291976158,33.8526456637722,75.9422194615894,Clinical,train
C0305,1,3,5.375,34.98,5.428,6.57,145,23.83,0,1175,877,2675,2042,2929,3593,4326,4715,4447,4276,3333,2349,19819,1440,0.739,16.67,15.58,-1.36,15.31,Healthy,train
C0439,3,9,5.191,35.46,5.195,6.608,193,20.34,0,1479,1112,3078,2607,3373,3868,5101,6128,5838,4777,4336,2823,23579,1685,0.506,13.56,16.1,5.09,18.65,Healthy,train
C0206,4,12,4.48,35.94,4.443,6.698,109,23.46,0,1064,789,2354,1872,2411,2821,3665,3737,3721,3336,3477,2319,15525,1209,-0.246,11.95,11.35,-1.74,10.21,Healthy,train
C0363,1,3,5.857,36.65,5.729,6.896,248,15.67,0,1494,1143,3193,2734,3449,3752,5308,5193,4704,4751,4616,3106,22203,1584,1.04,24.29,24.44,10.79,35.08,Subclinical,train
C0398,5,15,4.824,35.85,4.792,6.648,205,18.08,0,1361,1039,2904,2310,3204,3567,4795,5325,4939,4887,4322,3029,21047,1565,0.103,15.33,14.9,0.16,15.49,Healthy,train
C0652,3,9,4.911,35.93,4.871,6.714,131,21.65,0,992,771,2288,1790,2519,2980,3822,4354,3921,3589,3481,2374,16845,1223,0.182,15.98,14.91,-3.8,12.17,Healthy,train
C0659,2,6,3.959,35.88,3.93,6.429,138,22.64,0,1123,851,2698,2155,2677,3060,3820,4265,3893,3817,3428,2230,17600,1274,-0.759,8.08,6.96,-2.03,6.04,Healthy,train
C0191,3,9,7.41,38.25,7.023,7.04,604,9.3,0,1743,1336,3885,3135,4313,4900,6694,6615,6078,5923,5680,3907,27947,1850,2.334,68.75,67.77,18.61,87.36,Clinical,train
C0765,3,9,5.488,36.35,5.399,6.804,245,15.9,0,1398,1039,3026,2556,3189,3666,4583,4844,4689,4519,4086,2903,21465,1502,0.71,19.65,19.1,7.24,26.89,Healthy,train
C0514,1,3,4.483,35.31,4.499,6.625,147,19.04,0,1125,832,2247,1941,2681,3091,4105,3981,3718,3802,3339,2439,17385,1313,-0.19,5.42,9.36,7.4,12.82,Healthy,train
C0418,2,6,4.427,35.57,4.421,6.58,121,20.15,0,1133,814,2488,1859,2428,2832,3763,4379,4311,3977,3442,2292,17346,1331,-0.268,8.12,8.99,1.36,9.48,Healthy,train
C0113,5,15,4.787,35.41,4.795,6.687,127,25.74,0,1159,858,2459,1973,2895,3419,4465,4662,4483,3865,3553,2354,19723,1388,0.106,9.57,9.75,2.61,12.19,Healthy,train
C0021,6,18,6.791726315941382,37.55110664816946,6.527740803473809,7.121251523493737,640,7.83464819832666,1,2013,1444,3847,3377,4811,5454,7359,8280,7147,6889,6460,4101,30820,2075,1.8387408034738093,68.81051135629734,65.54857562265707,18.90828947463364,87.7160603877197,Clinical,train
C0355,1,3,6.23,37.11,6.039,6.987,449,13.06,1,1871,1386,4196,3072,4618,5493,6903,7212,6826,6248,5814,3917,29549,1926,1.35,38.34,43.73,29.47,67.81,Subclinical,train
C0031,2,6,6.673228359470897,37.43451371401402,6.427841469698268,6.982577482637401,460,12.777470645226146,1,1923,1465,4330,3437,4718,5212,6964,7824,7439,7036,5808,4128,31250,2067,1.738841469698268,50.39595285092723,51.925703525835424,25.599483524681744,75.99188810351308,Clinical,train
C0226,3,9,6.229715267801308,36.68704315067984,6.089364819202663,7.082266943723981,492,12.504175243733211,1,1971,1561,4586,3575,5052,5096,6696,8023,8286,7134,6699,3959,30264,1849,1.4003648192026634,41.42728317898381,45.84184837091815,28.73764516233497,70.16612615077213,Clinical,train
C0340,6,18,5.219,36.45,5.125,6.804,267,15.04,0,1488,1095,3138,2442,3567,4040,5357,5607,5386,5147,4607,2975,23375,1666,0.436,20.15,19.36,4.85,25.0,Healthy,train
C0343,4,12,4.548,35.05,4.587,6.758,93,15.59,0,1099,879,2350,1942,2453,2944,3927,4288,3832,3815,3404,2432,16741,1288,-0.102,10.04,9.11,-2.96,7.08,Healthy,train
C0220,1,3,4.227,35.41,4.234,6.676,136,20.0,0,1208,911,2642,2040,2993,3104,4102,4469,4391,3900,3526,2240,18562,1358,-0.455,9.96,8.72,-2.89,7.06,Healthy,train
C0135,5,15,4.603,35.39,4.613,6.628,145,15.6,0,1156,835,2481,1920,2673,2975,4015,4629,4292,3882,3813,2495,17727,1405,-0.076,10.57,11.12,2.31,12.88,Healthy,train
C0780,3,9,4.778,36.23,4.712,6.692,119,17.83,0,1197,922,2620,2058,2548,3123,4139,4817,4354,4471,3701,2517,18354,1332,0.023,11.36,11.67,-1.9,9.46,Healthy,train
C0254,3,9,5.773496820533226,37.561832722365445,5.54707882098306,7.100987087596673,275,7.98353826605992,1,2033,1479,4446,3705,4625,5168,7365,7844,7585,6917,6149,4280,32674,2156,0.8580788209830604,40.2980246879703,36.2292638592362,7.401983093478927,47.701181418017335,Subclinical,train
C0103,4,12,4.695,36.03,4.648,6.688,183,20.63,0,1325,1012,2502,2159,2994,3441,4639,4934,4475,4277,4017,2349,19889,1444,-0.041,12.83,15.19,1.94,14.77,Healthy,train
C0502,2,6,5.176,35.91,5.136,6.697,89,15.43,0,1336,944,2667,2217,2874,3068,4397,4673,4225,3930,3358,2363,18633,1447,0.447,11.2,12.49,2.97,14.17,Healthy,train
C0434,6,18,4.621,34.92,4.672,6.612,187,20.96,0,1219,849,2482,2128,2909,3092,4272,4739,4260,4019,3518,2553,18898,1384,-0.017,9.32,10.85,2.93,12.25,Healthy,train
C0359,1,3,4.524,35.98,4.483,6.807,154,17.34,0,1245,955,2708,2181,3143,3474,4791,5375,4936,4314,3988,2588,20654,1498,-0.206,12.99,12.43,0.99,13.98,Healthy,train
C0509,6,18,4.58,35.02,4.622,6.686,132,20.16,0,1105,786,2361,1835,2806,3048,3989,4462,3935,3968,3271,2352,17701,1358,-0.067,9.5,9.5,0.0,9.5,Healthy,train
C0529,6,18,5.233,36.36,5.147,6.748,200,15.22,0,1422,1016,2942,2463,3088,3631,4743,4953,4916,4504,3970,2513,20647,1487,0.458,13.78,15.81,7.15,20.93,Healthy,train
C0134,5,15,5.764245969139642,37.48328856483176,5.546735992228483,7.066288948838543,412,11.02516884189786,1,1824,1434,4107,3124,4470,4967,6672,7145,6691,6407,5687,3678,29711,1989,0.8577359922284835,34.32151955286337,39.91743283513895,26.299796621709,60.61802760974061,Subclinical,train
C0019,5,15,4.425,35.58,4.418,6.579,150,14.14,0,1149,948,2709,2091,2985,3205,4245,4593,4155,4071,3690,2564,19101,1422,-0.271,11.91,10.21,-0.65,11.26,Healthy,train
C0607,4,12,4.453,36.27,4.388,6.755,80,20.46,0,896,687,2067,1597,2373,2866,3762,3398,3454,3049,2776,1954,14990,1249,-0.301,10.84,10.57,-2.15,8.69,Healthy,train
C0556,4,12,4.734,35.44,4.739,6.699,135,24.0,0,1288,926,2642,2056,2979,3339,4416,4515,4350,3990,4139,2665,19635,1526,0.05,11.97,11.8,0.22,12.19,Healthy,train
C0235,5,15,4.407,36.09,4.358,6.673,190,21.37,0,1267,930,2623,2091,3020,3573,4844,4618,4188,4064,3746,2640,18928,1298,-0.331,13.81,12.03,-3.56,10.25,Healthy,train
C0338,2,6,5.538,36.63,5.419,6.727,257,15.43,0,1451,1088,3224,2466,3655,3737,5159,5469,4792,4602,4248,2840,22502,1605,0.73,18.8,21.42,12.3,31.11,Subclinical,train
C0283,2,6,4.729,35.45,4.733,6.833,103,23.41,0,1070,829,2394,1918,2462,2875,3648,4045,3722,3434,3098,2259,16313,1220,0.044,9.53,9.78,0.14,9.67,Healthy,train
C0291,2,6,4.353,35.68,4.338,6.746,160,18.61,0,1104,843,2315,1890,2831,2998,3846,4348,4125,3800,3636,2359,16826,1333,-0.351,11.93,10.43,-3.04,8.89,Healthy,train
C0512,2,6,5.404,36.72,5.279,6.921,303,15.21,0,1400,947,2755,2378,3291,3722,4893,5117,4935,4138,4083,2774,20505,1419,0.59,24.72,23.51,5.23,29.95,Healthy,train
C0268,4,12,4.294,35.75,4.274,6.698,153,18.47,0,1003,766,2237,1893,2750,3298,3936,4440,4197,3688,3483,2189,17483,1330,-0.415,8.9,9.16,2.69,11.59,Healthy,train
C0387,3,9,7.600095971750707,37.79314737935325,7.270073073460899,7.177214614692179,383,8.820207089940675,1,2146,1711,4607,3861,4753,5049,6315,6518,6992,6616,6608,4653,29449,1866,2.5810730734608995,68.39993156545614,63.25583176624831,15.116199889224465,83.51613145468062,Clinical,train
C0658,6,18,3.907,35.81,3.884,6.61,192,18.56,0,1142,890,2428,1997,2979,3344,4385,4711,4531,4400,3594,2380,18890,1354,-0.805,7.81,8.92,1.02,8.82,Healthy,train
C0247,6,18,4.757,36.17,4.696,6.54,102,11.31,0,1137,863,2346,1889,2430,2998,3929,4111,4049,3734,3300,2275,16997,1263,0.007,10.75,11.15,0.81,11.56,Healthy,train
C0714,5,15,4.952,36.08,4.897,6.726,240,21.45,0,1387,1097,2933,2752,3158,3724,4588,5448,4810,4708,4586,3068,21778,1541,0.208,14.22,16.35,4.25,18.47,Healthy,train
C0660,2,6,4.682,35.34,4.696,6.812,139,24.04,0,1284,969,2428,2123,3170,3869,4752,4893,4649,4359,4038,2762,20179,1486,0.007,14.39,11.98,-5.04,9.35,Healthy,train
C0269,2,6,4.981,36.15,4.919,6.613,180,22.13,0,1163,911,2618,2088,2650,3350,3993,4857,4256,3864,3739,2491,18525,1399,0.23,14.51,16.69,4.35,18.86,Healthy,train
C0674,3,9,4.423,35.06,4.46,6.502,171,26.52,0,1262,1054,2859,2250,2960,3446,4722,4853,4612,4223,3761,2677,19890,1491,-0.229,9.41,8.6,-0.36,9.05,Healthy,train
C0441,3,9,5.24,35.56,5.234,6.702,175,20.23,0,1288,1004,2634,2389,3313,3975,4853,5193,4875,4628,4084,2532,20463,1487,0.545,17.98,17.91,0.65,18.62,Healthy,train
C0322,3,9,6.249849965269201,36.91268250945915,6.081198167836832,6.989536501891831,395,10.149269962163372,1,1962,1453,4130,3485,4661,5250,7087,7234,7291,6756,6151,4147,30906,2059,1.3921981678368316,35.85120834525414,40.479698927017736,26.673128586488083,62.52433693174223,Subclinical,train
C0614,1,3,5.135,36.09,5.077,6.73,191,18.76,0,1171,836,2619,2093,2952,3522,4464,4951,4127,4134,3704,2440,19776,1451,0.388,9.17,13.43,8.53,17.7,Healthy,train
C0672,2,6,4.532,35.93,4.495,6.568,126,21.92,0,1246,877,2669,1939,2758,3086,4176,4821,4434,4082,3781,2440,18174,1318,-0.194,10.52,11.2,1.42,11.94,Healthy,train
C0446,4,12,7.029053599592114,37.34135889527433,6.78306663083479,7.062145569107373,588,10.00618393903052,1,1927,1499,4706,3616,4244,4431,5869,7284,7008,7334,5714,3992,29912,2026,2.094066630834789,69.21492156943911,66.35188738303017,15.745774501453496,84.9606960708926,Clinical,train
C0424,4,12,6.660517036143983,37.72321333406401,6.378822665716784,6.867780146329567,549,9.872983728384442,0,1664,1291,3744,2998,4185,4931,6160,6407,6269,5698,5013,3561,26944,1863,1.689822665716783,48.04992290028687,50.61834514564729,26.3331526703694,74.38307557065627,Clinical,train
C0006,4,12,4.971,36.03,4.921,6.596,196,23.31,0,1294,930,2497,2295,3012,3382,4502,4644,4336,3814,3750,2455,18633,1421,0.232,19.86,19.25,-2.96,16.9,Healthy,train
C0667,5,15,4.708,35.22,4.733,6.731,234,19.03,0,1396,1024,3190,2487,3652,4356,5609,6275,6106,5221,4150,2857,24297,1624,0.044,15.83,15.71,0.1,15.93,Healthy,train
C0082,3,9,6.28,36.87,6.117,6.951,458,12.53,1,1873,1545,4459,3263,4478,4958,6345,7530,7202,6588,6141,3920,29838,1979,1.428,44.18,46.15,24.0,68.18,Subclinical,train
C0154,4,12,6.35598675797007,38.0523043161849,6.048842324395078,7.058399117198005,501,11.97312015652012,0,1642,1244,3514,2772,4025,4438,6193,6544,6324,5864,5231,3352,26703,1782,1.3598423243950784,48.25502746231061,48.2516758207702,19.73457552729498,67.98960298960559,Subclinical,train
C0763,3,9,6.234,37.67,5.977,7.024,430,11.71,0,1596,1111,3286,2833,3701,4016,5610,6416,5897,5813,4482,3329,25663,1764,1.288,40.38,42.7,19.16,59.54,Subclinical,train
C0511,6,18,5.011,35.33,5.027,6.602,169,17.83,0,1122,849,2409,2108,2802,3229,4631,4758,4609,3874,3541,2621,19487,1411,0.338,16.81,15.69,-2.67,14.14,Healthy,train
C0016,4,12,7.26,37.63,6.966,7.08,748,8.9,1,2386,1632,4746,3806,5314,6160,7806,9010,8688,7961,7075,4695,35241,2305,2.277,80.6,74.62,13.23,93.83,Clinical,train
C0009,4,12,5.174,34.87,5.236,6.634,155,17.92,0,1307,1038,3061,2458,3168,3796,5028,4826,4580,4333,3795,2665,20603,1562,0.547,15.94,15.23,-1.35,14.59,Healthy,train
C0594,3,9,5.032,35.71,5.012,6.693,163,24.08,0,1223,930,2496,2105,3019,3706,4449,4959,4542,4307,4032,2621,19853,1403,0.323,14.74,14.74,0.0,14.74,Healthy,train
C0109,5,15,6.58,37.31,6.354,7.23,601,9.6,1,1997,1517,4186,3431,5162,5092,6679,7057,7085,7145,6885,4520,31214,2069,1.665,63.59,60.0,16.49,80.09,Clinical,train
C0060,2,6,6.223979369533906,37.78805930258275,5.952724201432377,7.083699018613624,341,14.176307371456106,1,1849,1382,4080,3282,4784,5043,7204,7264,7176,6557,5817,3697,30259,1997,1.2637242014323775,35.1598563378358,40.03450156701789,27.102605973727044,62.26601127794254,Subclinical,train
C0531,6,18,4.487,36.06,4.439,6.633,183,18.52,0,1269,917,2851,2165,3035,3712,4395,5131,4845,4380,4306,2587,19742,1528,-0.25,17.72,15.77,-3.9,13.82,Healthy,train
C0131,2,6,5.165,34.69,5.244,6.636,93,22.8,0,1214,893,2318,1890,2775,3249,4025,4678,4276,3925,3664,2340,17334,1289,0.555,12.9,11.46,-3.09,9.81,Healthy,train
C0115,3,9,4.251,35.38,4.261,6.537,134,22.4,0,1154,877,2573,2020,2891,3098,4300,4072,3907,3550,3588,2407,17584,1315,-0.428,12.04,9.63,-5.4,6.64,Healthy,train
C0680,4,12,5.028,36.01,4.979,6.712,177,18.77,0,1231,944,2769,2318,3122,3294,4496,5405,4750,4588,4209,2799,20947,1512,0.29,15.86,15.92,0.11,15.97,Healthy,train
C0308,5,15,4.519,36.06,4.471,6.687,79,15.51,0,1173,855,2599,1920,2363,2821,3895,4177,3985,3445,3438,2361,16534,1292,-0.218,9.26,8.63,0.23,9.49,Healthy,train
C0296,3,9,5.931397625414994,37.00832343922914,5.761198812707498,6.87767432969852,318,16.434421292882746,0,1423,1122,2881,2574,3745,4233,5681,5507,5611,5207,4775,3264,22993,1557,1.0721988127074973,22.42359814758725,26.42240367945097,19.45383521417629,41.87560101784062,Subclinical,train
C0078,5,15,4.929,35.54,4.925,6.391,169,21.44,0,1303,925,2857,2257,3447,3843,4936,5442,5089,4500,4151,2842,20530,1493,0.236,10.81,11.97,2.32,13.13,Healthy,train
C0574,6,18,5.164,36.08,5.107,6.637,215,17.33,0,1176,844,2539,2163,2848,3076,4106,4073,4205,3812,3954,2474,17468,1238,0.418,18.62,20.01,0.98,19.6,Healthy,train
C0608,5,15,4.552,35.71,4.534,6.52,74,17.93,0,1037,818,2258,1930,2647,2782,3602,3917,3709,3607,3127,2075,16133,1217,-0.155,10.8,9.79,-4.01,6.79,Healthy,train
C0134,3,9,4.784,35.75,4.761,6.632,268,21.79,0,1373,993,2818,2454,3272,4012,5247,5260,4854,4381,4035,2705,21675,1540,0.072,18.44,18.63,1.06,19.51,Healthy,train
C0114,5,15,5.923809703618204,37.85397801708984,5.658185966523477,7.06402065059081,432,13.296118574267451,0,1780,1275,3870,2953,4050,4530,6333,5894,6149,5234,5547,3749,25558,1832,0.9691859665234762,34.942519152539624,37.65316087558646,17.730215388037113,52.67273454057674,Subclinical,train
C0370,3,9,4.635,36.54,4.543,6.529,93,18.39,0,1114,896,2498,1871,2746,3026,3900,4161,3639,3803,3410,2365,17523,1362,-0.146,13.59,11.83,-3.95,9.64,Healthy,train
C0282,3,9,4.708,35.89,4.673,6.58,173,19.73,0,1105,861,2423,1926,2732,2908,4029,4865,4198,4091,3622,2627,18816,1438,-0.016,14.88,13.92,0.1,14.99,Healthy,train
C0350,3,9,5.576,37.05,5.412,6.876,527,15.69,0,1525,1106,3050,2537,3474,3884,5434,5745,5314,5130,4712,3122,22314,1509,0.723,34.04,35.51,19.6,53.64,Subclinical,train
C0052,2,6,6.456837245906817,37.85950062887128,6.166966097289622,7.023850188661382,598,6.266029131652462,0,1522,1067,3266,2674,3768,4309,5480,5838,5353,4956,4774,3339,23520,1718,1.4779660972896227,55.4613010912535,55.43458708959648,19.91078914269933,75.37209023395283,Clinical,train
C0454,3,9,4.458,36.51,4.372,6.694,173,22.82,0,1241,1018,2632,2281,3051,3055,4326,4773,4518,4143,3640,2508,19722,1468,-0.317,13.09,13.09,0.0,13.09,Healthy,train
C0554,1,3,5.413005117999327,36.733660557815,5.285457057926942,6.818093731745083,358,15.689986352001794,0,1256,970,2798,2302,3080,3655,4794,5495,4910,4737,3893,2724,21095,1534,0.5964570579269425,22.796574870154053,25.361973582888663,14.829100214544232,37.622038410880144,Subclinical,train
C0546,1,3,6.238480733803351,37.83737642193692,5.961547853084983,6.985503394612236,563,9.637278899294971,1,1863,1399,3842,3296,4422,5191,6481,7179,7292,6535,5713,3806,29302,2002,1.2725478530849823,61.467363023851874,56.92586862141764,15.646827615524977,77.10647862103177,Clinical,train
C0118,2,6,4.959,35.57,4.952,6.729,156,14.8,0,1280,964,2720,2326,2935,3303,4473,5186,5095,4610,3822,2610,20511,1456,0.263,14.83,15.78,0.36,15.19,Healthy,train
C0054,3,9,5.719,37.2,5.534,6.995,464,10.93,1,1891,1364,4162,3270,4323,5077,6349,7013,6288,5525,5763,3706,27334,1867,0.845,32.55,39.19,28.67,61.21,Subclinical,train
C0752,4,12,5.195,35.29,5.216,6.882,164,20.64,0,1424,1061,3065,2361,3346,3764,4580,5186,4760,4532,4008,2665,21166,1479,0.527,14.48,15.04,1.12,15.6,Healthy,train
C0572,2,6,6.093,37.18,5.899,7.024,458,14.59,1,1850,1355,4250,3426,4168,5058,6351,7099,6289,5980,5661,3870,28698,1956,1.21,41.27,44.59,23.73,65.0,Subclinical,train
C0429,1,3,7.032653311742441,37.03700859069856,6.827394671296324,7.064640326199489,449,9.297327688553256,1,1838,1436,3895,3242,4809,5276,7117,7489,6862,6313,5845,3901,30202,2052,2.1383946712963247,55.12783640614206,56.48688981670725,24.48649115888276,79.61432756502481,Clinical,train
C0085,3,9,5.213,35.2,5.243,6.622,129,14.82,0,1152,830,2530,2024,2736,3076,4298,4454,4396,4042,3576,2275,18459,1349,0.554,16.56,16.56,0.0,16.56,Healthy,train
C0678,4,12,4.698,35.74,4.677,6.556,150,17.56,0,1106,884,2630,2010,2796,3305,4158,4406,4204,3756,3492,2308,17846,1327,-0.012,11.15,11.15,0.0,11.15,Healthy,train
C0538,5,15,4.304,36.52,4.221,6.822,146,23.33,0,1078,840,2526,1953,2623,3386,4010,4689,4201,3970,3632,2418,17864,1257,-0.468,11.97,11.83,0.44,12.42,Healthy,train
C0615,5,15,6.747689951457335,37.97113261113993,6.430406798672352,7.240435935743175,687,8.167101232755968,0,1924,1467,4088,3230,4414,4503,6021,7092,6502,6167,5815,3938,28065,1885,1.7414067986723518,69.69117743740273,66.67195965636348,17.755968621616034,87.44714605901876,Clinical,train
C0777,2,6,5.548352898459718,37.12588507873278,5.378038203799174,6.801786736651359,399,13.293177838910248,0,1498,1163,3399,2904,3349,4067,5572,5564,6105,5447,4641,3098,25132,1783,0.6890382037991739,25.115464933920748,30.369745647046,15.84788692848446,40.95845020448663,Subclinical,train
C0556,1,3,5.344,36.55,5.237,6.789,334,16.17,0,1371,1081,3007,2427,3171,3731,4775,4946,5287,4973,4237,3019,21778,1474,0.548,17.76,20.44,13.45,31.22,Subclinical,train
C0604,1,3,4.691,35.78,4.666,6.668,159,17.88,0,1312,999,2824,2271,3203,3563,4413,5248,4773,4136,3960,2534,19843,1460,-0.023,12.96,12.96,0.0,12.96,Healthy,train
C0394,1,3,4.078,35.67,4.065,6.713,154,24.35,0,1151,778,2254,1867,2644,3097,4075,4043,3985,3663,3213,2488,16714,1293,-0.624,8.26,8.26,0.0,8.26,Healthy,train
C0381,5,15,5.014,34.83,5.078,6.514,131,18.61,0,1117,853,2380,1945,2755,3182,4286,4992,4428,4178,3779,2340,19060,1433,0.389,12.19,12.19,0.0,12.19,Healthy,train
C0415,2,6,5.984943799040919,37.13771449978203,5.798515174095412,6.9301719744441685,363,16.142244292177775,0,1406,1071,3219,2499,3512,4138,5125,6249,5896,5055,4579,3000,24269,1784,1.109515174095412,26.3606594104131,30.449490437005803,22.69338329610129,49.05404270651439,Subclinical,train
C0525,6,18,4.764,34.92,4.816,6.559,175,24.68,0,1195,905,2513,1987,2796,2951,4146,4690,4563,3973,3673,2146,19027,1412,0.127,10.83,11.67,1.68,12.51,Healthy,train
C0205,4,12,5.96,37.29,5.757,7.002,443,12.72,1,1954,1450,4597,3517,5268,5892,7867,8356,7141,7134,6385,4302,32479,2121,1.068,34.33,40.65,31.57,65.91,Subclinical,train
C0738,4,12,6.897123806887056,37.56405359299155,6.627333944022975,7.072667635770649,596,7.206705430825956,1,2016,1446,3817,3358,4812,5436,7165,8217,7112,6871,6398,4127,30888,2058,1.9383339440229752,67.3730253428398,64.60712380688705,19.824650191898968,87.19767553473878,Clinical,train
C0064,3,9,4.889,35.95,4.847,6.712,207,15.93,0,1153,851,2509,2161,2875,3340,4648,5028,4685,4484,4035,2662,19657,1406,0.158,13.14,14.28,2.29,15.43,Healthy,train
C0735,5,15,4.594,35.16,4.624,6.562,189,19.81,0,1190,876,2618,2211,2926,3367,4283,4626,4434,4311,3327,2340,19436,1396,-0.065,12.79,11.4,-2.18,10.6,Healthy,train
C0323,4,12,4.732,34.97,4.78,6.672,81,13.66,0,1057,789,2517,1938,2713,3139,4206,4261,3817,3553,3223,2224,17307,1299,0.091,7.41,7.41,0.0,7.41,Healthy,train
C0618,1,3,5.519,36.68,5.395,6.896,441,15.41,0,1545,1130,3409,2737,3636,4209,5860,6366,5978,5350,4393,3056,25276,1776,0.706,27.56,28.03,16.02,43.58,Subclinical,train
C0543,4,12,5.889115445846352,38.59151795791016,5.54103088010742,7.13953995311198,467,9.342604694270827,1,1893,1456,4214,3184,5031,5477,6990,8102,7111,6487,6285,4100,32186,2042,0.8520308801074201,54.286224061556,53.16752640869141,15.897966312727844,70.18102335550128,Clinical,train
C0272,4,12,6.33,37.0,6.15,6.943,453,10.3,1,1839,1324,4083,3440,4407,5111,6884,7371,7572,6624,5833,4039,29159,1951,1.461,39.17,42.86,28.21,67.38,Subclinical,train
C0431,4,12,4.845,35.38,4.856,6.61,128,16.23,0,1254,937,2769,2237,2866,3264,4353,4752,4625,4388,3879,2688,19514,1448,0.167,11.14,12.33,1.49,12.63,Healthy,train
C0295,2,6,6.886445616807506,37.699500868742966,6.599361484758575,7.136553290160151,582,10.056727341646525,1,1904,1458,4145,3459,4668,5339,6707,7157,6805,6234,5885,3915,29632,2016,1.910361484758575,71.4336495973044,65.15367145795126,13.294014910703142,84.72766450800754,Clinical,train
C0210,3,9,4.685,36.22,4.621,6.68,103,18.06,0,1015,844,2293,1876,2409,2656,3558,4200,4201,3570,3595,2422,16234,1169,-0.068,14.2,12.99,-2.87,11.32,Healthy,train
C0628,5,15,6.249,36.82,6.092,7.097,500,12.6,1,1991,1563,4589,3585,5004,5085,6674,7966,8214,7173,6662,3984,30352,1878,1.403,43.66,47.29,27.45,71.11,Clinical,train
C0321,5,15,4.87,36.14,4.811,6.744,208,20.0,0,1471,1052,2994,2456,3126,3772,4646,5489,5228,4885,4096,2713,22105,1475,0.122,16.38,15.99,-1.69,14.69,Healthy,train
C0311,5,15,6.1583920974737465,37.57545136642064,5.915834407654844,6.9554925228884485,405,12.5515838920636,1,1848,1332,4057,3326,4855,5362,7086,6874,6680,6421,5732,3995,29837,1969,1.226834407654844,39.29238510359917,42.40525380326432,24.16385442280462,63.449078736151165,Subclinical,train
C0036,5,15,6.73,38.44,6.354,7.03,642,7.3,1,2032,1497,4498,3788,5079,5748,6943,8296,7422,6753,5953,4478,32444,2183,1.665,72.45,67.51,13.95,86.41,Clinical,train
C0760,1,3,4.682,36.26,4.614,6.72,192,22.97,0,1256,986,2904,2320,2901,3156,4418,4708,4509,4141,3713,2645,20195,1378,-0.075,14.76,15.12,0.95,15.72,Healthy,train
C0413,3,9,4.74,35.64,4.727,6.663,166,21.61,0,1313,926,2633,2217,3001,3730,4223,4546,4356,4198,3839,2706,19869,1456,0.038,13.88,12.53,-0.36,13.53,Healthy,train
C0485,2,6,6.145,37.1,5.958,7.127,514,16.15,1,1978,1566,4447,3290,4333,4474,5313,6940,7322,7042,6327,4407,28787,1980,1.269,39.06,44.96,32.53,71.6,Clinical,train
C0038,6,18,6.979,38.39,6.596,7.002,365,12.14,0,1487,1070,3214,2532,3546,4276,4929,5752,5496,5215,4349,2957,23110,1668,1.907,46.05,47.16,23.75,69.8,Subclinical,train
C0676,5,15,4.515,35.45,4.519,6.822,158,19.75,0,1198,847,2301,1993,2717,3271,4237,4048,3705,3554,3602,2369,17396,1355,-0.17,8.28,8.6,0.63,8.92,Healthy,train
C0172,1,3,5.615,35.3,5.636,6.627,158,22.63,0,1210,982,2849,2244,3138,3564,5066,5281,5218,4929,4222,2973,20702,1519,0.947,19.48,19.76,1.75,21.23,Healthy,train
C0624,5,15,5.032,35.61,5.021,6.716,169,14.03,0,1366,1064,2914,2453,2909,3350,4449,5284,4853,4552,3838,2821,20837,1460,0.332,17.3,17.3,0.0,17.3,Healthy,train
C0056,6,18,4.781,35.87,4.747,6.724,189,19.27,0,1342,975,2768,2244,3091,3741,4774,5320,5020,4881,3924,2552,20420,1469,0.058,13.23,14.46,2.47,15.7,Healthy,train
C0066,4,12,5.397065354274302,36.56880268458538,5.287140492227687,6.787537568976692,314,16.493824012303808,0,1376,1066,2961,2426,3174,3739,4827,5013,5252,4955,4252,3000,21675,1489,0.5981404922276865,18.077556450775347,20.46715943329,13.410305443653082,31.495772707252275,Subclinical,train
C0289,4,12,4.724,35.67,4.709,6.669,148,19.81,0,1150,847,2632,1992,2743,3199,4121,4450,4232,3803,3897,2573,18367,1316,0.02,13.04,13.04,0.0,13.04,Healthy,train
C0034,2,6,4.593,35.75,4.571,6.68,155,20.12,0,1333,939,2890,2245,3006,3405,4822,5606,4595,4956,4187,2635,20699,1469,-0.118,12.57,12.57,0.0,12.57,Healthy,train
C0210,6,18,4.709,35.08,4.747,6.495,173,15.29,0,1194,930,2675,2106,3015,3522,4521,4714,4407,4219,3367,2368,19206,1438,0.058,11.57,12.41,1.3,12.87,Healthy,train
C0669,3,9,4.959,35.93,4.918,6.709,205,19.05,0,1134,894,2716,2104,2682,3265,4339,4483,4517,4222,3957,2558,19688,1450,0.229,6.85,12.99,12.28,19.12,Healthy,train
C0292,6,18,4.803,35.38,4.814,6.595,183,21.9,0,1356,1022,2823,2431,2970,3308,4551,5313,4848,4727,3999,2721,20573,1450,0.125,12.1,13.49,3.37,15.47,Healthy,train
C0262,4,12,4.545,35.68,4.529,6.56,115,19.54,0,1099,813,2254,1945,2538,3008,4122,4386,3966,3744,3502,2369,17842,1317,-0.16,5.24,7.48,5.48,10.72,Healthy,train
C0653,2,6,5.001,35.53,4.998,6.728,200,14.72,0,1308,996,3081,2421,2896,3342,4768,5401,5007,4425,4144,2916,20482,1500,0.309,20.0,17.31,-5.2,14.8,Healthy,train
C0116,1,3,5.635,37.73,5.396,6.965,382,12.57,1,1749,1446,3850,3201,5039,5117,7112,7295,7377,6334,5839,3798,30239,1965,0.707,33.56,36.28,20.2,53.77,Subclinical,train
C0462,3,9,4.429,34.63,4.502,6.595,107,23.24,0,1006,793,2195,1750,2625,2892,3684,4195,3725,3562,3171,2127,15094,1181,-0.187,6.86,6.86,0.0,6.86,Healthy,train
C0712,1,3,4.789,35.77,4.764,6.744,171,22.11,0,1288,926,2497,1998,3157,3543,4470,4862,4713,4382,4001,2615,19780,1384,0.075,14.17,13.79,-0.75,13.42,Healthy,train
C0568,4,12,5.648188666363254,36.708377332726506,5.518032735254844,6.965642731290458,382,17.756356908980866,0,1389,1119,3140,2594,3314,3925,4690,5708,5702,5013,4613,3268,22420,1568,0.8290327352548431,25.00338614239442,26.520591348907477,14.541522347188664,39.5439669197004,Subclinical,train
C0298,4,12,6.203302964952036,36.746325188392056,6.056841260789627,7.107258518071992,503,12.49834741183208,1,2004,1574,4637,3620,5019,5085,6706,7959,8274,7173,6702,3952,30327,1859,1.3678412607896275,43.31214297810427,46.98877260570424,27.30638074699211,70.61852372509638,Clinical,train
C0033,5,15,4.722,36.36,4.645,6.624,195,21.58,0,1390,1008,2892,2516,3241,3775,4803,5141,4824,4619,3863,2858,21003,1545,-0.044,17.19,15.15,-3.1,14.09,Healthy,train
C0343,5,15,6.542792043348039,37.23861404277911,6.326535707638089,6.943061840374702,446,10.688502495828086,1,2146,1544,4537,3767,4843,5368,6696,7312,7208,6514,6690,4279,30460,2099,1.63753570763809,43.71,45.92856190344352,27.453636478306954,71.17363647830696,Clinical,train
C0702,1,3,4.822,35.89,4.786,6.602,182,20.74,0,1182,867,2503,1984,2728,3152,4020,4654,4574,4012,3385,2475,17895,1347,0.097,15.05,14.79,-0.53,14.52,Healthy,train
C0602,6,18,5.124,35.31,5.142,6.497,151,21.87,0,1235,891,2770,2128,3024,3489,4512,4936,4669,4646,4228,2861,20605,1439,0.453,16.86,16.86,0.0,16.86,Healthy,train
C0708,4,12,4.268,34.84,4.322,6.755,129,13.17,0,1128,775,2373,1925,2732,2939,4059,4428,4112,3922,3140,2084,17460,1343,-0.367,8.53,8.92,0.79,9.32,Healthy,train
C0175,5,15,6.75412562832438,37.64587437167562,6.478538191156818,7.037623115026861,556,7.895075398925576,0,1515,1238,3605,2991,4112,4790,6120,6609,6217,6014,5245,3478,26492,1851,1.7895381911568178,55.91424127656184,55.93458129983803,18.72977890292147,74.64402017948332,Clinical,train
C0733,1,3,4.753,35.82,4.724,6.589,151,16.87,0,1211,1008,2599,2128,2901,3287,4356,4574,4271,3886,3603,2647,18511,1396,0.035,15.59,13.36,-4.45,11.13,Healthy,train
C0689,1,3,4.644,35.21,4.67,6.669,152,16.75,0,1228,854,2694,2057,3045,3131,4702,4414,4464,4266,3815,2702,19626,1386,-0.019,12.26,12.26,0.0,12.26,Healthy,train
C0490,2,6,4.902,34.59,4.987,6.529,171,22.44,0,1186,913,2470,2097,2787,3418,4270,5141,4836,4668,3834,2286,19516,1492,0.298,13.4,13.7,-0.2,13.19,Healthy,train
C0760,5,15,4.992,35.64,4.979,6.665,138,18.93,0,1332,944,2701,2263,2937,3211,4127,4872,4414,4211,3795,2653,18812,1468,0.29,15.34,15.34,0.0,15.34,Healthy,train
C0430,5,15,4.48,35.4,4.489,6.727,115,14.84,0,1171,946,2469,2012,2628,2840,4016,4247,4098,4216,3659,2416,18125,1319,-0.2,10.36,9.5,-2.4,7.95,Healthy,train
C0410,4,12,5.78801763855284,38.25114643633172,5.486307148988286,7.118886400296912,503,13.16935831548295,1,1918,1395,4245,3221,4451,5085,6691,7223,6785,5999,5484,3713,29358,1977,0.7973071489882861,40.5175098632065,44.843676025951225,28.27980273586993,68.79637386617563,Subclinical,train
C0397,2,6,4.685,35.47,4.688,6.653,140,21.59,0,1214,915,2594,2105,3056,3576,4555,4718,4531,4278,3879,2463,19366,1363,-0.001,11.75,11.13,-0.23,11.51,Healthy,train
C0400,1,3,4.561,35.6,4.552,6.547,131,19.25,0,1178,817,2538,2088,2678,2960,4054,4595,4411,4069,3510,2526,18134,1359,-0.137,9.48,9.0,-0.07,9.41,Healthy,train
C0072,5,15,4.155,35.88,4.125,6.845,113,26.11,0,1197,880,2614,2133,2597,3120,4057,3838,4158,3604,3500,2296,17187,1230,-0.564,10.28,9.5,-2.57,7.71,Healthy,train
C0345,6,18,4.592,35.89,4.558,6.575,129,22.93,0,1141,887,2448,2064,2733,3021,3935,4594,4168,3866,3402,2498,17893,1336,-0.131,11.14,11.81,-0.62,10.52,Healthy,train
C0095,4,12,5.184,35.81,5.153,6.658,182,19.97,0,1271,1011,2747,2247,3126,3513,4512,5382,4810,4438,4097,3083,21020,1508,0.464,16.34,16.34,0.0,16.34,Healthy,train
C0387,4,12,4.822,34.84,4.882,6.554,130,16.98,0,1153,815,2582,2061,2663,3133,4017,4634,4687,4208,3504,2365,18660,1412,0.193,11.16,12.37,0.84,12.0,Healthy,train
C0118,1,3,4.586,35.61,4.576,6.601,123,22.8,0,1160,919,2567,2060,2815,3133,4056,4589,4302,4100,3780,2401,18563,1342,-0.113,14.36,12.27,-2.01,12.36,Healthy,train
C0090,6,18,4.49,35.68,4.475,6.588,148,20.0,0,1059,767,2040,1749,2632,2939,3869,4068,3902,3525,3328,2166,16315,1266,-0.214,12.56,10.39,-2.84,9.72,Healthy,train
C0330,2,6,7.134,37.84,6.817,7.046,525,14.35,1,2051,1517,4520,3608,4766,5207,6306,7847,6949,6894,6406,4501,30116,2005,2.128,61.18,59.38,22.25,83.43,Clinical,train
C0286,5,15,6.826,37.93,6.511,6.965,563,14.37,0,1636,1214,3661,2717,3951,4086,5391,6492,5964,5771,5146,3358,25694,1812,1.822,55.95,56.21,23.43,79.37,Clinical,train
C0403,5,15,4.829,36.56,4.732,6.662,162,19.87,0,1222,842,2521,1976,2652,3255,4013,4204,3869,3837,3508,2153,17458,1279,0.043,15.95,15.55,-1.77,14.18,Healthy,train
C0239,4,12,4.45,35.65,4.437,6.529,205,20.6,0,1209,906,2683,2116,3191,3616,4359,4562,4858,4631,3561,2595,19485,1438,-0.252,15.19,13.48,-3.41,11.78,Healthy,train
C0676,3,9,4.993,35.65,4.979,6.539,122,21.09,0,1127,813,2539,1978,2715,2876,3977,4453,3951,3830,3522,2369,17463,1331,0.29,12.96,13.7,1.99,14.95,Healthy,train
C0256,5,15,4.981,35.45,4.986,6.759,166,19.36,0,1177,931,2933,2208,3072,3339,4306,4959,4310,4213,3813,2398,20494,1529,0.297,13.01,13.01,0.0,13.01,Healthy,train
C0503,4,12,5.508488034817619,36.96936736227345,5.354542260908466,6.896271130454233,366,16.302987538598327,0,1529,1029,3066,2256,3287,3735,5364,5801,4934,4849,3999,2814,22710,1609,0.6655422609084657,25.389096231819224,25.11307281181464,10.005512985902731,35.39451884090388,Subclinical,train
C0633,5,15,4.742,34.21,4.858,6.653,168,24.47,0,1119,843,2493,2077,2756,3066,3701,4311,4176,3774,3531,2331,17806,1314,0.169,7.2,8.7,3.08,10.28,Healthy,train
C0409,5,15,4.573,35.31,4.59,6.437,100,24.4,0,1062,906,2440,2028,2896,3482,4489,4725,4357,4052,3471,2341,19269,1363,-0.099,7.17,8.45,3.2,10.37,Healthy,train
C0048,6,18,4.859,34.98,4.907,6.437,173,22.97,0,1399,1054,2819,2287,2894,3846,4633,5112,4876,4597,4166,3042,20612,1452,0.218,13.63,13.09,-2.37,11.26,Healthy,train
C0414,6,18,5.810965697341981,37.58658647928091,5.580371533229356,6.802393027834511,569,13.66169395230668,1,1916,1442,4090,3620,4541,5323,7232,7624,7269,6735,6499,4460,30062,1985,0.8913715332293555,43.127748075061575,45.71449826818258,28.18242565598425,71.3227274675587,Clinical,train
C0115,5,15,5.13,36.33,5.049,6.844,246,15.77,0,1301,1044,2773,2484,3340,3634,4425,4917,4910,4536,3848,2655,20545,1532,0.36,14.1,17.4,10.66,24.76,Healthy,train
C0114,6,18,5.038,34.94,5.092,6.641,153,18.47,0,1284,1028,2912,2114,3261,3860,5031,5031,4739,4360,4237,2713,21118,1502,0.403,15.15,15.15,0.0,15.15,Healthy,train
C0791,1,3,4.948,35.51,4.947,6.727,114,14.13,0,1198,841,2489,1971,2916,3319,4213,4513,4037,4170,3547,2358,18305,1315,0.258,14.49,11.98,-3.03,11.46,Healthy,train
C0689,6,18,4.654,35.41,4.662,6.677,166,19.86,0,1278,948,2633,2399,3159,3626,4366,5152,4939,4286,3701,2674,20143,1488,-0.027,9.94,9.94,0.0,9.94,Healthy,train
C0379,1,3,4.752,35.94,4.712,6.564,150,17.9,0,1165,853,2736,1978,2865,3307,4280,4376,4175,3783,3778,2341,18394,1292,0.023,11.15,11.89,1.47,12.62,Healthy,train
C0670,3,9,5.518,37.23,5.337,6.876,404,15.41,0,1398,1049,3051,2315,3091,3588,4788,5483,4885,4925,3817,2959,21179,1569,0.648,27.13,28.55,15.02,42.14,Subclinical,train
C0182,1,3,4.528,35.47,4.531,6.731,140,24.54,0,1160,915,2601,2013,2868,3185,4215,4626,4659,4102,3593,2487,19077,1426,-0.158,8.95,10.2,2.5,11.45,Healthy,train
C0252,6,18,4.742,35.37,4.754,6.451,161,17.38,0,1199,870,2536,1983,2991,3268,4112,4549,4024,3972,3494,2661,18514,1379,0.065,13.07,13.07,0.0,13.07,Healthy,train
C0040,1,3,5.725013552214182,37.38417734683416,5.519939167024486,6.917581529303386,442,11.414169986702166,1,1849,1311,3831,3140,4056,4834,6265,6983,6367,5760,5360,4017,28053,1947,0.8309391670244858,34.95809100951666,39.730465447481336,24.8556503303641,59.81374133988076,Subclinical,train
C0026,1,3,6.67,36.89,6.494,6.91,749,8.0,1,2451,1868,5170,4050,6039,6576,8825,8676,8229,7555,7197,5237,36341,2330,1.805,70.62,67.3,16.51,87.13,Clinical,train
C0345,4,12,6.98,38.89,6.53,6.97,559,6.9,1,1975,1409,4211,3487,4467,4804,6311,7157,6784,6276,5966,4004,28192,1824,1.841,70.4,66.47,18.53,88.93,Clinical,train
C0208,3,9,6.695,36.8,6.53,7.046,525,12.3,1,2137,1538,4602,3713,5064,5816,7026,8107,8187,7157,6368,4458,32656,2166,1.841,45.45,52.14,33.77,79.22,Clinical,train
C0714,4,12,4.972,35.98,4.927,6.721,189,19.26,0,1117,813,2508,2036,2797,3142,4256,4597,4064,3814,3342,2551,18182,1337,0.238,14.09,15.78,3.39,17.48,Healthy,train
C0591,4,12,5.298,36.7,5.177,6.896,357,14.11,0,1542,1146,3430,2665,3879,4348,5448,6217,5644,5261,4552,3292,24318,1743,0.488,22.56,23.75,10.72,33.27,Subclinical,train
C0569,3,9,5.04,34.63,5.123,6.773,114,21.84,0,1197,971,2570,2052,2868,3249,4099,4433,4125,3580,3531,2366,17810,1326,0.434,11.13,11.13,0.0,11.13,Healthy,train
C0643,4,12,4.946,35.9,4.908,6.864,215,20.02,0,1208,922,2668,2188,3001,3454,4497,4794,4362,4432,4033,2657,19140,1378,0.219,18.52,19.09,-2.64,15.88,Healthy,train
C0636,2,6,4.491,35.69,4.475,6.65,153,20.45,0,1364,960,2609,2236,3247,3281,4436,5342,4973,4632,3876,2624,21322,1509,-0.214,8.11,10.64,5.05,13.17,Healthy,train
C0392,4,12,4.545,35.18,4.573,6.545,195,23.47,0,1252,923,2603,2139,3302,3491,4604,4739,4663,4529,3772,2428,20178,1393,-0.116,10.47,10.47,0.0,10.47,Healthy,train
C0421,6,18,5.032,35.13,5.067,6.565,137,27.95,0,1052,852,2465,1925,2826,3477,4639,4827,4459,3921,3749,2568,19077,1455,0.378,15.01,15.01,0.0,15.01,Healthy,train
C0595,3,9,6.5,37.69,6.23,7.19,641,9.3,1,2100,1537,4456,3837,5125,5786,7743,8185,7960,7343,6386,4273,32586,2193,1.541,67.62,61.78,14.37,81.99,Clinical,train
C0347,6,18,5.35,36.36,5.263,6.782,239,18.76,0,1301,953,2786,2326,3258,3504,4775,5185,5039,4477,4184,2858,20603,1466,0.574,17.96,18.8,7.45,25.4,Healthy,train
C0067,4,12,4.833,34.8,4.897,6.55,176,21.32,0,1186,858,2393,1960,3122,3299,4210,4321,4142,4220,3700,2528,18900,1353,0.208,10.64,12.59,2.58,13.22,Healthy,train
C0363,5,15,4.833,36.04,4.783,6.691,146,16.69,0,1187,870,2650,2021,2596,3295,3833,4595,4349,4150,3847,2511,18217,1307,0.094,13.64,14.09,-0.11,13.53,Healthy,train
C0017,1,3,5.257,34.81,5.326,6.504,102,19.31,0,1144,915,2668,2022,2913,3211,4094,4692,4149,3831,3442,2296,18197,1374,0.637,13.36,14.54,2.84,16.2,Healthy,train
C0167,4,12,4.994,35.51,4.993,6.684,182,15.3,0,1317,953,2963,2344,2826,3297,4083,5291,5029,4608,4182,2569,20024,1499,0.304,15.19,15.45,1.14,16.33,Healthy,train
C0150,1,3,6.448,37.7,6.178,6.98,665,11.61,1,2139,1558,4316,3502,4509,5036,6212,7484,7410,6852,6564,4550,31453,2041,1.489,51.04,55.73,33.9,84.94,Clinical,train
C0647,6,18,4.648,35.68,4.632,6.668,69,18.71,0,1060,762,2379,1859,2715,3069,3795,4101,3995,3564,3162,2204,16962,1259,-0.057,8.27,8.75,0.96,9.24,Healthy,train
C0282,4,12,4.445,35.6,4.437,6.52,96,19.5,0,1097,831,2101,1812,2556,3062,3779,4284,3823,3774,3444,2281,16545,1337,-0.252,10.72,8.57,-0.97,9.74,Healthy,train
C0270,6,18,5.02,35.39,5.03,6.73,79,19.13,0,1077,865,2627,2084,2929,3157,4187,4826,4429,4317,3434,2295,18681,1356,0.341,9.98,11.64,3.32,13.3,Healthy,train
C0500,1,3,6.39,38.05,6.08,7.26,520,11.7,1,2179,1529,4361,3539,4613,5409,7121,7523,7279,6554,6400,4257,31447,2145,1.391,62.17,58.92,17.73,79.9,Clinical,train
C0095,2,6,5.883454800525356,37.19097836053295,5.694368424385767,6.858097836053295,333,12.67568546088846,0,1419,1050,2907,2505,3373,3801,4794,5682,5266,5025,4276,3010,22273,1671,1.0053684243857668,30.784282846750287,30.63646023035456,11.740401096979737,42.51612070081124,Subclinical,train
C0397,4,12,4.819,36.45,4.732,6.818,160,21.28,0,1263,913,2661,2044,3022,3468,4681,4632,4495,4054,3749,2570,18837,1391,0.043,12.01,14.98,5.08,17.09,Healthy,train
C0791,6,18,4.277,34.58,4.352,6.608,238,13.32,0,1302,1027,2695,2203,2930,3594,4649,4933,5024,4282,4324,2894,20370,1410,-0.337,10.86,9.44,-0.47,10.39,Healthy,train
C0564,4,12,4.715,35.13,4.748,6.301,94,19.58,0,1117,838,2527,2088,2861,3015,4264,4788,4721,4029,3416,2409,19189,1376,0.059,11.77,11.77,0.0,11.77,Healthy,train
C0751,1,3,5.353018139814586,35.73989040415783,5.34062943609502,6.664747895648646,428,15.066222558646515,0,1626,1234,3715,2816,4098,4793,6183,6168,5954,5433,4918,3710,25013,1727,0.6516294360950199,26.008828115357748,25.08885766106259,10.61663585937073,36.62081389055442,Subclinical,train
C0588,5,15,6.77,38.08,6.438,7.02,740,11.4,1,2169,1547,4838,3664,5649,6168,7836,8285,8235,7735,6705,4640,36124,2317,1.749,74.42,69.46,12.79,87.21,Clinical,train
C0279,2,6,5.818,36.75,5.68,6.906,320,16.3,0,1607,1111,3026,2529,3969,4137,6139,5855,5358,5194,4638,3279,23502,1721,0.991,25.09,28.3,15.1,40.2,Subclinical,train
C0012,6,18,5.571493842531764,37.45013769821996,5.3642952454817365,7.28874606398425,391,9.101988567277672,0,1588,1147,3233,2853,3734,3914,5385,5652,5205,4427,4642,2899,24114,1641,0.6752952454817367,33.043222657702465,32.0327274634661,11.306098206498156,44.34932086420061,Subclinical,train
C0189,4,12,4.868,35.67,4.852,6.655,128,27.37,0,1137,861,2530,2035,2742,3109,3846,4538,4059,4113,3443,2303,17595,1322,0.163,11.82,13.24,0.23,12.05,Healthy,train
C0344,6,18,4.972,36.61,4.867,6.715,171,19.47,0,1377,957,2797,2369,3156,4027,5132,4739,4616,4307,3897,2657,20265,1456,0.178,15.33,16.73,-0.1,15.22,Healthy,train
C0792,5,15,6.049169416572462,36.67789642526005,5.913105051566682,6.846,319,12.701398308206253,0,1399,1150,3102,2697,3664,4213,5025,5687,5522,4522,4768,3396,23546,1527,1.224105051566683,22.215526529536557,29.14266829664815,23.052305735841323,45.26315409040677,Subclinical,train
C0630,3,9,7.66,37.23,7.408,7.03,599,10.8,1,2017,1691,4464,3289,4605,5323,6706,7588,7381,6850,6108,4201,31156,2018,2.719,78.24,71.19,12.4,90.64,Clinical,train
C0668,1,3,7.15,38.7,6.715,7.21,448,11.2,1,2318,1668,4484,3928,5405,5482,6756,7787,7869,7818,6893,4455,33562,2184,2.026,67.32,63.25,16.14,83.47,Clinical,train
C0428,4,12,4.176,35.29,4.193,6.834,151,18.98,0,1165,835,2597,2037,2555,3036,3872,4509,4267,3799,3602,2443,17686,1405,-0.496,9.51,9.73,1.35,10.86,Healthy,train
C0753,5,15,4.351,35.47,4.353,6.774,226,17.05,0,1073,813,2593,2008,2601,3144,3952,4837,4545,4168,3749,2340,19152,1405,-0.336,13.59,14.54,0.08,13.68,Healthy,train
C0685,5,15,6.2934036965605005,38.57437522533479,5.922520928700316,6.874452453267049,561,8.800102970576342,1,1989,1301,4286,3203,4478,5731,6342,8056,7494,6482,5812,3735,30621,2153,1.2335209287003168,59.58540493109823,59.27950213587688,21.766184421134128,81.34047881317998,Clinical,train
C0666,4,12,7.43,37.81,7.104,7.19,729,9.7,1,2142,1672,4921,3558,5424,5395,6981,7707,7551,7297,6912,4756,33011,2236,2.415,81.16,74.83,11.7,92.86,Clinical,train
C0324,5,15,4.771,35.8,4.744,6.79,194,17.2,0,1132,851,2370,2021,2838,3179,3867,4468,3990,3858,3846,2493,17793,1314,0.055,13.43,13.33,0.19,13.62,Healthy,train
C0159,3,9,7.26,38.73,6.814,7.08,588,7.6,1,1968,1640,4097,3734,4664,5070,6548,8105,7288,7106,6995,4678,31565,2154,2.125,75.41,69.86,14.55,89.96,Clinical,train
C0209,2,6,5.342,36.0,5.291,6.829,253,19.39,0,1461,1006,3244,2576,3378,3660,4715,5607,5508,4707,4475,2950,21616,1634,0.602,15.33,17.63,10.46,25.79,Healthy,train
C0465,3,9,6.71,37.73,6.426,7.11,498,8.7,0,1678,1302,3490,2814,3905,4319,5523,6153,5846,5866,4890,3399,26055,1765,1.737,53.5,54.32,20.43,73.93,Clinical,train
C0549,3,9,4.821,35.35,4.835,6.604,123,22.03,0,996,737,2074,1875,2699,3086,4006,4533,4233,3698,3271,2129,16977,1334,0.146,15.09,13.18,-3.08,12.01,Healthy,train
C0285,5,15,4.231,34.75,4.291,6.603,172,16.66,0,1286,938,2615,2395,2974,3238,4353,4706,4539,4445,4278,2904,20368,1496,-0.398,9.91,8.64,-2.54,7.37,Healthy,train
C0407,3,9,5.779093778762707,37.27325119639178,5.58369804512869,7.019307097061819,340,13.364222076544388,1,1736,1297,3763,3178,4048,5003,6105,7306,6388,6221,5123,3794,28035,1927,0.8946980451286896,28.24209295799838,33.86452753995285,21.9068516474184,50.14894460541678,Subclinical,train
C0416,6,18,4.711,34.92,4.763,6.713,142,21.29,0,1127,836,2393,1987,2620,2998,3868,4513,4098,4173,3576,2413,17775,1256,0.074,9.03,8.77,-0.16,8.87,Healthy,train
C0589,4,12,5.346,36.5,5.244,6.767,295,16.98,0,1461,1118,2991,2506,3445,3944,5110,5466,5151,4828,4536,3028,23317,1633,0.555,22.31,21.05,5.56,27.88,Healthy,train
C0599,4,12,5.734220871063116,36.67564893983105,5.603943702008287,6.8269894441265535,333,17.28301799426204,0,1384,1044,3075,2591,3426,3828,4960,5668,5167,4869,4506,2980,21844,1550,0.9149437020082868,23.937534739289116,26.990053891153952,16.281633260774612,40.21431186252786,Subclinical,train
C0103,2,6,4.851,35.6,4.842,6.669,168,22.94,0,1235,921,2708,2150,2827,3357,4331,4546,4435,4095,3578,2489,18850,1352,0.153,15.57,15.57,0.0,15.57,Healthy,train
C0024,3,9,6.33,37.89,6.043,6.91,576,9.5,1,1859,1388,3824,3249,4383,5201,6441,7286,7284,6596,5631,3763,29256,2013,1.354,63.84,58.5,15.1,78.93,Clinical,train
C0450,4,12,6.434727781961769,38.90366387908954,6.01450111635211,7.2304305550050305,866,10.391388899899392,1,1880,1632,4382,3630,5222,4575,6218,7348,7077,6587,7545,4473,29638,1847,1.3255011163521109,80.95911656294773,74.22264991477871,12.403858348858144,93.36297491180588,Clinical,train
C0363,3,9,4.493,36.27,4.427,6.608,158,24.01,0,1152,786,2521,1934,3045,3290,4450,5264,4240,4346,3838,2582,19547,1456,-0.262,12.78,11.19,-0.45,12.33,Healthy,train
C0094,6,18,5.018,35.42,5.026,6.725,146,21.3,0,1151,884,2470,1995,2932,3380,4331,4621,4527,4190,3705,2558,19551,1444,0.337,10.63,10.63,0.0,10.63,Healthy,train
C0043,2,6,6.23,37.59,5.983,7.14,803,10.5,1,2188,1550,4446,3542,4882,5634,8029,8478,7994,7448,6486,4297,33093,2120,1.294,71.32,67.22,15.44,86.76,Clinical,train
C0739,2,6,5.933,37.14,5.748,6.906,477,13.86,0,1545,1151,3496,2400,3379,4281,5164,5660,4914,4901,4585,3035,22845,1654,1.059,30.45,34.95,25.56,56.01,Subclinical,train
C0052,3,9,7.75618844248657,37.53994053690117,7.456094221243285,7.25443969913533,640,7.273090442159111,1,2070,1626,4601,3555,4895,5265,6811,7296,7038,6824,6331,4442,31572,2096,2.7670942212432847,79.47976214760469,74.28940536901169,14.729897829119132,94.2096599767238,Clinical,train
C0324,6,18,4.864,34.83,4.926,6.629,93,23.04,0,1021,783,2296,1852,2598,2887,3747,4270,4218,3621,3289,2089,16667,1327,0.237,8.86,10.16,2.62,11.47,Healthy,train
C0399,3,9,6.2128950010010415,37.34619888911134,5.9949086305713495,7.016049722277836,500,12.504570925073187,1,1952,1494,4147,3455,5058,5668,7672,7944,7330,6637,6658,4448,32032,2106,1.3059086305713496,43.68711503703852,45.998260947096085,25.987577014939983,69.67532557045995,Subclinical,train
C0473,3,9,4.741,35.42,4.748,6.439,122,22.72,0,1238,924,2744,2331,3150,3621,5008,5160,5141,4445,3591,2767,20539,1536,0.059,10.53,11.17,2.94,13.47,Healthy,train
C0407,2,6,5.305472552347848,37.50322746485745,5.102666328765748,7.177907931533038,443,11.255813292537017,1,1753,1398,3911,2968,4572,5042,6598,7154,6785,6426,5734,3615,29855,2005,0.4136663287657482,31.05546998181879,38.18519093432707,26.559714526185623,57.61518450800441,Subclinical,train
C0772,3,9,4.308,35.3,4.324,6.761,175,22.58,0,1241,922,2736,2357,3056,3354,4386,4990,4615,4136,3810,2757,19653,1449,-0.365,9.5,9.8,0.91,10.41,Healthy,train
C0190,1,3,4.922,35.77,4.897,6.669,166,19.85,0,1236,898,2458,2031,2809,3128,4194,4815,4212,4168,3563,2607,18307,1335,0.208,14.32,14.32,0.0,14.32,Healthy,train
C0522,3,9,4.665,35.19,4.692,6.593,220,25.27,0,1266,933,2675,2270,3070,3823,4852,5047,4953,4513,4053,2925,20580,1531,0.003,16.58,16.58,0.0,16.58,Healthy,train
C0533,2,6,4.555,35.12,4.588,6.355,93,19.5,0,1197,889,2415,1862,2786,3126,4222,4526,4066,3811,3540,2345,18177,1340,-0.101,9.96,10.3,1.1,11.06,Healthy,train
C0647,1,3,6.184086504185436,37.23831731403973,5.979442960501425,7.008326229644278,526,12.993667638637644,1,2193,1529,4674,3504,4610,5067,6553,7657,7097,6927,6293,4636,29338,1982,1.290442960501425,39.434031222535545,46.89870177708613,33.679910843954566,73.11394206649011,Clinical,train
C0213,3,9,4.614,35.73,4.594,6.848,114,20.7,0,1051,822,2288,1927,2609,3111,4071,4600,4057,3798,3373,2396,17969,1391,-0.095,8.57,8.57,0.0,8.57,Healthy,train
C0235,3,9,7.4779247497106,37.89360702626647,7.13758494994212,6.980954013712034,532,8.848118742765013,0,1751,1319,4029,3017,3850,4145,4955,6228,6119,5944,5654,3741,24528,1693,2.44858494994212,63.63069236078498,64.28606274490107,18.54994645962184,82.18163463983518,Clinical,train
C0053,4,12,6.381,36.91,6.21,6.973,401,9.0,1,1977,1456,3793,3076,5263,5665,7979,7546,6550,6871,5509,3987,30756,1967,1.521,39.87,43.52,25.71,65.58,Subclinical,train
C0578,2,6,4.994,35.64,4.981,6.693,100,18.74,0,1082,774,2225,1865,2670,2970,4048,4366,3765,3928,3306,2238,16576,1342,0.292,10.81,13.02,4.43,15.24,Healthy,train
C0286,1,3,5.612,36.72,5.482,6.811,282,14.14,0,1408,1131,2888,2577,3469,3663,4698,5989,5265,5163,4166,2965,21969,1554,0.793,20.32,22.45,12.16,32.48,Subclinical,train
C0496,3,9,5.095,36.44,5.004,6.724,237,16.26,0,1292,1015,2919,2266,2988,3529,4497,5235,4908,4345,3757,2731,20236,1509,0.315,17.67,18.92,5.95,23.62,Healthy,train
C0578,4,12,4.756,35.32,4.772,6.373,149,22.54,0,1328,967,2662,2152,3131,3527,5003,4903,4318,4250,3747,2462,20099,1504,0.083,9.2,10.66,2.9,12.11,Healthy,train
C0429,2,6,4.628,35.64,4.616,6.742,224,19.01,0,1296,930,2615,2160,2680,3272,4235,4980,4647,3988,3698,2470,19444,1341,-0.073,12.65,14.42,1.03,13.68,Healthy,train
C0483,5,15,4.466,36.07,4.418,6.64,120,20.83,0,1187,891,2550,2093,3070,3512,4400,5120,4629,4304,3337,2430,19763,1433,-0.271,8.27,10.63,2.51,10.78,Healthy,train
C0673,6,18,4.968,36.1,4.911,6.847,102,21.8,0,1137,835,2459,1857,2689,3127,3756,4460,4404,4115,3415,2407,17210,1208,0.222,14.49,12.86,0.49,14.98,Healthy,train
C0653,4,12,5.454,37.04,5.294,6.866,365,12.62,0,1335,1088,2995,2540,3512,3921,5343,5702,4956,4703,4367,2844,22641,1614,0.605,25.49,24.77,9.39,34.89,Subclinical,train
C0551,3,9,6.39,37.71,6.122,6.97,724,8.2,1,2155,1592,4763,3620,5085,6012,7134,8070,7391,7472,6199,4172,33351,2185,1.433,71.11,65.89,15.53,86.64,Clinical,train
C0567,4,12,5.074,36.24,5.003,6.667,203,18.57,0,1187,893,2568,2014,2681,3328,4359,3977,4144,4054,3473,2229,17954,1353,0.314,18.75,20.82,3.19,21.94,Healthy,train
C0589,1,3,6.083,37.16,5.891,6.987,397,11.83,0,1510,1129,3098,2542,3641,3975,5274,6090,6115,5263,4630,3100,24144,1690,1.202,35.52,36.89,17.98,53.5,Subclinical,train
C0197,6,18,6.109931696219981,37.0556941832623,5.92909404382992,7.02265882968084,393,12.37164750992827,1,1778,1359,4054,3245,4845,5260,7323,7978,7122,6410,6142,3911,30442,2089,1.2400940438299195,33.67734343609524,39.36851898396923,25.97051828680736,59.64875583644871,Subclinical,train
C0506,2,6,6.074220607906363,36.54237838818293,5.959824176009107,7.105206425003398,509,13.05397244699646,1,1963,1550,4558,3560,5143,5106,6715,7953,8271,7125,6704,3892,30403,1853,1.270824176009108,39.659804322811965,44.567911365894304,29.27811212309728,68.93966249378231,Clinical,train
C0737,6,18,5.622,36.4,5.526,6.816,295,17.36,0,1422,1082,2879,2237,3464,4002,5178,5395,5187,4851,4271,2875,22196,1653,0.837,17.65,21.78,15.75,33.4,Subclinical,train
C0593,1,3,4.506,36.05,4.459,6.583,82,22.28,0,1133,802,2294,2006,2377,2635,3596,3989,3435,3371,2976,1977,15853,1167,-0.23,6.89,7.95,2.44,9.33,Healthy,train
C0640,5,15,4.636,34.06,4.763,6.557,199,19.74,0,1188,867,2794,2076,2676,3438,4333,4537,4688,4090,3628,2382,19181,1411,0.074,9.9,9.97,0.95,10.85,Healthy,train
C0162,1,3,4.713,36.2,4.65,6.637,190,18.95,0,1250,935,2868,2170,2777,3140,4358,4491,4166,3854,3578,2435,18472,1393,-0.039,11.69,12.19,-0.15,11.54,Healthy,train
C0513,3,9,4.671,35.25,4.693,6.576,123,20.01,0,1071,835,2272,1989,2846,3172,3975,4768,4010,3661,3699,2449,18133,1317,0.004,13.57,11.39,-2.02,11.55,Healthy,train
C0293,5,15,5.664049748216713,37.10554790753647,5.492037617942576,6.859914270000927,351,13.820242605482754,0,1474,1124,3365,2617,3725,4051,5213,5857,5390,5099,4673,3286,23269,1610,0.8030376179425758,28.386049480104145,28.158427154762634,12.041233479416483,40.431124447876726,Subclinical,train
C0748,1,3,5.949,36.69,5.814,6.851,356,13.15,0,1434,1059,3089,2438,3436,3815,4987,5589,4954,4938,4356,3003,22425,1629,1.125,32.44,33.22,12.58,45.02,Subclinical,train
C0304,1,3,4.81,35.12,4.845,6.511,228,19.04,0,1203,931,2888,2224,2953,3724,4087,4701,4646,4070,3878,2469,18895,1401,0.156,14.51,12.34,-2.5,12.01,Healthy,train
C0795,1,3,6.01,37.4,5.793,6.885,353,10.83,1,1979,1436,3926,3495,4272,5224,6485,7302,6880,6198,5425,3634,29637,1973,1.104,31.92,36.34,24.25,56.17,Subclinical,train
C0237,6,18,5.926,37.16,5.739,6.885,555,10.89,1,1865,1521,4194,3433,4253,4999,6120,7520,7369,6615,6335,4302,29922,2012,1.05,39.91,45.0,31.2,71.11,Clinical,train
C0690,1,3,5.49,36.15,5.422,6.767,265,18.19,0,1273,924,2962,2404,3316,3687,4634,5054,4743,4249,4207,2704,21189,1537,0.733,17.97,21.4,13.16,31.13,Subclinical,train
C0434,4,12,5.223,36.84,5.09,6.871,313,15.51,0,1509,1082,3455,2495,3371,4014,5072,5312,4972,4962,4538,3138,22084,1676,0.401,22.34,21.92,8.85,31.19,Subclinical,train
C0111,1,3,4.849,36.38,4.768,6.706,153,20.31,0,1139,833,2346,1958,2640,3207,4038,4450,4359,3817,3214,2293,18562,1406,0.079,17.09,15.87,-0.14,16.95,Healthy,train
C0254,6,18,4.475,36.24,4.412,6.694,80,21.39,0,1019,748,2192,1813,2566,2672,3836,3843,3447,3286,3033,2077,15350,1264,-0.277,7.99,8.34,1.42,9.41,Healthy,train
C0630,4,12,6.65,37.37,6.414,7.23,591,10.1,1,2076,1607,4690,3878,5244,5107,6712,8383,8025,7515,7067,4545,31967,2068,1.725,66.07,62.45,15.45,81.52,Clinical,train
C0541,6,18,7.035752123797349,36.88517098643804,6.85125211809919,7.055081200039053,429,12.728803265878474,1,1756,1411,3922,3185,4557,5178,7012,7387,6753,6122,5787,3849,30081,1997,2.16225211809919,49.82602677335206,53.49799206323016,29.327435032484622,79.15346180583668,Clinical,train
C0009,3,9,4.438,36.33,4.368,6.811,88,19.05,0,1155,940,2604,2078,2679,3109,4077,4342,4120,3680,3309,2420,17882,1362,-0.321,9.2,9.37,-0.5,8.7,Healthy,train
C0042,6,18,4.664,36.12,4.609,6.721,139,22.17,0,1283,965,2605,2121,2752,3270,4278,4783,4663,4267,4025,2618,19124,1443,-0.08,12.09,12.12,0.9,12.99,Healthy,train
C0238,2,6,5.282,35.03,5.329,6.494,124,19.73,0,1121,801,2473,2025,2864,3243,4159,4511,4477,4194,3576,2387,18417,1350,0.64,6.53,11.09,6.98,13.51,Healthy,train
C0145,3,9,6.120245467562885,38.07800366686162,5.82301249409706,7.487100495733537,471,5.819129489186707,0,1615,1249,3625,2891,3974,4956,5803,6029,5347,5258,4952,3332,24278,1591,1.1340124940970593,44.65314456575242,46.16280641145681,16.669944320280877,61.3230888860333,Subclinical,train
C0468,4,12,4.803,36.03,4.755,6.594,173,17.66,0,1089,877,2406,2025,3039,3269,4352,4492,4084,4124,3916,2598,18523,1361,0.066,19.11,16.52,-3.74,15.37,Healthy,train
C0362,2,6,5.539992708714588,36.69926131972404,5.414435724876778,6.846738296269185,444,17.883493863156676,0,1480,1134,3559,2793,3750,4446,5482,5525,5757,4527,4999,3148,23955,1619,0.7254357248767779,25.73650229677549,29.307712966351897,21.27531082753825,47.01181312431374,Subclinical,train
C0045,3,9,5.790228092473573,37.05449535589011,5.619675609998767,7.007960233890354,614,12.375464282833562,1,1990,1527,4380,3480,4366,4716,5796,7238,7178,6910,5700,4123,29168,1911,0.9306756099987668,43.078465758876405,47.11078109322161,27.974660939647663,71.05312669852407,Clinical,train
C0496,2,6,5.188,36.26,5.113,6.816,257,17.78,0,1244,955,2782,2215,3109,3625,4672,4872,4516,4102,4156,2891,19393,1445,0.424,15.87,17.53,8.85,24.72,Healthy,train
C0635,2,6,6.37,38.99,5.948,7.2,655,11.3,1,2032,1612,4480,3637,5008,4846,6164,6567,7374,6803,6273,4411,29960,1933,1.259,69.21,64.62,15.41,84.62,Clinical,train
C0777,3,9,6.309765096916057,37.7256612676857,6.042684757994095,7.256650220005368,771,11.735846830785748,1,2052,1550,4303,3534,4931,5569,7551,8045,7139,6944,6336,4157,30928,2101,1.353684757994095,70.44138582483258,66.27210233091995,16.5023726245105,86.93786227857345,Clinical,train
C0268,2,6,4.582,36.29,4.513,6.725,167,21.99,0,1155,917,2826,2186,3008,3387,4524,4581,4533,4272,3759,2549,19285,1425,-0.176,9.96,10.75,3.42,13.38,Healthy,train
C0778,1,3,4.828,36.07,4.776,6.732,216,17.6,0,1190,925,2319,1988,2736,3383,4179,4987,4844,4462,4089,2663,18726,1371,0.087,15.64,16.07,0.85,16.49,Healthy,train
C0757,4,12,6.171910913291399,36.59902867703582,6.040464715848106,7.011469570306457,360,11.610153272753458,1,1720,1322,4098,3218,4899,5209,7271,7947,6784,6390,6128,3880,30229,2164,1.3514647158481057,31.637989034339327,37.460693546892,24.77918194978927,56.42149182195396,Subclinical,train
C0775,5,15,5.169,36.27,5.093,6.77,269,16.08,0,1451,1100,2991,2483,3303,3829,5107,5285,4549,4625,4633,2907,21596,1499,0.404,19.14,18.21,3.81,22.95,Healthy,train
C0231,3,9,5.088,35.5,5.088,6.625,233,24.45,0,1259,957,2722,2268,3203,3473,4534,5374,5022,4520,3933,2632,20418,1419,0.399,19.77,18.95,0.41,20.18,Healthy,train
C0467,5,15,4.803,36.02,4.756,6.599,172,22.44,0,1242,843,2702,2190,3021,3512,4442,4745,4610,3932,3820,2415,19683,1445,0.067,14.57,14.57,0.0,14.57,Healthy,train
C0506,3,9,5.078,35.41,5.087,6.664,154,15.88,0,1206,925,2691,2223,2854,3350,4050,4219,4156,4369,3516,2313,18434,1399,0.398,17.75,16.32,-2.97,14.78,Healthy,train
C0394,4,12,5.835,36.48,5.726,6.976,421,15.45,0,1544,1182,3455,2606,4124,4386,5183,5793,5333,5032,4962,3281,23387,1702,1.037,28.25,31.05,18.43,46.68,Subclinical,train
C0498,6,18,5.679898093269976,37.2642090512311,5.489072363887688,7.016482609693306,363,12.546729611749488,1,1713,1307,3765,3133,4144,4964,6208,7189,6334,6229,5191,3784,27992,1910,0.8000723638876875,32.09099104069109,35.331419251144595,18.746780151706083,50.83777119239717,Subclinical,train
C0113,6,18,5.019,35.49,5.02,6.683,275,15.6,0,1427,1029,3142,2457,3195,3646,5238,5527,4799,4780,4311,3145,22203,1493,0.331,22.71,21.46,-1.64,21.08,Healthy,train
C0260,4,12,4.899,35.08,4.938,6.703,245,21.15,0,1301,924,2827,2194,3160,3701,4481,5037,4899,4339,3882,2539,21290,1526,0.249,15.3,17.02,1.75,17.05,Healthy,train
C0256,1,3,6.151660667151961,37.23539751940788,5.949120915211172,6.962697536390064,427,11.574471427705944,1,2033,1550,4506,3648,5359,6119,7529,8677,8235,7733,6742,4496,34289,2256,1.260120915211173,37.77296698204567,43.45147125788409,26.750828226591945,64.51379520863762,Subclinical,train
C0445,4,12,5.898574058169098,36.81850106085943,5.751351166945368,6.901226790518443,325,14.52690291863607,0,1567,1178,3235,2760,3808,4220,5191,5801,5412,5330,4652,3226,24275,1757,1.0623511669453682,29.577413268378702,29.808993634843443,14.209571077581526,43.78698434596023,Subclinical,train
C0388,6,18,4.692,35.98,4.649,6.807,82,22.61,0,1051,866,2390,1823,2499,3018,3745,4441,4651,3820,3344,2410,17886,1242,-0.04,9.12,9.12,0.0,9.12,Healthy,train
C0309,2,6,6.791019846970681,38.27219714919986,6.433435312848031,7.11328543131994,550,10.134359731015037,0,1682,1213,3689,2824,3717,4101,4952,6103,6097,6212,5053,3449,24996,1781,1.7444353128480312,58.67997281250557,57.52555792914614,16.52522196725611,75.20279916085501,Clinical,train
C0631,6,18,5.76,38.1,5.475,7.28,544,7.4,1,1939,1467,3842,3459,4668,5448,6909,7671,6622,6384,5394,3894,30008,2031,0.786,57.29,52.57,11.87,69.17,Subclinical,train
C0057,1,3,6.553,37.8,6.267,7.024,601,12.4,1,2055,1394,4515,3744,4768,5005,7235,8190,7630,6797,6385,3954,31991,2226,1.578,56.01,55.65,24.47,80.48,Clinical,train
C0578,3,9,4.915,35.76,4.891,6.746,110,22.11,0,1231,946,2495,2168,2747,3336,4410,4767,4327,4089,3500,2306,19145,1346,0.202,14.69,13.36,-2.68,12.02,Healthy,train
C0469,2,6,6.214,37.36,5.994,6.951,425,11.23,1,1758,1361,4158,3409,4647,5230,7193,7075,6670,6101,6294,3968,30026,1927,1.305,41.57,44.53,25.36,66.93,Subclinical,train
C0224,2,6,5.343050972898328,37.10313597740504,5.180195420948341,6.873634096508609,281,14.409134258759178,0,1348,1069,2985,2396,3437,3921,5299,5466,5113,4804,4102,2970,22665,1537,0.491195420948341,22.1108790697664,24.315900246378835,11.485076858362874,33.58442910882756,Subclinical,train
C0347,1,3,4.684,35.36,4.696,6.498,203,20.25,0,1267,889,2612,2137,2948,3411,4356,4613,4307,4302,3628,2568,19521,1446,0.007,15.36,15.36,0.0,15.36,Healthy,train
C0272,2,6,4.599,34.18,4.714,6.865,160,20.53,0,1175,954,2571,2122,2987,3444,4482,4335,4271,4209,3547,2431,19436,1460,0.025,8.49,8.55,0.12,8.61,Healthy,train
C0484,3,9,4.908,35.35,4.922,6.614,187,18.52,0,1412,1000,2765,2204,3146,3744,4833,4969,4572,4735,3883,2758,20754,1461,0.233,16.6,15.68,-1.84,14.76,Healthy,train
C0599,1,3,4.332,36.34,4.263,6.746,133,21.55,0,1112,825,2420,1903,2928,3144,4058,4279,4092,4085,3454,2407,17865,1307,-0.426,11.25,11.25,0.0,11.25,Healthy,train
C0259,6,18,4.649,35.45,4.653,6.598,124,22.97,0,1106,824,2461,1990,2704,2918,3767,4153,4093,3673,3358,2371,16802,1234,-0.036,12.36,12.47,-1.68,10.68,Healthy,train
C0554,3,9,7.25,38.41,6.849,7.05,448,10.0,1,2149,1634,4763,3725,4205,4964,6437,8038,7886,7446,6416,4510,30056,2018,2.16,66.57,62.88,16.98,83.54,Clinical,train
C0320,4,12,4.895,36.04,4.845,6.72,201,18.91,0,1169,954,2565,2120,2821,3201,4495,4832,4610,4037,4032,2463,18597,1328,0.156,10.47,14.36,7.77,18.25,Healthy,train
C0507,6,18,4.763,35.96,4.721,6.72,106,22.01,0,1138,859,2556,2042,2500,2917,4005,4305,3961,3732,3187,2141,17331,1252,0.032,13.92,13.92,0.0,13.92,Healthy,train
C0769,5,15,4.952,35.93,4.912,6.718,182,19.89,0,1316,915,2754,2165,2789,3421,4405,4545,4388,3967,3943,2492,18657,1359,0.223,13.85,15.26,2.81,16.66,Healthy,train
C0590,4,12,4.983,35.84,4.951,6.504,123,20.23,0,1064,798,2308,1874,2754,3033,3897,4370,4197,3867,3592,2642,16892,1299,0.262,15.99,15.34,-2.22,13.77,Healthy,train
C0183,5,15,4.836,35.36,4.849,6.753,128,18.85,0,1090,760,2372,2003,2496,2938,3900,4426,4062,3557,3507,2236,17184,1328,0.16,7.79,10.06,4.53,12.32,Healthy,train
C0444,1,3,6.62,37.98,6.308,7.002,493,10.81,1,1867,1372,4131,3360,4366,4290,5524,6900,6934,6866,5662,4020,28478,1954,1.619,49.57,51.13,28.56,78.13,Clinical,train
C0119,1,3,5.11,35.65,5.095,6.734,78,23.59,0,1058,769,2141,1655,2444,2646,3433,3850,3961,3443,3018,2046,16329,1208,0.406,11.15,11.84,1.85,13.0,Healthy,train
C0510,3,9,6.42,38.44,6.061,7.01,705,9.4,1,1942,1509,4333,3595,4893,5786,7287,7914,7011,6597,6628,4454,31752,2109,1.372,69.55,65.92,16.58,86.13,Clinical,train
C0470,2,6,4.763,35.07,4.802,6.774,196,18.93,0,1435,967,3015,2348,3118,3537,4890,5247,5132,4246,3973,2647,20199,1477,0.113,13.84,13.84,0.0,13.84,Healthy,train
C0419,3,9,4.889,36.35,4.81,6.887,212,18.06,0,1271,1005,2885,2333,3187,3481,4797,4718,4147,3708,4188,2697,19759,1516,0.121,17.45,15.5,-0.05,17.41,Healthy,train
C0531,3,9,3.589,35.02,3.622,6.731,145,14.65,0,1270,943,2537,2179,2692,3411,4083,4949,4734,4386,3985,2782,19244,1535,-1.067,5.11,5.87,-0.37,4.73,Healthy,train
C0360,1,3,4.9,35.05,4.942,6.618,161,20.16,0,1238,907,2782,2004,2822,3315,4454,4692,4231,4013,3707,2370,18205,1389,0.253,13.34,12.0,0.22,13.56,Healthy,train
C0435,5,15,5.859749400135515,36.828703555589016,5.711129062754325,6.834296153567597,340,10.66648222205492,1,1980,1494,4314,3406,4500,5057,6354,7310,7187,6580,6342,4299,30699,2037,1.022129062754325,29.857305678831576,32.50156511313547,18.66916054683707,48.52646622566865,Subclinical,train
C0029,3,9,7.516283377881582,38.961252445643495,7.029004670835604,7.38277349885576,751,9.161913389733364,0,1714,1321,3611,3173,4717,4519,5764,7365,6372,6911,5214,3973,28004,1883,2.340004670835603,83.3588649452444,77.91111039153881,8.244800214969658,91.60366516021404,Clinical,train
C0066,5,15,5.209,36.16,5.144,6.733,160,24.11,0,1147,946,2480,2093,2745,3043,3799,4823,4635,4172,3676,2609,18572,1340,0.455,14.84,16.4,3.12,17.96,Healthy,train
C0242,1,3,5.322,36.46,5.225,6.81,240,16.22,0,1264,981,2739,2240,3403,3736,5040,4807,4702,4562,4147,2709,20137,1521,0.536,17.7,17.17,6.95,24.64,Healthy,train
C0395,3,9,4.645,35.47,4.648,6.877,164,21.79,0,1067,845,2312,1938,2648,2947,3867,4491,4078,4228,3196,2307,17478,1395,-0.041,13.84,13.84,0.0,13.84,Healthy,train
C0174,6,18,5.045,35.85,5.011,6.854,221,20.19,0,1388,996,2876,2334,3225,3746,4933,5094,4948,4664,4184,2919,20568,1493,0.322,22.88,20.43,-4.35,18.52,Healthy,train
C0527,6,18,5.726354339537714,36.86470867907543,5.577035211134921,6.937906524680166,371,16.273730591994322,0,1398,1096,3076,2566,3326,3897,4724,5687,5581,5010,4525,3198,22393,1602,0.8880352111349198,27.10125195146381,28.048604185801768,13.7422153021466,40.84000421039952,Subclinical,train
C0349,3,9,6.899781619814864,36.980715598080536,6.698627345644927,6.940505577276915,441,15.74660783170959,0,1646,1311,3308,2557,3961,4050,5772,6322,5711,5692,5141,3434,25166,1729,2.009627345644927,36.70295556473288,40.48368048005448,31.480186083466847,68.19314164819971,Subclinical,train
C0555,1,3,5.122,35.18,5.153,6.722,159,23.75,0,1315,970,2882,2221,3271,3549,4678,4931,4285,4114,3862,2483,20041,1474,0.464,15.55,15.55,0.0,15.55,Healthy,train
C0010,5,15,4.588,35.59,4.58,6.896,86,24.77,0,1030,787,2298,1921,2566,2880,3754,4164,3636,3548,3248,2174,16065,1262,-0.109,9.36,9.42,-0.17,9.19,Healthy,train
C0742,3,9,5.734602568393888,36.68974363878729,5.605256409030318,6.878435909696823,328,12.656324851716391,0,1316,962,2810,2247,3448,3956,5005,5500,5142,4732,4316,2863,21345,1525,0.9162564090303176,23.21803472342797,26.18474387787536,15.66017026990697,38.87277764495108,Subclinical,train
C0288,4,12,5.17,34.63,5.255,6.699,141,15.24,0,1346,980,2837,2174,3066,3275,4281,5014,4677,4413,3729,2501,19493,1362,0.566,13.3,13.06,-0.47,12.83,Healthy,train
C0584,3,9,6.095,37.07,5.913,7.024,405,12.47,1,1789,1372,4035,3247,4814,5276,7305,7939,7106,6390,6115,3919,30400,2089,1.224,34.17,39.66,26.11,60.28,Subclinical,train
C0188,4,12,4.453,35.25,4.474,6.835,150,17.43,0,1023,742,2191,1772,2535,2752,3576,4157,3550,3303,3343,2151,15367,1214,-0.215,9.9,10.15,0.5,10.39,Healthy,train
C0348,3,9,6.61908311889949,37.732643295049705,6.341419791035246,6.956430515499548,431,12.806855366542829,1,2011,1285,3801,2919,4781,5587,7810,6639,6992,6661,6549,3802,31035,2135,1.6524197910352456,45.67771539586306,47.311676539130445,26.84255729211768,72.52027268798075,Subclinical,train
C0332,6,18,5.141,35.34,5.157,6.64,188,20.18,0,1481,1081,3197,2658,3453,3884,4983,5867,5444,5108,4200,2899,22201,1601,0.468,15.33,15.7,0.75,16.08,Healthy,train
C0492,1,3,5.228,35.31,5.247,6.593,118,22.55,0,1174,880,2590,2204,2560,2943,4124,4168,4184,4015,4023,2424,17921,1387,0.558,19.32,17.12,-3.53,15.8,Healthy,train
C0369,5,15,6.311635005631633,37.46075590191476,6.076104205181101,7.119244098085245,652,8.283483032663469,0,1784,1268,3682,2922,3816,3998,5629,6572,6249,5911,5234,3546,26401,1786,1.3871042051811022,53.60693904721088,56.02753200103149,23.189187660691204,76.80549400778945,Clinical,train
C0351,4,12,6.536814429840262,37.89805795401088,6.238397043636997,7.042640567807617,586,5.689608517114257,0,1536,1076,3294,2703,3774,4259,5397,5715,5364,4980,4782,3382,23393,1720,1.5493970436369977,56.24359527214321,56.04942141011056,19.870204375882043,76.11379964802525,Clinical,train
C0311,1,3,4.769,35.85,4.737,6.536,140,16.26,0,1154,854,2515,1997,2882,3397,4210,4530,4185,3865,3311,2322,18285,1336,0.048,14.95,15.27,2.57,17.52,Healthy,train
C0797,2,6,5.037,35.96,4.993,6.795,74,19.04,0,1042,796,2356,1826,2569,2898,3782,4253,3817,3557,3072,2080,17042,1269,0.304,9.09,10.87,4.57,13.66,Healthy,train
C0322,6,18,5.708138604150359,37.17404194702602,5.526349205439246,6.996024659985816,469,10.827534001418478,1,1890,1363,4165,3263,4349,5095,6367,7013,6281,5482,5757,3697,27321,1867,0.8373492054392464,32.62377551897869,39.28768425198105,28.768367358638265,61.381459770959744,Subclinical,train
C0133,5,15,4.274,34.67,4.341,6.502,190,16.05,0,1227,960,2545,2092,2859,3464,4440,4771,4380,4116,3537,2322,19166,1391,-0.348,9.02,9.02,0.0,9.02,Healthy,train
C0626,2,6,4.59,35.2,4.616,6.608,179,9.26,0,1191,925,2937,2122,2817,3306,4049,4794,4399,4230,3620,2350,18955,1386,-0.073,11.23,10.97,-0.52,10.71,Healthy,train
C0172,2,6,4.317,36.22,4.258,6.564,155,24.04,0,1209,846,2572,1935,3206,3639,4503,4981,5120,4233,4005,2729,19840,1479,-0.431,12.11,10.4,-3.43,8.68,Healthy,train
C0063,2,6,4.499,35.85,4.469,6.662,111,20.59,0,1050,767,2322,1951,2712,3090,3693,4399,3788,3536,3523,2376,16774,1346,-0.22,10.88,11.31,0.36,11.24,Healthy,train
C0508,5,15,4.213,34.75,4.273,6.507,200,16.72,0,1126,916,2513,2078,3009,3387,4549,4800,4325,4051,3388,2377,19279,1437,-0.416,8.44,9.19,0.46,8.9,Healthy,train
C0347,2,6,6.83,37.25,6.603,7.26,661,9.8,1,2226,1804,4568,3874,5431,5833,7448,8776,8159,7799,6699,4588,35062,2286,1.914,71.11,67.02,15.18,86.29,Clinical,train
C0373,6,18,4.512,35.37,4.523,6.614,130,28.71,0,1010,764,2276,1916,2512,2897,3941,4517,4055,3827,3124,2191,17812,1327,-0.166,8.83,9.07,0.48,9.3,Healthy,train
C0645,3,9,4.668,35.32,4.684,6.673,147,23.03,0,1137,865,2530,2172,2771,3096,3995,4334,4057,3787,3535,2569,17469,1240,-0.005,11.52,10.33,-0.64,10.89,Healthy,train
C0505,2,6,4.558,35.49,4.559,6.675,223,18.16,0,1280,1030,2774,2380,3225,3584,4386,5290,5227,4598,4184,2968,21168,1508,-0.13,13.87,14.6,1.47,15.33,Healthy,train
C0580,1,3,4.986,35.74,4.963,6.694,126,22.57,0,1146,863,2635,1958,2696,3196,4147,4648,4055,3950,3875,2628,17856,1295,0.274,11.54,13.69,2.85,14.39,Healthy,train
C0257,3,9,6.548,37.82,6.259,7.149,319,15.06,1,1905,1348,4207,3327,4644,5003,7255,7247,7066,6681,5805,3642,30271,2016,1.57,36.04,42.1,30.9,66.94,Subclinical,train
C0339,5,15,6.531923463429774,37.98148803103281,6.224700258774852,7.240154291559723,736,11.148763532503631,1,2149,1709,4426,3618,4848,5720,7213,7913,7089,6882,6203,4360,31197,2044,1.5357002587748516,75.11564869422993,68.58514405805727,12.719341385227033,87.83499007945696,Clinical,train
C0442,1,3,4.408,35.96,4.369,6.819,188,19.52,0,1271,927,2875,2205,3014,3216,4139,4814,4140,4303,3674,2485,18419,1280,-0.32,11.97,11.97,0.0,11.97,Healthy,train
C0542,2,6,5.852150625943764,38.08330490455455,5.555315961467169,7.246941924886748,752,11.812395649471492,1,2097,1549,4354,3652,5143,5671,7309,7897,6896,6945,6144,4263,31132,2088,0.8663159614671693,62.475553458229626,60.96480394033794,20.499165195771937,82.97471865400156,Clinical,train
C0637,3,9,5.633254912817937,38.45416872286575,5.311367973810133,7.082948999181566,535,9.761995247670644,1,1879,1509,4110,3468,4702,5602,7705,6947,7638,6280,6252,4096,30785,1929,0.6223679738101331,55.63368338907048,53.320600491060006,11.422369987912615,67.05605337698313,Subclinical,train
C0384,5,15,6.1022543117409205,37.51860678333546,5.86855645318013,7.019489292803953,408,10.660457459840815,1,1852,1386,3833,3356,4628,5207,7068,7245,6977,6235,5979,4092,30335,2011,1.1795564531801297,36.660399115843,42.16531704845302,28.748417643985007,65.408816759828,Subclinical,train
C0145,1,3,6.376579738173928,37.86741809901005,6.093057912751365,7.049524764316452,427,10.97217478147758,0,1606,1107,3261,2852,3713,3977,5560,6425,5880,5905,4499,3383,25740,1761,1.404057912751365,42.93646467606959,45.6253772853308,19.78615437463795,62.722619050707536,Subclinical,train
C0375,4,12,4.796,34.88,4.852,6.519,112,17.56,0,1137,919,2467,2104,3146,3308,4251,4708,4266,4288,3575,2520,18373,1372,0.163,10.35,10.69,0.67,11.03,Healthy,train
C0551,2,6,4.599,35.21,4.624,6.626,120,14.97,0,1166,822,2514,1956,2552,3095,4128,4494,4352,3885,3414,2288,17555,1264,-0.065,12.36,11.65,-2.45,9.91,Healthy,train
C0685,2,6,6.231256801673791,36.74550704380342,6.083665017610399,6.888958920316951,508,11.953375632834748,0,1612,1104,3446,2763,3460,3862,5257,5857,5421,5877,5386,3405,24713,1617,1.3946650176104,35.32615012108265,40.16079793091172,31.047743836716585,66.37389395779923,Subclinical,train
C0546,6,18,4.562,34.91,4.613,6.735,176,27.08,0,1260,916,2608,2018,2959,3314,4375,4759,4268,3944,3467,2352,19019,1356,-0.076,9.34,10.78,3.1,12.44,Healthy,train
C0797,1,3,5.713,37.46,5.5,6.841,363,13.85,0,1393,1065,2945,2310,3092,3374,4764,5509,5293,4872,3948,2929,21513,1579,0.811,28.32,30.16,15.05,43.37,Subclinical,train
C0760,6,18,4.692,35.99,4.648,6.593,154,17.19,0,1197,877,2623,2040,2703,2996,4203,3995,4160,3948,3464,2528,17663,1355,-0.041,11.55,11.87,1.38,12.93,Healthy,train
C0281,1,3,5.068,34.64,5.151,6.662,120,16.78,0,1217,885,2523,2189,2767,3170,3866,4493,4049,3930,3500,2438,18328,1352,0.462,10.72,11.39,1.71,12.43,Healthy,train
C0171,5,15,4.623,35.75,4.601,6.663,141,22.87,0,1036,850,2518,2064,2823,3296,4016,4935,4240,3897,3858,2425,18375,1386,-0.088,13.28,13.28,0.0,13.28,Healthy,train
C0362,6,18,6.08,38.44,5.74,7.04,521,11.5,0,1591,1199,3649,3014,4006,4577,5852,6792,6179,6038,5488,3470,26774,1809,1.051,45.85,47.45,19.82,65.67,Subclinical,train
C0019,4,12,4.747,34.78,4.812,6.634,85,18.49,0,1057,754,2181,1826,2429,2781,3599,4195,3970,3661,3366,2293,16355,1412,0.123,9.03,9.03,0.0,9.03,Healthy,train
C0080,4,12,4.786,36.34,4.71,6.771,117,24.09,0,1094,802,2381,1883,2770,2955,4109,4717,4295,3717,3568,2385,17484,1358,0.021,17.95,14.91,-4.4,13.55,Healthy,train
C0593,5,15,4.971,36.64,4.863,6.711,98,19.56,0,1081,807,2376,1753,2799,3183,4156,4412,4073,3850,3295,2214,17610,1357,0.174,15.18,15.24,-2.12,13.06,Healthy,train
C0083,3,9,5.619,36.65,5.496,6.976,387,18.31,0,1386,1128,3164,2605,3310,3936,4678,5717,5748,5015,4647,3294,22430,1556,0.807,24.22,25.95,14.84,39.06,Subclinical,train
C0740,6,18,5.947305509839748,37.32319977472695,5.739520683540882,6.680681690185768,563,16.07072901347356,1,1998,1490,4188,3713,4519,5350,7156,7399,7224,6768,6568,4445,29847,1951,1.050520683540882,37.22071038664884,43.2091429867816,33.81896127569675,71.0543201506073,Clinical,train
C0117,3,9,4.974,35.04,5.017,6.504,130,21.46,0,1323,936,2839,2323,2973,3615,4561,4928,4536,3960,3643,2413,19422,1398,0.328,12.97,12.04,-1.87,11.1,Healthy,train
C0755,1,3,6.807,36.86,6.631,7.075,549,12.73,1,2169,1561,4109,3600,4539,4643,5741,7143,6757,6861,6021,4165,30729,2083,1.942,48.49,51.98,29.76,78.25,Clinical,train
C0771,5,15,6.67,38.01,6.352,7.02,702,6.1,1,1955,1511,4669,3534,5166,5573,7812,7818,7346,6920,6511,4427,32027,2131,1.663,71.71,66.74,17.03,88.75,Clinical,train
C0060,5,15,4.531,36.03,4.485,6.558,133,18.18,0,1115,796,2379,1993,2638,3059,3871,4189,4204,3847,3341,2241,17059,1282,-0.204,9.67,9.42,-1.01,8.66,Healthy,train
C0315,3,9,6.218,37.11,6.028,6.936,411,12.25,1,2036,1476,4502,3528,5297,5936,7278,8431,8071,7744,7144,4654,34401,2256,1.339,36.43,43.14,28.83,65.25,Subclinical,train
C0200,3,9,4.358,36.37,4.286,6.729,76,23.12,0,1024,760,2223,1877,2542,2849,3875,3674,3633,3278,2949,2095,15984,1218,-0.403,8.67,8.9,0.54,9.21,Healthy,train
C0189,5,15,4.131,35.02,4.169,6.534,134,19.3,0,1083,790,2288,1984,2776,3264,3959,4361,4179,3965,3342,2114,17992,1330,-0.52,9.71,9.16,-0.93,8.78,Healthy,train
C0576,5,15,4.332,34.55,4.41,6.764,184,14.46,0,1214,943,2616,2092,2971,3222,4121,4931,4623,4148,3655,2371,19455,1410,-0.279,10.32,10.32,0.0,10.32,Healthy,train
C0071,1,3,4.675,35.38,4.686,6.667,169,17.5,0,1139,861,2556,1980,2685,3209,4377,4603,4404,3949,3519,2344,18580,1403,-0.003,15.24,14.11,-3.24,11.99,Healthy,train
C0618,5,15,4.455,36.15,4.4,6.65,137,19.2,0,1147,889,2622,1990,2726,3155,4037,4804,4134,3951,3403,2272,18658,1425,-0.289,12.2,11.07,-2.27,9.94,Healthy,train
C0710,1,3,7.482078916391424,37.915301007821874,7.138415783278285,6.983492671128092,537,8.951972909785585,0,1753,1320,4022,3019,3855,4130,4960,6238,6112,5952,5641,3741,24547,1695,2.449415783278285,64.03410810290045,64.55862223657061,18.332083495916457,82.3674182052831,Clinical,train
C0027,5,15,7.581216450561573,39.11925570299242,7.056126095011707,7.086941308751041,473,9.180392524308449,0,1588,1200,3248,2815,3757,4089,5595,6052,5717,5390,4962,3299,24611,1770,2.367126095011707,66.60887254854941,65.4800871251379,19.048392899103067,85.65726544765248,Clinical,train
C0064,1,3,4.218,35.87,4.188,6.552,135,24.86,0,1039,831,2175,1849,2791,3032,3995,4002,3869,3753,2820,2066,17204,1359,-0.501,10.22,10.8,0.56,10.77,Healthy,train
C0482,6,18,6.74518753162602,37.674705307444825,6.466717000881538,7.034598146515671,629,9.85616175342638,0,1705,1289,3646,2944,4147,4612,5769,6368,5848,5846,5131,3451,26209,1769,1.777717000881538,59.70808593687644,59.40208492484379,20.17363369815328,79.88171963502973,Clinical,train
C0377,6,18,7.03,38.04,6.691,7.08,489,12.5,1,2065,1551,4350,3588,4816,4832,6567,7753,7136,7141,7009,4239,31673,2061,2.002,67.06,63.26,14.62,81.68,Clinical,train
C0151,1,3,4.816,35.27,4.837,6.77,156,20.86,0,1195,952,2749,2213,2977,3550,4643,4870,4636,4436,3933,2716,20081,1431,0.148,15.29,14.61,-3.73,11.56,Healthy,train
C0713,2,6,5.003,34.42,5.106,6.69,117,15.91,0,1122,871,2392,2017,2580,3037,3703,4227,3886,3676,3651,2373,17334,1321,0.417,12.43,12.62,2.27,14.7,Healthy,train
C0658,1,3,6.3033422517437305,37.58518847466964,6.0547498376927,6.991244457645014,405,11.052563365914214,1,1872,1479,4467,3204,4406,4777,6852,7080,6498,6415,5702,3787,29498,1973,1.3657498376927002,40.580934430983845,44.36799176762117,27.01131138032312,67.58337900743399,Subclinical,train
C0120,5,15,5.682923478893587,37.04808389405203,5.516612254842522,7.009,436,12.612579384416014,1,2050,1594,4502,3749,4958,5573,7284,8342,8237,7190,6378,4305,32738,2160,0.8276122548425217,32.32731281305001,38.62871309944225,28.56811796712985,60.89543078017986,Subclinical,train
C0198,5,15,5.394626477102366,36.60499361729969,5.280428783073435,6.797249042594954,336,16.09074449271515,0,1374,1085,3009,2431,3181,3730,4803,4992,5274,4960,4238,3023,21797,1472,0.5914287830734352,18.40132262527438,21.28027012315269,14.2926963121512,32.70401893742557,Subclinical,train
C0275,6,18,4.733,35.92,4.695,6.692,100,23.04,0,1110,809,2347,1991,2437,2612,3766,3877,3923,3490,3072,1980,15690,1168,0.006,14.02,10.38,-4.59,9.43,Healthy,train
C0608,4,12,4.368,35.08,4.403,6.643,204,21.56,0,1375,963,2857,2241,3133,3578,4505,4964,4694,4497,3866,2698,20983,1457,-0.286,11.45,11.18,-0.54,10.91,Healthy,train
C0472,1,3,5.869,37.41,5.656,6.914,416,12.0,1,1935,1487,4254,3361,4597,5184,6924,7709,7445,6475,6184,3842,31407,2044,0.967,33.1,36.98,24.17,57.27,Subclinical,train
C0435,1,3,4.399,35.18,4.426,6.747,100,15.28,0,1075,844,2362,1836,2522,2661,4021,4163,3866,3636,3185,2243,16713,1268,-0.263,9.75,7.73,-3.37,6.37,Healthy,train
C0266,2,6,4.773,35.12,4.807,6.596,158,18.72,0,1020,781,2441,1776,2666,3198,4175,4495,3960,3745,3582,2300,17114,1319,0.118,13.52,14.41,2.25,15.76,Healthy,train
C0546,5,15,4.927,34.68,5.004,6.751,193,19.05,0,1257,968,2759,2292,3163,3664,4650,5003,4520,4178,4014,2592,20295,1462,0.315,14.24,14.14,1.89,16.12,Healthy,train
C0717,5,15,4.137,35.43,4.143,6.602,149,18.86,0,1131,843,2401,1944,2670,2923,4036,3955,3558,3745,3157,2277,16528,1209,-0.546,9.84,8.32,-4.42,5.42,Healthy,train
C0151,2,6,4.109,35.8,4.086,6.579,122,18.55,0,1173,904,2590,2076,3087,3222,4193,4806,4285,4026,3712,2653,18601,1434,-0.603,7.35,8.49,2.28,9.63,Healthy,train
C0740,1,3,4.933,35.22,4.959,6.507,129,18.82,0,1171,861,2370,1832,2744,3120,3819,4313,4595,4090,3481,2490,16920,1254,0.27,12.97,12.97,0.0,12.97,Healthy,train
C0510,5,15,5.89550889190254,37.17363407575731,5.708041207426666,6.866,330,13.148795008695483,0,1413,1037,2898,2474,3385,3821,4824,5693,5307,5007,4269,2992,22347,1684,1.0190412074266653,30.99182613511741,30.91048060208339,11.791642232240774,42.77504813660808,Subclinical,train
C0121,4,12,5.149,35.41,5.158,6.81,218,20.34,0,1310,1007,2862,2306,3141,3978,4865,5573,5149,4879,4330,2981,21307,1521,0.469,19.53,18.37,-0.69,18.84,Healthy,train
C0368,2,6,6.496,37.71,6.223,6.943,359,12.9,1,1975,1482,4358,3228,4692,5188,7013,8149,7384,7143,6680,4034,31296,2066,1.534,38.54,43.09,28.03,66.57,Subclinical,train
C0106,5,15,4.986,35.96,4.942,6.735,209,19.51,0,1228,884,2650,2305,3087,3682,4518,5081,5061,4452,3870,2513,19673,1483,0.253,13.5,15.79,4.58,18.08,Healthy,train
C0634,2,6,4.75,35.12,4.784,6.614,158,9.54,0,1125,880,2550,1946,2572,3265,3983,4556,4568,4391,3297,2369,18388,1290,0.095,12.56,11.96,-0.38,12.18,Healthy,train
C0074,5,15,5.757807659377921,37.49165754835962,5.540293074367924,6.957694773597719,545,12.290900942938608,1,1928,1431,4387,3470,4381,5089,6632,7396,6994,6838,5887,3783,30070,2021,0.8512930743679235,36.69141753283722,42.7643573520107,30.637389824024236,67.32880735686145,Subclinical,train
C0300,1,3,4.59,35.9,4.555,6.578,210,15.95,0,1197,879,2487,2080,3079,3350,4614,4893,4601,4269,3557,2454,19221,1385,-0.134,12.85,14.53,-1.44,11.41,Healthy,train
C0005,4,12,4.22,36.02,4.178,6.704,140,20.97,0,1262,888,2521,2004,2759,3270,4056,4757,4391,4155,3609,2457,18726,1413,-0.511,9.34,8.48,-1.38,7.97,Healthy,train
C0277,5,15,4.591,35.49,4.592,6.648,141,20.18,0,1139,775,2361,1836,2842,3120,3962,4671,4193,4050,3616,2304,18230,1359,-0.097,11.4,10.88,0.32,11.72,Healthy,train
C0604,5,15,4.755,35.89,4.72,6.669,117,18.82,0,1289,873,2518,2113,3004,3401,4656,4493,4249,4288,3615,2583,18435,1355,0.031,11.13,10.71,0.93,12.06,Healthy,train
C0644,3,9,4.741,36.52,4.649,6.434,129,16.9,0,1167,794,2312,1879,2565,3027,4076,4394,4113,3489,3443,2361,17142,1262,-0.04,11.59,13.38,3.22,14.81,Healthy,train
C0438,2,6,4.708,35.51,4.707,6.567,114,19.76,0,1044,736,2110,1875,2894,3233,4084,3967,3799,3813,3269,2270,17544,1317,0.018,9.39,11.63,3.83,13.22,Healthy,train
C0156,6,18,4.918,35.72,4.897,6.673,170,19.45,0,1322,1000,2768,2299,2976,3502,4336,4610,4224,3981,3988,2721,19645,1455,0.208,17.57,17.57,0.0,17.57,Healthy,train
C0386,2,6,5.616,36.96,5.46,6.921,319,13.41,0,1449,1079,3188,2605,3589,4000,5059,5296,5180,4645,4406,3065,21805,1591,0.771,24.18,25.42,10.58,34.76,Subclinical,train
C0398,2,6,4.373,35.22,4.396,6.803,186,20.84,0,1315,950,2681,2298,3066,3600,4649,4674,4221,4194,3524,2563,20127,1488,-0.293,9.39,8.54,-1.66,7.73,Healthy,train
C0657,5,15,5.928,37.23,5.733,7.039,530,13.57,1,1905,1508,3813,3264,4459,5454,7101,7496,6921,6159,5806,4008,29930,2085,1.044,39.68,42.92,27.67,67.34,Subclinical,train
C0348,1,3,4.58,35.76,4.557,6.749,116,22.69,0,1075,765,2261,1840,2692,3073,3820,4210,3701,3396,3213,2172,16680,1237,-0.132,5.96,9.16,4.24,10.2,Healthy,train
C0539,2,6,4.191,35.26,4.21,6.612,204,20.44,0,1204,953,2679,2152,2763,3233,4099,4587,4157,3968,3843,2504,19083,1298,-0.479,12.26,10.55,-2.3,9.96,Healthy,train
C0397,3,9,4.539,33.97,4.671,6.697,157,20.16,0,1252,916,2657,2282,3311,3719,4828,5027,4509,4328,3851,2727,19716,1405,-0.018,7.05,7.95,0.48,7.53,Healthy,train
C0263,4,12,3.943,35.09,3.974,6.72,154,20.87,0,1123,810,2392,1982,2525,2890,3771,4460,3816,3673,3418,2331,17238,1352,-0.715,4.89,4.94,0.11,5.0,Healthy,train
C0173,6,18,4.913,35.47,4.916,6.774,195,23.05,0,1302,934,2722,2356,3276,3609,4649,4995,4096,3969,3786,2496,19651,1460,0.227,11.83,13.77,4.99,16.82,Healthy,train
C0134,2,6,7.13,38.41,6.736,7.1,884,9.3,1,2124,1576,4659,3511,4880,4889,6665,7519,6954,7165,6844,4342,31485,2148,2.047,84.94,77.55,11.72,96.66,Clinical,train
C0193,6,18,4.862,36.06,4.81,6.656,162,21.38,0,1257,875,2683,2099,2696,3075,4236,4656,4494,3810,3618,2514,18541,1446,0.121,12.53,15.3,3.34,15.87,Healthy,train
C0734,4,12,4.901,35.41,4.909,6.577,106,17.02,0,1144,894,2580,1961,2829,3165,4131,4124,3949,3570,3736,2415,17691,1361,0.22,15.72,13.57,-1.97,13.75,Healthy,train
C0353,4,12,5.493580269502709,37.019593981021785,5.336126436334869,6.976271124627642,677,12.342121805693466,1,1988,1552,4308,3477,4227,4643,5657,7354,7288,7093,5604,4144,29018,1875,0.6471264363348681,43.40625411839365,46.9870465684657,25.98637877634521,69.39263289473885,Clinical,train
C0593,4,12,5.5065388840395,36.94709409169999,5.354794004411001,6.855113238537501,436,15.75817155193994,0,1432,1070,2938,2442,3271,3929,5259,5848,5335,4844,4474,2986,22294,1526,0.6657940044110012,33.57585185605486,31.664761049329964,7.468800882200246,41.03465273825511,Subclinical,train
C0775,2,6,4.438,35.39,4.447,6.479,160,21.65,0,1268,886,2485,2253,2811,3285,4166,4289,4288,4171,3650,2474,18294,1405,-0.242,8.89,9.56,1.27,10.16,Healthy,train
C0771,6,18,4.634,35.46,4.638,6.697,160,23.07,0,1193,968,2637,2145,2783,3271,3999,4639,4204,3899,3829,2490,18280,1307,-0.051,8.85,10.1,2.5,11.35,Healthy,train
C0141,6,18,7.060005242052222,39.04499591052852,6.58629998514786,6.9546143765284185,571,6.388285560093341,1,2001,1410,4226,3524,4432,4754,6279,7159,6790,6290,5961,4021,28133,1816,1.89729998514786,74.02530876022959,68.8416653662489,16.77603892423976,90.80134768446936,Clinical,train
C0153,2,6,4.083,35.64,4.072,6.799,145,27.52,0,1195,858,2777,2126,3092,3322,4471,4617,4063,4313,3786,2527,18171,1319,-0.617,10.43,7.99,-4.72,5.71,Healthy,train
C0632,5,15,4.677,36.05,4.628,6.672,90,17.39,0,1163,805,2362,1819,2461,2923,3587,4205,4109,3537,3396,2413,16388,1269,-0.061,13.22,11.65,-3.14,10.07,Healthy,train
C0210,5,15,6.073,37.5,5.842,6.951,587,12.24,1,1964,1501,4205,3485,4723,5031,6724,7210,7277,6511,5987,3774,30853,2020,1.153,41.14,49.05,31.44,72.58,Clinical,train
C0514,3,9,3.97,35.67,3.957,6.624,181,18.44,0,1187,909,2459,2042,3035,3342,4319,5396,5033,4408,3629,2469,19777,1548,-0.732,8.9,8.2,-1.32,7.58,Healthy,train
C0130,1,3,6.73,38.45,6.353,7.3,624,9.7,1,2069,1505,4529,3629,4854,5843,7524,8710,8292,7660,7296,4724,32960,2191,1.664,70.1,65.76,16.15,86.25,Clinical,train
C0225,3,9,6.1604147282192905,37.179821694280896,5.9638997867441965,7.002526993853372,405,11.344368490117969,0,1504,1126,3100,2530,3646,3971,5280,6075,6161,5269,4629,3094,24190,1697,1.2748997867441965,37.00772827630528,38.46692590056933,18.98870399785021,55.99643227415549,Subclinical,train
C0604,4,12,4.809,35.9,4.772,6.711,152,24.12,0,1079,853,2422,1962,2731,3199,4114,4361,4077,3947,3671,2239,18477,1428,0.083,16.0,13.59,-4.02,11.98,Healthy,train
C0677,3,9,5.353,36.45,5.256,6.785,332,15.85,0,1175,925,2654,2296,3075,3694,4798,5503,4925,4630,3938,2590,21048,1515,0.567,20.32,23.54,14.72,35.04,Subclinical,train
C0001,3,9,4.83,35.65,4.816,6.669,154,18.94,0,1102,843,2398,1958,2794,3227,4121,5035,4413,4150,3541,2590,18498,1364,0.127,13.14,13.14,0.0,13.14,Healthy,train
C0576,4,12,5.028,34.71,5.103,6.616,98,23.02,0,1121,841,2382,1990,2799,3283,4050,4387,4234,3979,3559,2405,18102,1384,0.414,12.83,12.24,-1.18,11.65,Healthy,train
C0319,1,3,4.091,36.54,4.01,6.44,191,21.44,0,1187,908,2660,2058,3025,3374,4618,4282,4301,4088,3855,2470,18787,1271,-0.679,10.71,10.71,0.0,10.71,Healthy,train
C0745,3,9,6.661,37.38,6.423,6.826,528,10.31,1,1924,1501,3907,3268,4662,5377,6936,7590,7441,6965,5855,3972,31969,2132,1.734,47.07,53.56,34.97,82.04,Clinical,train
C0295,4,12,5.7623305119244765,37.03553945156538,5.594834135322268,6.759604266915283,444,14.46287842771642,0,1565,1185,3347,2611,3812,3907,5618,5842,5644,5455,4620,3263,23671,1620,0.9058341353222674,25.98157400451161,29.88398747767013,20.83634065718272,46.81791466169433,Subclinical,train
C0001,1,3,4.125,34.82,4.178,6.842,182,22.78,0,1207,878,2705,2253,3240,3314,4480,4768,4648,4009,3694,2535,19080,1398,-0.511,6.97,6.97,0.0,6.97,Healthy,train
C0353,1,3,4.988,34.84,5.051,6.622,173,17.79,0,1394,974,2956,2310,3240,3649,4461,5057,4706,4579,3983,2693,20662,1480,0.362,14.03,13.5,-0.38,13.65,Healthy,train
C0405,6,18,4.587,34.37,4.685,6.579,143,15.53,0,1142,808,2463,1977,2648,2914,4030,4722,4222,3792,3490,2363,18207,1354,-0.004,7.29,9.0,3.46,10.75,Healthy,train
C0217,6,18,5.183,35.09,5.223,6.687,202,20.03,0,1138,855,2590,2076,2649,3161,3972,4328,4330,4113,3522,2502,17949,1365,0.534,14.6,16.58,2.02,16.62,Healthy,train
C0330,4,12,6.43,38.44,6.071,6.89,565,9.0,1,1992,1340,4304,3212,4491,5691,6379,8010,7483,6519,5842,3782,30675,2140,1.382,61.45,60.47,20.83,82.27,Clinical,train
C0249,3,9,4.817,35.64,4.804,6.563,85,16.95,0,1084,820,2353,1797,2694,3144,4073,4018,3744,3508,3005,1927,17010,1312,0.115,10.79,10.81,0.03,10.83,Healthy,train
C0346,6,18,5.998153841977039,37.26126372134657,5.797802195415451,6.747693884199816,339,14.416012545231148,0,1487,1196,3520,2639,3997,4167,5407,6069,5497,5148,4443,2964,25182,1784,1.108802195415451,31.06974098311511,32.395706483729455,16.48094197830594,47.54893256938258,Subclinical,train
C0332,4,12,4.75,35.24,4.773,6.707,183,19.8,0,1252,930,2726,2155,2780,3335,4052,4421,4588,4203,3953,2593,19235,1449,0.084,12.4,13.13,0.27,12.67,Healthy,train
C0037,6,18,4.608,35.18,4.636,6.617,106,20.26,0,1017,826,2284,1922,2740,3187,4212,4310,4084,3957,3717,2411,17170,1219,-0.053,9.06,9.06,0.0,9.06,Healthy,train
C0671,2,6,4.426,34.99,4.469,6.424,169,27.11,0,1271,939,2794,2498,3034,3548,4814,4642,4709,4458,3869,2610,20328,1519,-0.22,7.34,7.34,0.0,7.34,Healthy,train
C0587,5,15,4.764,35.56,4.759,6.646,110,20.92,0,1181,904,2580,2018,3029,3516,4518,4774,4655,4106,3916,2620,19322,1414,0.07,13.05,10.86,-3.21,9.84,Healthy,train
C0737,3,9,5.6088523037299565,36.70254273128769,5.480845265635512,6.899743715987103,322,12.658452656355124,0,1540,1161,3393,2624,3737,4240,5348,5539,5203,5093,4364,2961,23384,1615,0.7918452656355125,23.44140761888884,23.604885411295548,11.269860275243964,34.7112678941328,Subclinical,train
C0313,2,6,4.639,35.91,4.603,6.609,187,20.17,0,1203,891,2806,2102,2748,3354,4281,4797,4780,4264,3664,2482,18648,1443,-0.086,15.26,14.08,-2.18,13.08,Healthy,train
C0395,6,18,6.0,37.12,5.815,7.046,495,12.58,1,1888,1464,3875,3374,4974,5477,7486,7330,7362,6735,5775,3841,30429,2056,1.126,35.74,42.75,31.88,67.62,Subclinical,train
C0779,3,9,4.816,35.22,4.842,6.594,109,17.96,0,1123,806,2460,2026,2665,3135,4156,4175,4094,4121,3375,2416,17991,1273,0.153,10.44,11.48,2.75,13.19,Healthy,train
C0573,6,18,5.041,35.39,5.052,6.704,90,18.62,0,1247,971,2785,2382,2727,3195,4193,4995,4482,4285,3842,2415,19430,1427,0.363,15.07,15.07,0.0,15.07,Healthy,train
C0547,3,9,4.122,35.23,4.143,6.471,76,23.37,0,930,731,1991,1814,2610,2884,3832,3944,3645,3501,3244,2067,15994,1198,-0.546,8.61,7.86,-0.85,7.77,Healthy,train
C0656,4,12,4.744,35.16,4.775,6.555,215,26.63,0,1290,924,2750,2207,3169,3556,5141,5029,4542,4432,4155,2870,20427,1441,0.086,12.28,14.01,0.9,13.18,Healthy,train
C0136,3,9,6.8,37.92,6.487,7.06,542,8.2,1,1940,1395,4028,3199,4900,5482,6704,7439,6483,5755,6304,4147,29097,1867,1.798,66.93,63.82,16.02,82.95,Clinical,train
C0561,1,3,5.147,35.92,5.106,6.721,185,18.09,0,1460,1046,3184,2440,3211,3841,4650,4856,4577,4505,3989,2716,19933,1429,0.417,10.32,14.44,8.24,18.56,Healthy,train
C0201,2,6,5.189,35.93,5.147,6.709,209,19.69,0,1269,941,2698,2066,2839,3577,4152,4858,4490,4240,3716,2594,18719,1350,0.458,15.1,16.54,2.87,17.97,Healthy,train
C0645,1,3,5.904898870450375,37.774038861480285,5.649487392789487,6.8848676004829485,435,11.594864888734984,1,1895,1391,4353,3237,4473,5155,6422,7843,7067,6831,6092,4195,29666,1924,0.960487392789486,37.212192499569454,42.017242656546,28.08398734517617,65.29617984474564,Subclinical,train
C0283,1,3,4.642,35.52,4.64,6.619,122,19.43,0,1063,776,2426,1934,2651,3019,3854,4322,4216,3639,3308,2309,17322,1287,-0.049,10.7,10.75,-1.33,9.37,Healthy,train
C0114,1,3,4.701,35.84,4.671,6.474,162,20.7,0,1241,964,2650,2328,3000,3442,4638,4661,4194,4165,3950,2631,19030,1310,-0.018,12.38,11.58,-0.17,12.21,Healthy,train
C0780,1,3,4.668,35.27,4.688,6.622,133,22.44,0,1122,897,2492,1939,2916,3173,4227,4784,4482,4244,3456,2416,19255,1367,-0.001,7.31,7.31,0.0,7.31,Healthy,train
C0744,5,15,5.590201928324893,36.44962341312836,5.488801285549928,6.81071554716135,294,16.318581632755677,0,1360,988,2998,2408,3353,3813,4758,4956,4904,4125,4377,2821,21265,1514,0.7998012855499286,21.472155632139643,24.3716748351255,14.790737264895316,36.25798103780335,Subclinical,train
C0551,4,12,6.644890964884767,38.046441308365566,6.325002385186753,7.155777159396027,522,6.979996024688744,1,1949,1429,4186,3360,4556,5363,7041,7900,6979,6617,6117,4229,31066,2038,1.6360023851867538,65.44578908532979,60.947355330055615,16.114912829096674,81.56070191442647,Clinical,train
C0086,1,3,4.713,35.12,4.747,6.711,103,16.85,0,1056,833,2373,1898,2587,3253,4090,4233,4144,3560,3471,2178,18074,1335,0.058,11.18,11.18,0.0,11.18,Healthy,train
C0119,3,9,5.089,36.39,5.003,6.829,259,16.65,0,1172,870,2652,2286,3110,3829,4919,5006,4754,4750,4430,2867,21249,1523,0.314,17.87,17.87,5.22,23.09,Healthy,train
C0159,6,18,5.162,36.08,5.105,6.721,204,19.94,0,1182,848,2759,2135,2964,3523,4813,4774,4581,4283,3694,2539,19423,1409,0.416,9.63,13.2,7.15,16.78,Healthy,train
C0055,5,15,7.465897465118763,38.55814104244328,7.034136777754116,6.863952985852237,748,6.820726478680722,0,1957,1447,4221,3169,4247,4985,6325,6630,6615,6561,5734,3797,29036,1903,2.3451367777541154,76.26111144033807,72.36166698956232,16.37277774612134,92.6338891864594,Clinical,train
C0736,1,3,6.64,37.75,6.356,7.11,793,9.8,1,1971,1374,4220,3303,4824,4713,6065,7612,7633,7645,6867,4250,30963,2090,1.667,74.25,69.03,14.48,88.73,Clinical,train
C0606,6,18,4.291,35.73,4.272,6.809,100,25.63,0,1198,977,2588,2103,2665,3095,4030,4485,3866,3817,3413,2313,18244,1338,-0.417,6.02,6.02,0.0,6.02,Healthy,train
C0530,3,9,4.464,36.1,4.413,6.75,88,20.37,0,944,754,2143,1843,2437,2929,3680,4494,3967,3661,3211,2118,16538,1317,-0.276,10.17,10.17,0.0,10.17,Healthy,train
C0303,1,3,5.97502349630397,36.925267937285184,5.812883347144405,7.046,534,13.485927422194989,1,1887,1492,3945,3390,5123,5594,7682,7337,7474,6924,5739,3714,30417,2061,1.123883347144404,36.154863959696776,43.38499585667873,32.650461639436855,68.80532559913364,Subclinical,train
C0792,4,12,4.775,35.32,4.791,6.693,141,26.41,0,1155,865,2557,2250,2782,3097,4452,4440,3910,3527,3331,2268,17535,1331,0.102,11.88,11.16,-2.35,9.53,Healthy,train
C0783,1,3,6.044443751725561,36.85033601012416,5.889893350206936,6.979238676368989,301,11.07599165324746,0,1498,1208,3240,2685,3488,4200,5353,5940,5388,5462,4158,3151,24657,1690,1.2008933502069363,29.40164341922936,32.27127271628445,16.638053324896532,46.0396967441259,Subclinical,train
C0694,4,12,5.473429197317141,36.763018522149466,5.342291615169265,6.845312089260627,343,12.853079467087367,0,1335,951,2781,2267,3208,3593,5127,5032,4849,4632,4281,2730,20340,1437,0.6532916151692653,21.286796256355927,25.031129655046225,14.034170083295583,35.320555664483834,Subclinical,train
C0397,6,18,4.834,36.09,4.78,6.727,177,19.65,0,1360,1055,2926,2512,3124,3600,4569,5038,4886,4438,4022,2779,21352,1513,0.091,17.21,17.19,-0.05,17.16,Healthy,train
C0686,6,18,6.741975452056737,37.31381148524619,6.509901678992349,6.964463122698849,391,15.376926245397696,0,1583,1344,3332,2512,3831,4077,5709,6464,5891,5796,5121,3500,25039,1706,1.820901678992348,35.453074123844026,38.383524815643504,29.450615083238,64.9219678971199,Subclinical,train
C0524,2,6,4.465,35.49,4.466,6.58,174,19.15,0,1245,950,2763,2069,3109,3478,4516,4936,4692,4428,3788,2430,19726,1466,-0.223,13.55,11.19,-3.23,10.31,Healthy,train
C0456,2,6,5.136,36.39,5.049,6.456,182,23.16,0,1281,986,2862,2232,3095,3480,4810,5042,4579,4444,3639,2631,20808,1501,0.36,16.81,18.55,6.03,22.84,Healthy,train
C0180,2,6,4.843,35.11,4.879,6.663,174,23.2,0,1248,942,2617,2135,2867,3402,3827,4756,4304,3877,3760,2559,18845,1461,0.19,14.65,13.84,-2.4,12.25,Healthy,train
C0374,2,6,6.04,37.89,5.766,7.42,469,7.1,0,1602,1236,3583,2874,3977,4869,5813,6076,5411,5262,4931,3341,24323,1595,1.077,42.66,44.0,16.19,58.85,Subclinical,train
C0358,3,9,5.204,35.45,5.209,6.699,258,15.6,0,1334,1056,3080,2358,3456,3731,4980,5362,5279,4872,4479,3085,22264,1570,0.52,20.59,20.97,2.12,22.71,Healthy,train
C0259,3,9,4.751,35.92,4.713,6.779,97,20.06,0,1057,780,2257,1747,2525,2701,3784,4522,3909,4008,3143,2005,16947,1358,0.024,10.05,11.07,1.66,11.7,Healthy,train
C0109,1,3,5.81,37.97,5.537,7.09,498,10.5,1,1939,1503,4181,3509,4745,5648,7591,7299,7650,6471,6256,4198,30841,1994,0.848,49.41,49.09,17.27,66.68,Subclinical,train
C0095,3,9,4.795,35.1,4.831,6.469,227,19.16,0,1254,961,2729,2166,2937,3828,4811,4372,4837,4350,4149,2861,20212,1437,0.142,10.28,13.35,4.63,14.91,Healthy,train
C0246,1,3,6.491746531650274,37.23787954510697,6.277610296514219,6.921382865454474,451,11.033809586103578,1,2132,1539,4515,3762,4812,5352,6721,7324,7229,6531,6695,4299,30433,2094,1.588610296514219,42.75662765766759,45.236574399069895,27.98594516271199,70.75303833421862,Clinical,train
C0328,4,12,4.555,35.57,4.549,6.679,137,20.86,0,1142,911,2619,1993,3022,3261,4291,4913,4523,4049,3971,2567,19036,1455,-0.14,12.37,12.37,0.0,12.37,Healthy,train
C0123,4,12,4.809,35.63,4.797,6.73,140,22.87,0,906,804,2187,1662,2628,3039,3837,4456,4210,3638,3145,2125,16878,1295,0.108,13.49,14.65,2.94,16.43,Healthy,train
C0044,6,18,4.559,36.15,4.503,6.702,107,22.8,0,1290,971,2681,2265,3025,3260,4208,4490,4658,4238,3555,2284,19704,1433,-0.186,10.92,12.73,3.04,13.96,Healthy,train
C0195,6,18,4.938,35.88,4.902,6.55,176,19.73,0,1080,874,2644,1946,3180,3473,4799,4824,4478,4183,4059,2718,19991,1444,0.213,22.86,18.2,-5.76,17.1,Healthy,train
C0104,6,18,6.37,38.63,5.991,6.94,508,7.9,1,2100,1416,4155,3608,4666,4711,6226,6836,6893,7249,6490,4584,29301,1938,1.302,64.7,59.66,12.1,76.8,Clinical,train
C0114,4,12,6.86787383088347,37.45106308455826,6.613717833979899,7.094538940849623,507,5.710630845582651,1,1940,1471,3943,3349,5048,5405,7166,7481,7022,6475,5918,3976,30156,2093,1.9247178339798985,64.07193690271257,61.07895326079712,16.063824769358984,80.13462693685915,Clinical,train
C0179,5,15,5.09,36.08,5.034,6.744,108,20.1,0,1117,839,2614,2076,2996,3480,4456,4757,4441,4230,3676,2519,18979,1403,0.345,15.9,15.9,0.0,15.9,Healthy,train
C0338,1,3,5.023,34.87,5.083,6.501,135,20.19,0,1147,894,2462,2319,2630,3185,4193,4779,4552,4074,3519,2420,19030,1428,0.394,11.43,11.54,0.24,11.66,Healthy,train
C0457,1,3,4.61,35.08,4.647,6.759,131,20.63,0,978,739,2283,1826,2524,2913,3901,3918,3774,3338,3116,2070,16703,1318,-0.042,11.1,9.81,-3.42,7.68,Healthy,train
C0196,2,6,5.8738580988221365,37.41216352579123,5.660425393663889,6.914727731402506,417,12.012587786421731,1,1935,1485,4256,3361,4608,5188,6927,7710,7448,6477,6184,3845,31403,2044,0.9714253936638896,33.249086595432374,37.15583564157855,24.25713108413792,57.5062176795703,Subclinical,train
C0350,6,18,6.408645879240109,37.322436300623394,6.187152956948619,6.976739383437233,469,13.854363006233989,1,1962,1441,4268,3431,4506,5368,6421,7237,6995,6295,6055,4325,29482,2004,1.4981529569486194,39.453001732856535,46.58883768690863,36.01311732953601,75.46611906239255,Clinical,train
C0512,1,3,5.224,36.25,5.15,6.816,262,15.97,0,1384,1012,3072,2345,3413,4056,4915,5426,4702,4335,4354,2805,21932,1538,0.461,19.15,18.63,5.75,24.9,Healthy,train
C0797,3,9,5.634,37.89,5.378,6.877,278,14.26,1,1494,1183,3479,2745,3589,4459,5689,6353,6189,5808,4874,3312,24817,1722,0.689,26.34,29.63,19.01,45.36,Subclinical,train
C0375,1,3,4.034,35.52,4.032,6.621,195,25.1,0,1240,884,2615,2242,2927,3311,4368,5205,4829,4355,3785,2371,20148,1459,-0.657,6.9,7.82,1.26,8.16,Healthy,train
C0672,4,12,4.986,35.84,4.954,6.621,164,24.56,0,1219,856,2254,2077,2901,3483,4222,4119,4031,3805,3553,2641,18222,1302,0.265,11.97,15.25,3.66,15.64,Healthy,train
C0301,6,18,6.8072593126550185,37.76326056288354,6.520595867768,7.058035247159454,383,9.892773931043816,0,1426,1209,3400,2797,3912,4426,5657,5901,5812,5514,4880,2833,24703,1726,1.831595867768,42.6329622678584,45.60459463301437,23.66525790191932,66.31182486939898,Subclinical,train
C0619,6,18,4.968,35.71,4.948,6.566,129,18.3,0,1159,861,2418,2153,2966,3229,4112,4787,4670,4274,3905,2486,19324,1440,0.259,15.93,14.27,-1.57,14.35,Healthy,train
C0096,4,12,4.444,35.05,4.482,6.672,170,19.31,0,1239,934,2639,2075,2766,3043,4250,4334,4264,3746,3836,2457,17775,1319,-0.207,9.39,11.14,1.19,10.58,Healthy,train
C0329,4,12,5.074,35.64,5.061,6.721,141,20.86,0,1260,842,2439,2075,3015,3443,4145,4894,4584,4132,3933,2559,18960,1405,0.372,18.41,16.74,-1.58,16.83,Healthy,train
C0790,4,12,4.541,36.0,4.498,6.573,135,15.96,0,1101,740,2150,1761,2642,2839,3768,4460,4235,3869,3772,2244,16569,1289,-0.191,8.78,10.3,4.6,13.38,Healthy,train
C0127,3,9,5.93,37.31,5.726,7.068,439,15.03,1,1917,1509,4134,3705,4687,5316,7238,7481,7359,7102,6242,4161,31698,2156,1.037,36.85,40.87,25.45,62.3,Subclinical,train
C0569,4,12,6.066,37.01,5.892,6.881,343,16.46,0,1374,1049,3168,2651,3517,3893,4785,5634,5358,4798,4458,3007,21905,1551,1.203,27.78,31.1,19.62,47.39,Subclinical,train
C0132,4,12,6.59,38.16,6.257,7.06,785,9.9,1,2069,1560,4850,3390,4900,5523,6546,8193,7985,6558,6280,4290,32695,2205,1.568,72.58,67.42,15.95,88.53,Clinical,train
C0434,1,3,4.878,35.58,4.871,6.758,121,24.26,0,1248,880,2796,2234,2890,3452,4382,4781,4440,4054,3457,2345,18543,1295,0.182,12.9,11.94,0.46,13.36,Healthy,train
C0702,3,9,4.215,35.97,4.177,6.655,114,20.36,0,1145,839,2514,2048,2833,3435,4084,4522,4542,3946,3380,2320,18357,1422,-0.512,10.78,9.23,-2.15,8.64,Healthy,train
C0080,1,3,6.906867640042504,38.2717893658461,6.544263292692376,7.124551688811653,539,8.725371976445587,0,1705,1232,3766,2886,3678,4125,4837,6018,6140,6269,5151,3527,24715,1755,1.855263292692376,59.97843963838218,58.9045672044408,15.308970102674223,75.28740974105641,Clinical,train
C0634,5,15,4.986,36.05,4.934,6.609,154,22.49,0,1268,1002,2748,2296,3081,3260,4267,4918,4269,3992,4047,2683,19322,1384,0.245,17.12,17.21,-1.38,15.73,Healthy,train
C0363,4,12,5.949430780443669,37.22038821516059,5.755112842790566,6.885184870172159,368,15.128003987785826,0,1418,1132,3034,2475,3311,3735,5122,5525,5124,4813,4255,3062,22007,1459,1.0661128427905655,25.590518026912143,30.613734841113345,23.39950313211104,49.00002115902318,Subclinical,train
C0520,5,15,5.38,36.98,5.229,6.846,317,16.24,0,1562,1151,3074,2646,3594,4004,5215,6220,5692,5203,4633,3154,23726,1625,0.54,22.01,22.57,8.82,30.83,Subclinical,train
C0383,5,15,4.381,35.21,4.405,6.818,170,17.96,0,1038,758,2130,1791,2426,2751,3708,3679,3397,3420,3146,2191,15350,1146,-0.284,10.3,10.83,1.48,11.79,Healthy,train
C0422,4,12,7.2,38.54,6.784,7.33,388,13.4,1,2058,1544,4199,3581,4880,5314,6360,7513,7376,7010,5977,4405,32200,2134,2.095,66.94,62.0,16.1,83.04,Clinical,train
C0519,6,18,4.585,36.17,4.527,6.811,71,19.39,0,908,683,2027,1563,2375,2842,3502,3535,3189,3075,2915,2062,15008,1085,-0.162,7.81,7.81,0.0,7.81,Healthy,train
C0467,2,6,4.9,34.67,4.977,6.525,176,21.07,0,1237,955,2784,2066,3064,3273,4302,4992,4633,4609,3804,2484,20189,1422,0.288,11.49,11.49,0.0,11.49,Healthy,train
C0391,6,18,4.512,35.72,4.493,6.683,69,19.13,0,1038,808,2265,1854,2536,2970,3932,3942,3959,3567,2945,2173,17110,1313,-0.196,10.18,8.84,-3.07,7.1,Healthy,train
C0204,4,12,6.411513309742321,37.44964383663647,6.173743345128839,7.039514595006851,392,13.593545070285083,1,2029,1513,4685,3542,5302,5694,8190,8324,7872,7217,6907,4465,33516,2224,1.4847433451288397,39.68424454436684,43.76812007272485,27.85060950556465,67.53485404993148,Subclinical,train
C0603,2,6,6.193,37.9,5.911,7.017,500,12.89,0,1791,1311,3853,2856,3852,4545,5754,6905,6214,6119,5153,3587,25957,1717,1.222,46.28,45.51,17.07,63.34,Subclinical,train
C0332,5,15,5.326,36.73,5.202,7.036,287,14.99,0,1442,1056,2843,2602,3519,3690,5011,5084,4695,4519,4460,2855,21814,1577,0.513,17.41,21.79,13.09,30.5,Subclinical,train
C0267,6,18,4.491,35.32,4.506,6.804,102,14.69,0,1101,882,2417,2047,2773,3042,3997,4531,4201,3759,3539,2146,17898,1377,-0.183,5.02,6.78,3.9,8.91,Healthy,train
C0095,5,15,6.86,38.76,6.435,7.15,648,10.1,0,1668,1349,4119,3347,4041,4226,5573,7278,6910,6688,5651,3595,28007,1953,1.746,63.34,63.96,18.92,82.27,Clinical,train
C0601,1,3,4.315,36.43,4.239,6.804,158,25.48,0,1099,778,2266,1974,3171,3486,4466,4260,4252,3855,3482,2502,17583,1347,-0.45,11.79,11.38,-0.04,11.75,Healthy,train
C0214,2,6,5.345,35.35,5.36,6.656,200,20.36,0,1299,879,2589,2118,2996,3402,4247,5140,4499,4207,3712,2512,19684,1486,0.671,16.62,17.11,3.47,20.09,Healthy,train
C0665,3,9,4.455,35.39,4.464,6.7,95,18.97,0,1161,863,2390,1885,2467,2793,3935,4179,3800,3830,3281,2272,16153,1274,-0.225,7.49,8.96,2.93,10.42,Healthy,train
C0247,5,15,5.812991426234455,37.58802737430903,5.58215146238174,6.804139053574469,569,13.66296533027267,1,1915,1441,4091,3618,4541,5323,7228,7622,7267,6735,6498,4458,30063,1985,0.8931514623817389,43.1470730201446,45.74289237608964,28.202259152253664,71.36180115038007,Clinical,train
C0222,5,15,5.313719551445302,36.97397801708984,5.164762629052724,6.862397801708983,372,14.151604307617085,0,1381,1059,3121,2400,3497,3746,5006,5396,5328,4906,4060,2820,22447,1564,0.4757626290527245,23.443573887402657,25.37765293691429,12.129248362402356,35.57002664638704,Subclinical,train
C0082,1,3,4.416,35.52,4.414,6.665,196,14.81,0,1276,871,2576,2067,2858,3190,4089,4638,4469,3910,3652,2492,19037,1424,-0.275,13.03,12.39,-1.15,11.88,Healthy,train
C0491,2,6,4.646,35.26,4.667,6.7,95,18.49,0,1111,820,2434,1889,2501,2957,3623,4199,3973,3672,3377,2344,16910,1288,-0.022,7.49,7.49,0.0,7.49,Healthy,train
C0366,1,3,4.682,34.77,4.747,6.737,151,16.36,0,1199,880,2531,2049,2695,3119,4386,4484,4321,3733,3396,2254,18263,1336,0.058,8.66,8.88,1.61,10.27,Healthy,train
C0045,4,12,5.42,36.94,5.272,6.831,308,13.37,0,1468,1071,3072,2869,3574,4147,5174,5305,5480,4960,4442,2843,22872,1517,0.583,20.58,21.64,12.52,33.1,Subclinical,train
C0223,1,3,4.881,35.72,4.861,6.514,130,17.7,0,1174,893,2752,2118,2881,3431,4458,4810,4615,4238,3639,2474,19341,1496,0.172,11.53,11.53,0.0,11.53,Healthy,train
C0313,5,15,4.956,35.57,4.949,6.596,243,25.89,0,1308,980,2903,2186,3216,3601,4799,5144,4636,4637,4166,2656,20259,1465,0.26,15.0,16.36,2.72,17.72,Healthy,train
C0139,4,12,6.377,37.49,6.136,6.973,391,10.75,1,1866,1491,4499,3202,4400,4733,6876,7060,6457,6475,5734,3798,29518,1973,1.447,40.59,44.3,26.83,67.41,Subclinical,train
C0506,5,15,5.11,35.63,5.097,6.669,167,23.11,0,1297,1006,2642,2175,2923,3303,4317,5195,4602,4497,3812,2590,19659,1379,0.408,17.87,17.87,0.0,17.87,Healthy,train
C0351,6,18,4.624,35.99,4.581,6.632,110,21.51,0,1034,779,2190,1862,2836,3051,3638,4104,3909,3554,3271,2153,16315,1200,-0.108,11.09,8.68,-2.82,8.27,Healthy,train
C0264,5,15,4.902,36.0,4.855,6.586,62,18.94,0,1027,801,2407,1808,2440,2598,3401,4057,3758,3318,3012,2038,15824,1272,0.166,10.53,11.21,0.84,11.37,Healthy,train
C0445,2,6,5.515,36.66,5.393,6.981,451,15.48,0,1514,1149,3307,2760,3996,4297,5872,6377,5828,5283,4788,3398,24612,1619,0.704,29.62,29.85,13.05,42.67,Subclinical,train
C0153,1,3,4.754,35.83,4.724,6.885,193,24.33,0,1276,939,2543,1989,2954,3477,4158,4799,4665,4279,4093,2707,20300,1510,0.035,15.85,14.81,0.99,16.84,Healthy,train
C0264,3,9,5.946783098193567,37.5930762518226,5.710786886320698,6.914584264392173,417,11.374973291434763,1,1914,1403,3892,3388,4259,5184,6437,7289,6837,6274,5455,3609,29712,1982,1.0217868863206985,35.10264402197903,39.44479069463121,25.271435654803444,60.37407967678247,Subclinical,train
C0284,1,3,4.709,35.68,4.693,6.67,145,20.26,0,1217,928,2562,2096,3109,2902,4385,4410,4530,4030,3601,2341,19368,1345,0.004,11.18,11.18,0.0,11.18,Healthy,train
C0693,4,12,4.957,35.38,4.968,6.715,165,24.12,0,1206,931,2897,2243,3002,3418,4446,4612,4225,3834,3580,2483,18542,1354,0.279,14.32,14.25,0.9,15.22,Healthy,train
C0708,1,3,5.795,36.79,5.653,6.901,304,15.47,0,1454,1120,3329,2640,3126,3825,4935,5136,5286,4716,4383,2866,21367,1548,0.964,26.89,27.53,9.16,36.04,Subclinical,train
C0419,1,3,6.38,37.92,6.087,7.13,566,10.4,1,2231,1716,4657,3777,5723,6199,8068,9188,8449,8479,6678,5122,35543,2257,1.398,65.91,58.84,10.37,76.27,Clinical,train
C0211,6,18,4.615,35.24,4.638,6.702,216,19.73,0,1332,1000,2882,2384,3279,3571,4322,5055,4825,4591,4419,2817,20380,1468,-0.051,14.49,14.49,0.0,14.49,Healthy,train
C0017,2,6,6.061859952471553,37.31263554499368,5.852823807139906,7.00765888624842,466,12.633230410857566,1,1953,1468,4415,3492,5183,5801,7788,8190,7217,6934,6495,4360,32299,2115,1.163823807139906,38.09881824144748,42.804149365231744,29.321535863961262,67.42658151457647,Subclinical,train
C0232,4,12,5.233,36.01,5.182,6.558,95,16.89,0,1147,803,2470,1912,2651,2969,3950,4609,4273,4210,3725,2369,18140,1360,0.493,14.54,15.44,0.67,15.21,Healthy,train
C0625,1,3,4.559,36.03,4.513,6.533,223,17.25,0,1109,876,2563,1961,2775,3363,4124,4712,4475,4151,3169,2298,18740,1295,-0.176,17.4,15.06,-4.84,12.57,Healthy,train
C0778,4,12,5.443747428062496,36.91097126234512,5.296869727074887,6.986510803950438,350,15.201086650242376,0,1392,1019,3300,2669,3508,3932,4964,5660,4945,4778,4730,2824,23014,1602,0.6078697270748858,18.84353888568872,26.417805747530977,19.83247537381929,38.6715754090142,Subclinical,train
C0237,4,12,4.601,36.56,4.508,6.746,86,20.37,0,1106,793,2263,2057,2423,2808,3797,4494,3692,3774,3176,2088,16963,1378,-0.181,12.45,10.88,-3.14,9.31,Healthy,train
C0633,1,3,4.943,35.18,4.973,6.671,173,19.46,0,1290,874,2670,2064,2844,3525,4532,4483,4356,3943,3686,2369,19009,1413,0.284,12.19,12.49,1.17,13.37,Healthy,train
C0196,5,15,5.861671105229515,36.83857380637296,5.712575470834023,6.94179140509221,450,14.067930695532777,0,1498,1032,3332,2538,3704,4461,5637,6052,5669,5125,4738,3033,24788,1646,1.0235754708340226,32.16395551821695,34.28654460618834,17.695664670225575,49.8708897655122,Subclinical,train
C0138,6,18,4.691,34.75,4.758,6.742,208,18.39,0,1413,1059,3105,2486,3407,3634,5184,5245,4672,4481,3810,2695,20894,1535,0.069,12.49,11.1,-1.82,10.66,Healthy,train
C0702,5,15,5.523857006276838,36.47738243200092,5.421118763076746,6.772548700308364,439,14.25259844675644,0,1531,1076,3127,2726,3432,3786,5084,5482,5874,4941,3949,2917,23205,1768,0.7321187630767464,24.765216014755524,31.48467881840996,18.7673011667197,43.53251718147522,Subclinical,train
C0362,4,12,5.145,36.12,5.084,6.743,129,21.26,0,1257,933,2684,2228,3210,3442,5020,4524,4283,4052,3601,2355,19954,1387,0.395,15.97,17.06,3.89,19.86,Healthy,train
C0062,5,15,4.669,35.73,4.649,6.731,117,19.85,0,1086,823,2253,2008,2426,2901,3674,4299,3969,3665,3196,1946,16421,1253,-0.04,13.26,10.74,-1.29,11.97,Healthy,train
C0021,1,3,4.969,35.69,4.951,6.722,144,21.38,0,1355,979,2974,2324,3126,3524,4361,5050,4847,4649,3756,2625,20272,1549,0.262,17.52,15.31,-3.94,13.59,Healthy,train
C0697,6,18,6.674900912080842,37.71008493250213,6.394393834372331,6.859405158705949,605,10.579603648323369,0,1713,1298,3788,3020,4255,4951,6128,6415,6163,5671,5065,3561,26873,1840,1.7053938343723312,51.40638248882435,53.37958161307144,26.075803720979227,77.48218620980359,Clinical,train
C0280,4,12,4.708,34.17,4.827,6.697,111,15.96,0,1144,931,2545,2203,2913,3437,4320,4604,4126,4024,3746,2442,18241,1331,0.138,6.96,8.52,1.07,8.03,Healthy,train
C0024,5,15,4.688,35.47,4.691,6.567,85,15.66,0,1093,887,2372,2000,2709,3243,4196,4245,3837,3640,3114,2221,17358,1337,0.002,11.85,11.12,-1.45,10.4,Healthy,train
C0261,2,6,4.682,35.29,4.701,6.777,121,18.01,0,1114,807,2365,1788,2670,2877,4043,4328,3955,3931,3336,2270,17046,1258,0.012,11.97,11.36,-1.67,10.3,Healthy,train
C0545,2,6,5.399326922788986,36.51299569524856,5.294131907566386,6.790909330704732,329,15.755227715112785,0,1185,929,2678,2304,3082,3692,4786,5497,4922,4629,3943,2599,21036,1509,0.6051319075663855,20.61658150329411,23.90069216660017,15.036650928329047,35.653789915651906,Subclinical,train
C0630,6,18,5.93,38.34,5.61,6.98,622,9.1,1,1793,1508,3881,3173,4280,4478,5510,6427,6509,6208,6176,4060,26693,1805,0.921,63.22,58.91,15.46,78.68,Clinical,train
C0500,3,9,4.51,35.13,4.542,6.536,234,19.27,0,1397,1096,3024,2495,3022,3607,4500,5254,4739,4845,4064,2641,20891,1526,-0.147,13.46,12.05,-0.54,12.91,Healthy,train
C0453,5,15,4.606,36.45,4.523,6.791,192,19.13,0,1149,907,2567,2103,2949,3337,4089,4435,4319,4063,3441,2500,18518,1440,-0.166,13.99,15.49,2.51,16.5,Healthy,train
C0759,4,12,4.638,35.65,4.625,6.669,178,20.65,0,1252,984,2697,2283,3046,3539,4433,5376,5044,4560,3819,2755,20594,1483,-0.064,15.86,15.86,0.0,15.86,Healthy,train
C0250,1,3,6.13,37.76,5.867,6.943,388,12.35,1,1839,1311,4003,3427,4950,5311,7159,6741,6623,6490,5700,4027,29952,1987,1.178,39.67,41.88,22.06,61.72,Subclinical,train
C0328,6,18,4.916,35.4,4.925,6.576,143,19.08,0,1258,905,2520,1974,2920,3335,4318,4374,4467,4101,3660,2360,19001,1422,0.236,9.81,10.93,2.24,12.05,Healthy,train
C0737,5,15,6.82,39.18,6.343,7.03,628,9.2,1,1859,1401,4312,3604,4487,4363,5503,7043,7199,6919,6164,4080,30032,1991,1.654,72.05,67.82,15.98,88.03,Clinical,train
C0313,3,9,4.019,35.65,4.008,6.715,159,19.28,0,1182,930,2609,2124,2749,3380,4300,4309,3972,3940,3878,2584,18312,1392,-0.681,7.62,7.71,0.17,7.79,Healthy,train
C0738,6,18,7.770055189108145,39.32290970391252,7.204815790102166,7.131712708882624,463,9.27145485195626,0,1608,1213,3296,2873,3786,4078,5607,6116,5775,5524,4960,3269,24849,1801,2.5158157901021663,69.21425356214245,67.71797362957282,19.007973937327844,88.22222749947029,Clinical,train
C0027,2,6,4.898,35.32,4.915,6.503,229,18.66,0,1305,963,2669,2236,3154,3559,4628,4776,4319,3992,4258,2897,20102,1406,0.226,13.37,14.02,1.47,14.84,Healthy,train
C0680,6,18,5.239,35.88,5.201,6.71,194,19.17,0,1360,1022,2786,2197,3015,3545,4275,4807,4432,4570,4169,2841,19916,1482,0.512,12.53,15.84,6.61,19.14,Healthy,train
C0351,5,15,5.648233700633738,36.62852739515676,5.527343526162759,6.905072390573718,389,15.237737373769244,0,1400,1153,3439,2683,3527,4157,5096,6036,5889,4780,4524,3037,24495,1707,0.8383435261627589,28.1365730028287,28.97259565350233,11.244390572140922,39.38096357496963,Subclinical,train
C0727,2,6,6.424939901104436,37.461571459284336,6.185939901104436,7.083064345604456,616,12.267627938742663,1,1912,1500,3977,3239,5008,5283,6895,7780,8041,7380,5757,4189,31890,2103,1.4969399011044358,60.652790459430015,58.97824594993271,19.077668255928018,79.73045871535804,Clinical,train
C0563,2,6,6.198002071060727,36.71415441833759,6.054858208596588,6.900712275071725,497,11.978288126067902,0,1617,1135,3345,2804,3558,3928,5268,5706,5449,5731,5268,3383,24654,1640,1.365858208596589,35.80752850431941,39.7914510945808,29.30368252151736,65.11121102583677,Subclinical,train
C0231,6,18,4.252,36.1,4.204,6.646,96,17.22,0,1073,765,2305,1808,2491,2779,3770,4398,3899,3502,3042,2076,16424,1174,-0.485,8.26,7.52,-1.04,7.22,Healthy,train
C0447,3,9,6.215582770999499,37.475401810411945,5.9844228173843845,6.752365773923424,290,13.606993641066452,0,1328,1022,3604,2352,3914,4494,5689,5433,5807,5043,4689,3079,23713,1676,1.295422817384384,34.690289070053126,36.15930814685377,11.451543652312315,46.14183272236544,Subclinical,train
C0558,4,12,5.779520022689277,36.79,5.637488517662128,6.910764281520341,381,10.711022964675744,1,1934,1502,4180,3489,4536,5352,6851,7214,7229,6667,6368,4196,30805,2036,0.948488517662128,28.715989749984686,34.59545264260853,24.010975509425563,52.72696525941025,Subclinical,train
C0522,1,3,4.454,35.62,4.444,6.611,152,14.37,0,1268,951,2934,2192,3012,3582,4553,4995,4818,4300,4074,2555,20538,1502,-0.245,10.72,10.72,0.0,10.72,Healthy,train
C0407,1,3,4.628,35.09,4.664,6.651,142,16.53,0,1225,934,2735,2146,2928,3547,4639,4612,4589,4099,4074,2660,18814,1345,-0.025,10.26,10.63,1.24,11.5,Healthy,train
C0576,1,3,4.471,34.64,4.544,6.545,69,15.76,0,1113,817,2117,1906,2757,3278,4045,4276,4068,3936,3343,2288,17405,1345,-0.145,9.29,8.45,-0.41,8.88,Healthy,train
C0430,2,6,5.956265951478986,37.38837636679997,5.74250608287799,7.07957168520101,441,11.485975052809932,1,1959,1417,4045,3179,4585,5487,7215,7033,6601,6214,6240,3962,29856,2077,1.0535060828779903,39.084692777709954,41.36901750434996,24.930792566470224,64.01477593501018,Subclinical,train
C0639,6,18,5.769,36.61,5.647,6.846,309,15.2,0,1550,1196,3471,2611,4074,4376,5756,6772,5938,5874,5075,3502,26178,1803,0.958,27.73,27.86,8.7,36.43,Subclinical,train
C0373,2,6,5.659,35.46,5.663,6.658,105,20.85,0,1156,923,2592,2034,3042,3394,4375,4532,3954,3904,3638,2505,18455,1445,0.974,14.57,17.25,5.35,19.93,Healthy,train
C0681,6,18,5.171,35.72,5.149,6.438,110,21.03,0,1224,953,2471,2015,2788,3152,3971,4855,4238,4047,3323,2403,18809,1366,0.46,10.92,12.93,5.14,16.06,Healthy,train
C0794,4,12,6.988,37.16,6.768,7.017,512,11.46,1,2050,1587,4473,3581,5268,6135,8198,8390,7529,6890,6599,4873,34713,2296,2.079,50.48,52.55,27.64,78.12,Clinical,train
C0149,1,3,4.91,34.81,4.974,6.66,89,22.44,0,991,743,2272,1806,2447,2963,3903,4111,3796,3730,3017,2117,17356,1283,0.285,12.79,11.14,-2.12,10.67,Healthy,train
C0742,4,12,6.364698676860153,37.68858699148018,6.100885942842204,7.172155261524479,635,8.034627179370652,0,1982,1475,4144,3333,4511,5173,6805,6698,6539,6218,5711,3890,29429,1942,1.4118859428422037,63.51352405066446,60.37292140438476,17.440425596682964,80.95394964734741,Clinical,train
C0264,6,18,6.045860405978119,37.74335367744171,5.788156963155755,6.935282159541158,401,12.245582158498024,1,1830,1313,3970,3389,4926,5315,7172,6784,6608,6528,5731,4049,29860,1976,1.0991569631557554,38.93756180743543,41.47443505039813,23.01792019812681,61.94699530761299,Subclinical,train
C0514,6,18,4.191,34.71,4.254,6.539,138,20.94,0,1181,907,2318,2085,2547,2859,3986,4297,3999,3864,3344,2231,17413,1348,-0.435,5.58,6.53,2.98,8.56,Healthy,train
C0607,1,3,4.479,34.82,4.537,6.719,130,21.4,0,1201,805,2504,2053,2568,3160,4126,4664,4354,3998,3459,2430,17989,1362,-0.152,10.18,8.54,-3.27,6.91,Healthy,train
C0689,3,9,4.66,35.42,4.667,6.817,178,21.15,0,1146,898,2279,1907,2729,2889,3975,4432,4111,4127,3421,2199,17343,1249,-0.022,11.06,12.19,1.58,12.64,Healthy,train
C0738,1,3,4.725,35.74,4.703,6.665,161,19.39,0,1373,993,2885,2319,3093,3667,5011,5039,4511,4521,4076,2644,21601,1495,0.014,12.18,12.18,0.0,12.18,Healthy,train
C0580,6,18,4.782,34.31,4.89,6.749,110,16.08,0,1170,876,2419,1972,2807,3318,4350,4623,4376,4003,3651,2350,18641,1383,0.201,10.43,9.91,-1.03,9.4,Healthy,train
C0146,6,18,5.79,36.79,5.648,6.871,353,15.14,0,1336,1026,3044,2529,3123,3834,4574,5936,5240,5177,4408,2911,22363,1600,0.959,25.69,26.67,14.38,40.07,Subclinical,train
C0381,3,9,4.639,35.93,4.601,6.396,129,20.99,0,1301,916,2745,2095,2991,3568,4628,4691,4131,4203,3760,2643,19703,1476,-0.088,10.45,10.45,0.0,10.45,Healthy,train
C0273,6,18,3.851,35.82,3.828,6.726,146,18.83,0,1097,818,2467,1951,2773,3052,4282,4806,4179,3911,3814,2672,18737,1343,-0.861,9.61,7.8,-3.05,6.57,Healthy,train
C0621,2,6,4.858,35.65,4.844,6.646,176,22.11,0,1150,882,2463,2030,2858,3369,4430,4516,3943,3874,3741,2421,18781,1468,0.155,17.66,15.46,-2.24,15.42,Healthy,train
C0209,6,18,5.098,36.18,5.032,6.725,95,19.78,0,1139,835,2304,1832,3050,3428,4479,4621,4194,4099,3590,2398,18135,1328,0.343,16.39,14.78,-2.22,14.17,Healthy,train
C0679,4,12,4.787,35.07,4.826,6.703,160,22.35,0,1248,873,2686,2029,2796,3264,4211,4699,4440,3718,3858,2545,18428,1374,0.137,11.23,12.61,3.4,14.63,Healthy,train
C0483,6,18,5.012,36.14,4.951,6.724,207,18.07,0,1329,1030,3002,2389,3291,3644,4643,5171,4364,4301,4110,2773,20756,1485,0.262,10.73,13.4,5.35,16.08,Healthy,train
C0218,1,3,4.49,36.41,4.412,6.894,83,19.37,0,1116,773,2377,1858,2607,3115,3934,4299,4100,3578,3202,2146,16740,1286,-0.277,10.07,10.04,0.13,10.2,Healthy,train
C0603,3,9,6.159161671010452,36.97855266927867,5.986062042103194,7.023005614144119,441,12.406484917525392,1,1991,1570,4443,3757,4871,5628,7356,8520,7525,7571,6704,4436,33666,2182,1.2970620421031946,38.520638498139256,43.603195355875165,27.252632031344035,65.76327052948328,Subclinical,train
C0362,3,9,4.538,36.28,4.471,6.852,161,23.17,0,1223,919,2718,2189,2864,3455,4261,4414,4470,3909,3571,2583,18950,1460,-0.218,15.83,13.55,-3.31,12.52,Healthy,train
C0476,6,18,5.389,36.34,5.303,6.782,303,16.84,0,1381,1059,3074,2533,3382,4002,5199,5672,5586,4844,4409,3196,22717,1613,0.614,17.92,20.13,15.33,33.25,Subclinical,train
C0127,5,15,4.871,36.02,4.823,6.726,196,17.36,0,1306,1025,2908,2324,3088,3573,4741,4867,4998,4492,3792,2743,21197,1559,0.134,13.79,14.87,2.17,15.96,Healthy,train
C0238,1,3,6.081464830181516,37.48065181672796,5.852399648508719,6.970348183272036,596,12.27144079781706,1,1944,1453,4226,3451,4861,5066,6766,7286,7195,6628,5979,3817,30888,2044,1.1633996485087197,42.81845489884913,50.01982768651081,31.35293317527584,74.17138807412498,Clinical,train
C0596,4,12,4.675,35.27,4.695,6.543,59,21.77,0,867,680,1929,1663,2429,2804,3431,3862,3625,3210,3151,1921,15487,1243,0.006,10.5,9.16,-2.03,8.47,Healthy,train
C0717,4,12,4.846,35.48,4.848,6.782,200,20.6,0,1277,977,2781,2399,3449,3902,4886,5040,4381,4032,4143,2894,20438,1551,0.159,14.62,15.26,1.05,15.66,Healthy,train
C0771,4,12,5.694,36.76,5.558,6.856,326,14.38,0,1451,1056,3036,2413,3393,3944,4888,4855,5072,3997,4555,2943,21345,1491,0.869,25.1,27.45,16.48,41.57,Subclinical,train
C0451,3,9,5.636011175404674,36.63683080138553,5.51411681535849,6.850834817667699,229,15.399848083131532,0,1367,968,2812,2327,3164,3755,4691,4844,4529,4345,4028,2796,20192,1423,0.8251168153584895,21.17909551733031,22.15704557506054,10.37642394802031,31.55551946535062,Subclinical,train
C0733,6,18,5.828394685580591,36.440173839530026,5.723960123488124,6.99601021721174,424,15.63941710467424,0,1551,1190,3484,2611,4157,4431,5168,5791,5325,5040,4987,3301,23397,1711,1.0349601234881234,27.92750523717001,31.0305726046488,18.7155827116627,46.64211657906515,Subclinical,train
C0531,4,12,6.448637124466572,37.89185398261653,6.155181437766713,7.059714317724459,361,13.637220146431265,1,2128,1607,4693,3551,5016,5689,8125,8512,8285,7578,6752,4621,33829,2249,1.466181437766714,39.01274024861935,43.03656254727637,28.320116574136065,67.3328568227554,Subclinical,train
C0426,3,9,5.582,36.96,5.427,6.836,398,13.77,0,1421,1123,2988,2676,3469,3741,5270,5260,5210,4695,4457,2755,22182,1545,0.738,23.45,27.58,16.3,39.75,Subclinical,train
C0709,5,15,5.66635527117086,37.02890721318118,5.501344327908707,6.883896115979366,317,14.480712081738297,0,1366,1050,3071,2538,3570,4018,5197,5249,5010,4674,4382,3147,21753,1605,0.8123443279087065,24.222404438880726,26.326394881075487,13.140167997423744,37.36257243630447,Subclinical,train
C0660,1,3,4.308,35.22,4.331,6.599,150,19.24,0,1107,857,2278,1924,2587,3281,4045,4142,3979,3517,3331,2400,16980,1330,-0.358,6.73,8.21,2.95,9.69,Healthy,train
C0749,1,3,5.278,36.12,5.216,6.709,210,19.57,0,1409,1034,2855,2322,3090,3576,4690,5356,4715,4653,4237,2996,20311,1456,0.527,12.96,17.64,9.36,22.31,Healthy,train
C0147,5,15,5.508,36.97,5.354,6.896,366,16.27,0,1528,1030,3066,2259,3290,3737,5364,5801,4935,4848,4003,2815,22710,1610,0.665,25.39,25.11,10.0,35.39,Subclinical,train
C0583,4,12,4.35,35.43,4.356,6.654,143,20.86,0,1084,878,2432,2054,2848,3205,3903,4948,4344,4012,3714,2264,17945,1349,-0.333,9.54,9.54,0.0,9.54,Healthy,train
C0176,2,6,4.342,35.16,4.37,6.646,114,21.02,0,1039,777,2269,1867,2379,2865,3712,4260,3740,3564,3217,2125,15297,1115,-0.319,6.97,8.52,3.1,10.06,Healthy,train
C0331,2,6,6.040691910507349,37.99431341824053,5.748533069887931,7.224316970739117,736,11.706812530115885,1,2089,1564,4365,3614,5086,5635,7246,7865,6947,6935,6140,4256,31135,2081,1.059533069887931,64.11963345962408,62.03119344582957,19.65450024092708,83.77413370055116,Clinical,train
C0117,6,18,5.958666515353658,37.61549533654941,5.7196665153536586,7.026832518263317,397,10.94403377900167,1,1855,1407,3741,3304,4719,5179,7042,7307,7162,6298,5853,4059,30403,2025,1.0306665153536585,34.47603730760469,40.07392118232944,27.72677321081856,62.205176874193214,Subclinical,train
C0776,6,18,4.966,35.7,4.947,6.566,115,17.49,0,1217,868,2593,2071,2847,3465,4537,4510,4283,3956,3402,2348,18731,1338,0.258,13.42,13.61,0.58,14.0,Healthy,train
C0796,5,15,4.753,35.71,4.734,6.673,130,23.13,0,1149,860,2611,1959,2949,3125,4480,4272,4667,4360,3656,2514,18439,1373,0.045,10.84,10.84,0.0,10.84,Healthy,train
C0417,5,15,6.436098064004613,37.01038520917506,6.252037531134246,6.984889940235695,605,11.51313670328268,1,2102,1310,4539,3820,4725,5419,6745,8458,7741,6778,6146,4198,31272,2052,1.5630375311342457,50.54135041066948,55.82969951420492,31.56779880471391,82.10914921538338,Clinical,train
C0228,2,6,4.506,36.21,4.445,6.691,80,23.49,0,1223,914,2529,2026,2529,3165,3831,4439,4229,4110,3426,2113,18386,1391,-0.244,13.33,13.33,0.0,13.33,Healthy,train
C0286,4,12,6.753188814320834,37.35840100997783,6.51434176119252,6.883974560746649,433,14.369941546659602,1,1954,1504,4329,3494,4541,5295,6816,7909,7584,7024,5729,4126,31193,2063,1.82534176119252,44.882205659355975,48.6965728768678,29.610218075122937,74.49242373447892,Clinical,train
C0098,4,12,4.521,34.73,4.587,6.668,174,19.46,0,1176,871,2582,2015,2820,3053,4218,4826,4141,3836,3761,2491,18809,1294,-0.102,10.56,11.42,1.67,12.22,Healthy,train
C0570,5,15,6.214807364941421,37.122110474121314,6.023298799809326,7.014106164750747,426,12.905988817080148,1,1983,1522,4119,3517,4995,5540,7495,7981,7511,6796,6548,4339,32042,2109,1.334298799809326,37.82695715948814,42.55460664723205,27.704413261647,65.53137042113515,Subclinical,train
C0133,4,12,5.07,35.63,5.057,6.689,126,24.45,0,1241,972,2836,2203,2975,3656,4701,5013,4807,4477,4002,2724,20299,1536,0.368,15.93,15.93,0.0,15.93,Healthy,train
C0459,1,3,5.596,36.8,5.458,6.951,338,14.3,0,1370,1031,3214,2574,3534,3952,5119,5622,5005,4747,4723,2853,22981,1603,0.769,20.77,26.44,18.27,39.04,Subclinical,train
C0794,1,3,5.71035013755333,36.79993351568324,5.569452630912932,6.858260387680184,331,14.294858730713075,0,1453,1059,3042,2438,3389,3950,4908,4853,5068,4046,4578,2946,21351,1488,0.8804526309129315,25.70427697316915,27.90433792371695,16.36848754111093,42.06351797684014,Subclinical,train
C0507,1,3,4.432,35.31,4.448,6.517,153,22.49,0,1278,883,2419,2189,3060,3405,4541,4277,4141,3863,3868,2522,18996,1487,-0.241,6.25,9.01,5.51,11.76,Healthy,train
C0559,1,3,4.578,35.84,4.548,6.772,166,15.86,0,1096,864,2637,2080,2844,3393,4845,4635,4660,3997,3975,2537,19357,1443,-0.141,13.42,12.42,-1.94,11.48,Healthy,train
C0082,4,12,6.074214620272628,37.84494971587634,5.803912192167428,7.076503065271636,586,13.36839590132493,1,1890,1365,4163,3305,4534,5377,6718,7290,6957,6761,6436,4234,30297,1955,1.1149121921674277,47.06145445190948,50.275928362449385,29.910944377040497,76.97239882894998,Clinical,train
C0471,5,15,5.145,36.43,5.054,6.742,244,16.06,0,1241,909,2660,2261,3068,3389,4423,5309,4344,4336,4217,2811,19583,1407,0.365,20.36,18.77,1.09,21.45,Healthy,train
C0301,4,12,7.33,38.48,6.915,6.89,733,6.9,0,1965,1453,4219,3183,4278,5009,6369,6652,6610,6525,5720,3806,29079,1908,2.226,74.73,70.86,16.52,91.25,Clinical,train
C0521,2,6,5.205737283372439,36.15357122165496,5.141849394204505,6.803974711586405,354,16.450132065498345,0,1371,1134,2719,2444,3382,4325,4631,6075,5307,4735,4516,2972,22147,1590,0.4528493942045045,15.12225891670169,19.55529352633308,14.424891876638418,29.549249697622333,Subclinical,train
C0227,6,18,5.187,36.58,5.081,6.85,269,17.0,0,1353,990,2952,2581,3556,3809,4430,5680,5146,5213,4430,3229,23330,1608,0.392,15.12,18.43,9.82,24.94,Healthy,train
C0175,1,3,4.72,36.52,4.629,6.549,168,28.29,0,1226,875,2558,2105,2613,3371,4160,4203,3867,3876,3414,2427,18194,1405,-0.06,12.91,12.91,0.0,12.91,Healthy,train
C0456,5,15,4.818,35.39,4.828,6.621,198,21.82,0,1380,1025,2924,2384,3156,3459,4435,5344,4996,4923,3829,2862,20482,1468,0.139,15.47,13.81,-1.61,13.86,Healthy,train
C0655,4,12,4.544,35.94,4.506,6.699,203,19.33,0,1167,819,2641,2142,2791,3273,4051,4047,3877,3897,3752,2443,17472,1307,-0.183,10.87,11.56,-0.04,10.83,Healthy,train
C0194,5,15,4.422,34.52,4.504,6.556,141,14.74,0,1170,870,2416,1891,2712,3084,3970,4196,3964,3880,3529,2464,17780,1320,-0.185,8.94,8.94,0.0,8.94,Healthy,train
C0789,1,3,4.784,36.42,4.7,6.668,204,16.53,0,1114,866,2791,1995,2638,3010,3839,4401,3845,3779,3528,2335,17243,1285,0.011,18.59,17.97,1.01,19.6,Healthy,train
C0426,5,15,5.893750958386271,36.82310060949928,5.74505662042919,6.916,513,12.918691635135854,0,1572,1201,3400,2602,3651,4356,5293,6482,5713,5154,5392,3638,24685,1733,1.0560566204291892,31.337119335851167,33.79092377047189,21.366910697739275,52.70787280366197,Subclinical,train
C0548,3,9,4.722,35.94,4.683,6.61,166,19.65,0,1133,797,2211,1750,2504,2847,3833,4312,3704,3674,3459,2197,16747,1285,-0.006,12.03,13.25,0.77,12.8,Healthy,train
C0087,1,3,5.07,35.68,5.053,6.684,90,18.45,0,1015,790,2264,1708,2696,2901,3934,4317,4155,3835,3462,2172,17278,1235,0.364,15.49,15.49,0.0,15.49,Healthy,train
C0448,2,6,5.796480150350424,37.529915046481655,5.572844878343132,7.108841365775165,278,9.115856071404057,1,1990,1465,4352,3688,4584,5169,7355,7777,7529,6951,6104,4228,32443,2151,0.883844878343133,38.915630615166975,36.220367588673575,9.623970762123738,48.53960137729072,Subclinical,train
C0641,2,6,4.922,35.19,4.951,6.424,153,17.14,0,1172,909,2510,2016,2889,3255,4130,4369,4067,3812,3744,2597,17862,1354,0.262,12.67,13.0,1.2,13.88,Healthy,train
C0077,5,15,4.373,35.38,4.383,6.651,134,27.8,0,1099,840,2311,1920,2835,3158,4245,4363,4194,3621,3490,2258,17675,1309,-0.306,10.79,10.6,0.27,11.06,Healthy,train
C0590,5,15,4.837,35.82,4.808,6.678,151,21.68,0,1198,842,2616,2026,2828,3670,4788,4592,4298,3894,3745,2379,19311,1337,0.119,12.15,12.15,0.0,12.15,Healthy,train
C0479,2,6,4.98,35.66,4.965,6.517,94,16.38,0,1109,850,2402,1872,2894,3310,4166,4590,3962,3756,3393,2216,18370,1339,0.276,14.35,13.47,0.89,15.24,Healthy,train
C0148,4,12,4.16,35.98,4.122,6.672,124,17.92,0,1209,839,2539,2049,2778,3098,4031,4604,4320,3884,3423,2655,18018,1356,-0.567,9.02,9.22,0.41,9.42,Healthy,train
C0264,2,6,5.486628649994925,37.01955659700887,5.328684075368817,6.920501171634975,303,14.414180335741362,0,1444,1135,3168,2650,3476,3740,4908,5391,5397,4956,4614,3036,22888,1588,0.6396840753688168,24.35893835792112,24.02669791026597,7.517878963067572,31.87681732098869,Subclinical,train
C0311,2,6,4.24,36.08,4.193,6.799,175,20.24,0,1185,924,2458,2180,2844,3319,4569,4927,4222,4250,3829,2519,19076,1375,-0.496,13.36,13.36,0.0,13.36,Healthy,train
C0380,6,18,5.897023690620827,37.731610634735496,5.648094073132972,7.093471689785406,479,10.863370197539094,1,1968,1499,4215,3529,4766,5670,7534,7472,7655,6564,6257,4247,30868,2025,0.9590940731329716,46.34565514941553,47.00698612875679,20.14918806202952,66.49484321144506,Subclinical,train
C0741,2,6,4.318,35.26,4.338,6.576,144,17.39,0,1118,836,2345,1975,2843,3343,4260,4537,4229,3850,3587,2470,17730,1331,-0.351,8.2,8.75,0.66,8.86,Healthy,train
C0202,2,6,4.249,35.74,4.23,6.687,111,22.05,0,1057,811,2272,1816,2564,2913,3817,4221,3765,3633,3376,2256,16685,1243,-0.459,8.28,9.46,2.29,10.57,Healthy,train
C0658,2,6,4.295,36.12,4.244,6.723,92,19.72,0,1050,734,2238,1849,2444,2914,3894,4267,3794,3717,3461,2318,15998,1292,-0.445,8.08,7.72,-0.72,7.35,Healthy,train
C0071,6,18,4.776,35.07,4.815,6.468,118,17.73,0,1139,918,2711,2180,2931,3547,4229,4460,4656,4195,3835,2635,19059,1321,0.126,10.35,10.35,0.0,10.35,Healthy,train
C0104,4,12,5.489029175291556,36.78541511602589,5.354058718133891,6.885686239377964,317,14.83048610142572,0,1410,1061,3068,2535,3545,4053,5187,5312,5132,4710,4442,2990,21855,1554,0.6650587181338918,22.025463818228587,23.515437629373334,11.238661153175055,33.2601571331315,Subclinical,train
C0543,2,6,4.812,35.61,4.802,6.673,138,22.08,0,1252,894,2780,2179,2888,3586,4365,5038,4959,4508,3535,2330,20190,1437,0.113,13.23,13.23,0.0,13.23,Healthy,train
C0574,5,15,4.1,34.68,4.164,6.532,101,17.54,0,1230,932,2610,2121,2633,2942,3993,4079,3977,3511,3636,2563,17387,1262,-0.525,5.66,5.66,0.0,5.66,Healthy,train
C0327,4,12,5.986535044867849,37.24764792913087,5.7888305154154445,7.032214391394462,458,14.047205901973754,1,1825,1348,4198,3356,4231,5023,6399,7093,6368,5994,5761,3918,28648,1947,1.0998305154154444,39.150364887232826,43.25314806717572,24.66901768293561,63.81938257016844,Subclinical,train
C0560,2,6,4.819,35.84,4.788,6.585,154,17.38,0,1165,817,2606,2050,2586,3011,3973,4361,3855,3561,3676,2372,17803,1329,0.099,12.93,12.51,0.11,13.04,Healthy,train
C0331,5,15,4.264,35.28,4.282,6.631,154,16.71,0,1221,910,2791,2011,3082,3610,4611,5147,4600,4245,3591,2543,19489,1411,-0.407,8.92,9.05,0.27,9.19,Healthy,train
C0671,1,3,4.74,34.54,4.826,6.532,75,16.42,0,1206,831,2361,1925,2853,3159,4378,4569,4264,3982,3528,2461,17583,1286,0.137,9.5,9.5,0.0,9.5,Healthy,train
C0023,6,18,3.866,35.81,3.843,6.69,137,17.02,0,1144,841,2295,1835,2612,2932,3808,4802,4474,4188,3502,2357,18057,1394,-0.846,7.57,8.24,-0.48,7.09,Healthy,train
C0043,5,15,5.115,35.17,5.147,6.871,150,20.0,0,1402,1042,3048,2484,3548,3727,4843,5011,4807,4414,4243,2740,21019,1527,0.458,15.58,16.15,-0.69,14.89,Healthy,train
C0423,1,3,6.603,36.99,6.416,7.097,430,12.94,1,2200,1569,4861,3648,5297,6146,8297,8218,7767,6757,6346,4604,34022,2271,1.727,42.18,47.27,29.57,71.75,Clinical,train
C0028,5,15,6.43,37.96,6.129,7.25,578,8.7,1,2029,1444,4235,3501,4961,5650,6933,7465,6747,6558,6215,4080,30392,1997,1.44,64.19,61.95,18.41,82.6,Clinical,train
C0165,4,12,4.779,36.15,4.72,6.703,90,17.33,0,1063,805,2281,1877,2244,2617,3377,4167,4068,3531,3343,2277,16012,1118,0.031,11.23,11.59,2.23,13.46,Healthy,train
C0579,6,18,5.864463600893719,36.97828962282122,5.698790152361041,6.868255086399508,347,15.848086166840892,0,1419,1121,2990,2407,3353,3812,5140,5480,5145,4824,4262,3015,22069,1512,1.0097901523610406,23.25174526202729,28.08544709220733,21.40748402085343,44.66619662773399,Subclinical,train
C0245,4,12,5.95836271583831,36.33105346889416,5.863536559712271,6.945244942271104,353,14.221421967942865,0,1605,1159,3364,2552,4053,4348,5912,6196,6039,5357,4336,3036,24168,1717,1.1745365597122706,26.03019220401885,28.391193644661044,18.05570808204543,44.08590028606427,Subclinical,train
C0057,6,18,5.830894839833176,37.20039083777949,5.642114271045065,6.895504002053691,374,13.29344686653116,0,1471,1091,3142,2707,3411,4017,5135,4960,5063,4654,4741,3014,21532,1497,0.9531142710450644,30.692406332571505,31.29136409849288,13.79978031207674,44.49218664464824,Subclinical,train
C0246,4,12,6.79,38.56,6.395,6.99,652,7.3,1,1953,1502,4100,3351,4595,5132,6740,7539,6775,6492,6116,4080,29642,1956,1.706,75.71,69.2,12.9,88.62,Clinical,train
C0392,5,15,6.110446358634706,37.80219975797717,5.84312330032877,7.152061650164385,493,9.810308250821926,1,1779,1434,3934,3195,4783,5391,7311,7053,7063,5888,6022,4027,29910,1996,1.1541233003287703,54.56234996693168,52.62126503848407,17.198330605104907,71.75435751373065,Clinical,train
C0202,3,9,4.681,35.2,4.708,6.631,181,27.6,0,1201,891,2562,1990,2939,3685,4437,4993,4665,4120,3806,2576,20265,1426,0.019,11.68,12.47,1.31,12.98,Healthy,train
C0125,2,6,5.929,37.27,5.73,6.866,342,12.43,0,1422,1037,2911,2494,3358,3825,4811,5631,5267,5002,4295,3018,22325,1691,1.041,32.54,32.01,11.67,44.2,Subclinical,train
C0540,1,3,6.437748754780276,37.951964254301934,6.137451882528856,7.247704072657696,577,8.649776589387102,1,2027,1444,4230,3499,4962,5646,6935,7465,6750,6557,6210,4078,30389,1998,1.448451882528856,64.20994586878626,61.95430486376682,18.37139972155752,82.58134559034377,Clinical,train
C0750,3,9,4.95,36.05,4.898,6.759,204,25.0,0,1261,941,2691,2228,3045,3515,4457,5169,4846,4202,3995,2694,20838,1488,0.209,19.73,18.33,-1.93,17.79,Healthy,train
C0799,1,3,6.709543855400882,37.683100481944734,6.430969373471847,6.967616578270887,535,8.51806072346653,0,1564,1258,3651,2987,4121,4844,6147,6520,6273,5887,5130,3513,26707,1863,1.741969373471847,51.490714215407365,52.78889614365723,22.063362411450445,73.55407662685782,Clinical,train
C0377,2,6,6.72956722771059,37.78354751769977,6.438640016958972,7.035616396744063,515,8.274104731414589,1,1960,1522,4057,3505,4943,5546,7088,7144,7114,6296,6105,4078,30499,2028,1.749640016958972,55.584866180540274,57.56156094035652,25.503323996252387,81.08819017679266,Clinical,train
C0271,6,18,5.987273664840561,36.26350594613132,5.899958572928484,6.927471891881594,401,14.22081362169989,0,1522,1120,3259,2708,3633,4229,5597,6081,5561,5273,4913,3256,24010,1687,1.210958572928484,32.428254269191,31.61572475614297,13.368639135662413,45.79689340485341,Subclinical,train
C0602,4,12,7.0,37.51,6.733,7.05,573,6.3,1,2004,1415,3697,3320,4778,5410,7174,8305,7126,6862,6454,4103,30835,2057,2.044,67.38,64.71,20.21,87.59,Clinical,train
C0651,2,6,4.892,36.06,4.84,6.702,133,15.91,0,1218,900,2582,2062,2723,2988,3985,4892,4820,4013,3760,2619,17931,1341,0.151,14.5,14.5,0.0,14.5,Healthy,train
C0604,6,18,6.78,37.62,6.507,6.96,759,11.0,0,1733,1277,3801,3073,4387,4902,6014,6581,5850,5828,5370,3503,26362,1773,1.818,65.85,64.43,19.92,85.77,Clinical,train
C0776,2,6,3.994,34.86,4.043,6.721,141,20.03,0,1079,790,2435,1806,2279,2629,3682,3869,3737,3546,3699,2222,16137,1240,-0.646,5.0,4.64,-0.97,4.03,Healthy,train
C0308,1,3,5.507739856628044,37.228342993687576,5.326850323715538,6.9876489941390325,476,11.15065461677981,1,1785,1214,3604,2883,4222,4975,6465,6430,6665,6054,5298,3670,27851,1860,0.6378503237155382,33.50847768705586,37.303559504035306,27.50588303431847,61.00422263751496,Subclinical,train
C0404,3,9,5.674895197020303,39.46855161369203,5.243731761187021,7.427459415477418,713,12.55096925001518,1,2004,1507,4722,3538,4407,4806,5832,6337,6330,7114,5532,3786,28241,1892,0.5547317611870213,68.4356154511852,64.04815603570778,14.628140279751426,83.0637557309366,Clinical,train
C0499,1,3,4.006,35.09,4.037,6.765,152,18.83,0,1243,943,2692,2022,2696,3039,4215,4600,4203,3877,3444,2494,19059,1355,-0.652,6.2,6.2,0.0,6.2,Healthy,train
C0276,6,18,4.858,35.82,4.828,6.724,123,22.55,0,1222,892,2698,1997,2951,3149,4121,4609,4453,4282,3422,2396,18707,1299,0.139,12.02,13.16,0.75,12.77,Healthy,train
C0752,3,9,6.755,37.37,6.515,7.009,416,11.87,0,1689,1384,3640,2843,3876,4903,6474,6717,6036,6003,5311,3518,27514,1878,1.826,44.11,46.53,22.22,66.33,Subclinical,train
C0458,3,9,5.880088409677048,37.28673348758204,5.680721665886027,6.797882036082923,429,12.02659213331598,1,1863,1342,3820,2775,4226,4762,6362,7339,6568,6208,5377,3901,27717,1876,0.9917216658860276,31.19003985767779,39.65271139879148,31.66000641693409,62.86167953082087,Subclinical,train
C0065,4,12,5.074,35.72,5.053,6.377,156,20.99,0,1207,971,2793,2263,3337,3735,4791,5561,5188,4755,3988,2610,20795,1467,0.364,12.75,14.4,4.58,17.33,Healthy,train
C0064,5,15,5.697,36.7,5.567,6.911,466,14.53,0,1612,1110,3237,2591,3679,4495,5469,5700,5283,5239,4768,3444,23444,1694,0.878,31.93,32.87,16.15,48.08,Subclinical,train
C0529,3,9,4.704,35.23,4.728,6.47,134,17.02,0,1287,953,2743,2223,2864,3226,4251,4695,4372,4024,3487,2482,18705,1347,0.039,12.1,11.77,-0.61,11.49,Healthy,train
C0210,4,12,6.111,37.8,5.844,7.061,586,13.85,1,1906,1373,4186,3314,4530,5385,6686,7233,6938,6769,6449,4224,30262,1948,1.155,45.99,49.92,31.12,77.11,Clinical,train
C0281,2,6,4.958,36.38,4.875,6.586,126,20.69,0,1116,807,2492,2022,2751,3067,4285,4796,4134,4005,3603,2348,17933,1376,0.186,13.95,15.13,2.36,16.31,Healthy,train
C0140,1,3,6.677491740376561,37.35608068189659,6.441883672186902,6.783952356597164,530,10.3616153706442,1,1931,1514,3853,3259,4614,5416,6898,7579,7474,6953,5843,3951,32046,2139,1.7528836721869023,45.40697793607347,53.0388106476415,37.0585341438714,82.466770991424,Clinical,train
C0337,4,12,6.185,37.22,5.983,6.914,319,11.02,1,2112,1455,4495,3571,4796,5494,7201,7651,7413,6361,5747,3650,31321,2003,1.294,35.16,38.3,21.36,56.52,Subclinical,train
C0002,5,15,4.367,35.87,4.336,6.568,107,17.87,0,1061,731,2397,1621,2420,2844,3548,3990,3766,3578,3039,2039,16021,1291,-0.353,6.5,6.4,1.42,7.92,Healthy,train
C0426,6,18,4.804,35.82,4.775,6.701,199,18.65,0,1134,870,2606,2135,3117,3567,4477,4554,4321,3986,3567,2160,19478,1404,0.086,15.57,14.84,-0.74,14.82,Healthy,train
C0100,2,6,4.807,36.35,4.729,6.46,160,17.93,0,1230,966,2561,2105,2766,3510,4520,4935,3903,4186,3508,2569,18822,1421,0.04,16.06,15.27,-1.57,14.49,Healthy,train
C0123,3,9,4.173,34.95,4.217,6.512,124,19.64,0,1076,871,2456,1895,2758,3112,4146,4269,4188,3932,3394,2342,17270,1266,-0.472,5.62,5.62,0.0,5.62,Healthy,train
C0363,2,6,4.839,35.34,4.854,6.569,86,16.78,0,1086,815,2382,1910,2626,3126,3839,4312,3928,3742,3563,2408,17146,1374,0.165,8.41,8.41,0.0,8.41,Healthy,train
C0276,4,12,4.526,36.62,4.43,6.592,189,19.94,0,1283,970,2878,2091,3146,3299,4799,5052,4444,4227,3872,2571,19838,1540,-0.259,14.08,14.08,0.0,14.08,Healthy,train
C0471,4,12,6.106966700492717,37.0093512581175,5.93177909033479,6.8734400945041045,319,15.993822327226784,0,1459,1124,2952,2605,3773,4181,5712,5521,5610,5196,4874,3315,22997,1545,1.24277909033479,25.031484606948712,28.5218236027794,19.81862076765625,44.850105374604965,Subclinical,train
C0713,5,15,4.745,35.39,4.755,6.641,144,20.42,0,1132,761,2390,1865,2667,3004,3874,4498,4212,3770,3432,2269,17461,1312,0.066,11.72,11.35,-0.8,10.92,Healthy,train
C0790,5,15,4.224,35.56,4.219,6.453,208,22.31,0,1456,1050,3123,2390,3072,3605,4475,5278,4927,4531,3785,2628,21568,1474,-0.47,10.76,10.86,-0.34,10.42,Healthy,train
C0306,6,18,6.14732929940292,37.65608497926194,5.895696521687602,7.012867983409549,426,12.149317083301714,0,1587,1081,3248,2850,3653,3956,5581,6382,5903,5880,4486,3349,25647,1752,1.2066965216876018,38.54918084289197,41.161396278391294,19.60130494340715,58.14849792619367,Subclinical,train
C0446,5,15,4.417,35.57,4.411,6.588,125,20.41,0,1147,893,2510,1926,2491,2995,3856,4471,4196,4170,3324,2271,17712,1389,-0.278,8.09,8.94,1.24,9.32,Healthy,train
C0712,3,9,6.43,38.28,6.09,7.19,475,8.2,1,2036,1668,4770,3599,4485,4530,5455,7383,6492,7106,6580,4557,29823,2038,1.401,60.32,55.88,15.14,75.46,Clinical,train
C0495,3,9,5.106,36.14,5.044,6.753,224,24.53,0,1343,1002,3033,2400,3256,3779,4749,5513,5274,4608,4039,2896,21642,1591,0.355,17.46,18.59,2.27,19.73,Healthy,train
C0749,5,15,5.253,36.69,5.134,6.773,323,17.6,0,1336,985,2903,2314,3268,3839,4539,5417,5043,4629,4070,2861,21745,1543,0.445,20.46,20.62,6.62,27.08,Healthy,train
C0497,2,6,4.509,34.06,4.632,6.689,145,20.38,0,1225,896,2598,2260,3250,3615,4771,5086,4660,3996,3733,2650,20283,1493,-0.057,5.29,7.28,3.99,9.28,Healthy,train
C0641,6,18,5.825,37.7,5.582,6.965,492,9.65,1,1786,1353,4096,3437,4773,5661,6661,7413,6895,6242,5485,3789,30597,2069,0.893,34.89,42.82,33.2,68.09,Subclinical,train
C0317,5,15,4.694,35.39,4.704,6.684,132,26.59,0,1185,854,2477,2154,2864,3150,4016,4053,3922,3816,3538,2371,18234,1378,0.015,8.29,8.29,0.0,8.29,Healthy,train
C0354,6,18,5.685403827112723,36.65151880687777,5.560665478611985,6.771472200880725,292,14.612285338644746,0,1444,1077,3175,2455,3576,3764,5097,5512,4850,4722,4286,2898,22474,1613,0.8716654786119847,23.691942096879675,25.652032019294737,12.400421098762926,36.098776727829645,Subclinical,train
C0369,2,6,4.529,34.98,4.574,6.73,140,21.98,0,1044,855,2449,1861,3030,3279,4495,4674,4479,4133,3563,2474,18356,1386,-0.115,7.56,7.56,0.0,7.56,Healthy,train
C0322,5,15,5.082,35.33,5.098,6.694,208,24.96,0,1355,990,2956,2355,3097,3617,4402,5245,4677,4279,4065,2759,20729,1577,0.409,16.33,15.46,-1.74,14.59,Healthy,train
C0081,1,3,6.313,36.94,6.14,7.127,554,11.8,0,1659,1289,3836,3113,4208,4936,6190,6148,6027,5690,5597,3584,27256,1842,1.451,46.68,48.03,22.47,69.16,Subclinical,train
C0059,5,15,6.83225510808448,37.61730749134046,6.562191549423822,7.0448204994226975,364,9.94038065010984,0,1454,1207,3407,2745,3930,4431,5680,5888,5863,5517,4767,2782,24592,1742,1.8731915494238216,40.9800488972402,44.28619696941421,24.19305919920302,65.18587219632775,Subclinical,train
C0438,4,12,5.761045625722382,37.43029840092465,5.549629595595243,6.932282615294732,429,11.653422954796612,1,1861,1325,3897,3191,4028,4827,6222,6987,6370,5849,5473,3973,27925,1926,0.8606295955952423,34.1365597335297,39.266372340695725,25.41486811121136,59.55142784474106,Subclinical,train
C0396,6,18,4.806,35.91,4.769,6.619,187,18.45,0,1305,1016,2689,2258,3031,3357,4921,4869,4700,4554,3667,2582,21410,1507,0.08,17.72,17.72,0.0,17.72,Healthy,train
C0532,2,6,4.729,34.89,4.784,6.522,121,17.82,0,1204,887,2475,2027,2843,3246,4414,4833,4173,4090,3509,2384,17924,1379,0.095,9.79,9.33,0.55,10.34,Healthy,train
C0010,1,3,5.483854642596747,37.02594982137763,5.326090803325185,6.843207089247788,516,16.25605732351739,0,1595,1148,3261,2643,3442,4169,5373,5593,5730,5368,5128,3524,23932,1663,0.6370908033251855,28.616144996988474,30.64804463974373,20.828470715440503,49.42972124813761,Subclinical,train
C0396,2,6,4.132,35.31,4.147,6.509,159,19.04,0,1178,852,2409,1893,2806,3096,3778,4379,4000,3726,3319,2314,18297,1453,-0.542,5.75,7.69,3.68,9.43,Healthy,train
C0387,5,15,4.8,35.78,4.774,6.671,152,17.09,0,1241,913,2669,2096,2849,3365,4524,4541,4258,3968,3453,2625,18578,1379,0.085,13.77,13.77,0.0,13.77,Healthy,train
C0670,5,15,4.148,36.18,4.094,6.663,88,17.97,0,1013,757,2246,1841,2461,2594,3497,4005,3746,3508,3007,2112,16720,1275,-0.595,7.07,8.25,1.19,8.26,Healthy,train
C0732,3,9,4.777,35.95,4.736,6.747,186,18.65,0,1196,873,2658,2221,2967,3457,4300,4685,4423,4278,3498,2215,19783,1485,0.047,13.34,13.72,0.76,14.1,Healthy,train
C0677,5,15,4.667,36.5,4.578,6.785,179,18.35,0,1233,937,2618,2132,2841,3464,4371,4706,4411,4145,3674,2528,19684,1435,-0.111,15.99,14.1,-2.0,13.99,Healthy,train
C0627,2,6,4.891,34.8,4.956,6.734,201,18.79,0,1318,1016,2990,2232,3175,3784,4459,5128,4742,4335,4038,2692,21322,1546,0.267,11.91,14.72,4.23,16.14,Healthy,train
C0477,2,6,4.386,35.76,4.364,6.774,189,23.16,0,1301,912,2791,2160,3025,3323,4141,4956,4595,4216,4052,2546,19228,1402,-0.325,10.98,11.2,0.43,11.41,Healthy,train
C0497,5,15,4.822,35.64,4.809,6.734,148,22.64,0,987,828,2182,1748,2621,2905,4006,4532,4431,4030,3537,2264,17222,1332,0.12,10.43,13.38,5.9,16.33,Healthy,train
C0529,5,15,5.043,35.61,5.032,6.736,148,20.94,0,1296,1051,3069,2263,3206,3380,4880,5506,4678,4403,3772,2638,21283,1514,0.343,13.23,13.75,1.61,14.83,Healthy,train
C0430,3,9,6.912,37.0,6.715,7.083,496,11.09,1,1924,1393,4073,3186,4165,4236,5211,6557,6578,5947,6070,4209,26889,1844,2.026,48.89,53.09,30.51,79.4,Clinical,train
C0173,2,6,4.254,36.39,4.182,6.816,162,25.59,0,1063,805,2352,1873,3083,3489,4252,4352,4034,3944,3412,2210,18276,1390,-0.507,10.61,10.75,1.18,11.79,Healthy,train
C0389,1,3,4.533,35.07,4.57,6.44,117,18.12,0,1165,789,2456,2045,2727,2918,4100,4236,4494,3880,3488,2423,17963,1332,-0.119,9.54,9.23,0.84,10.39,Healthy,train
C0029,2,6,5.6880232472579655,36.76700246039284,5.550653751523353,6.82938499390659,401,17.258554117127968,0,1435,1111,3581,2719,3818,4476,5558,5515,5766,4571,4913,3101,23938,1631,0.8616537515233526,27.187801972920013,30.20514084021816,18.839431120515037,46.0288868449584,Subclinical,train
C0147,3,9,5.882,37.44,5.665,7.097,412,14.09,1,1837,1489,4118,3381,4519,5256,6955,7254,6544,6360,5300,3602,29688,2054,0.976,34.7,40.21,27.47,62.17,Subclinical,train
C0623,1,3,6.229,37.23,6.024,7.017,519,12.92,1,2172,1522,4665,3504,4620,5047,6510,7583,7076,6881,6256,4576,29365,1985,1.335,39.92,47.09,33.51,73.43,Clinical,train
C0311,4,12,6.404,37.98,6.102,6.877,314,13.19,1,2080,1621,4915,3758,5050,5640,7517,7644,7542,6422,6240,4244,32365,2128,1.413,32.77,39.87,28.86,61.63,Subclinical,train
C0636,6,18,4.035,35.65,4.024,6.621,187,18.98,0,1243,921,2720,2147,2997,3285,4702,5061,4923,4636,3806,2519,20197,1464,-0.665,8.11,9.19,0.79,8.9,Healthy,train
C0769,2,6,4.472,35.83,4.444,6.704,206,15.51,0,1282,966,2761,2222,3102,3684,4611,4935,4560,4071,3860,2647,20623,1493,-0.245,13.26,13.26,0.0,13.26,Healthy,train
C0295,3,9,5.12,36.34,5.038,6.785,253,18.12,0,1462,1104,2958,2390,3395,4082,4733,5380,5083,4398,4347,3000,21700,1431,0.349,12.25,16.12,10.09,22.34,Healthy,train
C0273,4,12,4.644,34.15,4.763,6.847,163,20.14,0,1302,968,2684,2172,2890,3270,4812,4962,4581,4232,3766,2434,20806,1493,0.074,12.07,9.5,-4.26,7.81,Healthy,train
C0504,3,9,5.825,36.43,5.722,6.956,383,14.6,0,1578,1156,3347,2615,4036,4333,5900,6251,5976,5335,4472,3145,24302,1688,1.033,27.11,28.83,16.55,43.66,Subclinical,train
C0448,5,15,5.101,35.23,5.127,6.575,40,19.71,0,1006,826,2164,2039,2520,2842,3882,4703,4242,3829,3231,2043,16887,1321,0.438,7.99,10.67,3.32,11.31,Healthy,train
C0800,3,9,4.33,35.3,4.346,6.739,107,16.09,0,1066,826,2355,1946,2409,2844,3711,4276,3970,3727,3605,2353,16649,1353,-0.343,8.73,7.4,-2.98,5.75,Healthy,train
C0711,1,3,4.203,35.74,4.184,6.392,167,19.4,0,1284,955,2679,2281,2775,3230,3970,4684,4417,3950,3958,2598,18212,1336,-0.505,7.25,8.12,1.45,8.69,Healthy,train
C0076,6,18,5.91,38.58,5.564,6.96,327,11.7,1,1581,1196,3653,2713,4044,4369,6049,6798,6876,6041,5163,3847,26343,1807,0.875,45.36,42.41,10.17,55.52,Subclinical,train
C0311,3,9,5.872556436853422,38.22741494832391,5.568897646835779,7.164615090748928,570,8.903043408115803,1,1768,1327,3992,3310,4627,5316,7134,7912,7149,6671,6353,4325,30677,2038,0.8798976468357791,56.05267050668632,53.50189751701652,19.792846924621077,75.84387045626328,Clinical,train
C0514,2,6,7.0641158122892405,36.783872098967,6.892091564311199,7.047510441080691,410,13.063622746572236,1,1737,1405,3890,3149,4547,5157,7052,7420,6739,6107,5780,3839,30147,1996,2.2030915643112,47.34686979050813,52.16191305269104,31.221191076153797,78.56806086666191,Clinical,train
C0187,3,9,4.815,35.29,4.834,6.708,237,19.09,0,1434,1085,3150,2477,3698,4080,5162,6210,5670,5180,4544,2816,23800,1656,0.145,15.37,15.6,0.46,15.83,Healthy,train
C0551,6,18,4.916,34.97,4.966,6.71,239,21.64,0,1351,1004,2874,2426,3267,3819,4725,5162,4718,4319,4208,2689,20044,1463,0.277,21.11,18.85,-4.52,16.59,Healthy,train
C0003,2,6,4.685,35.38,4.696,6.534,106,20.33,0,1033,789,2303,1713,2823,3270,3955,4361,4211,3563,3489,2480,17444,1352,0.007,12.29,11.19,-2.9,9.39,Healthy,train
C0433,3,9,5.542,37.03,5.381,6.77,343,13.9,0,1413,1000,2941,2365,3412,3843,5098,5669,5073,4831,4176,2770,21850,1616,0.692,23.62,26.33,14.08,37.71,Subclinical,train
C0593,3,9,4.914,35.24,4.938,6.713,120,23.16,0,1157,833,2318,2025,2665,3219,4101,4740,4243,3929,3501,2497,18136,1364,0.249,10.96,12.43,2.71,13.67,Healthy,train
C0404,5,15,4.798,35.44,4.803,6.717,145,23.21,0,1292,900,2804,2218,2745,3241,3965,4928,4374,4052,3723,2303,19193,1400,0.114,8.85,8.85,0.0,8.85,Healthy,train
C0368,6,18,4.662,35.05,4.702,6.623,118,19.55,0,1043,793,2413,1816,2746,2843,3745,4406,3888,3642,3346,2251,17098,1304,0.013,13.09,11.81,-0.62,12.47,Healthy,train
C0127,6,18,4.9,36.07,4.847,6.716,195,19.91,0,1251,948,2869,2276,3018,3627,4889,5255,4533,4540,3665,2537,21049,1480,0.158,12.0,14.43,4.84,16.85,Healthy,train
C0079,5,15,6.24,37.66,5.984,7.31,818,11.9,1,2039,1521,4245,3531,4900,5573,7850,8215,7204,6964,6478,4098,30781,2125,1.295,72.6,67.77,15.46,88.05,Clinical,train
C0248,1,3,4.838,35.13,4.872,6.561,92,24.23,0,1000,780,2177,1795,2603,2866,3682,4599,4056,3753,3477,2209,17372,1311,0.183,12.1,11.2,-2.13,9.97,Healthy,train
C0106,6,18,4.513,35.51,4.512,6.722,159,18.22,0,1119,881,2445,1836,2729,3018,3990,4236,4009,3616,3342,2343,17575,1247,-0.177,10.48,10.85,1.45,11.93,Healthy,train
C0466,1,3,6.864886460075273,37.60954506716987,6.589721382188482,7.12161047803767,572,10.292296365283065,1,1891,1457,4173,3453,4647,5339,6729,7139,6847,6214,5847,3902,29599,2005,1.900721382188482,69.1603371139546,63.98072307773136,14.662812535854323,83.82314964980893,Clinical,train
C0326,6,18,4.08,35.87,4.051,6.692,93,18.19,0,938,722,2023,1685,2607,2852,3511,3907,3844,3598,2909,2009,15746,1167,-0.638,7.19,7.68,0.99,8.17,Healthy,train
C0474,3,9,5.101511518034729,37.24,4.933344315351833,6.878240201918181,307,14.438722513382553,0,1414,1124,3471,2675,3684,4087,5088,5936,5480,5226,4709,3523,23166,1596,0.2443443153518323,22.795995509814464,20.49499700420684,3.97180590460197,26.764062820546947,Subclinical,train
C0627,1,3,4.448,35.19,4.474,6.676,145,23.06,0,1297,945,2902,2037,2963,3269,4413,4397,4376,3917,3680,2529,19501,1376,-0.215,13.36,11.92,-3.19,10.18,Healthy,train
C0012,3,9,6.185,37.09,5.998,6.921,384,11.83,1,1792,1376,4178,3241,4479,4709,6437,6921,6617,6195,4985,3652,28335,1893,1.309,36.14,41.57,28.63,64.78,Subclinical,train
C0107,3,9,5.574184510885133,37.03994997097127,5.411286772133446,6.876162097242399,524,15.637156298978002,0,1522,1103,3048,2539,3470,3883,5424,5742,5311,5128,4706,3117,22318,1512,0.7222867721334454,33.89638184323469,35.3524414803884,19.434985007238065,53.33104265598796,Subclinical,train
C0444,3,9,4.812,36.01,4.765,6.621,194,20.33,0,1187,861,2641,2044,2621,3018,4230,5163,4627,4307,3583,2380,19363,1398,0.076,16.61,15.37,-1.65,14.97,Healthy,train
C0073,3,9,5.953,36.8,5.806,6.931,301,12.8,0,1473,1194,3253,2664,3502,4097,5376,5967,5381,5372,4359,3110,24488,1662,1.117,25.66,28.71,16.68,42.34,Subclinical,train
C0125,6,18,5.603,37.1,5.433,7.009,460,12.45,1,2052,1599,4562,3768,4966,5610,7297,8382,8305,7199,6388,4333,32837,2167,0.744,33.27,39.07,28.12,61.39,Subclinical,train
C0001,4,12,4.65,36.15,4.593,6.622,190,22.22,0,1510,986,3022,2302,3283,3422,4792,5440,4806,4236,3989,2617,21904,1522,-0.096,14.32,13.99,-0.5,13.82,Healthy,train
C0746,6,18,4.861,35.98,4.817,6.696,198,20.65,0,1315,963,3040,2364,3338,3526,4790,5321,4945,4346,4146,2845,21174,1507,0.128,15.32,15.98,2.36,17.67,Healthy,train
C0357,5,15,4.524,35.65,4.511,6.536,119,22.32,0,1114,844,2482,1998,2828,3075,4038,4282,4008,3443,3499,2206,17256,1269,-0.178,14.12,10.51,-7.21,6.91,Healthy,train
C0765,1,3,4.386,35.98,4.346,6.532,248,20.51,0,1271,962,2869,2022,2941,3296,4197,4771,4289,4215,4038,2535,18663,1372,-0.343,14.11,14.11,0.0,14.11,Healthy,train
C0270,5,15,4.74,35.74,4.718,6.528,145,20.71,0,1149,843,2285,1985,2756,3157,3973,4447,4058,4009,3557,2370,17630,1378,0.029,15.36,14.22,-2.57,12.79,Healthy,train
C0143,3,9,4.833,34.94,4.884,6.663,77,14.0,0,1110,817,2348,1872,2748,2912,3816,4037,3524,3769,3329,2259,16836,1314,0.195,7.41,8.26,1.7,9.11,Healthy,train
C0183,3,9,4.539,35.62,4.529,6.709,91,17.99,0,931,754,2231,1673,2421,2567,3693,3973,3800,3478,3067,2075,15454,1222,-0.16,10.63,9.84,-2.14,8.5,Healthy,train
C0105,2,6,6.371078942750135,38.22800875191725,6.040072658843113,7.091535095416442,735,10.07945912847035,1,1968,1512,4309,3577,4894,5728,7440,7995,7063,6696,6587,4357,31488,2113,1.3510726588431132,70.37894013673383,66.42279975506806,16.275602310445283,86.65182461066523,Clinical,train
C0383,6,18,5.986569750653016,37.34083902955317,5.777382433173069,7.063946343184392,423,13.780497577090207,1,1847,1458,4141,3288,4548,5327,6939,7241,6628,6326,5454,3696,29646,2015,1.0883824331730696,35.79377555280742,41.26771701809948,28.07097557846561,63.86475113127303,Subclinical,train
C0574,3,9,6.29754513788051,38.53462094823376,5.933969228859117,7.157934644030002,562,9.804066012277604,0,1747,1293,3727,2992,3763,4788,5720,6886,6700,6014,5526,3786,26951,1871,1.244969228859117,51.92917746288023,54.13817608152621,22.16140771650668,74.08244723474303,Clinical,train
C0491,5,15,5.062,35.36,5.075,6.729,259,15.8,0,1350,1077,3221,2481,3344,3714,5030,5530,5140,5010,4478,2946,22467,1536,0.386,19.87,19.87,0.0,19.87,Healthy,train
C0629,3,9,5.972,36.38,5.872,6.921,387,14.27,0,1533,1133,3256,2717,3669,4225,5519,6026,5535,5280,4861,3251,24071,1701,1.183,31.75,31.23,13.7,45.45,Subclinical,train
C0267,3,9,4.478,34.98,4.522,6.702,161,16.06,0,1323,956,2745,2205,2907,3348,4342,4803,4219,4331,3882,2569,19446,1408,-0.167,9.34,8.43,-2.13,7.21,Healthy,train
C0653,6,18,4.853,35.88,4.818,6.715,175,20.16,0,1139,873,2403,2067,3088,3258,4223,4624,4485,3769,3693,2470,18189,1312,0.129,15.02,15.02,0.0,15.02,Healthy,train
C0219,2,6,4.821,35.79,4.794,6.676,154,19.54,0,1183,853,2536,2085,2732,3123,4201,4563,4406,4108,3303,2480,17934,1359,0.105,13.5,13.5,0.0,13.5,Healthy,train
C0657,3,9,4.322,34.92,4.37,6.821,196,24.18,0,1224,937,2611,2186,2870,3344,4596,4917,4666,4352,3559,2416,19103,1452,-0.319,6.81,8.15,4.23,11.04,Healthy,train
C0232,6,18,5.507,36.94,5.356,6.856,437,15.7,0,1433,1069,2941,2448,3275,3927,5255,5842,5332,4852,4477,2987,22300,1530,0.667,33.44,31.63,7.71,41.14,Subclinical,train
C0518,5,15,4.642,35.76,4.619,6.589,197,23.05,0,1202,815,2523,1906,2739,3363,4016,4419,4122,3775,3294,2460,17776,1385,-0.07,12.11,14.16,5.43,17.54,Healthy,train
C0259,4,12,5.52,36.74,5.39,6.881,439,14.06,0,1435,1019,3010,2614,3367,3870,5128,5662,5234,5070,4537,2997,22463,1625,0.701,29.61,30.65,14.51,44.11,Subclinical,train
C0723,3,9,6.918,36.81,6.746,6.929,461,13.39,1,1962,1521,4099,3468,4103,4373,5653,6407,6307,6469,5645,3886,28382,1902,2.057,44.69,51.35,33.55,78.24,Clinical,train
C0199,4,12,4.008,34.89,4.054,6.513,127,19.98,0,1142,784,2401,1985,2837,3194,4116,4238,4055,3777,3141,2128,17536,1323,-0.635,8.78,8.19,-2.72,6.06,Healthy,train
C0019,1,3,4.458,35.27,4.477,6.797,91,15.5,0,1111,843,2495,1910,2700,3010,3873,4291,4170,3737,3254,2216,17544,1329,-0.212,6.41,6.41,0.0,6.41,Healthy,train
C0042,2,6,4.475,35.35,4.488,6.718,190,15.51,0,1298,879,2469,2252,2922,3220,4295,4698,4550,4242,3642,2346,18579,1425,-0.201,12.24,12.54,0.79,13.03,Healthy,train
C0092,6,18,4.897,35.77,4.872,6.671,152,20.74,0,1195,878,2419,1926,2678,3105,3951,4372,4230,3863,3710,2442,17603,1317,0.183,15.76,15.76,0.0,15.76,Healthy,train
C0487,6,18,4.405,35.38,4.415,6.573,139,19.83,0,1092,852,2444,2185,2931,3394,4576,4881,4367,4164,3763,2792,19549,1413,-0.274,9.71,9.05,-1.32,8.39,Healthy,train
C0762,2,6,6.996242362980867,38.19555798451632,6.639552519354601,7.099579339755346,534,8.672798610011254,0,1711,1246,3813,2906,3702,4139,4852,6044,6141,6211,5241,3562,24672,1744,1.9505525193546007,60.28730816618388,59.584077965604536,15.98453786135538,76.27184602753925,Clinical,train
C0469,1,3,6.759271867856926,37.640728132143074,6.484199054642619,7.022184396429222,596,8.512624142831122,0,1558,1245,3644,3008,4167,4812,6098,6603,6144,5977,5270,3483,26466,1835,1.7951990546426186,57.89039725705959,57.62426327969071,18.9665059214186,76.85690317847819,Clinical,train
C0046,2,6,6.64,37.74,6.357,6.826,555,10.44,0,1707,1305,3784,3003,4212,4968,6166,6360,6268,5619,4965,3581,27043,1863,1.668,46.61,49.71,28.12,74.73,Clinical,train
C0222,2,6,4.666,35.84,4.636,6.61,135,23.39,0,1174,879,2503,2144,2988,3350,4413,4634,4261,3938,3706,2518,18100,1368,-0.053,12.23,12.36,0.7,12.93,Healthy,train
C0323,5,15,6.304208703825464,39.49800874261352,5.822802216984321,7.23053604463797,709,11.02239959420027,1,2043,1653,4451,3675,5093,4837,6169,6460,7507,6890,6365,4507,30062,1911,1.1338022169843212,76.20553022615321,69.03939846033173,10.78240123531848,86.98793146147172,Clinical,train
C0492,3,9,4.648,35.68,4.632,6.701,203,21.4,0,1191,944,2534,2199,2805,3177,3955,4699,4343,4229,3590,2407,18052,1360,-0.057,12.29,14.1,2.86,15.16,Healthy,train
C0367,5,15,4.119,35.64,4.108,6.694,130,22.04,0,1063,829,2412,1945,2773,3131,4205,4308,3860,3658,3500,2452,16956,1286,-0.581,7.27,8.06,-0.96,6.32,Healthy,train
C0495,2,6,5.82278765867238,37.958822822644535,5.550708030674521,6.949608757055671,568,12.414229583940022,1,1743,1322,3737,3140,4186,5093,6266,7267,6727,6542,5536,3526,29986,2010,0.861708030674521,42.46167354544972,46.58825748410068,27.352388839935735,69.81406238538545,Subclinical,train
C0230,3,9,4.382,35.9,4.349,6.81,126,15.55,0,1326,980,2704,2075,2874,3211,4251,4863,4516,4220,3634,2607,18286,1278,-0.34,10.57,10.57,0.0,10.57,Healthy,train
C0099,4,12,6.049458261379673,38.45437823791469,5.709659278507987,7.079864565344918,467,9.69188208002459,1,1937,1473,4244,3265,5005,5556,7082,8147,7151,6536,6178,4127,32144,2058,1.0206592785079869,54.13793081297172,53.01351803730033,17.099573029138185,71.2375038421099,Clinical,train
C0276,3,9,4.896,34.99,4.943,6.585,212,15.97,0,1311,901,2641,2213,2607,3235,4418,4460,4210,4161,3521,2650,18723,1400,0.254,15.1,14.6,-0.88,14.22,Healthy,train
C0466,6,18,6.68,37.58,6.416,7.3,685,15.0,1,2071,1592,4234,3468,5015,5628,6869,8693,7954,7440,6725,4374,32039,2169,1.727,71.6,65.73,14.93,86.52,Clinical,train
C0211,1,3,5.51563753908917,36.67571159262802,5.392311162367569,6.802833041318423,288,17.0840218234991,0,1416,1011,2966,2407,3228,3636,4470,4811,4685,4427,4123,2861,20427,1474,0.7033111623675685,19.53208831422898,21.71258111734845,13.534059526706862,33.06614784093584,Subclinical,train
C0277,3,9,4.641,35.81,4.614,6.713,208,20.54,0,1242,923,2684,2027,3166,3664,4659,4545,4610,4183,3892,2461,18688,1328,-0.075,10.24,11.99,2.64,12.88,Healthy,train
C0558,5,15,4.817,35.49,4.818,6.743,149,24.91,0,1156,890,2654,2111,2839,3290,4409,4837,4543,4309,3814,2527,19418,1408,0.129,14.08,14.15,0.58,14.66,Healthy,train
C0721,2,6,5.104,35.04,5.149,6.592,166,17.33,0,1248,951,2689,2206,3066,3412,4241,4875,4984,4363,3921,2492,19532,1491,0.46,16.13,16.47,0.68,16.81,Healthy,train
C0774,5,15,5.188,35.41,5.197,6.804,163,15.85,0,1189,922,2639,2087,2854,3200,4119,4519,4008,3784,3520,2392,18846,1399,0.508,14.94,15.97,1.82,16.76,Healthy,train
C0690,2,6,4.742,35.28,4.762,6.57,185,22.03,0,1295,985,2828,2472,2752,3177,4431,5625,5162,4489,4121,2737,20771,1411,0.073,12.9,14.04,-0.79,12.1,Healthy,train
C0376,1,3,4.657,35.87,4.624,6.813,198,17.82,0,1200,937,2612,2025,2542,3192,4090,4650,4313,4194,3578,2562,18059,1323,-0.065,13.55,13.55,0.0,13.55,Healthy,train
C0078,3,9,4.838,35.39,4.848,6.716,194,18.27,0,1149,823,2430,1988,2752,3045,3982,4474,3961,3964,3493,2430,18437,1452,0.159,15.31,15.28,-0.75,14.56,Healthy,train
C0536,6,18,6.274635823994855,37.023107594033696,6.0923182924124974,6.947756962386524,363,11.819966139105054,1,1773,1384,4292,3385,4550,4664,6445,6786,6630,6180,4826,3567,28517,1896,1.403318292412497,37.27717090142727,41.89442816893661,27.807223406614387,65.09439430804166,Subclinical,train
C0181,3,9,5.982813554452746,36.94508507150457,5.8201573289306,7.1665191144120985,548,17.60430341036523,1,1947,1562,4474,3183,4282,4469,5087,7029,7421,7180,6298,4388,28745,1998,1.1311573289305996,37.4349740153745,44.14116394938132,33.519558624878954,70.96769416940641,Clinical,train
C0726,6,18,4.777,36.08,4.724,6.802,89,19.62,0,1008,796,2293,1827,2494,2921,3724,4182,3528,3529,3051,2058,15882,1169,0.035,12.23,12.29,-1.24,10.99,Healthy,train
C0729,2,6,6.184,37.58,5.94,6.891,292,14.15,0,1361,997,3092,2440,3204,3669,4592,5398,4887,4616,4042,2754,20848,1424,1.251,25.64,30.01,20.4,46.05,Subclinical,train
C0444,4,12,6.051,36.94,5.885,6.846,370,13.82,0,1624,1208,3300,2664,3783,4091,5432,5900,5638,5079,4715,3242,24574,1710,1.196,24.85,29.08,22.35,47.2,Subclinical,train
C0298,6,18,5.888464221392603,37.19286302324398,5.6989263846498135,6.88891410930268,377,13.681288176796734,0,1474,1100,3165,2725,3303,3985,5119,4894,5071,4669,4772,2969,21418,1479,1.0099263846498134,31.909673269619976,32.32406997660335,13.865440111489674,45.77317064157453,Subclinical,train
C0339,3,9,4.706,35.06,4.745,6.613,195,23.94,0,1218,905,2632,2135,2964,3175,4339,4529,4358,4336,3903,2752,19511,1420,0.056,11.63,11.62,-0.29,11.34,Healthy,train
C0108,5,15,5.491386150550649,36.980548475840855,5.336670361118591,6.897695290760137,366,16.38754015936956,0,1531,1028,3065,2252,3284,3734,5378,5808,4934,4844,3989,2807,22720,1609,0.6476703611185906,25.1244044475784,24.80447093189515,9.902803329752096,35.027207777330496,Subclinical,train
C0005,2,6,6.13,37.79,5.863,7.12,597,7.6,1,2029,1501,4193,3304,4549,5215,6757,6846,6565,6201,5595,3883,29452,1951,1.174,61.21,57.6,17.82,79.03,Clinical,train
C0086,3,9,6.038428272076608,36.94808404597307,5.871226629669985,7.037100821203312,494,13.000688452207076,1,1877,1456,3813,3346,5020,5442,7464,7336,7303,6788,5677,3768,30345,2068,1.1822266296699844,32.97518695111983,41.46770923702266,34.8349318686276,67.81011881974743,Subclinical,train
C0281,6,18,4.73,35.37,4.742,6.485,153,18.06,0,1210,916,2684,2170,2843,3250,4202,4507,4237,4150,3742,2410,17931,1357,0.053,11.72,11.72,0.0,11.72,Healthy,train
C0193,2,6,5.244,35.45,5.249,6.612,195,14.89,0,1201,943,2641,2089,2905,3030,4161,4906,4537,3975,3546,2591,18506,1397,0.56,16.34,18.03,4.01,20.36,Healthy,train
C0602,5,15,6.327788094186486,37.31366377088994,6.111458354806392,7.009,430,11.19228078603088,1,1981,1475,4188,3463,4772,5011,6882,7331,7060,6854,5822,4013,30618,2019,1.422458354806392,38.1804994907864,42.81206182973847,28.275524270533243,66.46108482416781,Subclinical,train
C0235,1,3,4.721,35.22,4.746,6.474,99,25.1,0,1170,850,2568,1949,2916,3475,4412,4687,4334,3913,3656,2352,18668,1359,0.057,10.43,10.09,-2.62,7.81,Healthy,train
C0335,5,15,5.899233315706782,37.21835433324521,5.706712499354202,6.86083543332452,336,12.590571073001271,0,1420,1045,2908,2501,3368,3809,4800,5664,5266,5017,4282,3013,22291,1678,1.0177124993542013,31.392527185920727,31.11230441058937,11.716011594017909,43.09947779206146,Subclinical,train
C0068,1,3,5.6890670111860775,37.23322087609937,5.502067474340378,6.785840577235088,233,14.179353045854317,0,1666,1213,3443,3026,3560,4226,5661,6220,5168,5078,4675,3023,24928,1684,0.8130674743403785,24.23299466142988,23.062717499787208,5.840804426608258,30.06057358039576,Subclinical,train
C0741,1,3,4.739,35.69,4.722,6.665,173,19.2,0,1272,952,2632,2054,2793,3404,4403,4223,4462,3904,3633,2544,18818,1359,0.033,15.69,15.69,0.0,15.69,Healthy,train
C0052,6,18,4.265,35.3,4.281,6.714,116,18.38,0,1060,879,2355,1961,2994,3368,4006,4782,4328,4082,3906,2486,18080,1357,-0.408,10.07,8.92,-1.83,8.24,Healthy,train
C0585,5,15,5.61,36.82,5.469,6.801,430,14.08,0,1600,1195,3437,2789,3840,4490,5280,6139,5578,5389,5248,3542,24973,1679,0.78,27.55,30.09,18.65,46.19,Subclinical,train
C0673,1,3,4.072,35.22,4.094,6.643,166,22.54,0,1209,913,2604,2140,2791,3204,4193,4379,4282,3734,3505,2447,17574,1363,-0.595,7.07,7.97,1.63,8.7,Healthy,train
C0637,1,3,5.925,37.77,5.669,6.98,714,11.85,1,1921,1394,4104,3358,4615,5060,6608,7310,7121,6120,6199,4238,28747,1981,0.98,53.64,57.04,29.8,83.44,Clinical,train
C0684,6,18,5.72360392932213,37.293950694150176,5.52934843359947,6.772628916001323,395,12.859310475395304,0,1463,1026,3037,2497,3359,3858,5204,5069,4607,4859,4449,3091,22990,1682,0.8403484335994705,29.962971252239484,29.678121217206744,14.880949404025149,44.84392065626464,Subclinical,train
C0112,1,3,6.67,37.74,6.386,7.08,446,9.5,0,1637,1260,3475,2743,3940,4314,5755,6585,5862,5473,4461,3228,25743,1823,1.697,49.59,50.44,16.94,66.54,Subclinical,train
C0107,2,6,6.418337333594482,36.85775752684527,6.260474540682019,6.59909464959484,591,8.918854101682655,1,1863,1481,3775,3127,4563,5405,7195,7624,7470,6944,5800,3777,31865,2131,1.5714745406820188,38.12434660208231,49.76023579877075,43.46544436933602,81.58979097141834,Clinical,train
C0141,3,9,4.755,35.74,4.733,6.677,160,19.66,0,1242,976,2614,2195,3046,3194,4299,4828,4659,4206,3790,2382,18962,1369,0.044,15.78,15.78,0.0,15.78,Healthy,train
C0171,3,9,4.811,35.46,4.815,6.508,58,24.8,0,958,748,2166,1666,2399,2593,3235,3790,3516,3356,3212,2056,15327,1134,0.126,11.03,9.88,-2.3,8.73,Healthy,train
C0406,6,18,5.582386913733389,36.95891010215947,5.427495903517442,6.835558591374585,397,13.7786101929402,0,1420,1122,2987,2673,3468,3741,5271,5260,5208,4694,4455,2755,22182,1545,0.738495903517442,23.4543050964701,27.56986395008305,16.263215947882053,39.71752104435216,Subclinical,train
C0452,5,15,7.741799257671626,39.003358992219376,7.224632734224118,7.091859138452595,471,9.085457653795846,0,1636,1237,3459,2905,3802,4109,5483,6138,5846,5578,5136,3373,24756,1775,2.5356327342241176,67.91441115725016,67.07042199970934,19.33767607693425,87.25208723418442,Clinical,train
C0166,1,3,5.195,35.37,5.208,6.661,142,23.3,0,1177,853,2534,2078,2938,3550,4338,4596,4545,4352,3540,2366,18797,1395,0.519,20.0,16.5,-5.46,14.53,Healthy,train
C0258,6,18,4.536,35.81,4.509,6.741,162,17.72,0,1171,845,2610,1974,2783,3044,3959,4109,3865,3739,3286,2437,17409,1272,-0.18,11.41,11.63,2.1,13.5,Healthy,train
C0194,4,12,4.368,34.84,4.423,6.644,83,18.31,0,925,713,1984,1620,2107,2536,3436,3609,3720,3234,3089,2091,14675,1163,-0.266,9.22,8.94,-1.47,7.75,Healthy,train
C0437,2,6,4.614,35.5,4.614,6.607,147,24.32,0,1180,955,2711,2254,3060,3490,4599,4410,3840,3989,3866,2561,19256,1409,-0.075,11.82,10.87,-1.11,10.71,Healthy,train
C0284,4,12,5.861,37.17,5.675,6.901,344,13.75,0,1583,1185,3590,2796,4073,4468,5596,6511,5791,5443,5170,3111,25588,1758,0.986,25.0,29.59,18.63,43.63,Subclinical,train
C0603,5,15,5.257,36.39,5.168,6.785,242,16.78,0,1201,1018,2798,2279,2995,3402,4285,4730,4275,4496,4111,2789,19693,1474,0.479,13.83,17.18,11.92,25.75,Healthy,train
C0126,6,18,4.937,35.67,4.921,6.71,146,24.5,0,1178,862,2745,2017,2926,3437,4474,4973,4448,4120,3666,2514,19102,1398,0.232,17.44,14.08,-7.1,10.34,Healthy,train
C0222,3,9,4.708,35.48,4.71,6.743,186,19.4,0,1240,896,2485,2071,2662,2922,3950,4452,3871,4052,3593,2520,17552,1268,0.021,10.02,10.02,0.0,10.02,Healthy,train
C0687,1,3,5.801212237712553,36.80618512734601,5.657514716488219,6.972380713062101,475,14.147103022043083,0,1458,976,3343,2498,3678,4580,5702,6100,5679,5139,4746,2966,24856,1626,0.9685147164882182,34.499539150271005,35.949163462904785,16.20938417710027,50.72379164655505,Subclinical,train
C0226,4,12,5.221,35.76,5.195,6.82,238,20.54,0,1390,1031,2816,2467,3258,3705,5056,5935,5349,4910,4479,2865,21886,1549,0.506,19.9,21.14,2.98,22.88,Healthy,train
C0586,2,6,4.539,35.89,4.505,6.674,114,23.32,0,1171,860,2472,2058,2555,2857,3676,4037,3670,3498,3087,2151,17055,1270,-0.184,9.33,9.42,2.71,12.05,Healthy,train
C0517,6,18,4.828,35.99,4.783,6.718,182,20.27,0,1191,889,2487,1858,2710,2991,3961,4634,4147,3853,3503,2557,18222,1303,0.094,13.49,13.86,0.75,14.24,Healthy,train
C0263,2,6,4.97,35.99,4.924,6.634,163,19.82,0,1326,992,2826,2373,3022,3550,4522,4604,4531,4162,3758,2511,19622,1506,0.235,21.41,18.07,-5.91,15.5,Healthy,train
C0639,1,3,6.741420656060543,37.34546011564434,6.501320043339664,6.926428424858141,310,10.057644161902084,1,2084,1624,4248,3120,4486,5038,5399,7656,7474,6499,6367,4286,29454,2056,1.8123200433396645,30.01019818016554,42.05727800637544,39.32725777400816,69.35199378654332,Clinical,train
C0625,3,9,4.269,35.35,4.281,6.671,155,20.89,0,1214,842,2568,2004,2898,3240,4415,4675,4205,4120,3442,2336,19059,1408,-0.408,8.59,8.59,0.0,8.59,Healthy,train
C0591,6,18,5.692,35.36,5.707,6.596,146,22.1,0,1272,945,2786,2099,2881,3529,4587,5151,4819,4297,4021,2712,19811,1376,1.018,20.01,20.7,0.85,20.86,Healthy,train
C0576,6,18,4.485,35.23,4.508,6.784,148,23.46,0,1072,797,2144,1846,2572,2900,4077,4004,3948,3659,3359,2226,16734,1276,-0.181,9.74,9.26,0.48,10.22,Healthy,train
C0618,2,6,4.304,35.68,4.289,6.585,134,25.64,0,1150,838,2374,2009,2599,3100,4066,4390,4580,3739,3311,2194,17716,1317,-0.4,8.51,9.82,2.86,11.37,Healthy,train
C0791,5,15,6.308396347507964,37.87710229701968,6.023814666816774,6.908226565840206,563,9.651548010018765,1,1872,1376,3843,3264,4376,5213,6477,7286,7233,6589,5642,3841,29324,2005,1.3348146668167735,60.523678121185135,56.93937793938124,17.895577120984434,78.41086745504211,Clinical,train
C0635,6,18,4.584,34.8,4.645,6.734,150,16.84,0,1239,814,2391,2066,2742,3241,4387,4286,4224,3752,3459,2489,17587,1219,-0.044,12.12,12.12,0.0,12.12,Healthy,train
C0262,6,18,4.981,35.78,4.955,6.589,106,24.52,0,1079,800,2370,1982,2542,2883,3868,3887,3645,3538,3081,2222,15952,1174,0.266,12.08,13.51,1.14,13.21,Healthy,train
C0251,2,6,5.15,34.73,5.225,6.6,107,16.54,0,1157,896,2632,2162,2775,3222,4277,4394,4411,4037,3691,2417,18209,1331,0.536,13.25,12.83,-0.66,12.59,Healthy,train
C0547,4,12,7.48,38.34,7.076,7.13,523,8.4,1,2165,1684,5032,3426,5305,6008,8301,8239,7631,7074,6980,4512,34415,2156,2.387,73.6,68.14,13.04,86.64,Clinical,train
C0705,1,3,5.547737146941159,37.10545981195583,5.378937002096507,6.897603910170928,405,15.14821144145817,0,1377,1042,3029,2350,3123,3638,4757,5510,4931,4852,3887,2902,21114,1545,0.6899370020965069,27.132541636490696,28.537291817546517,15.03779145543488,42.16287472841628,Subclinical,train
C0240,6,18,4.784,35.37,4.796,6.751,141,24.29,0,1106,873,2498,2109,2768,3106,4319,4522,4202,4302,3634,2358,18985,1405,0.107,13.72,13.72,0.0,13.72,Healthy,train
C0236,3,9,4.764,36.1,4.71,6.654,189,19.94,0,1107,963,2712,2147,2730,3120,4083,4957,4619,4197,3391,2382,18618,1397,0.021,15.05,15.05,0.0,15.05,Healthy,train
C0757,3,9,4.921,35.62,4.91,6.759,204,15.55,0,1265,1035,2825,2281,2919,3355,4386,4944,4724,4367,3985,2810,20432,1523,0.221,14.8,16.94,1.2,16.01,Healthy,train
C0110,3,9,4.885,35.75,4.862,6.662,187,21.41,0,1143,868,2666,1974,3068,3363,4372,4792,4573,4123,4005,2690,19442,1395,0.173,17.71,17.1,-1.23,16.48,Healthy,train
C0474,1,3,4.711,36.35,4.635,6.396,152,20.68,0,1052,799,2246,2037,2458,3058,4233,4441,4404,3743,3537,2390,17548,1308,-0.054,13.7,13.7,0.0,13.7,Healthy,train
C0109,2,6,4.34,35.05,4.377,6.682,173,18.52,0,1225,902,2609,2135,2988,3678,4718,4555,4381,4475,3869,2979,19658,1375,-0.312,8.42,8.42,0.0,8.42,Healthy,train
C0058,5,15,6.707010583871588,37.72805340345126,6.423365142528679,7.110139042610625,499,8.695828721681284,0,1678,1301,3491,2814,3904,4316,5523,6155,5848,5866,4892,3400,26057,1765,1.7343651425286788,53.494994466017545,54.32792542880556,20.45071734898295,73.94578133630581,Clinical,train
C0565,2,6,6.739,37.61,6.469,6.987,463,13.69,1,1846,1443,4073,3205,4838,5080,6325,8034,7562,7168,6230,4322,30612,2072,1.78,47.39,50.52,28.99,76.38,Clinical,train
C0554,6,18,4.505,35.05,4.544,6.614,190,16.38,0,1347,1018,2692,2404,3245,3791,4559,4828,4830,4284,4141,2506,20551,1503,-0.145,11.65,10.84,-4.08,7.57,Healthy,train
C0614,6,18,4.721,35.98,4.678,6.667,131,20.29,0,1166,835,2343,2077,2792,3214,4027,4252,4425,4005,3510,2175,18460,1347,-0.011,14.14,14.26,0.19,14.32,Healthy,train
C0666,5,15,4.346,36.7,4.247,6.699,190,25.2,0,1265,921,2697,2225,2932,3512,4518,4994,4986,4467,3777,2704,20652,1424,-0.442,11.3,11.72,0.94,12.24,Healthy,train
C0527,3,9,5.552413531134689,36.71071406807687,5.4250717115000775,6.857938837692325,341,14.092402887116735,0,1322,980,2728,2326,3295,3637,4992,5170,4864,4655,4245,2846,20382,1462,0.7360717115000776,22.83189370904009,25.876125371539263,13.88805963884572,36.71995334788581,Subclinical,train
C0027,1,3,4.884,34.67,4.961,6.502,131,19.87,0,1217,954,2711,2098,3047,3518,4333,4745,4212,3905,3737,2495,19185,1483,0.272,14.14,12.47,-2.86,11.28,Healthy,train
C0037,2,6,5.4418907417252536,36.5846856958869,5.329495189031736,6.786302223653241,298,16.767364762496626,0,1381,1054,2922,2425,3176,3747,4872,5071,5224,4940,4265,2985,21589,1502,0.6404951890317356,18.34580286386766,20.490101560725524,13.376774642016542,31.728723539674544,Subclinical,train
C0145,2,6,5.93,37.66,5.687,7.24,523,10.1,1,1879,1440,3905,3455,4554,5158,6618,6822,7321,6331,5992,3953,29460,1967,0.998,53.47,51.62,17.49,70.96,Clinical,train
C0758,1,3,4.631,36.18,4.571,6.571,138,19.22,0,1116,816,2496,1973,2579,2992,3923,4152,3882,3785,3080,2180,17255,1329,-0.118,15.15,14.89,-0.72,14.43,Healthy,train
C0664,2,6,4.436,35.23,4.459,6.637,131,22.95,0,1260,916,2704,2058,2963,3188,4157,4640,4435,4230,3432,2329,18833,1333,-0.23,10.23,10.39,-0.88,9.34,Healthy,train
C0156,3,9,4.99,35.33,5.006,6.615,169,19.05,0,1435,995,2943,2212,3170,3690,4487,5229,5020,4723,3906,2533,21297,1426,0.317,14.09,14.14,0.42,14.51,Healthy,train
C0637,2,6,5.958041759829621,37.21702096363776,5.764041759829621,7.016595807272448,430,13.849580727244804,1,1812,1339,4093,3330,4153,5018,6304,7118,6306,6041,5517,3852,28458,1941,1.0750417598296207,38.30495736683032,41.69899929410584,22.417438561933967,60.722395928764286,Subclinical,train
C0097,3,9,4.666,35.96,4.625,6.592,148,16.81,0,1149,883,2613,2088,2424,3047,3957,4539,4059,3668,3760,2375,17524,1318,-0.064,11.13,12.76,0.42,11.55,Healthy,train
C0353,3,9,4.531,36.51,4.444,6.71,82,20.3,0,1129,810,2406,1974,2488,2657,3513,3878,3574,3461,3120,2063,16099,1263,-0.245,9.2,10.83,1.42,10.63,Healthy,train
C0429,3,9,5.165,35.79,5.137,6.502,138,18.16,0,1202,878,2689,2341,3061,3550,4484,4733,4616,4491,3913,2435,19375,1365,0.448,13.11,15.21,4.53,17.64,Healthy,train
C0075,1,3,5.936173050085636,37.57447776798715,5.702250953822254,6.988870735192717,502,12.467645645289064,1,1949,1489,4285,3479,4642,5017,6700,7379,6880,6897,5739,3834,30222,1987,1.013250953822254,35.7689038081371,42.34366424539617,30.576814880085685,66.35177177355469,Subclinical,train
C0111,5,15,6.86232417385035,37.74729831487825,6.568863033219152,7.01,383,7.653812054102724,1,2184,1634,4510,3789,4781,4893,6153,7523,7127,6747,6064,3905,30383,1984,1.8798630332191515,56.49113253381421,55.976920803606845,19.68882313651934,76.19034056988268,Clinical,train
C0663,5,15,4.703,36.12,4.648,6.731,115,17.13,0,1018,772,2076,1856,2643,3098,3973,4454,4324,3758,3290,2128,17361,1309,-0.041,12.7,12.83,-0.94,11.76,Healthy,train
C0251,4,12,4.368,35.8,4.343,6.618,76,22.09,0,982,734,2245,1811,2129,2570,3391,4173,4006,3611,3043,2032,15895,1234,-0.346,11.17,8.41,-1.93,9.24,Healthy,train
C0777,6,18,5.718087361066864,37.41714003725623,5.510525294627833,6.936970221670833,450,11.597517342438747,1,1786,1335,3873,2886,4386,4842,6512,7216,6660,6170,5798,4014,28035,1892,0.8215252946278324,30.84110202420532,38.83234335298594,30.462502396767636,61.30950312944856,Subclinical,train
C0583,2,6,4.476,35.67,4.462,6.68,100,17.58,0,1018,773,2324,1845,2529,2937,3621,4254,3981,3586,3140,2177,16561,1291,-0.227,8.5,9.38,0.51,9.01,Healthy,train
C0319,6,18,4.11,35.33,4.123,6.856,191,25.43,0,1212,895,2469,2158,3034,3447,4528,4955,4530,4257,4171,2707,19365,1442,-0.566,11.32,9.37,-2.62,8.7,Healthy,train
C0279,1,3,5.068,35.88,5.031,6.579,107,16.61,0,1168,864,2416,2096,2840,3136,4041,4723,4221,4078,3363,2414,18281,1264,0.342,16.57,16.16,-2.03,14.54,Healthy,train
C0555,4,12,6.217447252384906,36.72596320608785,6.070867388443668,6.78616456667548,227,13.629206151667374,0,1480,1168,3235,2542,3650,4426,5638,5785,5143,5206,4815,3420,23220,1645,1.3818673884436683,23.511326115563318,27.07211996389594,18.461519905849897,41.97284602141322,Subclinical,train
C0454,5,15,4.154,35.22,4.176,6.616,193,21.11,0,1200,894,2673,2117,2634,3032,4052,4627,4137,3868,3694,2375,18469,1282,-0.513,8.84,9.44,0.6,9.44,Healthy,train
C0238,4,12,4.573,35.87,4.541,6.719,111,19.54,0,1063,861,2319,1869,2587,2803,3729,4233,3843,3452,3517,2489,16232,1195,-0.148,11.81,11.18,-0.92,10.88,Healthy,train
C0800,5,15,5.071,35.37,5.084,6.591,133,14.79,0,1086,868,2333,1993,2819,3139,4256,4661,4577,4187,3340,2419,18410,1249,0.395,17.04,16.2,-2.03,15.01,Healthy,train
C0523,5,15,4.856,36.62,4.753,6.734,123,23.31,0,1119,837,2531,1901,2886,3161,4271,4532,4498,4065,3564,2333,18342,1330,0.064,13.55,15.29,0.83,14.38,Healthy,train
C0741,6,18,5.049,35.23,5.075,6.82,144,16.03,0,1160,818,2254,1852,2710,3039,4286,4007,4046,3599,3441,2453,16782,1262,0.386,16.21,15.02,-1.26,14.94,Healthy,train
C0334,2,6,4.903,35.81,4.874,6.61,129,23.88,0,1090,820,2314,1829,2529,2991,3814,3956,3815,3260,3400,2336,16126,1300,0.185,13.21,12.82,-0.06,13.15,Healthy,train
C0225,1,3,4.589,36.03,4.543,6.655,107,22.68,0,1109,766,2205,1829,2547,2780,3859,4066,3902,3664,3118,2092,16273,1244,-0.146,8.01,9.26,2.49,10.51,Healthy,train
C0679,2,6,6.375853535236666,37.95554988649013,6.07787968965869,6.978371714606556,449,8.199945760273057,1,2069,1587,4495,3688,4686,5157,6887,7345,7176,6660,5563,3912,30512,1978,1.38887968965869,51.70937873014775,50.30612914554045,16.98920893106296,68.70073425469957,Subclinical,train
C0237,3,9,3.774,35.11,3.802,6.696,165,14.61,0,1187,892,2706,2194,2853,3458,4269,5020,4469,4228,4010,2760,19870,1457,-0.887,4.73,5.27,1.23,5.96,Healthy,train
C0222,4,12,5.981654287237665,37.479367995734535,5.75694425336631,6.929786226164489,374,10.441096820900764,1,1974,1439,3916,3490,4316,5249,6533,7343,6850,6219,5421,3663,29679,1979,1.06794425336631,34.79652293112176,38.1802036725308,22.84632030400917,57.64397706364142,Subclinical,train
C0710,4,12,5.943,37.36,5.733,7.09,446,11.42,1,1969,1426,4049,3161,4558,5501,7220,7056,6600,6194,6282,3958,29849,2084,1.044,39.04,41.33,25.15,64.19,Subclinical,train
C0142,6,18,5.918977222133846,36.693499158259456,5.784327137959793,6.853099494955675,361,13.213684680322144,0,1434,1056,3083,2450,3431,3818,4996,5594,4973,4947,4368,3002,22427,1628,1.0953271379597926,32.24194764251465,33.04014326546384,12.715067508815094,44.95631531967786,Subclinical,train
C0431,2,6,4.636,35.36,4.648,6.569,38,19.21,0,1017,716,2153,1751,2430,2625,3667,3676,3596,3142,2874,1996,15614,1171,-0.041,9.5,9.99,0.33,9.83,Healthy,train
C0647,5,15,4.663,35.35,4.676,6.605,109,22.93,0,994,766,2238,1744,2675,2797,3656,4149,3852,3339,3194,2380,16150,1266,-0.013,8.8,10.28,2.09,10.9,Healthy,train
C0215,6,18,6.408,37.86,6.121,7.039,465,11.05,1,1933,1324,4066,3300,4785,5437,6977,8132,7942,6905,6297,4301,31939,2093,1.432,43.41,47.51,31.03,74.44,Clinical,train
C0570,3,9,6.348,37.69,6.084,6.973,613,12.6,0,1465,1084,3161,2461,3689,4091,5449,6548,5588,5474,4646,3095,24531,1614,1.395,52.33,53.24,20.0,72.33,Clinical,train
C0666,3,9,5.526,36.67,5.403,6.795,288,17.39,0,1426,1010,2977,2420,3244,3670,4459,4789,4688,4431,4146,2879,20395,1470,0.714,19.2,21.56,13.92,33.12,Subclinical,train
C0541,2,6,4.645,35.97,4.604,6.647,181,20.33,0,1172,916,2499,2018,3014,3298,4502,4683,4592,4186,3624,2457,19564,1467,-0.085,14.11,12.59,-0.19,13.92,Healthy,train
C0631,4,12,4.672,35.13,4.705,6.628,178,15.87,0,1373,969,3039,2416,3147,3836,4930,4898,4801,4341,4284,2918,21330,1528,0.016,13.39,13.39,0.0,13.39,Healthy,train
C0437,5,15,6.04608610712102,36.45295537178117,5.936832048845094,6.9408963027445205,406,15.8923264030945,0,1547,1108,3048,2558,3628,4149,4976,5492,5288,4962,4342,2977,22960,1627,1.247832048845094,29.165060810057124,33.34152153306322,19.238766770639216,48.40382758069634,Subclinical,train
C0184,5,15,5.872,37.63,5.634,6.855,573,13.7,1,1914,1428,4110,3558,4539,5336,7121,7545,7202,6742,6489,4412,30103,1978,0.945,43.71,46.57,28.78,72.5,Clinical,train
C0651,6,18,6.275433759480226,37.70642903573445,6.012583055257063,7.08094149512712,482,10.43086760573451,1,1768,1422,4127,3230,4757,5189,6675,6964,6803,6128,5981,3909,28676,1885,1.323583055257063,45.33279696570589,49.22386652183599,28.41862188573473,73.75141885144062,Clinical,train
C0046,5,15,6.337694256359441,37.777297552089976,6.062385028441764,7.044161111146617,385,12.766661018790654,1,2105,1626,4642,3630,5127,5888,8057,8672,8359,7635,6574,4526,33928,2252,1.3733850284417646,39.19261581873964,43.25257250415444,27.02001318547858,66.20977495526,Subclinical,train
C0455,3,9,4.708,35.89,4.673,6.74,194,18.04,0,1195,941,2703,2269,2878,3360,4576,5108,4761,4312,4117,2620,20100,1443,-0.016,11.76,13.55,3.57,15.33,Healthy,train
C0507,4,12,4.601,35.48,4.603,6.79,181,20.98,0,1118,818,2429,1969,2429,2724,3961,4476,4568,3905,3498,2291,16851,1339,-0.086,13.16,12.42,-1.69,11.46,Healthy,train
C0600,6,18,4.462,35.71,4.444,6.59,143,20.25,0,1012,830,2288,1794,2998,3061,4425,4363,4236,3817,3562,2506,17069,1305,-0.245,9.71,9.71,0.0,9.71,Healthy,train
C0214,5,15,5.428972267279079,36.8877995650544,5.286340640482425,6.804339869516319,296,14.678084601924684,0,1431,1071,3164,2474,3545,3841,5012,5448,4959,4615,4315,2918,22432,1593,0.5973406404824261,19.22429511748536,21.69391203787029,12.89079066991632,32.11971496312971,Subclinical,train
C0008,3,9,4.872,35.6,4.863,6.679,153,20.64,0,1218,955,2652,2201,2649,3187,3870,4343,4058,3956,3644,2414,18219,1382,0.174,10.82,10.82,0.0,10.82,Healthy,train
C0242,6,18,5.258,36.29,5.179,6.813,369,16.32,0,1382,1123,2758,2445,3364,4256,4740,6035,5312,4756,4510,2975,22174,1580,0.49,18.3,21.65,13.26,31.56,Subclinical,train
C0390,5,15,4.735,35.64,4.722,6.665,133,20.67,0,985,745,2024,1757,2438,2889,3728,4342,4005,3637,3591,2109,15921,1211,0.033,10.34,10.34,0.0,10.34,Healthy,train
C0418,3,9,4.503,35.55,4.499,6.678,109,20.03,0,1094,835,2422,2020,2944,3478,4336,4400,3994,3975,3692,2357,18722,1408,-0.19,7.69,7.69,0.0,7.69,Healthy,train
C0032,4,12,5.57,37.07,5.404,6.931,419,15.78,0,1360,942,3313,2478,3310,4013,5484,5385,4963,4960,4645,3189,21498,1539,0.715,26.66,30.39,19.33,45.99,Subclinical,train
C0768,3,9,4.899,35.43,4.906,6.807,144,20.24,0,1396,990,2789,2192,3157,3766,4704,5699,5029,5000,3805,2538,22482,1578,0.217,16.54,15.5,-1.61,14.93,Healthy,train
C0728,3,9,6.822513779750953,39.62861300170862,6.287310110132722,7.021298454708238,643,8.517412113779551,1,1799,1370,4351,3604,4476,4308,5456,7023,7284,6930,6191,4063,29897,1973,1.5983101101327226,76.60574237942032,70.88294394270025,13.315393463989295,89.92113584340963,Clinical,train
C0161,2,6,5.801570890240861,36.34368222720317,5.708641297067158,6.968331110399547,404,14.373929642674971,0,1594,1163,3408,2588,4060,4327,5976,6246,6007,5377,4505,3184,24210,1665,1.0196412970671571,27.619685896514607,29.10539479892321,16.924043682119592,44.5416743935676,Subclinical,train
C0101,1,3,4.954,36.1,4.898,6.701,114,20.16,0,1125,818,2335,1921,2950,3237,4183,4422,4330,4062,3583,2509,17692,1299,0.209,14.17,14.22,-2.06,12.11,Healthy,train
C0420,3,9,5.711260411904013,37.05852798742763,5.542598490521053,6.876147201257237,337,15.280769905508553,0,1393,1052,3141,2568,3485,3911,4834,5535,5234,4715,4416,2997,22132,1567,0.8535984905210527,23.80555782967697,26.649983552886184,16.601559182001317,40.40196981042106,Subclinical,train
C0388,2,6,4.271,36.36,4.201,6.573,168,24.77,0,1153,901,2410,2078,3079,3546,4491,4960,4751,4440,4163,2643,19661,1517,-0.488,10.26,9.13,-1.8,8.46,Healthy,train
C0042,1,3,6.697,37.91,6.39,6.833,455,10.44,1,1948,1503,4247,3754,4870,5373,7591,8190,7128,6603,6536,4257,30803,2059,1.701,47.85,51.99,29.19,77.03,Clinical,train
C0453,1,3,4.358,36.03,4.314,6.793,105,17.27,0,1041,814,2302,1873,2624,2947,3686,4530,4067,3935,3358,2343,17500,1265,-0.375,13.94,11.22,-4.96,8.98,Healthy,train
C0232,2,6,6.406632343141219,38.385650517309294,6.055955722652173,7.101373835093361,558,9.63099212288956,0,1738,1292,3704,2971,3841,4857,5798,6805,6585,5923,5390,3745,26955,1876,1.3669557226521725,51.28513205907091,53.5450084943793,22.83811203309626,74.11546517027188,Clinical,train
C0177,2,6,5.062,36.38,4.977,6.608,271,23.42,0,1416,1000,2830,2494,3164,3446,4525,5553,4844,4715,3816,2835,20807,1508,0.288,24.21,24.56,-1.12,23.09,Healthy,train
C0344,1,3,5.922524446437797,38.24631947559058,5.613626479903411,7.068997876142788,518,14.743127879937116,1,1948,1485,3845,3306,4617,5458,7434,7944,7895,6380,6071,4027,30723,1899,0.9246264799034104,40.82759195445699,45.644269767118445,29.767765023286305,70.58420605140208,Subclinical,train
C0374,4,12,5.692,37.29,5.498,7.002,375,12.39,1,1738,1310,3785,3141,4126,4942,6212,7156,6340,6163,5234,3817,27986,1914,0.809,32.46,36.0,19.83,52.29,Subclinical,train
C0685,3,9,5.047,35.28,5.068,6.787,243,18.88,0,1252,951,2659,2175,3166,3892,4505,5174,4735,4258,3492,2504,20633,1504,0.379,13.57,16.06,4.71,18.28,Healthy,train
C0452,2,6,4.537,37.12,4.397,6.828,111,23.64,0,1184,892,2680,2107,2970,3437,4390,4385,3992,3832,3729,2364,18749,1409,-0.292,8.94,8.94,0.0,8.94,Healthy,train
C0736,2,6,6.74,37.96,6.425,7.15,662,10.8,1,2185,1546,4214,3431,5143,5223,6371,7394,7439,6971,6710,4630,31552,2034,1.736,69.93,65.99,13.79,83.72,Clinical,train
C0185,5,15,4.461,36.35,4.389,6.663,72,21.97,0,1085,738,2152,1752,2378,2987,3920,3796,3331,3279,2974,1976,15601,1298,-0.3,7.63,8.28,0.36,7.99,Healthy,train
C0379,2,6,5.11,36.08,5.054,6.841,265,16.19,0,1483,987,2948,2523,3228,3817,5202,5783,5398,4953,4293,2887,22475,1650,0.365,14.04,14.88,4.2,18.24,Healthy,train
C0730,2,6,7.122355873456233,37.54899928787491,6.844014663473875,7.105823487522054,557,11.427658369045472,1,1837,1428,4149,3508,4666,5386,6713,7272,6974,6244,5942,3936,29667,2026,2.1550146634738763,70.56649823544448,65.52467047517192,14.658637717418,85.22513595286249,Clinical,train
C0489,2,6,4.942,35.88,4.906,6.718,181,17.58,0,1402,1048,2976,2337,3408,3593,4712,5023,4836,4451,4253,2763,21038,1502,0.217,13.77,13.01,-1.53,12.25,Healthy,train
C0595,6,18,4.639,35.71,4.62,6.672,138,18.78,0,1109,898,2651,1974,2725,3070,4035,4271,3899,3655,3511,2590,17495,1344,-0.069,12.35,12.35,0.0,12.35,Healthy,train
C0612,1,3,5.187,35.5,5.187,6.541,132,24.23,0,1181,951,2562,2137,2848,3178,4326,4645,4441,4109,3721,2588,19374,1456,0.498,13.21,14.92,3.69,16.91,Healthy,train
C0341,4,12,6.029,36.48,5.917,6.841,349,16.09,0,1451,1107,3182,2504,3219,4067,5021,5275,4953,5037,4337,3037,22162,1635,1.228,31.13,31.26,13.56,44.69,Subclinical,train
C0462,4,12,5.114,35.79,5.086,6.749,17,18.86,0,1010,790,2306,1753,2307,2605,3307,3765,3542,3440,3468,2193,16190,1203,0.397,11.94,10.68,-2.21,9.73,Healthy,train
C0685,4,12,4.735,34.82,4.796,6.682,168,19.31,0,1139,828,2439,1782,2693,3234,4168,4218,4258,3673,3971,2444,17771,1273,0.107,11.48,10.9,-0.92,10.56,Healthy,train
C0366,6,18,4.307,36.1,4.258,6.575,120,24.31,0,1030,751,2417,1819,2611,2868,3811,4215,3910,3548,3240,2002,17067,1270,-0.431,11.42,9.98,-1.21,10.22,Healthy,train
C0583,5,15,7.46,37.24,7.213,7.19,671,9.6,1,2353,1793,5211,4091,5341,6608,8036,8890,8203,7866,7211,4812,37222,2345,2.524,79.22,72.23,12.82,92.03,Clinical,train
C0460,4,12,6.2258398032237245,38.22943604263168,5.902667347361869,7.096121781907886,587,7.396281169736239,1,1901,1496,4123,3293,4927,5386,6946,7334,6938,6198,5812,3867,30084,1974,1.213667347361869,62.99551691710806,58.54302817158067,15.531569281249158,78.52386184197564,Clinical,train
C0343,1,3,5.524603307070393,37.21228256469486,5.344784469424069,6.993939328827845,473,11.447772553145022,1,1791,1195,3570,2866,4198,5009,6448,6405,6731,6067,5254,3640,27857,1860,0.6557844694240689,31.652159769314665,36.465740458248725,29.50139133666319,61.14207465303576,Subclinical,train
C0378,1,3,5.515,37.24,5.333,6.916,332,14.02,0,1477,1144,3497,2661,3689,4133,5140,5885,5380,5194,4655,3421,23263,1612,0.644,26.4,26.23,9.89,36.29,Subclinical,train
C0310,5,15,4.553,36.3,4.484,6.733,132,19.35,0,1114,895,2458,2005,2935,3285,4317,4868,4221,3875,3446,2278,19136,1363,-0.205,16.52,14.11,-4.95,11.57,Healthy,train
C0663,3,9,6.18,37.72,5.919,7.19,499,10.0,1,1746,1386,3844,3275,4752,5552,7183,6827,6828,5659,6201,4081,29854,2038,1.23,58.47,53.81,14.53,73.0,Clinical,train
C0033,2,6,6.428289023552591,37.43793270195706,6.196749705483821,7.098221928710248,455,11.00604380905135,1,1770,1440,3940,3135,4709,5240,7285,7280,7034,6045,5867,3937,30040,1981,1.507749705483821,49.59060998824413,51.48650384024192,23.84845978934485,73.4325618733351,Clinical,train
C0735,3,9,5.054,36.19,4.988,6.724,180,17.5,0,1131,852,2450,1912,2666,3194,3911,4349,4072,3990,3460,2327,17902,1439,0.299,14.97,16.65,3.36,18.33,Healthy,train
C0148,6,18,5.824365743930134,37.13441037721998,5.643017977839231,6.869837442154151,366,12.847002047417805,0,1425,1032,2936,2524,3360,3836,4892,5638,5258,5019,4356,3012,22360,1674,0.954017977839231,31.790419632555725,31.66207191135692,12.396555714519362,44.17697534707509,Subclinical,train
C0655,1,3,6.3,38.41,5.952,7.08,633,6.3,1,1951,1513,4189,3362,4987,5429,6738,7406,6814,6282,5762,3806,30152,1975,1.263,68.09,61.69,14.0,82.09,Clinical,train
C0160,3,9,6.1879827958946025,37.03981689869439,6.008252374390733,6.94758732276757,563,12.422895797807843,1,2088,1257,4507,3881,4711,5414,6774,8552,7798,6820,6052,4179,31284,2064,1.3192523743907334,41.71216567590311,49.92752927403316,36.19824541004161,77.9104110859447,Clinical,train
C0154,5,15,6.328,36.92,6.157,6.896,364,12.17,0,1529,1200,3374,2834,3392,3794,5403,5970,5796,5572,4896,3173,24961,1754,1.468,34.56,37.2,19.72,54.28,Subclinical,train
C0370,4,12,4.971,35.16,5.003,6.709,193,24.93,0,1226,880,2904,2226,3135,3767,4227,4893,4392,4547,3794,2684,20013,1356,0.314,15.52,15.94,0.78,16.3,Healthy,train
C0100,3,9,5.21,36.62,5.099,6.789,297,16.63,0,1338,969,2779,2346,3070,3753,4434,5265,4692,4459,3981,2624,20104,1361,0.41,16.37,18.61,10.76,27.13,Healthy,train
C0540,6,18,6.01,39.32,5.574,7.31,674,11.1,1,1997,1482,4591,3525,4423,4806,5955,6548,6447,6899,5644,3842,28229,1875,0.885,68.94,64.67,15.63,84.57,Clinical,train
C0398,4,12,5.995,37.14,5.808,6.936,367,15.7,0,1417,1077,3207,2504,3526,4122,5141,6233,5919,5077,4585,3011,24257,1775,1.119,27.3,31.11,22.21,49.51,Subclinical,train
C0628,3,9,4.625,35.76,4.602,6.886,169,24.26,0,1172,969,2682,2130,2917,3234,4458,4961,4294,3898,3855,2650,18766,1354,-0.087,16.84,15.52,-2.96,13.88,Healthy,train
C0700,5,15,4.555,35.32,4.571,6.576,74,23.47,0,1002,752,2096,1755,2375,2795,3304,3778,4041,3449,3399,2273,15426,1131,-0.118,9.6,10.05,0.4,10.0,Healthy,train
C0460,1,3,5.985837956405749,37.33015358090083,5.777076790450413,6.9947258005614446,435,12.74735098988897,1,1961,1459,4615,3531,5255,5877,7846,8314,7164,7092,6376,4298,32472,2121,1.0880767904504132,34.239217991006825,40.60460899550341,31.41229535617212,65.66093141122386,Subclinical,train
C0063,4,12,4.747,35.79,4.721,6.674,153,17.94,0,1365,963,2753,2283,3052,3768,4332,4579,4506,4304,4122,2768,19334,1337,0.032,12.92,12.92,0.0,12.92,Healthy,train
C0510,6,18,5.348764113793126,36.9973368028891,5.197296753215306,6.866,248,15.72019232339168,0,1367,1063,2960,2305,3411,3936,5257,5353,5193,4856,4022,3006,22586,1527,0.5082967532153054,19.84423691565827,23.64653580941311,13.172803477165996,32.99859826141701,Subclinical,train
C0655,2,6,5.610005451800266,36.71736416547114,5.48005707813079,6.811,329,13.621711975541476,0,1562,1136,3300,2667,3455,3853,5086,5464,5487,4863,4166,2880,23401,1666,0.7910570781307901,22.34725512946581,25.146738497778344,13.290841897792284,35.632743765387495,Subclinical,train
C0592,4,12,4.786,35.54,4.782,6.457,160,17.99,0,1264,892,2465,2150,2731,3159,4280,4438,3884,3799,3550,2547,17858,1278,0.093,12.46,12.95,0.22,12.67,Healthy,train
C0326,3,9,5.355,36.41,5.262,6.785,267,16.52,0,1457,1071,2820,2441,3022,3533,4567,5695,4749,4512,4071,2995,21075,1573,0.573,14.24,17.81,11.45,25.69,Healthy,train
C0173,1,3,6.59820520563189,37.55818976991484,6.339748789181339,7.0218102300851575,717,9.945590192664962,0,1752,1273,3754,3014,4165,4551,5864,6577,6004,5860,5317,3519,26377,1778,1.650748789181339,61.09788407521761,61.16860138903611,21.18892766468941,82.29044763579438,Clinical,train
C0370,2,6,4.687,35.39,4.697,6.583,171,25.56,0,1160,848,2471,1927,2800,3308,4413,4620,4163,3935,3174,2284,17932,1319,0.008,8.54,10.64,4.21,12.75,Healthy,train
C0532,4,12,4.146,36.62,4.058,6.464,104,17.79,0,1170,831,2487,2026,2726,3188,4107,4261,3871,3638,3192,2364,16792,1270,-0.631,10.54,10.54,0.0,10.54,Healthy,train
C0536,5,15,4.812,35.95,4.771,6.564,127,22.67,0,1003,838,2382,1993,2728,3132,4146,4057,3876,3582,2979,2203,17570,1310,0.082,9.83,11.76,3.86,13.69,Healthy,train
C0744,3,9,4.767,35.48,4.769,6.776,177,18.74,0,1162,897,2610,2039,2621,2969,3571,4334,4209,3780,3418,2317,17613,1324,0.08,10.05,12.7,4.94,14.98,Healthy,train
C0050,6,18,4.854,35.92,4.815,6.726,126,14.57,0,1301,884,2699,2173,2839,3251,4369,4173,4338,3650,3497,2391,17956,1285,0.126,15.57,14.27,-3.61,11.96,Healthy,train
C0715,6,18,4.84,35.8,4.812,6.789,155,16.53,0,1217,872,2667,2324,3001,3468,4410,4640,4118,4135,3678,2570,18425,1387,0.123,12.36,12.19,1.06,13.42,Healthy,train
C0293,3,9,5.144,35.32,5.162,6.464,154,21.79,0,1216,957,2690,2262,3190,3530,4724,5287,4990,4490,4109,2723,20460,1453,0.473,17.88,16.86,-2.05,15.83,Healthy,train
C0236,5,15,4.564,35.33,4.579,6.794,173,22.48,0,1204,855,2383,1909,2786,3044,3956,4359,4147,3728,3473,2466,17426,1282,-0.11,12.46,12.06,-0.8,11.66,Healthy,train
C0398,1,3,4.056,34.62,4.124,6.602,228,14.23,0,1189,891,2813,2154,3142,3564,4375,5165,4811,4366,4239,2816,20053,1427,-0.565,8.39,8.39,0.0,8.39,Healthy,train
C0536,3,9,4.991,35.68,4.974,6.591,102,9.41,0,1150,891,2508,1901,2936,3158,4450,4367,4314,4217,3507,2447,18707,1364,0.285,12.73,11.84,-3.21,9.52,Healthy,train
C0173,4,12,5.4784350857390285,37.042965859857226,5.31757722390825,6.854179350316676,386,15.515506438029258,0,1344,1019,2955,2310,3087,3613,4790,5487,4894,4854,3846,2870,21147,1556,0.6285772239082503,25.497048084138083,27.34866533062141,14.948063792252778,40.43750974998244,Subclinical,train
C0404,4,12,4.575,35.73,4.555,6.711,171,21.29,0,1215,884,2836,2040,3085,3491,4554,4806,4788,4026,4015,2603,19461,1353,-0.134,14.34,13.4,-1.89,12.45,Healthy,train
C0731,1,3,4.683,34.99,4.728,6.798,116,21.11,0,1226,1003,2705,2088,2939,3401,4784,4881,4673,4420,3940,2407,20231,1508,0.039,9.46,9.7,1.14,10.6,Healthy,train
C0011,4,12,4.314,35.69,4.298,6.796,143,17.74,0,1133,807,2293,1821,2568,2905,3496,4070,4037,3612,3418,2187,16174,1226,-0.391,9.08,8.93,-0.68,8.41,Healthy,train
C0526,1,3,4.658,35.33,4.673,6.492,140,21.24,0,1144,967,2601,2170,2683,2996,4036,4698,4617,4230,3882,2550,18494,1361,-0.016,10.93,11.29,-0.21,10.72,Healthy,train
C0653,1,3,4.68,36.0,4.636,6.583,113,22.36,0,1095,816,2520,1971,2574,3040,3938,3840,3799,3513,3275,2112,17091,1332,-0.053,13.69,12.01,-1.18,12.52,Healthy,train
C0382,6,18,5.368,36.21,5.296,6.745,306,17.96,0,1427,1073,3029,2354,2978,3985,4825,5341,4851,4471,4229,2755,20872,1578,0.607,18.56,20.38,8.32,26.88,Healthy,train
C0775,4,12,6.594,37.01,6.405,7.009,387,9.76,1,2001,1418,4155,3448,4728,5057,7032,7288,7314,6778,5998,4159,30929,2075,1.716,41.04,43.47,26.16,67.2,Subclinical,train
C0598,2,6,4.479,35.59,4.471,6.616,124,14.23,0,1030,811,2320,1877,2441,2887,3779,3984,3886,3475,3067,2163,16637,1260,-0.218,9.77,9.77,0.0,9.77,Healthy,train
C0466,2,6,6.26,38.09,5.952,7.01,528,8.9,1,1975,1625,4409,3491,4263,4754,6330,8015,7120,6873,6305,4073,30457,2027,1.263,57.27,56.06,20.53,77.8,Clinical,train
C0183,4,12,4.937,35.74,4.914,6.535,131,17.2,0,1227,848,2389,2085,2667,3349,3965,4829,4201,4057,3457,2471,18250,1352,0.225,14.87,14.87,0.0,14.87,Healthy,train
C0105,4,12,5.222,36.09,5.163,6.721,188,20.51,0,1225,952,2851,2327,3092,3588,4423,4685,4676,4349,4271,2622,20310,1423,0.474,12.22,16.03,7.61,19.83,Healthy,train
C0535,2,6,4.929,35.01,4.975,6.53,139,20.03,0,1203,881,2659,2046,2973,3461,4373,4537,4425,4252,3798,2483,18583,1281,0.286,12.57,13.14,1.83,14.4,Healthy,train
C0441,2,6,4.278,35.3,4.294,6.392,168,22.62,0,1199,860,2416,2048,3125,3424,4724,4754,4105,4194,3544,2526,19278,1423,-0.395,9.17,9.17,0.0,9.17,Healthy,train
C0187,1,3,4.131,36.36,4.063,6.791,163,25.91,0,1115,813,2482,1896,3005,3688,4379,4769,4430,3808,3586,2428,18876,1439,-0.626,9.86,9.86,0.0,9.86,Healthy,train
C0300,6,18,4.704,35.98,4.661,6.604,201,17.55,0,1268,905,2743,2050,2999,3320,4605,4934,4432,4166,3912,2635,18878,1402,-0.028,14.41,14.33,-0.13,14.28,Healthy,train
C0371,6,18,7.303208647758727,38.60392345428741,6.864021028300417,7.12059301156712,477,9.017790347013603,0,1638,1254,3374,2845,3846,4190,5593,6138,5796,5658,4925,3323,25418,1785,2.175021028300417,62.1333044272029,61.72981159120053,19.826198340674157,81.95950276787707,Clinical,train
C0410,6,18,5.824428012739807,36.68214554413776,5.694434913767409,6.877678168379337,336,13.047578414758169,0,1376,1022,3031,2528,3414,3636,5092,5068,5266,4791,4464,2929,22006,1530,1.0054349137674086,22.553919379844267,27.73976631212079,18.08521487891491,40.64608062015573,Subclinical,train
C0238,6,18,4.745,34.88,4.801,6.603,159,15.63,0,1258,933,2794,2202,2915,3549,4512,5292,4594,4293,4005,2873,19837,1495,0.112,10.45,10.45,0.0,10.45,Healthy,train
C0357,4,12,4.717,35.0,4.762,6.718,124,19.38,0,1206,886,2466,2159,2737,3106,3924,4522,4233,3908,3535,2401,18105,1290,0.073,10.99,10.99,0.0,10.99,Healthy,train
C0652,2,6,6.53,37.57,6.273,7.16,509,9.9,1,1865,1395,4330,3332,5037,5062,7231,7672,7178,7059,5949,4131,31354,2073,1.584,60.28,57.7,18.38,78.65,Clinical,train
C0030,4,12,6.054,37.42,5.833,7.002,451,10.58,1,2031,1659,4513,3827,5452,6389,7900,9041,8478,7718,6152,4264,34126,2256,1.144,39.75,43.91,23.69,63.43,Subclinical,train
C0026,6,18,6.98,37.33,6.737,7.06,590,10.1,1,1930,1501,4694,3611,4249,4443,5867,7283,7015,7318,5714,3998,29883,2022,2.048,68.18,65.59,16.23,84.41,Clinical,train
C0481,5,15,4.903,35.05,4.945,6.494,182,16.06,0,1373,978,2887,2446,3148,3766,4946,5378,4917,4495,4180,2766,20809,1538,0.256,12.81,12.94,-1.24,11.57,Healthy,train
C0745,4,12,4.658,35.98,4.616,6.71,121,19.73,0,1098,814,2480,1887,2740,3012,4033,4507,3953,3827,3698,2517,17941,1351,-0.073,12.96,11.94,-1.34,11.62,Healthy,train
C0430,4,12,4.564,35.82,4.536,6.671,144,23.77,0,1233,863,2534,2053,2782,3065,3991,4592,4025,4084,3227,2315,18112,1285,-0.153,10.42,10.42,0.0,10.42,Healthy,train
C0484,1,3,4.674,36.32,4.601,6.697,58,26.81,0,1016,805,2224,1888,2667,2842,3815,4196,3526,3851,3185,2178,16657,1252,-0.088,9.73,10.45,2.58,12.31,Healthy,train
C0340,3,9,6.064404277951665,37.51714939531994,5.831717386794075,6.8883064026565695,312,14.376262176848202,0,1367,1006,3084,2417,3183,3654,4627,5413,4886,4671,4001,2790,20907,1450,1.1427173867940743,25.90756400278081,29.74782319190605,19.43389641948942,45.34786895914566,Subclinical,train
C0488,5,15,6.07,37.85,5.799,7.13,491,9.7,1,1799,1462,3987,3149,4802,5298,7386,7185,7201,6022,5919,3996,29944,1973,1.11,52.29,51.93,18.75,71.03,Clinical,train
C0571,4,12,5.184,35.91,5.144,6.64,159,24.77,0,1301,977,2802,2202,3224,3347,4584,4908,4451,4366,3825,2451,20332,1510,0.455,19.59,18.86,-1.47,18.13,Healthy,train
C0775,1,3,4.348,35.28,4.366,6.751,96,16.69,0,1075,808,2379,1935,2507,2638,3591,4193,3838,3473,3125,2046,16118,1252,-0.323,3.17,6.63,5.92,9.09,Healthy,train
C0025,6,18,6.31,38.56,5.943,7.14,765,11.9,1,2449,1709,5139,4129,4944,5261,6694,7350,7623,7631,7285,5197,31911,2049,1.254,71.69,67.26,14.75,86.44,Clinical,train
C0587,1,3,4.655,36.01,4.61,6.553,165,19.89,0,1172,876,2340,2022,2715,2997,4201,4516,4059,3650,3591,2414,17621,1274,-0.079,17.2,14.59,-3.01,14.19,Healthy,train
C0640,1,3,4.479,35.5,4.479,6.535,152,23.81,0,1279,978,2898,2174,3129,3622,4544,4615,4211,3829,4016,2583,19757,1480,-0.21,10.08,10.08,0.0,10.08,Healthy,train
C0439,6,18,5.392107239554356,36.34365557594631,5.305680755693954,6.786843638128849,305,16.773590370308867,0,1383,1058,3073,2532,3380,3998,5195,5671,5578,4836,4414,3195,22710,1612,0.616680755693954,18.10765289857678,20.321613105851934,15.235868919382751,33.343521817959534,Subclinical,train
C0742,5,15,4.557,35.95,4.518,6.744,184,13.22,0,1124,881,2379,2014,2922,3280,4082,4615,4226,3953,3568,2420,18105,1354,-0.171,8.32,10.62,4.13,12.45,Healthy,train
C0580,4,12,4.705,35.84,4.675,6.872,188,21.3,0,1312,1002,2597,2213,2952,3215,4640,4889,4464,4095,3844,2597,20290,1430,-0.014,12.97,12.97,0.0,12.97,Healthy,train
C0658,5,15,6.845942556815692,38.14057604091216,6.5096074583999695,7.062109945116645,523,12.047225056754932,0,1640,1281,3383,2552,4032,4197,6328,6397,6561,5710,4914,3168,26794,1726,1.8206074583999692,57.00214981162702,53.778640935496206,18.374554409384142,75.37670422101117,Subclinical,train
C0610,6,18,4.786,35.72,4.766,6.689,209,21.47,0,1379,1013,2920,2453,3202,3598,4630,4904,4853,4773,4073,2952,20310,1442,0.077,17.86,15.79,-2.91,14.95,Healthy,train
C0497,1,3,6.051730948920955,37.6829782236198,5.801221618045801,7.050442197881639,401,10.030106286376087,1,1909,1400,3641,3353,4582,5183,6963,7185,7093,6266,5806,4184,30466,2034,1.112221618045801,34.87913167046212,41.57104975599114,30.85757643783963,65.73670810830174,Subclinical,train
C0211,5,15,4.983,34.81,5.048,6.552,91,22.95,0,1168,861,2450,2053,2923,3151,3729,4579,4079,3844,3664,2354,17794,1261,0.359,11.67,11.79,1.23,12.9,Healthy,train
C0679,5,15,4.895,35.75,4.872,6.664,98,22.24,0,1029,838,2385,1948,2427,2966,3693,4067,4262,3483,3212,2220,16971,1281,0.183,7.69,10.69,6.33,14.02,Healthy,train
C0095,6,18,5.931,36.56,5.812,6.896,309,12.73,0,1357,978,3050,2464,3390,3590,5014,4984,5291,4834,4468,3006,21930,1524,1.123,22.16,27.81,18.87,41.04,Subclinical,train
C0148,1,3,7.07,38.14,6.715,7.09,509,7.8,1,2073,1538,4830,3913,5267,6013,7669,7695,7659,7022,6533,4433,33270,2169,2.026,67.41,64.07,16.79,84.21,Clinical,train
C0622,4,12,5.535,36.26,5.455,6.77,243,18.25,0,1498,1065,3230,2412,3486,4062,5090,6306,5915,5063,4992,3273,24418,1665,0.766,19.42,19.23,8.31,27.73,Healthy,train
C0279,5,15,6.124,36.9,5.961,7.075,459,12.5,1,1965,1627,4409,3894,4617,5445,7404,8574,7200,7468,6442,4306,33228,2139,1.272,39.77,43.88,26.31,66.07,Subclinical,train
C0394,3,9,5.432,37.6,5.215,7.075,461,11.22,1,1697,1312,3929,2996,4561,4844,6655,7064,6780,6071,6287,4171,28389,1905,0.526,28.11,36.29,29.56,57.67,Subclinical,train
C0292,5,15,4.371,35.04,4.409,6.586,207,21.63,0,1258,839,2537,2119,3068,3398,4532,5023,4731,4457,4067,2700,19636,1464,-0.28,11.82,11.82,0.0,11.82,Healthy,train
C0405,3,9,5.5456075892462025,36.79520198879421,5.40901401836245,6.8848334714440425,421,14.018598508404343,0,1423,1022,3027,2582,3345,3861,5143,5678,5284,5093,4516,2987,22499,1614,0.72001401836245,29.38765865624554,30.28352012994955,14.15885401572572,43.53804606054888,Subclinical,train
C0349,5,15,5.691,36.81,5.549,6.836,413,16.86,0,1458,1115,3544,2711,3773,4438,5521,5548,5749,4675,4935,3144,23922,1636,0.86,27.76,30.65,18.98,46.74,Subclinical,train
C0418,1,3,4.827,34.97,4.876,6.751,154,23.2,0,1310,995,2737,2223,3105,3501,4854,4882,4566,4185,3795,2550,19749,1359,0.187,7.55,10.7,5.23,12.78,Healthy,train
C0047,2,6,5.559763003844987,36.42290932373804,5.462426626626934,6.819054576498405,298,17.28936291847437,0,1408,1073,2880,2273,3466,4027,5217,5383,5162,4843,4314,2875,22145,1623,0.7734266266269347,17.86000213426538,21.5585432038656,15.079902280662283,32.93799530461616,Subclinical,train
C0357,3,9,4.494,35.64,4.482,6.679,134,19.31,0,1238,859,2529,2184,3138,3387,4392,4713,4382,4333,3653,2480,19146,1396,-0.207,8.81,8.81,0.0,8.81,Healthy,train
C0440,2,6,4.467,35.07,4.503,6.605,98,26.76,0,982,782,2245,1740,2883,2895,3860,3984,3615,3588,3029,2201,16634,1269,-0.186,10.71,9.81,-1.8,8.91,Healthy,train
C0180,5,15,6.416,37.3,6.197,6.973,471,13.63,1,1947,1437,4268,3426,4495,5362,6468,7220,7014,6287,6000,4284,29476,1996,1.508,40.07,47.06,35.35,75.42,Clinical,train
C0743,4,12,4.528,35.4,4.537,6.595,113,22.81,0,934,725,2161,1675,2464,2785,3397,3858,3781,3355,3234,2077,15379,1219,-0.152,10.56,8.92,-2.74,7.81,Healthy,train
C0783,4,12,3.981,36.0,3.943,6.609,205,19.4,0,1213,811,2556,1976,2860,3430,4360,4832,4441,4175,3356,2395,19544,1475,-0.746,8.62,8.84,0.47,9.09,Healthy,train
C0643,5,15,4.228,36.38,4.157,6.844,103,21.34,0,988,745,2115,1710,2372,2721,3693,3878,3781,3522,3143,2117,15597,1197,-0.532,7.38,8.93,1.36,8.74,Healthy,train
C0488,2,6,5.239,36.25,5.164,6.804,284,17.89,0,1517,1058,3253,2616,3303,3756,4825,5612,5333,4844,4290,3130,22499,1572,0.475,19.12,19.33,8.79,27.91,Healthy,train
C0625,2,6,5.116,35.22,5.143,6.594,198,16.97,0,1329,946,2821,2262,3035,3551,4424,4725,4510,3949,3862,2805,18848,1456,0.454,16.89,16.06,-1.27,15.61,Healthy,train
C0662,2,6,4.656,35.95,4.616,6.61,101,17.65,0,1137,889,2345,2045,2666,3169,4022,4728,4335,3844,3495,2499,18732,1353,-0.073,13.39,12.91,-2.31,11.07,Healthy,train
C0035,5,15,4.081,34.76,4.138,6.537,158,20.67,0,1204,864,2648,2321,2707,3087,4165,4406,4404,3671,3847,2360,18543,1390,-0.551,8.56,7.48,-0.26,8.3,Healthy,train
C0794,6,18,4.641,36.5,4.553,6.418,154,21.15,0,1135,881,2455,2045,2732,3197,4210,4650,4425,3960,3655,2551,18812,1366,-0.136,16.37,13.66,-5.24,11.14,Healthy,train
C0149,2,6,5.49,34.65,5.579,6.552,63,17.51,0,1086,836,2348,1877,2653,3237,3950,4034,3977,3598,3172,2117,16573,1277,0.89,13.18,13.58,4.04,17.22,Healthy,train
C0486,1,3,6.79,38.29,6.43,6.95,521,8.8,0,1544,1162,3174,2631,3639,4130,5404,5824,5603,5124,4978,3435,23839,1667,1.741,56.46,56.48,18.28,74.74,Clinical,train
C0522,5,15,5.249208505048454,36.28173731677487,5.171249603134822,6.812041528745884,369,16.339499932411325,0,1382,1124,2753,2443,3367,4262,4742,6036,5313,4749,4511,2976,22170,1579,0.4822496031348214,18.177877541932475,21.567042660419624,13.241491589575691,31.41936913150817,Subclinical,train
C0083,2,6,6.75,37.65,6.474,7.05,524,7.4,0,1481,1232,3574,2979,4069,4773,6137,6614,6276,6044,5226,3475,26513,1864,1.785,54.33,54.58,18.54,72.87,Clinical,train
C0436,6,18,6.361087824036575,37.11,6.1667518293688,7.01231350615284,416,13.386030602957057,1,1964,1446,4656,3534,5492,5730,8113,8212,7623,7046,7041,4386,33426,2212,1.4777518293688008,39.69933997950237,44.17196673093045,27.66795342903629,67.3659653978742,Subclinical,train
C0401,4,12,4.273,35.46,4.276,6.64,233,20.51,0,1423,1111,3275,2509,3281,3719,4654,5509,5093,4481,4475,2895,21329,1478,-0.413,10.06,11.41,2.7,12.76,Healthy,train
C0171,1,3,4.589,35.0,4.633,6.785,103,21.49,0,1201,884,2613,2200,2837,3381,4261,4656,4627,4042,3621,2524,18768,1399,-0.056,10.42,10.95,1.42,11.84,Healthy,train
C0468,3,9,4.455,36.4,4.379,6.9,81,20.0,0,1116,852,2469,2050,2666,2891,4262,4361,4293,3633,3198,2174,18034,1329,-0.31,10.2,9.83,-1.0,9.2,Healthy,train
C0053,1,3,4.587,34.87,4.642,6.592,181,20.01,0,1302,875,2727,2241,2928,3229,4244,4592,4362,4102,3687,2473,18695,1453,-0.047,12.67,12.67,0.0,12.67,Healthy,train
C0270,1,3,4.716,36.1,4.662,6.698,161,20.35,0,1060,760,2195,1943,2641,2964,3935,4395,3867,3768,3564,2197,17196,1346,-0.027,10.34,11.66,2.65,12.98,Healthy,train
C0539,5,15,5.317,35.3,5.337,7.04,177,24.38,0,1346,979,2783,2395,3241,3692,4566,5090,4689,4391,4149,2968,21281,1546,0.648,16.66,18.39,2.28,18.94,Healthy,train
C0625,6,18,4.522,35.41,4.53,6.628,173,17.02,0,1335,1011,2937,2410,3330,3651,4753,4670,4447,4259,3717,2652,20121,1414,-0.159,13.18,10.95,-4.56,8.62,Healthy,train
C0567,2,6,5.64,36.67,5.515,6.836,299,14.72,0,1415,1048,2914,2371,3087,3671,4560,5075,4886,4364,3920,2549,20743,1478,0.826,23.8,25.7,12.35,36.14,Subclinical,train
C0200,5,15,6.9,38.66,6.486,7.03,712,6.8,1,2273,1698,4789,3975,4769,5393,6734,8172,7314,7932,6731,4537,31623,2133,1.797,77.51,71.67,12.39,89.9,Clinical,train
C0070,2,6,4.98,34.4,5.084,6.837,99,14.48,0,1342,952,2917,2076,2912,3285,4435,4526,4381,3973,3716,2695,18118,1378,0.395,13.7,12.66,-2.27,11.43,Healthy,train
C0320,3,9,5.054,35.24,5.079,6.609,78,28.21,0,1153,836,2507,2047,3000,3366,4158,4395,4335,3957,3447,2341,18462,1354,0.39,11.05,10.81,-1.49,9.56,Healthy,train
C0642,4,12,4.435,34.94,4.482,6.591,78,23.84,0,994,772,2156,1766,2357,2773,3446,3629,3665,3474,3091,2076,15707,1100,-0.207,9.87,7.79,-3.64,6.23,Healthy,train
C0565,6,18,5.617625762005044,36.411025971805465,5.520577390915344,6.816903768180776,294,17.313727069144267,0,1420,1081,2880,2239,3463,4000,5179,5396,5185,4850,4268,2876,22203,1651,0.8315773909153437,17.719951657192066,21.819765799954148,15.683121154622572,33.40289205817848,Subclinical,train
C0741,5,15,4.359,36.27,4.295,6.846,72,19.53,0,1051,843,2410,1968,2515,2995,4032,4661,3952,3673,3387,2294,17278,1303,-0.394,9.85,9.85,0.0,9.85,Healthy,train
C0779,2,6,6.77,37.43,6.522,7.27,543,9.3,1,2098,1600,4195,3777,5044,5536,7906,8915,8195,7429,6267,4335,33469,2321,1.833,65.88,61.93,17.87,83.74,Clinical,train
C0280,2,6,5.006,35.83,4.975,6.725,132,24.81,0,1231,932,2713,2200,2671,3438,4404,4785,4565,4359,3879,2647,18876,1404,0.286,13.72,14.77,0.95,14.67,Healthy,train
C0221,6,18,4.59,36.18,4.531,6.683,52,16.65,0,1218,819,2561,2013,2461,2855,3654,4415,3943,3660,3674,2322,17184,1310,-0.158,11.33,9.35,-4.19,7.14,Healthy,train
C0233,1,3,5.23,34.9,5.29,6.65,116,17.39,0,1204,964,2749,2388,2959,3575,4427,4589,4381,4191,3339,2614,19329,1438,0.601,14.88,15.72,1.69,16.57,Healthy,train
C0676,2,6,5.055,36.63,4.946,6.694,158,19.38,0,1281,986,2823,2216,3226,3812,5001,4759,4328,4162,3879,2678,19649,1421,0.257,15.45,17.13,3.35,18.8,Healthy,train
C0587,2,6,6.134579276665781,37.674676726976095,5.8828556003263,6.899567425516416,380,11.70307727325698,1,1897,1415,4331,3276,4562,5231,6316,7880,6912,6653,6113,4309,29560,1900,1.1938556003262997,36.87139625353265,41.599556654138645,27.467938727675307,64.33933498120795,Subclinical,train
C0741,4,12,5.004,35.86,4.97,6.727,189,19.06,0,1335,1058,2884,2478,3682,3685,4941,5025,4898,4200,4210,2623,21065,1561,0.281,12.84,16.34,7.0,19.84,Healthy,train
C0436,4,12,5.098,36.04,5.046,6.737,220,18.44,0,1279,911,2850,2112,3179,3572,4804,4751,4141,4037,4085,2615,19820,1442,0.357,11.35,14.93,7.17,18.51,Healthy,train
C0758,5,15,5.757766903316325,37.18236894014034,5.57346071897616,7.005965354836935,452,12.5670505991468,1,2009,1534,4577,3659,5096,5732,7544,8370,7800,7170,6386,4319,32681,2147,0.8844607189761604,33.729531981835585,39.75496276537757,29.61564654465356,63.34951373386495,Subclinical,train
C0292,4,12,4.478,36.37,4.404,6.858,150,22.81,0,1241,961,2809,2289,3058,3507,4488,5073,4514,4442,4094,2646,20738,1466,-0.285,8.66,8.66,0.0,8.66,Healthy,train
C0265,6,18,6.798093083832495,38.56196327923101,6.402375577371724,7.204110162306973,482,9.4,0,1767,1278,3861,2986,4276,4886,5920,6597,6358,5708,5454,3680,27438,1861,1.7133755773717234,53.30312126536425,55.00968915537359,20.863870195398512,74.16502818153175,Clinical,train
C0202,6,18,5.125,35.31,5.144,6.443,172,24.48,0,1295,988,2813,2312,3236,3625,4873,4726,4589,4485,3785,2542,20038,1383,0.455,16.36,17.36,2.37,18.73,Healthy,train
C0713,1,3,4.905,35.32,4.922,6.628,176,17.1,0,1298,918,2504,2121,3016,3529,4626,4790,4076,4145,3944,2542,20213,1437,0.233,15.18,15.18,0.0,15.18,Healthy,train
C0371,1,3,6.31,38.3,5.974,7.1,493,10.2,1,1785,1424,4039,3219,4315,5003,6380,7544,6464,6181,5540,4162,29112,1966,1.285,58.7,55.44,17.46,76.15,Clinical,train
C0440,3,9,6.538553364248681,36.998984112102384,6.352399135288898,7.015058738343687,394,10.02162733756831,1,1997,1424,4161,3443,4708,5105,7072,7294,7303,6765,6015,4165,30962,2072,1.6633991352888975,40.60670840936055,43.27354999915924,26.26189696305292,66.86860537241348,Subclinical,train
C0050,2,6,5.827321731157364,37.18712648583756,5.640465406865486,6.851704053648477,400,13.466176775088876,0,1485,1242,3368,2785,3353,3969,5541,5733,6130,5530,4724,3218,25108,1759,0.9514654068654858,27.46468271843912,31.927785430875694,18.201461138997605,45.67042547889612,Subclinical,train
C0199,1,3,4.326,35.72,4.308,6.719,130,22.34,0,1189,816,2453,2005,2907,3099,3957,4465,3961,4011,3659,2463,18003,1278,-0.381,9.54,9.54,0.0,9.54,Healthy,train
C0381,6,18,4.912,36.47,4.821,6.625,183,14.39,0,1107,905,2503,1897,3236,3555,4719,5065,4375,4237,3758,2483,19689,1397,0.132,17.43,17.43,0.0,17.43,Healthy,train
C0129,4,12,4.785,36.01,4.739,6.752,218,20.54,0,1167,891,2629,2032,3075,3465,4632,4956,4919,4381,3946,2690,20237,1429,0.05,14.45,15.85,2.81,17.26,Healthy,train
C0243,6,18,4.753,35.88,4.719,6.584,147,16.36,0,1260,817,2660,2098,2668,3253,4039,4458,4014,4008,3782,2550,18225,1290,0.03,15.59,15.59,0.0,15.59,Healthy,train
C0492,5,15,5.647916470827183,37.462806478445664,5.438429449388492,7.058340786668402,460,12.32081468485266,1,1746,1326,4033,3136,4432,4913,6555,7075,6619,6041,6082,4072,28489,1921,0.749429449388492,32.408730342035895,39.00120530690714,27.65562326032908,60.06435360236498,Subclinical,train
C0687,6,18,6.813946590791125,37.9092182599847,6.502167760493497,6.980066761511093,556,13.780837670566209,0,1640,1223,3643,2727,3946,4110,5404,6456,5951,5780,5119,3362,25731,1807,1.813167760493497,55.69542368481256,56.013612556855406,23.11827389977048,78.80473667158381,Clinical,train
C0758,3,9,4.461,34.86,4.515,6.633,106,23.46,0,982,738,2212,1753,2396,2634,3350,4205,3679,3572,2852,1865,15890,1298,-0.174,8.47,7.88,-0.6,7.87,Healthy,train
C0349,2,6,5.097,35.7,5.078,6.442,107,22.35,0,1068,834,2532,2027,2722,3150,4009,4691,4254,4158,3448,2325,17969,1252,0.389,10.42,13.07,2.31,12.73,Healthy,train
C0098,2,6,4.976,35.58,4.968,6.688,193,27.87,0,1472,1043,2982,2533,3435,3880,5139,5436,4971,4631,4508,2918,22331,1631,0.279,17.48,17.48,0.0,17.48,Healthy,train
C0372,2,6,6.238825934983224,37.83757491261535,5.961855082135069,6.985218603638841,563,9.636761097525165,1,1863,1399,3842,3295,4421,5191,6481,7180,7292,6535,5713,3806,29302,2002,1.2728550821350688,61.47631236444007,56.93180608171144,15.64476503847524,77.11335675454073,Clinical,train
C0016,6,18,6.639622622392895,37.46630292476348,6.391510943127454,7.024206210999792,471,12.102328359785185,1,1909,1449,4330,3412,4793,5177,7027,7789,7377,7041,5841,4129,31274,2068,1.702510943127454,52.715051463697534,53.28052941253871,23.905572723317533,76.61556214297872,Clinical,train
C0503,6,18,6.77,38.04,6.443,7.17,838,9.6,1,2189,1628,4741,3674,5272,5861,8213,8413,7639,7081,6644,4520,34157,2189,1.754,79.16,72.54,11.2,90.36,Clinical,train
C0307,3,9,4.557,35.5,4.557,6.39,172,21.95,0,1128,858,2401,1872,3030,3387,4250,4888,4342,4018,3591,2303,18615,1379,-0.132,11.08,12.37,2.25,13.34,Healthy,train
C0039,1,3,7.04,37.98,6.708,7.18,974,7.7,1,2243,1556,4833,3700,4594,4829,6251,7735,7547,7681,6640,4497,31720,2124,2.019,84.86,78.47,11.03,95.89,Clinical,train
C0756,1,3,5.126,36.33,5.045,6.764,255,17.08,0,1321,1004,2994,2346,3118,3380,4466,4699,4834,4347,3865,2444,20047,1430,0.356,17.15,17.55,6.65,23.8,Healthy,train
C0722,6,18,4.446,36.58,4.355,6.84,146,22.05,0,1129,842,2458,2058,2825,3294,4046,4646,4553,4142,3662,2364,17941,1340,-0.334,9.97,9.97,0.0,9.97,Healthy,train
C0118,3,9,4.9,35.6,4.891,6.642,169,22.33,0,1244,971,2661,2181,2950,3308,4387,5303,4845,4479,3940,2613,19676,1439,0.202,13.75,14.33,1.12,14.87,Healthy,train
C0329,1,3,5.510858781060698,38.62194362892779,5.172109085759445,6.892183102479082,629,14.701891274503067,1,1674,1322,4203,3320,3987,4488,6267,6390,7063,6086,5519,3541,27246,1762,0.4831090857594446,43.86061177248441,47.85616509656914,30.169255540141226,74.04349709101997,Clinical,train
C0698,4,12,4.767,34.81,4.829,6.509,171,20.74,0,1289,966,2886,2332,3165,3675,4683,4949,4386,4462,3695,2427,19837,1474,0.14,12.29,13.31,2.04,14.33,Healthy,train
C0538,6,18,4.951,35.5,4.951,6.72,202,15.05,0,1438,1050,2958,2441,3186,3370,4394,5095,5001,4573,4061,2944,20977,1458,0.262,15.9,15.9,0.0,15.9,Healthy,train
C0094,1,3,7.580558347147107,37.25390279820352,7.328206835408821,7.039139305195466,592,10.736727887108316,1,2006,1670,4454,3292,4635,5304,6742,7593,7366,6864,6096,4196,31169,2021,2.63920683540882,76.97736983607261,70.24162133010131,12.820408038991411,89.79707485158745,Clinical,train
C0736,3,9,4.805,35.98,4.761,6.715,227,19.8,0,1258,1049,2709,2139,2963,3434,4431,4862,4710,4460,3533,2674,20024,1465,0.072,12.46,14.84,4.75,17.21,Healthy,train
C0177,5,15,4.435,35.77,4.412,6.776,204,21.88,0,1367,953,2668,2217,2983,3439,4362,4720,4553,4048,3725,2684,19332,1378,-0.277,10.69,11.94,3.11,13.81,Healthy,train
C0425,6,18,4.82,35.4,4.829,6.663,144,18.52,0,1258,913,2518,1954,2634,3018,4022,4926,4373,3877,3411,2333,18038,1323,0.14,11.62,12.76,4.15,15.78,Healthy,train
C0656,1,3,5.078,35.28,5.099,6.712,213,25.42,0,1412,1005,3155,2460,3392,3617,4812,5111,4728,4408,4332,2940,21348,1492,0.41,17.38,16.31,-0.44,16.94,Healthy,train
C0032,3,9,6.97,37.65,6.685,7.16,528,11.8,1,2072,1541,4309,3700,4999,4956,6404,6872,7400,7186,6634,4545,30386,2033,1.996,67.69,63.32,14.39,82.08,Clinical,train
C0081,6,18,5.716,37.18,5.534,6.806,262,14.16,0,1645,1191,3428,2961,3582,4253,5655,6195,5238,5084,4684,3028,24906,1680,0.845,25.22,24.54,7.56,32.77,Subclinical,train
C0640,3,9,6.789716111821757,37.88121024666542,6.482272568609623,7.440764136671034,817,7.161703329069464,1,1991,1493,4081,3285,4479,4287,5839,7355,6419,6086,5964,4003,28055,1875,1.7932725686096234,83.03428142518626,75.18126979719153,11.992565773795178,95.02684719898144,Clinical,train
C0759,1,3,4.914,36.26,4.843,6.691,210,17.13,0,1202,929,2636,2013,2680,3073,3933,4480,4307,3935,3505,2324,17958,1304,0.154,15.21,15.66,0.91,16.12,Healthy,train
C0228,5,15,5.737320603634191,36.63,5.614524020707825,6.825711156085505,264,13.417811049026264,0,1454,1074,3147,2391,3640,3909,5072,5548,4861,4853,4009,2777,22088,1582,0.9255240207078256,22.99522413363393,24.438283426460607,11.9583075366271,34.95404021294511,Subclinical,train
C0407,5,15,4.933,35.61,4.923,6.614,144,23.14,0,1362,946,2885,2084,3172,3705,4731,4898,4782,4311,4049,2822,20768,1408,0.234,12.3,12.3,0.0,12.3,Healthy,train
C0490,5,15,7.75,37.52,7.453,7.24,638,7.5,1,2067,1631,4593,3538,4877,5269,6805,7315,7061,6826,6317,4427,31546,2091,2.764,79.4,74.09,14.58,93.98,Clinical,train
C0427,3,9,6.867066990863558,37.6854891209722,6.582518078766337,6.95479715187258,521,8.116312402062285,1,1979,1453,3938,3510,4818,5393,7356,8254,7126,6748,6489,4170,30820,2057,1.8935180787663373,58.81174366853226,59.12944595308399,24.149730765825925,82.95708720633388,Clinical,train
C0045,2,6,4.469,35.95,4.431,6.619,200,18.66,0,1256,981,2841,2155,3118,3562,4536,4954,4670,4472,4086,2528,19779,1484,-0.258,14.1,12.41,-2.94,11.16,Healthy,train
C0776,3,9,4.794,35.5,4.794,6.684,177,17.63,0,1178,882,2608,2198,2854,3457,4153,4404,4405,3993,3243,2282,18954,1342,0.105,14.01,13.41,-0.95,13.05,Healthy,train
C0743,6,18,6.066714958641394,37.24458937930154,5.865733208450214,7.007550186974257,436,12.931916229926172,1,1954,1447,4617,3521,5332,5843,7961,8311,7245,7085,6546,4313,32680,2142,1.176733208450215,35.81089079722218,41.57839491205752,30.540692597501447,66.3590605824626,Subclinical,train
C0791,4,12,4.105,35.11,4.135,6.823,199,23.51,0,1244,937,2793,2227,3051,3428,4237,4696,4737,4299,3873,2638,18948,1496,-0.554,6.6,7.25,0.21,6.81,Healthy,train
C0233,6,18,5.215313565690193,36.91383523652465,5.075319395520383,6.855861852818013,394,11.52430926409006,1,1737,1378,3662,3196,4418,4663,6408,6744,6347,6265,5562,3722,26562,1792,0.3863193955203833,23.19255267388302,29.74408371203277,24.186015197145483,47.3785678710285,Subclinical,train
C0198,2,6,7.65,37.27,7.393,7.23,726,10.1,1,2180,1694,4842,3621,4946,5621,7131,8232,7776,6641,6150,4692,31445,2065,2.704,78.25,73.69,16.08,94.33,Clinical,train
C0065,3,9,4.785,35.79,4.759,6.597,170,22.91,0,1328,1031,2890,2321,2841,3438,4576,4633,4399,4232,3758,2507,19126,1401,0.07,10.07,11.95,4.24,14.31,Healthy,train
C0544,1,3,4.509,35.34,4.523,6.496,146,21.62,0,1254,907,2349,2041,2729,3237,4200,4097,3958,3626,3580,2311,17581,1327,-0.166,9.32,9.49,-0.35,8.97,Healthy,train
C0394,5,15,4.596,35.6,4.587,6.673,160,18.5,0,1166,897,2491,2175,2579,3004,4017,4630,3995,3636,3548,2322,18190,1337,-0.102,9.94,9.94,0.0,9.94,Healthy,train
C0111,2,6,4.914,36.19,4.85,6.671,199,18.06,0,1204,868,2646,2133,3105,3321,4297,4144,4111,3743,3379,2333,18305,1328,0.161,19.07,19.43,-1.8,17.27,Healthy,train
C0131,3,9,6.509124150511267,37.10042847515622,6.312191828129143,7.0148699185627725,389,9.867879584396894,1,1983,1414,4084,3430,4711,5079,7030,7291,7279,6700,5975,4155,30853,2070,1.6231918281291426,40.04370030880516,43.11780488623367,26.778721145805715,66.82242145461088,Subclinical,train
C0002,1,3,4.533,35.21,4.558,6.677,145,19.54,0,1061,809,2250,1818,2560,2922,3763,4011,3772,3681,3154,2168,16233,1220,-0.131,9.23,10.55,1.13,10.36,Healthy,train
C0245,2,6,4.334,34.81,4.391,6.575,215,21.34,0,1190,863,2508,2144,2842,3500,4073,4687,4834,4480,3789,2683,19641,1413,-0.298,8.88,10.46,1.8,10.68,Healthy,train
C0188,1,3,6.00879439413739,37.90394663949167,5.734620061143745,7.482585544718865,486,6.280634929864435,0,1600,1237,3616,2898,4031,4971,5841,6121,5367,5301,4905,3313,24373,1576,1.0456200611437445,43.54212494784807,44.8768949580387,16.24404322803022,59.78791150581476,Subclinical,train
C0316,4,12,4.588,36.54,4.497,6.909,142,21.84,0,1107,818,2451,1952,2885,3312,4095,4744,4351,4234,3654,2434,18447,1369,-0.192,9.97,10.53,1.12,11.09,Healthy,train
C0089,5,15,6.176246598752076,39.76919629399917,5.677927784902409,7.156634884223421,638,2.104631691196018,0,1556,1181,3236,2940,3927,4345,6339,6125,5250,5721,4940,3414,26374,1713,0.9889277849024086,60.16622725894932,61.16633624873338,22.09583132807309,82.26205858702241,Subclinical,train
C0316,6,18,6.83,37.62,6.555,7.11,569,10.3,1,1894,1450,4162,3448,4632,5336,6726,7147,6854,6232,5840,3921,29604,2004,1.866,67.81,63.19,15.59,83.4,Clinical,train
C0054,4,12,4.377,35.64,4.365,6.662,137,20.68,0,1206,884,2562,2066,2721,3176,4180,4963,4742,4389,3856,2496,19715,1489,-0.324,8.29,9.9,1.39,9.68,Healthy,train
C0244,1,3,4.623,35.33,4.638,6.548,31,19.87,0,993,756,2100,1747,2308,2784,3531,3738,3462,3394,3187,2061,15128,1230,-0.051,10.64,10.64,0.0,10.64,Healthy,train
C0659,5,15,4.578,35.53,4.575,6.516,201,20.86,0,1232,921,2598,2146,2897,3337,4596,4924,4407,4351,3394,2489,19968,1494,-0.114,15.19,15.19,0.0,15.19,Healthy,train
C0643,3,9,6.5,37.85,6.21,7.068,492,12.22,0,1670,1269,3444,2647,4036,4366,6371,6416,6401,5774,5098,3291,26667,1769,1.521,49.51,48.67,19.69,69.2,Subclinical,train
C0115,4,12,5.6704796436306015,37.07271270115277,5.501293453976434,6.90475463221941,501,14.487977816138844,0,1610,1132,3300,2685,3413,4253,5206,5730,5638,5281,5180,3442,23851,1669,0.8122934539764345,32.1450310930961,33.974772069749235,20.10940821873577,52.2417266106791,Subclinical,train
C0166,2,6,5.905891709124719,36.3288853635941,5.8120625714964165,6.971284770619497,391,14.630569541238993,0,1581,1135,3345,2565,4139,4293,5914,6299,6000,5240,4391,3151,24353,1712,1.1230625714964162,28.3798117130043,29.768249765719844,17.474140746686466,45.85395245969077,Subclinical,train
C0298,3,9,4.95,35.86,4.916,6.712,160,20.82,0,1155,898,2662,2020,3145,3450,4179,4584,4163,4029,3703,2475,19088,1472,0.227,14.16,14.58,0.83,14.99,Healthy,train
C0344,3,9,4.547,34.57,4.627,6.493,157,17.51,0,1204,871,2562,2051,2841,3181,4329,4542,4498,3655,3353,2357,18916,1360,-0.062,8.72,8.72,0.0,8.72,Healthy,train
C0461,2,6,4.831,34.93,4.883,6.66,168,18.7,0,985,827,2447,1923,2799,3234,4048,4374,4408,3805,3772,2412,17744,1364,0.194,13.5,13.96,-0.88,12.62,Healthy,train
C0786,6,18,4.89,35.38,4.901,6.659,168,20.29,0,1336,1027,2952,2369,3171,3717,5034,4991,4938,4306,3776,2615,21140,1498,0.212,10.74,13.06,4.19,14.93,Healthy,train
C0535,3,9,5.894932410668819,36.61524909775813,5.7741885949491465,6.786090813803696,329,16.480792015674385,0,1535,1062,3159,2656,3387,4055,4786,6153,5684,4890,4516,3162,23198,1644,1.0851885949491462,24.26691090050901,28.46294272415252,17.453590748097312,41.72050164860632,Subclinical,train
C0167,5,15,6.380621296271188,37.41317095978496,6.146938392249684,6.825693929470619,366,15.816066283342035,1,1929,1428,4275,3579,4517,5284,6863,8040,7665,7095,5576,4096,31208,2082,1.4579383922496845,31.34823429504972,39.57187432634963,36.5926567654446,67.94089106049432,Clinical,train
C0040,2,6,5.032,36.33,4.953,6.419,191,23.33,0,1335,942,2902,2367,3137,3728,4680,5186,5075,4496,3878,2695,20928,1456,0.264,21.5,20.72,-2.81,18.7,Healthy,train
C0547,5,15,5.504,37.22,5.324,6.946,438,16.39,0,1379,1087,3089,2348,3938,3978,5682,5615,5203,4705,4265,3274,23014,1656,0.635,30.98,31.78,14.64,45.62,Subclinical,train
C0613,2,6,7.694247539191109,38.80030030249176,7.209339073415519,7.071296233163722,478,8.969791311545942,0,1654,1251,3561,2922,3807,4126,5391,6145,5897,5635,5232,3435,24704,1760,2.520339073415519,66.89783252703155,66.40212757782099,19.363379708545345,86.26121223557689,Clinical,train
C0106,2,6,4.674,35.95,4.634,6.581,167,19.24,0,1049,827,2466,1908,2662,3093,3986,4425,4306,3816,3468,2295,17815,1450,-0.055,14.91,13.25,-2.88,12.03,Healthy,train
C0638,1,3,6.55,38.07,6.23,6.995,519,10.57,1,1961,1559,4146,3603,4842,5642,7051,6864,7200,6119,6246,4156,30736,1969,1.541,48.12,54.06,32.81,80.93,Clinical,train
C0781,4,12,4.889,35.58,4.882,6.726,139,22.57,0,980,767,2283,1762,2615,3216,4073,4370,4330,3897,3190,2231,17496,1353,0.193,16.33,12.84,-4.57,11.76,Healthy,train
C0304,2,6,4.892,36.24,4.823,6.664,198,18.54,0,1215,897,2626,2063,2884,3328,4594,4490,3978,3676,3109,2299,18611,1452,0.134,21.94,19.92,-2.86,19.07,Healthy,train
C0071,3,9,4.666,36.1,4.613,6.73,130,23.87,0,1265,954,2788,2199,2691,3046,3986,4947,4403,3996,3886,2633,19069,1359,-0.076,13.21,13.21,0.0,13.21,Healthy,train
C0035,2,6,4.547,35.48,4.549,6.661,154,20.82,0,1143,898,2493,1857,2790,3107,4181,4520,4544,4236,3782,2513,18132,1306,-0.14,9.54,9.53,-0.03,9.51,Healthy,train
C0667,6,18,4.517,34.94,4.565,6.807,159,22.01,0,1174,910,2746,2153,3153,3379,4544,5121,4896,4431,3939,2757,20182,1436,-0.124,9.04,9.04,0.0,9.04,Healthy,train
C0550,6,18,7.107144451912649,37.396345917123625,6.852698188425537,7.093602850664917,554,10.359672572319807,1,1942,1546,4398,3310,4816,5195,6962,7629,7281,6952,6030,4166,31252,2044,2.163698188425537,69.45302155429307,64.58998111177137,15.325731130586156,84.77386015790502,Clinical,train
C0140,2,6,4.111,35.42,4.117,6.621,110,18.46,0,1163,848,2385,1928,2774,3266,4130,4447,4025,3723,3368,2414,17306,1308,-0.572,7.12,9.27,4.31,11.43,Healthy,train
C0682,1,3,4.802,35.33,4.818,6.59,180,26.39,0,1088,776,2286,1866,2483,2949,3885,4106,3915,3495,3206,2094,17115,1255,0.129,11.21,13.71,3.48,14.69,Healthy,train
C0400,5,15,5.226,35.77,5.199,6.664,143,23.32,0,1236,906,2874,2296,3167,3444,4239,4447,4173,4083,3659,2514,19289,1442,0.51,16.86,16.86,0.0,16.86,Healthy,train
C0376,3,9,4.528,36.29,4.46,6.754,166,22.45,0,1209,909,2596,2166,2770,3458,4460,4794,4437,4397,3880,2494,19548,1500,-0.229,13.77,10.12,-4.84,8.93,Healthy,train
C0034,5,15,4.596,35.5,4.596,6.755,234,17.57,0,1145,873,2343,2027,2690,3018,4152,4610,4683,4262,3605,2377,18614,1368,-0.093,16.35,13.62,-2.76,13.59,Healthy,train
C0478,5,15,4.669,36.39,4.59,6.8,178,18.67,0,1170,863,2540,2197,3000,3308,4533,5009,4585,4001,3720,2587,19119,1458,-0.099,12.8,13.98,-0.47,12.33,Healthy,train
C0162,5,15,6.1626328482872825,37.60460548434627,5.916337758720059,6.946107890313074,402,11.914895356169565,1,1807,1330,4063,3420,4832,5279,7172,6870,6641,6338,5930,4004,29980,1963,1.2273377587200585,40.40812394935521,42.909488666205945,23.34200475414325,63.7440135663898,Subclinical,train
C0421,3,9,5.71,38.29,5.407,7.23,593,8.6,1,1733,1293,3942,3223,4580,5305,7044,7858,7154,6685,6318,4339,30653,2034,0.718,57.67,53.8,17.94,75.61,Clinical,train
C0438,3,9,3.892,36.05,3.851,6.513,135,19.08,0,1115,859,2500,1850,2836,2967,4259,4300,4021,3685,3626,2263,18243,1320,-0.838,7.12,7.12,0.0,7.12,Healthy,train
C0465,2,6,6.417709671799546,37.73133877430523,6.145117728728932,7.149161312801818,776,11.422903282004544,1,2032,1617,4398,3540,5117,5623,7123,7909,6956,7055,6030,4238,31021,2036,1.4561177287289322,69.33295016018255,66.12451466788187,18.104080569293867,87.4370307294764,Clinical,train
C0075,2,6,6.62,36.92,6.441,7.06,637,13.1,1,2093,1579,4435,3946,5357,6185,7804,8116,7991,7712,6773,4528,35047,2235,1.752,67.6,63.97,15.8,83.4,Clinical,train
C0227,3,9,4.977,36.57,4.876,6.745,181,17.07,0,1140,795,2259,1907,2512,2823,4006,4530,4209,4124,3423,2541,17828,1287,0.187,12.98,13.5,4.2,17.19,Healthy,train
C0010,4,12,4.327,36.39,4.254,6.712,125,15.21,0,996,753,2083,1742,2213,2550,3434,4342,3832,3609,3123,2146,16114,1181,-0.435,14.38,11.19,-5.37,9.02,Healthy,train
C0339,1,3,7.045,37.9,6.724,6.987,485,13.97,1,2122,1705,4610,3851,5117,4907,6552,8034,8030,7244,6722,4594,31488,2025,2.035,54.4,56.61,29.39,83.79,Clinical,train
C0436,2,6,6.280695253568822,36.97928587907576,6.102699541604144,6.864194511314786,589,14.292873635838266,0,1573,1178,3094,2840,3732,4006,5511,5977,5430,4922,4514,3035,24053,1720,1.4136995416041445,42.80516179181198,46.23928357201516,25.23377643031673,68.0389382221287,Subclinical,train
C0233,4,12,4.701,35.4,4.71,6.68,134,22.15,0,1170,823,2638,1917,2516,3042,3608,4469,3968,3632,3191,2120,17081,1315,0.021,6.32,10.36,7.8,14.12,Healthy,train
C0458,6,18,4.532,35.76,4.51,6.774,206,17.38,0,1212,942,2483,2026,2617,3017,3974,4624,4406,3706,3707,2489,17830,1335,-0.179,10.45,12.31,2.49,12.94,Healthy,train
C0774,4,12,5.52262053502479,36.56255873951283,5.410744494606597,6.830876408976073,332,16.762782640827762,0,1384,1043,2854,2372,3111,3567,4663,5441,4925,4590,3915,2652,20711,1466,0.7217444946065963,19.755063730200483,21.292504990687657,12.521326514852342,32.27639024505282,Subclinical,train
C0544,5,15,4.468,36.01,4.425,6.875,197,22.68,0,1220,905,2568,2010,2782,3369,4222,5168,4628,4400,3621,2550,19416,1423,-0.264,14.43,14.43,0.0,14.43,Healthy,train
C0401,3,9,4.567,35.82,4.539,6.711,115,18.58,0,1075,870,2332,1971,2609,2929,3790,4374,3846,3833,3530,2162,17353,1297,-0.15,11.97,11.43,-2.9,9.06,Healthy,train
C0309,5,15,4.436,35.64,4.424,6.701,196,15.89,0,1181,952,2676,2157,2704,3371,4065,4747,4457,4064,3666,2350,19268,1299,-0.265,11.14,11.14,0.0,11.14,Healthy,train
C0358,6,18,6.188,36.72,6.045,7.009,290,13.64,1,2039,1566,4125,3634,4909,5343,7207,8094,7810,7136,6321,4130,32113,2117,1.356,26.37,35.84,31.4,57.77,Subclinical,train
C0721,5,15,5.048,35.5,5.048,6.778,151,16.34,0,1138,804,2420,1994,2742,3306,4144,4845,4478,4098,3814,2652,18422,1324,0.359,17.13,17.13,0.0,17.13,Healthy,train
C0696,1,3,5.903617564920147,36.3706096791128,5.80505936827756,7.008319867534852,398,15.907450432800976,0,1510,1217,3563,2613,4345,4331,5040,5839,5357,4929,5058,3199,23358,1705,1.11605936827756,26.42019826879609,30.145043709024154,19.563681507376337,45.98387977617243,Subclinical,train
C0246,2,6,6.559927871285099,38.25634098656048,6.217156067537258,7.175036064357451,503,6.238032708693264,1,1879,1413,4341,3338,4457,5334,6971,7821,6857,6535,5925,4273,31076,2009,1.528156067537258,65.38649184932507,59.90315411243521,14.16151470301293,79.54800655233801,Clinical,train
C0597,4,12,5.597,37.33,5.402,7.215,377,10.32,0,1561,1149,3241,2816,3703,3905,5392,5711,5230,4541,4673,2917,24110,1634,0.713,30.5,30.19,12.16,42.66,Subclinical,train
C0316,1,3,4.555,35.15,4.585,6.583,223,17.49,0,1284,917,2651,2087,2741,3289,4152,4792,4141,4096,3776,2484,18590,1323,-0.104,12.41,13.06,2.8,15.21,Healthy,train
C0202,5,15,4.92,35.31,4.938,6.806,226,18.62,0,1271,941,2742,2184,3153,3401,4692,4883,4627,4519,3456,2466,19739,1385,0.249,14.59,14.71,1.75,16.33,Healthy,train
C0220,2,6,4.404,36.04,4.359,6.69,154,12.44,0,1300,943,2824,2247,2969,3142,4522,4788,4540,4161,3607,2508,18767,1267,-0.33,10.97,10.97,0.0,10.97,Healthy,train
C0482,3,9,6.041979753025161,37.05558587017123,5.863596496277928,6.87837004595166,342,15.753419012345969,0,1382,1046,3122,2623,3489,3881,4789,5633,5342,4833,4429,3008,21978,1575,1.1745964962779272,28.61457208467325,31.2595505455993,18.22612435437976,46.83069643905301,Subclinical,train
C0389,5,15,4.09,36.72,3.995,6.476,102,17.25,0,1137,857,2649,1959,2579,3118,4101,4118,3822,3697,3269,2396,17210,1239,-0.694,6.92,7.53,0.6,7.52,Healthy,train
C0227,2,6,6.1650250480980935,37.11379245861579,5.976248664876297,7.058855105815807,439,12.24079603691552,1,2038,1469,4344,3531,4939,5649,7270,7969,7651,6800,6247,4300,31036,2110,1.2872486648762969,37.5213861868228,41.83691385125874,29.37739719126978,66.89878337809257,Subclinical,train
C0169,1,3,5.674630404671346,37.06514686847182,5.5075919929171775,6.763618624534931,388,14.975237249069862,0,1659,1011,3464,2986,3903,4534,5881,5850,5735,5480,4831,3020,25130,1801,0.8185919929171772,26.52027596741072,32.68336667727708,21.129914445018557,47.63021300757878,Subclinical,train
C0368,3,9,4.48,36.62,4.385,6.57,101,19.57,0,1150,842,2480,2032,2844,3296,4359,4562,4179,3848,3561,2639,18642,1352,-0.304,12.74,12.54,-0.38,12.35,Healthy,train
C0103,5,15,4.88,35.53,4.877,6.79,131,23.08,0,1259,918,2700,2171,3333,3741,4958,5262,4669,4247,4021,2753,20593,1460,0.188,12.2,14.39,2.19,14.39,Healthy,train
C0021,3,9,4.75,34.43,4.847,6.734,125,20.98,0,1176,868,2666,2189,2843,3064,4222,4243,4012,3741,3334,2406,18185,1397,0.158,11.13,9.13,-3.99,7.14,Healthy,train
C0413,1,3,4.835,35.5,4.835,6.702,168,16.79,0,1268,973,2739,2268,3318,4124,4975,5499,4664,4622,4044,2769,20839,1494,0.146,9.13,12.01,4.59,13.72,Healthy,train
C0519,4,12,6.037,36.58,5.913,6.956,333,15.64,0,1706,1262,3746,2678,3835,4536,6027,6193,6342,5645,4587,3376,26481,1796,1.224,27.87,28.93,14.31,42.18,Subclinical,train
C0017,6,18,4.92,35.1,4.957,6.718,224,26.76,0,1375,1061,3212,2449,3176,3676,4965,5404,4894,4388,4197,2995,20810,1408,0.268,17.35,15.93,-2.84,14.51,Healthy,train
C0487,4,12,5.041,35.27,5.063,6.905,136,17.76,0,1200,884,2542,2230,2828,3300,4184,5295,4567,4564,3778,2743,19711,1425,0.374,12.13,14.07,4.14,16.27,Healthy,train
C0528,4,12,4.764,35.55,4.759,6.672,161,23.2,0,1001,837,2333,1872,2792,3141,4206,4607,4086,4204,3474,2263,18342,1330,0.07,12.2,12.2,0.0,12.2,Healthy,train
C0525,5,15,4.71,35.45,4.714,6.581,42,20.01,0,1024,712,2180,1660,2276,2540,3602,3817,3731,3256,3006,2081,15602,1172,0.025,10.64,10.07,-1.14,9.5,Healthy,train
C0162,2,6,4.9,35.39,4.91,6.585,78,23.5,0,1036,801,2312,1864,2364,2759,3627,4156,4163,3698,3446,2321,16802,1292,0.221,12.6,12.61,0.02,12.62,Healthy,train
C0159,2,6,5.075,36.06,5.021,6.69,189,19.59,0,1186,896,2629,2182,3045,3318,4220,4838,4746,4264,3857,2492,19576,1418,0.332,11.52,14.63,6.21,17.73,Healthy,train
C0512,5,15,4.45,36.16,4.394,6.82,205,22.25,0,1212,911,2736,2109,2979,3384,4277,5421,4753,4328,3739,2522,20310,1397,-0.295,15.78,14.59,-0.27,15.51,Healthy,train
C0243,3,9,4.929,34.65,5.009,6.618,95,21.68,0,1201,810,2465,2047,2734,2971,3975,4355,4198,3951,3478,2254,17619,1272,0.32,11.65,11.76,-0.84,10.8,Healthy,train
C0598,3,9,6.533494340864888,37.72088657650825,6.256743194885181,7.08297462578751,495,9.828645694714574,1,1840,1396,4049,3178,4835,5356,6645,7282,6607,5955,6152,3995,28895,1880,1.567743194885181,52.46109122626614,54.548462126640544,25.158795591031623,77.61988681729777,Clinical,train
C0174,3,9,5.853609345967703,36.832636602411625,5.705009672658893,6.952961437441236,633,13.75919607970572,0,1619,1216,3745,3043,3402,3884,5419,6428,5986,5228,4825,3307,24737,1742,1.0160096726588927,34.46521042812139,41.948250271448224,34.347062006334376,68.80227243445577,Subclinical,train
C0140,6,18,5.69103972143908,36.23205870611389,5.612506531525895,6.776757102619187,414,13.910569540244268,0,1573,1220,3608,2793,4058,4688,6053,6099,5926,5446,4865,3457,24871,1725,0.9235065315258956,29.32357481868007,29.59232262856824,14.0922768302678,43.41585164894786,Subclinical,train
C0124,6,18,4.513,35.55,4.509,6.667,97,19.81,0,1014,803,2267,1794,2607,2996,3638,4563,4300,3706,3267,2144,17109,1233,-0.18,11.09,11.09,0.0,11.09,Healthy,train
C0782,6,18,4.453,35.63,4.442,6.678,128,21.15,0,1214,931,2912,2017,3518,3713,4572,4924,4691,4253,4132,2593,19750,1460,-0.247,9.3,9.3,0.0,9.3,Healthy,train
C0338,4,12,4.533,35.17,4.561,6.841,172,17.87,0,1025,802,2327,1865,2418,2985,3833,3891,3723,3361,3316,2233,15574,1227,-0.128,10.39,10.2,-0.09,10.3,Healthy,train
C0234,2,6,4.143,35.0,4.182,6.758,180,21.3,0,1166,886,2493,2020,2734,3180,4416,4442,4132,3587,3591,2539,18127,1266,-0.507,7.29,7.21,0.6,7.89,Healthy,train
C0313,1,3,4.54,35.79,4.515,6.89,192,23.91,0,1292,897,2567,2059,3182,3245,4513,5178,4420,4192,3964,2697,19201,1445,-0.174,11.42,11.42,0.0,11.42,Healthy,train
C0061,6,18,5.463,36.5,5.359,6.807,242,15.47,0,1291,972,3027,2260,3387,3614,4624,5588,5502,4980,4034,2666,21483,1510,0.67,16.24,18.73,11.93,28.16,Healthy,train
C0384,2,6,7.17,38.48,6.764,7.15,553,4.9,1,2225,1691,4898,3798,5303,6195,8022,9211,8502,7984,7130,4807,35779,2292,2.075,73.19,67.85,13.56,86.74,Clinical,train
C0159,5,15,5.155,35.52,5.153,6.485,98,17.52,0,1168,859,2648,1957,2499,3337,3735,4591,4200,4034,3689,2338,17179,1268,0.464,15.58,14.93,-2.09,13.49,Healthy,train
C0487,2,6,3.916,35.72,3.9,6.628,190,18.83,0,1118,939,2699,2253,3079,3440,4347,5270,5045,4467,3760,2615,20802,1486,-0.789,10.55,9.33,-2.44,8.11,Healthy,train
C0734,5,15,5.048,35.48,5.05,6.672,125,19.74,0,1186,932,2590,2105,3139,3453,4532,4723,4638,4709,3904,2611,19707,1293,0.361,9.84,11.7,2.39,12.22,Healthy,train
C0269,1,3,5.241,34.83,5.308,6.68,172,18.64,0,1241,928,2602,1998,2722,3161,4165,4518,4236,3883,3824,2367,18708,1410,0.619,10.59,14.74,6.51,17.1,Healthy,train
C0208,6,18,4.725,35.4,4.734,6.812,167,21.54,0,1140,881,2387,1857,2746,3124,4160,4087,4104,3683,3575,2344,17580,1280,0.045,11.66,12.32,1.18,12.84,Healthy,train
C0472,3,9,4.029,35.12,4.058,6.73,185,21.4,0,1172,871,2517,2045,2749,3124,4261,4576,4141,3851,3513,2568,18412,1351,-0.631,5.01,5.01,0.0,5.01,Healthy,train
C0725,6,18,4.667,34.94,4.717,6.675,95,13.14,0,1102,842,2329,2003,2673,2952,4045,4441,3702,3633,3072,2258,16855,1293,0.028,6.89,8.55,2.77,9.66,Healthy,train
C0234,4,12,5.474,36.33,5.388,6.801,247,17.97,0,1438,1116,2917,2639,3661,4110,5151,5489,5266,4777,4455,2872,23130,1574,0.699,15.96,19.63,13.17,29.13,Healthy,train
C0105,6,18,4.337,35.14,4.367,6.798,261,21.76,0,1382,1056,2870,2372,3353,3671,5073,5411,4785,4637,4666,2833,21543,1594,-0.322,15.23,15.23,0.0,15.23,Healthy,train
C0761,5,15,7.4452061962989395,39.0135297107609,6.943699075882195,7.140994108677173,490,9.116764855380447,0,1637,1213,3428,2868,3739,4087,5347,6072,5894,5795,4981,3337,24825,1791,2.254699075882195,66.04001483240678,64.50970310059049,17.47963677115882,83.5196516035656,Clinical,train
C0240,3,9,6.032380739706893,37.03632887022197,5.858111449087249,7.049359200683493,270,11.40751808831851,1,2028,1524,4229,3652,4780,5265,7272,8008,7724,7054,6228,4172,32307,2128,1.1691114490872498,31.13674883748279,35.516399201726955,21.91013389334089,53.04688273082369,Subclinical,train
C0760,4,12,6.973555457577159,37.3794009203863,6.724207941801389,7.088560886218769,506,5.432515638379286,1,1952,1470,3935,3367,5064,5410,7136,7518,6992,6521,5913,3969,30185,2105,2.0352079418013886,64.98685937879459,61.922954338735934,16.217481881629464,81.20434126042406,Clinical,train
C0206,1,3,4.998,36.76,4.878,6.456,162,19.64,0,1108,887,2569,2141,3085,3220,4855,4842,4634,4230,3639,2570,18916,1412,0.189,14.56,15.98,4.17,18.73,Healthy,train
C0681,2,6,6.186,36.94,6.017,7.105,418,12.07,1,2065,1489,4331,3596,4836,5744,7348,8047,7674,6877,6264,4413,30960,2132,1.328,36.17,40.09,29.71,65.88,Subclinical,train
C0200,2,6,5.539342947832162,37.158971758211386,5.365106405740015,6.906881728953926,324,14.54035732818383,0,1562,1154,3563,2781,4154,4567,5582,6532,5771,5463,5221,2983,25759,1783,0.6761064057400146,17.254498183798464,23.98397709078911,19.662978647533283,36.91747683133176,Subclinical,train
C0258,3,9,6.613,37.89,6.313,6.965,456,10.82,1,2026,1565,4170,3203,4437,4985,5654,7405,7283,6642,6318,4222,29390,2023,1.624,44.2,50.72,31.2,75.41,Clinical,train
C0749,6,18,5.746,36.82,5.602,6.911,314,12.83,0,1322,1014,2760,2267,3528,3761,4914,5533,5239,4578,4168,2692,21328,1470,0.913,24.64,26.95,13.88,38.52,Subclinical,train
C0639,2,6,4.785,35.38,4.796,6.664,108,24.13,0,1105,792,2276,1874,2741,3054,3887,4572,3605,3686,3398,2335,17212,1236,0.107,12.67,11.65,-1.71,10.96,Healthy,train
C0514,5,15,4.646,35.7,4.628,6.651,146,17.03,0,1152,854,2295,2179,2754,3138,3844,4051,4369,3704,3554,2432,17708,1297,-0.061,9.54,10.51,1.33,10.87,Healthy,train
C0409,3,9,7.46,37.8,7.134,6.97,511,8.4,0,1743,1317,4060,3007,3828,4212,4934,6182,6147,5913,5708,3744,24447,1686,2.445,61.89,63.11,19.49,81.38,Clinical,train
C0065,1,3,3.889,36.01,3.851,6.625,193,18.71,0,1152,871,2538,2062,2944,3246,4176,4492,4646,4269,3603,2454,19008,1408,-0.838,10.13,8.97,-2.32,7.81,Healthy,train
C0067,3,9,5.294,35.41,5.303,6.673,110,21.48,0,1152,845,2609,1976,2957,3315,4486,4228,4248,3756,3886,2686,17881,1386,0.614,14.57,14.57,0.0,14.57,Healthy,train
C0450,2,6,5.895,36.96,5.731,6.871,448,15.06,0,1353,1024,2790,2295,3608,3993,5500,5960,5384,5092,4472,2935,22987,1584,1.042,35.04,35.9,17.29,52.33,Subclinical,train
C0787,1,3,7.64,38.74,7.17,7.08,730,12.9,0,1830,1345,3756,3108,4050,3548,5151,6644,5867,6232,5167,3721,25268,1761,2.481,79.37,74.92,10.05,89.43,Clinical,train
C0101,5,15,4.77,35.59,4.762,6.668,177,20.7,0,1126,837,2461,2057,2707,3258,4217,4288,4053,3754,3534,2527,18268,1346,0.073,12.12,12.12,0.0,12.12,Healthy,train
C0241,3,9,5.995,36.88,5.838,6.836,293,14.49,0,1449,1143,3190,2482,3740,4287,5652,5732,5162,5050,4644,3375,23156,1649,1.149,25.84,28.54,17.27,43.11,Subclinical,train
C0145,5,15,5.072,35.96,5.028,6.69,95,15.25,0,1272,939,2738,2288,2976,3275,4312,4432,4030,3970,3506,2492,18860,1384,0.339,11.01,12.56,3.1,14.1,Healthy,train
C0024,4,12,6.510680364158199,37.08051370126963,6.314489724614491,7.004847031580485,458,15.00286528029387,1,1949,1488,4407,3460,4559,5397,6381,7189,7032,6171,6128,4299,29389,2008,1.6254897246144908,38.69283106678985,46.30255708673442,36.60236299863799,75.29519406542784,Clinical,train
C0255,2,6,7.483127840735556,37.344200921729794,7.223050214564425,7.062031965851041,587,10.925342475069291,1,2039,1668,4449,3323,4606,5334,6763,7578,7366,6808,6148,4208,31196,2035,2.534050214564424,76.00194047292943,69.48116425655533,13.14230599124369,89.14424646417314,Clinical,train
C0443,5,15,4.542,35.57,4.536,6.672,112,21.89,0,1070,878,2512,2015,2742,3345,4455,4347,4176,4108,3787,2559,18221,1426,-0.153,8.62,10.55,3.5,12.13,Healthy,train
C0175,6,18,4.72,35.05,4.76,6.471,165,22.43,0,1386,1004,3023,2521,3054,3413,4658,5009,4955,4589,3967,2972,20899,1453,0.071,14.39,14.01,-0.76,13.63,Healthy,train
C0373,5,15,4.703,35.72,4.683,6.67,207,16.1,0,1291,903,2842,2102,3268,3168,4427,4904,4600,4101,3943,2689,19058,1370,-0.006,13.26,12.31,-1.89,11.37,Healthy,train
C0221,1,3,5.202,34.63,5.288,6.735,144,15.38,0,1291,938,3058,2420,2994,3198,4252,4889,4439,4372,3702,2573,20123,1411,0.599,12.66,14.89,1.39,14.05,Healthy,train
C0613,3,9,4.625,35.05,4.665,6.54,207,20.54,0,1145,876,2787,2176,2789,3343,4195,4777,4513,4253,3851,2700,18568,1331,-0.024,11.6,12.64,2.12,13.72,Healthy,train
C0670,6,18,6.018979131014339,37.65950756668502,5.773000274515811,6.880105442991549,412,11.611593238754155,1,1882,1412,4366,3184,4498,5132,6353,7891,7113,6779,6153,4242,29600,1911,1.0840002745158106,38.7742900281056,42.67777794651791,26.60215249019656,65.37644251830216,Subclinical,train
C0155,1,3,6.329036945561902,37.19131157630559,6.1253392854770174,6.966309729027494,389,9.476225371470823,0,1582,1105,3474,2711,3659,4303,5079,6154,5406,5120,4898,3048,23513,1657,1.4363392854770167,38.39086206606375,40.75348521867493,17.0802709370733,55.474612067171,Subclinical,train
C0524,4,12,5.048,36.46,4.956,6.822,304,17.6,0,1254,904,2758,2216,3071,3474,4934,4896,4909,4060,3910,2730,20497,1541,0.267,18.51,18.84,8.14,26.66,Healthy,train
C0248,6,18,7.07,37.9,6.748,7.09,596,11.3,1,2161,1589,4824,3549,4832,5407,7189,8463,7264,7405,6950,4497,32560,2186,2.059,75.42,68.5,14.58,90.0,Clinical,train
C0261,4,12,6.293100369033369,38.19876285634948,5.971604385087101,7.199026349294504,450,8.169912169018323,1,2046,1707,4829,3616,4484,4450,5438,7367,6412,7103,6641,4604,29810,2044,1.2826043850871012,57.640678651081664,53.3104992341648,15.45291344220944,73.09509648484018,Clinical,train
C0022,2,6,4.451,35.72,4.432,6.671,176,19.98,0,1097,834,2546,1988,2823,3011,3965,4272,4170,3920,3438,2261,17704,1336,-0.257,12.32,12.32,0.0,12.32,Healthy,train
C0658,4,12,4.878,35.5,4.878,6.716,127,20.81,0,1084,782,2374,1962,2499,3092,4113,3995,3929,3536,3405,2200,16889,1251,0.189,14.02,13.56,-0.92,13.1,Healthy,train
C0328,2,6,5.082,36.0,5.034,6.617,165,21.19,0,1408,1004,2906,2531,3193,3500,4827,4854,4468,4152,3957,2678,20619,1472,0.345,13.07,15.28,4.22,17.29,Healthy,train
C0253,2,6,4.325,35.69,4.309,6.623,159,18.38,0,1162,866,2516,1954,2793,3097,4165,4411,4121,3638,3622,2295,18169,1279,-0.38,11.43,9.61,-2.36,9.07,Healthy,train
C0055,4,12,4.913,35.15,4.946,6.626,92,19.0,0,1123,867,2571,2068,2882,3258,4474,4165,3985,3840,3416,2217,18432,1376,0.257,12.6,12.6,0.0,12.6,Healthy,train
C0637,5,15,4.999,35.71,4.979,6.52,122,21.46,0,1131,820,2241,1955,2624,3037,3817,4468,4074,3680,3289,2303,17260,1296,0.29,11.24,12.77,3.49,14.73,Healthy,train
C0492,4,12,4.307,35.37,4.318,6.771,177,20.41,0,1194,910,2614,2082,3057,3375,4629,4447,4255,4016,3358,2475,19128,1378,-0.371,10.56,10.56,0.0,10.56,Healthy,train
C0087,4,12,4.213,35.52,4.211,6.563,137,20.34,0,1073,817,2342,1820,2790,2982,4469,4509,3906,3895,3430,2277,17117,1295,-0.478,11.34,10.66,-3.98,7.37,Healthy,train
C0212,5,15,5.746,37.25,5.555,6.931,285,15.88,0,1564,1053,3294,2645,3743,3881,5109,5627,5475,4443,4952,3142,22911,1618,0.866,25.85,26.27,11.75,37.6,Subclinical,train
C0781,3,9,5.455,35.59,5.446,7.032,175,23.67,0,1357,972,2739,2311,3299,3464,4572,4911,4589,4610,4276,2861,19840,1436,0.757,16.67,18.12,2.9,19.57,Healthy,train
C0164,2,6,4.982,35.52,4.98,6.716,200,14.96,0,1352,1065,2973,2512,3253,3496,4753,5271,4758,4343,4028,2937,21499,1609,0.291,14.66,15.89,2.44,17.11,Healthy,train
C0152,1,3,6.562113781574108,37.92024881743392,6.259889845883582,6.89041586233739,488,11.636362343777805,1,2055,1537,4337,3566,4958,5803,7482,8303,7288,6770,5822,4176,32060,2131,1.5708898458835825,52.19407632230481,52.18912330591032,23.326883310929507,75.53104257237896,Clinical,train
C0340,5,15,3.679,35.97,3.646,6.679,99,20.99,0,931,716,1930,1616,2284,2581,3617,4001,3666,3253,2950,1998,15059,1197,-1.043,6.65,5.15,-1.72,4.93,Healthy,train
C0562,2,6,4.253,35.21,4.276,6.543,203,23.7,0,1199,887,2786,2038,2982,3258,4318,4857,4461,4109,3840,2557,19123,1325,-0.413,10.7,9.86,-0.45,10.25,Healthy,train
C0011,5,15,5.092,36.56,4.989,6.586,274,23.84,0,1314,997,2982,2380,3141,3247,4634,5405,5120,4867,4139,2747,20924,1583,0.3,19.6,23.31,6.78,26.38,Healthy,train
C0601,5,15,6.074950865369114,37.16963483619397,5.882542156320623,6.917853934477588,510,14.227471968805224,0,1607,1169,3644,2358,3339,4387,5110,5647,4901,4959,4649,3091,22905,1665,1.1935421563206223,31.91988787522089,37.96682632454612,30.35195301256489,62.26887740416639,Subclinical,train
C0384,4,12,5.137,36.67,5.023,6.886,192,13.37,0,1442,1150,3159,2527,3668,3920,5133,5715,5426,4855,4718,2963,24065,1645,0.334,16.61,16.86,3.98,20.6,Healthy,train
C0417,1,3,4.856,35.72,4.836,6.548,89,20.48,0,1159,853,2574,2023,2515,2908,3672,4845,4523,3983,3406,2401,18017,1335,0.147,9.56,10.75,2.38,11.94,Healthy,train
C0419,4,12,4.743,35.98,4.7,6.625,137,21.38,0,1364,957,2731,2168,2923,3221,4514,4911,4330,4434,3764,2434,19619,1505,0.011,13.35,13.35,0.0,13.35,Healthy,train
C0086,4,12,7.147309975512236,39.11048601424093,6.659957050746714,6.992048601424093,590,6.124408020493668,1,2004,1392,4213,3573,4506,4805,6363,7268,6755,6225,6074,4055,28203,1797,1.970957050746713,78.27005373184687,71.53080251510653,15.466541378605424,93.7365951104523,Clinical,train
C0709,1,3,4.277,35.94,4.241,6.608,203,16.49,0,1326,1003,2901,2314,3017,3595,5037,4976,4963,4635,3992,2754,20532,1493,-0.448,9.11,9.85,1.48,10.59,Healthy,train
C0375,3,9,5.896,37.0,5.728,6.851,291,15.57,0,1533,1094,3556,2577,3571,4106,5149,6411,5323,5631,4789,3232,24352,1724,1.039,24.15,26.22,14.39,38.54,Subclinical,train
C0458,5,15,5.892,37.12,5.711,7.134,622,13.79,1,1910,1378,4220,3450,5318,5814,7482,8316,7844,7073,6618,4093,32209,2078,1.022,42.67,48.3,29.93,72.6,Clinical,train
C0694,5,15,6.506168407780618,37.546241875651326,6.252476404515583,7.091503249739469,586,7.763153435220357,0,1640,1250,3625,2944,3918,4339,5860,6592,6276,5978,5225,3513,26456,1824,1.563476404515583,53.525874536297785,55.03653574713416,21.066510327890192,74.5975727704054,Clinical,train
C0530,1,3,6.062,37.89,5.787,7.083,584,14.51,1,1815,1530,4227,3513,5199,5522,7703,8226,7218,6993,6097,3907,32431,2189,1.098,45.62,51.08,31.0,76.62,Clinical,train
C0588,4,12,5.68017798458504,36.6899222949127,5.551650879943954,6.913325624250915,472,14.454804815887044,0,1606,1103,3208,2575,3673,4505,5459,5706,5285,5243,4781,3474,23447,1698,0.8626508799439533,32.26256426788101,33.03666973798232,15.982555053934036,48.24511932181505,Subclinical,train
C0153,6,18,4.749,36.47,4.661,6.569,182,27.63,0,1113,962,2419,2077,2781,3104,4439,4265,4384,3862,3285,2291,17820,1276,-0.028,16.85,14.97,-3.36,13.49,Healthy,train
C0484,4,12,4.889,35.46,4.893,6.644,209,24.46,0,1429,1048,3181,2654,3501,4006,4953,5863,5296,4930,4065,2684,23163,1633,0.204,18.91,17.09,-3.64,15.27,Healthy,train
C0502,4,12,4.903,35.76,4.879,6.575,155,24.14,0,1097,912,2515,1953,2774,3365,4219,4705,4212,4004,3731,2503,18631,1411,0.19,18.13,16.56,-6.16,11.97,Healthy,train
C0443,3,9,4.836,35.82,4.807,6.879,59,25.48,0,965,728,2186,1847,2386,2803,3736,3873,3554,3396,2841,1916,15448,1241,0.118,8.21,9.4,1.45,9.65,Healthy,train
C0481,3,9,4.472,35.49,4.473,6.594,135,18.59,0,1120,817,2517,1840,2854,3437,4431,4782,4354,4241,3646,2500,18604,1417,-0.216,10.14,10.14,0.0,10.14,Healthy,train
C0571,5,15,5.676,36.65,5.552,6.901,388,15.14,0,1416,1157,3430,2682,3545,4153,5120,6027,5872,4801,4538,3052,24501,1708,0.863,27.91,28.98,12.01,39.92,Subclinical,train
C0411,1,3,6.578489533135584,38.019002214329966,6.2627745371353205,7.002877616716104,571,6.618798310460712,0,1534,1098,3243,2676,3730,4266,5456,5777,5419,4971,4853,3391,23547,1709,1.5737745371353211,56.0501984704502,55.96444323701799,19.350771738501106,75.40097020895129,Clinical,train
C0188,5,15,4.297,35.12,4.328,6.488,95,23.13,0,1030,781,2112,1728,2632,3093,4219,3955,3723,3508,3307,2247,16534,1232,-0.361,6.55,6.55,0.0,6.55,Healthy,train
C0093,1,3,4.794,34.95,4.844,6.516,106,17.9,0,1160,860,2603,2062,2810,3247,4134,4559,4333,3950,3518,2426,18687,1450,0.155,10.34,9.83,-0.97,9.37,Healthy,train
C0022,1,3,4.584,35.77,4.56,6.679,165,22.92,0,1133,883,2564,2052,2945,2997,4278,4479,4416,3864,3419,2274,18592,1429,-0.129,11.39,11.39,0.0,11.39,Healthy,train
C0526,5,15,4.656,35.43,4.662,6.67,179,20.46,0,1206,913,2702,2056,2704,3275,4161,4458,4460,3715,3543,2355,17935,1342,-0.027,11.74,12.45,0.99,12.74,Healthy,train
C0603,1,3,4.414,35.27,4.433,6.669,125,19.82,0,1109,834,2538,1998,2922,3163,4068,4203,3858,3486,3393,2168,17743,1302,-0.256,7.39,7.68,0.54,7.93,Healthy,train
C0468,6,18,4.861,35.2,4.889,6.574,116,17.25,0,1184,895,2375,2013,2711,3245,4457,4373,4532,4140,3584,2576,18982,1406,0.2,9.25,10.1,1.57,10.82,Healthy,train
C0256,3,9,7.13,38.66,6.702,7.22,648,9.4,0,1762,1371,3805,3167,4586,4611,5877,7157,6543,6767,5323,3919,28051,1897,2.013,69.2,67.79,15.47,84.67,Clinical,train
C0142,4,12,6.713645785539661,37.73628583713735,6.428671480783373,7.105442768075424,500,8.878203482843782,0,1676,1299,3495,2810,3906,4311,5518,6163,5849,5863,4898,3397,26043,1766,1.7396714807833724,53.5770015049325,54.37940116094793,20.5242875570602,74.10097477013584,Clinical,train
C0083,6,18,5.69929548018726,36.91910582319752,5.54958457878819,6.858600638158633,587,10.913099441611196,1,1811,1506,4201,3508,4192,5003,6273,7557,7397,6606,6340,4328,30097,2008,0.8605845787881906,38.49433422125668,43.11244562834225,31.2,69.69103430102652,Clinical,train
C0537,4,12,4.787,35.73,4.766,6.574,86,22.33,0,1130,860,2405,2010,2296,2726,3648,4409,4196,4008,3211,2270,16791,1260,0.077,12.75,12.56,-0.56,12.2,Healthy,train
C0342,5,15,5.929629514886575,37.42511577659794,5.712629514886575,7.018113615969111,390,12.876935792732551,1,1889,1469,4046,3423,4427,5244,6780,7271,6669,6299,5346,3613,29669,2023,1.0236295148865746,33.665546473557214,38.76995138585122,26.27182001613461,59.93736648969182,Subclinical,train
C0538,1,3,4.486,35.75,4.465,6.745,211,21.7,0,1286,956,2815,2175,2981,3272,4326,5008,4764,4287,4033,2763,19573,1423,-0.224,13.81,12.07,-2.09,11.71,Healthy,train
C0455,4,12,4.168,35.76,4.147,6.629,89,18.14,0,982,706,2181,1759,2427,2643,3489,3711,3807,3351,3037,2222,15677,1108,-0.542,9.04,8.27,-1.78,7.25,Healthy,train
C0293,2,6,4.53,35.94,4.492,6.658,83,21.71,0,1059,797,2127,1750,2385,2519,3555,4147,3903,3650,3090,2064,15805,1201,-0.197,9.24,10.3,1.26,10.5,Healthy,train
C0321,1,3,4.564,35.26,4.585,6.442,103,24.8,0,1158,904,2494,1994,3058,3420,4456,4506,4039,4250,3644,2455,18265,1358,-0.104,7.81,8.47,-0.64,7.17,Healthy,train
C0667,2,6,4.67,36.36,4.594,6.627,160,19.25,0,1283,939,2760,2173,3214,3773,4684,4820,4585,4209,4117,2623,20292,1500,-0.095,11.61,12.79,1.22,12.83,Healthy,train
C0207,3,9,6.621,37.24,6.402,7.017,397,12.9,0,1643,1197,3566,2621,3702,4255,5279,5746,5112,5108,4508,3147,23521,1653,1.713,36.04,41.57,25.72,61.77,Subclinical,train
C0694,1,3,4.769,35.61,4.759,6.561,149,20.23,0,1175,857,2500,2041,3013,3573,4690,4370,4220,4362,4197,2640,18905,1355,0.07,14.73,14.17,-1.11,13.61,Healthy,train
C0281,4,12,5.389449868759286,36.96169079293741,5.243301549135008,6.990430483110398,622,13.141961228702224,1,2010,1536,4275,3436,4405,4808,5772,7222,7233,6773,5696,4165,28928,1874,0.5543015491350067,34.62293891207412,40.8860009633196,31.93088508626125,66.55382399833537,Clinical,train
C0035,4,12,6.49072406149497,36.98079600710655,6.307830350918146,7.00315920142131,389,9.876815971573814,1,1989,1428,4147,3459,4707,5115,7048,7271,7307,6771,6044,4155,30922,2070,1.618830350918146,39.48289619708997,42.57264094563752,26.313984689801845,65.79688088689181,Subclinical,train
C0483,3,9,4.001,35.62,3.992,6.537,124,19.32,0,1207,886,2669,2128,2994,3208,4473,4829,4363,4307,3546,2618,18965,1475,-0.697,7.81,8.78,0.71,8.52,Healthy,train
C0570,4,12,5.48,36.77,5.348,6.841,344,12.75,0,1335,948,2781,2266,3203,3595,5128,5035,4847,4639,4282,2722,20332,1435,0.659,21.21,25.08,14.32,35.53,Subclinical,train
C0479,6,18,6.426,37.46,6.187,7.009,346,14.01,0,1630,1206,3488,2679,3881,4378,5770,6877,6084,5880,4790,3323,25641,1749,1.498,39.37,40.13,17.02,56.39,Subclinical,train
C0321,2,6,4.35,35.9,4.317,6.858,167,18.73,0,1052,827,2430,1909,2574,2951,3916,4434,3944,3620,3482,2323,17145,1244,-0.372,9.67,9.85,0.38,10.05,Healthy,train
C0345,1,3,6.744924015703837,37.76792823210847,6.4539392125630695,7.108873418848264,506,8.857721361243133,0,1683,1303,3499,2825,3910,4290,5509,6171,5846,5879,4900,3411,26025,1764,1.7649392125630694,54.47148847984758,55.09358572419251,20.04020292149912,74.51206692839729,Clinical,train
C0491,1,3,5.23,35.35,5.245,6.475,142,21.35,0,1228,1031,2679,2399,3075,3523,4308,5006,5051,4650,4141,2700,20513,1489,0.556,15.83,16.2,-0.95,14.88,Healthy,train
C0257,1,3,4.309,35.2,4.334,6.773,174,23.03,0,1287,913,2946,2252,3076,3569,4729,5178,4510,4466,3964,2713,19767,1435,-0.355,10.09,9.76,-0.66,9.43,Healthy,train
C0173,3,9,5.939,36.55,5.821,6.871,310,12.27,0,1320,1056,3019,2358,3591,3995,5466,5535,5139,4676,4707,2917,22905,1604,1.132,25.11,26.49,14.75,39.87,Subclinical,train
C0768,2,6,4.955,35.66,4.94,6.774,132,21.25,0,1147,880,2538,2033,2593,3044,4246,4264,3919,3784,3307,2252,17225,1335,0.251,16.76,15.76,-2.74,14.02,Healthy,train
C0771,1,3,6.748786871186438,37.50212125552648,6.491654292716033,6.916286942805142,449,11.534725526637098,0,1610,1218,3355,3042,4267,4531,6257,6699,5900,5453,5151,3743,25632,1787,1.802654292716033,47.42390139036135,47.275586928601214,22.64030242262918,70.06663752375532,Subclinical,train
C0083,5,15,4.658,35.84,4.628,6.784,114,17.13,0,1104,804,2214,1787,2511,3002,3847,4555,4241,3697,3534,2243,17222,1264,-0.061,10.75,11.24,3.2,13.94,Healthy,train
C0604,3,9,4.839,36.06,4.788,6.712,170,18.71,0,1209,928,2727,2130,2674,3254,4504,4573,4465,3983,3566,2612,18741,1407,0.099,14.24,15.81,3.14,17.38,Healthy,train
C0403,4,12,4.983,35.61,4.973,6.766,113,23.62,0,1169,903,2566,2164,2800,3587,4454,4522,4259,3867,3356,2346,19259,1432,0.284,13.53,11.79,-3.97,9.56,Healthy,train
C0618,4,12,5.523,36.15,5.455,6.506,159,19.31,0,1343,1099,3088,2507,3022,3600,4834,5037,4362,4243,4044,2579,20340,1392,0.766,22.46,22.46,0.0,22.46,Healthy,train
C0370,6,18,5.912223305311412,36.83058252101644,5.763184470576983,6.895320392147485,330,14.49223282957642,0,1574,1180,3241,2752,3811,4210,5210,5807,5435,5305,4663,3230,24300,1754,1.074184470576982,29.19737826423505,29.75999988823115,14.94699047573499,44.14436873997004,Subclinical,train
C0545,6,18,6.365,37.41,6.134,6.965,391,14.53,1,1906,1373,4201,3428,4529,5425,6967,7801,7331,6691,6725,4091,30702,2070,1.445,41.03,44.5,26.03,67.06,Subclinical,train
C0222,6,18,4.88,34.23,4.998,6.689,128,15.05,0,1233,926,2598,2154,3326,3540,4859,4883,4354,4433,3991,2542,19605,1478,0.309,10.43,10.43,0.0,10.43,Healthy,train
C0184,2,6,5.735,36.68,5.606,6.816,299,16.91,0,1413,1159,3282,2613,3534,3851,5429,6030,5362,5157,4838,3010,24084,1595,0.917,16.74,20.22,16.78,33.52,Subclinical,train
C0231,2,6,5.069,35.63,5.056,6.637,86,18.7,0,1147,929,2682,1996,2614,3156,3951,4515,3745,3838,3780,2526,17712,1333,0.367,17.54,14.42,-4.31,13.23,Healthy,train
C0215,2,6,4.738,35.3,4.756,6.589,211,17.46,0,1195,919,2519,2134,2904,3164,4297,4987,4064,3955,3633,2484,18794,1388,0.067,11.43,13.46,2.32,13.75,Healthy,train
C0787,5,15,4.972,35.56,4.966,6.555,87,15.92,0,1059,829,2196,1951,2686,3183,4154,4280,3670,3644,3167,2120,17253,1299,0.277,10.83,11.99,3.52,14.35,Healthy,train
C0270,3,9,4.446,36.73,4.342,6.719,185,25.09,0,1249,910,2654,2081,3122,3583,4389,5007,5081,4654,4248,2886,20912,1549,-0.347,13.0,13.0,0.0,13.0,Healthy,train
C0426,2,6,4.382,35.04,4.42,6.554,122,17.22,0,964,773,2145,1679,2451,2725,3734,4101,3860,3615,3174,2133,15689,1211,-0.269,5.93,8.16,0.86,6.8,Healthy,train
C0611,3,9,4.917,35.91,4.879,6.696,195,20.34,0,1272,1067,2984,2360,3173,3763,4752,4862,4846,4478,4766,3046,21456,1605,0.19,14.78,15.66,1.75,16.53,Healthy,train
C0379,4,12,4.32,35.7,4.304,6.383,155,19.73,0,1220,934,2640,2361,2683,3164,4038,4685,4158,4087,3932,2685,19129,1415,-0.385,8.42,8.63,-1.17,7.25,Healthy,train
C0241,6,18,5.119,35.64,5.105,6.528,109,20.57,0,1066,844,2436,1917,2665,2959,3886,4411,4047,3641,3622,2416,17578,1331,0.416,12.66,14.19,1.8,14.47,Healthy,train
C0519,1,3,4.604,35.79,4.579,6.461,100,16.7,0,1062,781,2399,1757,2495,2726,3533,3756,3605,3286,3075,2130,16181,1219,-0.11,7.27,9.51,4.5,11.78,Healthy,train
C0720,2,6,5.074,35.59,5.065,6.729,183,14.61,0,1340,1010,2942,2310,3201,3694,4656,4981,4838,4363,3831,2637,20721,1466,0.376,18.39,16.81,-1.27,17.12,Healthy,train
C0118,4,12,5.824460690632487,37.51146968400958,5.601883609081169,6.958155961778055,405,12.07449898579971,1,1883,1348,4015,3281,3978,4814,6145,6995,6375,6007,5671,3894,27700,1889,0.9128836090811688,32.690696253579304,38.44958630465357,26.399069918616192,59.089766172195496,Subclinical,train
C0323,1,3,4.715,34.97,4.762,6.826,112,20.87,0,1292,948,2792,2064,3130,3633,4678,5169,4567,4103,3864,2616,19490,1441,0.073,10.6,10.16,-0.19,10.42,Healthy,train
C0361,6,18,5.261,36.42,5.169,6.801,264,17.9,0,1294,1021,2927,2328,3361,3812,4498,5401,4885,4593,4267,2663,21045,1401,0.48,14.56,17.9,10.83,25.39,Healthy,train
C0727,1,3,7.980540257913116,37.430157105372096,7.685743951554933,7.236609702089513,658,6.788037438797729,1,2048,1648,4632,3537,4921,5245,6751,7279,7024,6872,6302,4455,31562,2081,2.996743951554933,82.32074164988457,76.6615409651044,14.046028079098296,96.36676972898286,Clinical,train
C0444,2,6,4.345,35.45,4.349,6.613,192,18.4,0,1274,907,2815,2169,3334,3981,4782,4701,4644,3917,3879,2645,20524,1403,-0.34,9.64,9.91,0.71,10.35,Healthy,train
C0070,5,15,4.886,35.01,4.931,6.673,132,21.07,0,1195,892,2656,2079,3132,3487,4084,5012,4647,4252,3810,2594,20100,1434,0.242,13.5,12.12,-0.42,13.07,Healthy,train
C0415,5,15,5.89780664888897,37.64184585463664,5.658316450325888,7.281270423792711,525,10.058850603843045,1,1871,1454,3900,3468,4579,5143,6611,6765,7363,6303,6027,3917,29433,1966,0.9693164503258872,54.70448188470865,51.9588773801161,15.680636845451533,70.38511873016019,Clinical,train
C0097,6,18,5.601,36.36,5.509,6.896,231,15.06,0,1516,1149,3073,2513,3377,4223,5124,6333,5551,4770,4534,2976,23350,1553,0.82,23.39,21.64,2.98,26.37,Healthy,train
C0732,2,6,6.773848295162217,36.392243068727176,6.65961037540795,7.12268395901325,604,14.60556905452114,1,2221,1601,3995,3708,4608,4757,5661,6905,6598,6887,5933,4273,30818,2106,1.9706103754079496,42.59989572950625,49.77291389710103,36.39942362641624,79.00386068535232,Clinical,train
C0587,6,18,4.52,34.66,4.592,6.527,162,23.16,0,1086,813,2428,1785,2615,3087,4231,4620,4037,4029,3334,2243,17168,1281,-0.097,12.51,9.99,-5.88,6.63,Healthy,train
C0410,3,9,4.64,35.57,4.634,6.67,152,19.28,0,1134,812,2286,1975,2841,2933,4218,4658,4379,4115,3542,2393,18099,1332,-0.055,14.08,14.08,0.0,14.08,Healthy,train
C0112,4,12,4.53,35.67,4.515,6.567,113,12.11,0,1104,801,2342,1969,2560,2974,3847,4320,4335,3935,3448,2428,17681,1318,-0.174,9.41,9.41,0.0,9.41,Healthy,train
C0560,3,9,5.967,36.73,5.828,6.951,343,15.31,0,1449,1123,3135,2516,3271,3763,4605,5906,4661,4666,4303,2850,21842,1535,1.139,25.99,28.62,18.02,44.01,Subclinical,train
C0252,3,9,4.399,35.67,4.385,6.747,168,18.56,0,1152,854,2602,2043,2658,3110,4053,4358,3769,4086,3438,2433,18360,1396,-0.304,10.56,10.56,0.0,10.56,Healthy,train
C0426,1,3,4.957,36.01,4.909,6.502,131,24.79,0,1018,768,2114,1720,2345,2825,3683,4180,3956,3493,3253,2205,16490,1231,0.22,17.13,15.29,-3.69,13.43,Healthy,train
C0599,6,18,4.477,34.8,4.537,6.509,154,20.85,0,1151,858,2639,2234,2960,3360,4434,4658,4224,4254,3748,2611,18928,1418,-0.152,11.21,10.4,-2.52,8.7,Healthy,train
C0056,5,15,4.012,35.07,4.045,6.848,156,21.0,0,1187,869,2687,2075,3132,3554,4599,4322,4426,4168,3710,2432,19423,1368,-0.644,4.6,6.55,3.15,7.76,Healthy,train
C0450,5,15,4.563,35.12,4.596,6.726,90,15.33,0,1008,797,2461,1970,2520,3003,4014,3926,3839,3736,3395,2266,17416,1273,-0.093,10.21,10.25,-0.17,10.04,Healthy,train
C0166,3,9,6.216,36.54,6.093,6.946,373,14.57,0,1441,1072,3269,2799,3422,3797,5376,5793,5134,4875,4567,3330,22657,1644,1.404,30.96,33.52,17.93,48.89,Subclinical,train
C0041,2,6,6.669,37.15,6.46,7.009,320,12.64,1,1933,1518,4295,3611,4742,5405,6197,7584,6375,6137,5984,4277,29612,1916,1.771,35.08,40.88,28.18,63.26,Subclinical,train
C0320,6,18,4.949,35.78,4.923,6.853,139,16.42,0,1117,821,2781,2146,2743,3003,4130,4224,4179,3835,3245,2169,17891,1364,0.234,14.38,14.08,2.79,17.17,Healthy,train
C0209,3,9,4.462,35.81,4.436,6.688,213,20.79,0,1283,938,3062,2257,3406,3849,4936,4637,4383,4436,4069,2680,20793,1492,-0.253,14.28,13.92,-0.72,13.57,Healthy,train
C0225,2,6,4.782,34.38,4.884,6.761,138,22.03,0,1175,984,2621,2218,3229,3485,4727,4623,4416,4008,3643,2660,19601,1404,0.195,12.3,11.12,-1.29,11.01,Healthy,train
C0403,6,18,5.183,36.48,5.086,6.782,283,15.36,0,1298,969,2779,2353,3290,3599,4969,5650,4891,4558,3907,2582,21539,1511,0.397,13.94,16.75,11.55,25.49,Healthy,train
C0785,1,3,6.57832808030236,38.11522020174146,6.252284039954069,6.970931717167735,433,6.5061899011003845,1,2157,1649,4658,3803,4629,5125,6978,7324,7346,6651,5549,3947,30560,1965,1.5632840399540688,60.135388265880685,54.33939473974161,9.63921940975609,69.77460767563679,Subclinical,train
C0633,4,12,4.934,36.17,4.871,6.695,188,19.08,0,1273,941,2680,2102,2852,3329,4584,4747,4467,4421,3983,2861,18963,1438,0.182,15.46,15.97,1.02,16.48,Healthy,train
C0298,1,3,5.018,34.99,5.067,6.581,171,18.97,0,1241,1022,2633,2211,2987,3258,4510,4565,4358,3806,3939,2463,18882,1369,0.378,14.3,14.35,0.13,14.43,Healthy,train
C0277,6,18,6.963493297681613,39.1690449384559,6.480339920889088,7.090860972753365,622,11.134932976816131,0,1528,1280,4119,3397,3849,4118,5401,7334,7080,6926,5559,3423,27969,1983,1.7913399208890877,60.14156427641111,62.70329567100898,19.55574454290134,79.71223707158299,Clinical,train
C0165,5,15,4.969,35.65,4.955,6.47,144,26.34,0,1332,921,2595,2155,3100,3703,4729,4908,5042,4719,4238,2657,20182,1455,0.266,16.1,14.45,1.92,18.02,Healthy,train
C0381,4,12,4.603,35.03,4.644,6.7,103,17.16,0,1028,819,2147,1841,2740,2892,3976,4168,3979,3515,3467,2220,16523,1295,-0.045,12.56,9.91,-3.75,8.81,Healthy,train
C0326,2,6,6.769768009468493,37.63023199053151,6.495744810415341,6.990695971594524,678,9.772161136219069,0,1647,1261,3723,3040,4278,4858,6055,6592,5995,5901,5320,3493,26413,1804,1.8067448104153412,61.92091563590102,61.07049644215496,19.449328435550644,81.37024407145167,Clinical,train
C0561,4,12,4.767,35.63,4.755,6.648,147,20.32,0,1215,886,2581,2104,2886,3180,4116,5103,4950,4350,3825,2638,19004,1332,0.066,10.67,11.85,1.06,11.73,Healthy,train
C0614,5,15,4.542,35.19,4.569,6.552,201,22.96,0,1208,912,2613,2117,3018,3376,4552,4935,4314,4470,3527,2599,19046,1404,-0.12,8.63,10.49,2.08,10.7,Healthy,train
C0534,4,12,4.328,36.36,4.257,6.563,149,23.77,0,992,817,2476,2008,3027,3477,4398,5002,5095,4114,3989,2614,19273,1385,-0.432,8.46,10.5,4.32,12.78,Healthy,train
C0568,3,9,7.096,36.67,6.938,7.039,389,13.44,1,1716,1400,3853,3109,4536,5133,7097,7458,6724,6090,5772,3828,30221,1996,2.249,44.56,50.66,33.35,77.91,Clinical,train
C0567,3,9,6.909633007638536,38.23018349618073,6.551626891099178,7.012664908763043,510,8.458191406747039,0,1559,1166,3252,2660,3666,3948,5153,5684,5647,5330,4900,3457,23699,1653,1.8626268910991788,57.55663590335325,57.36015712762637,18.64744423774693,76.20408014110018,Clinical,train
C0571,2,6,4.524,35.85,4.494,6.701,119,20.82,0,1099,905,2182,1924,2791,3139,4157,4237,3960,3712,3462,2400,17534,1307,-0.195,12.69,9.5,-2.71,9.98,Healthy,train
C0360,3,9,5.184,35.63,5.171,6.657,102,19.08,0,1260,958,2654,2233,2805,3115,3960,4904,4293,3900,3849,2505,18802,1305,0.482,14.92,15.12,0.39,15.31,Healthy,train
C0409,4,12,5.873139991294898,36.84981852980291,5.72215554588322,6.916,520,13.178237146656844,0,1586,1203,3473,2718,3595,4251,5344,6451,5736,5164,5226,3527,24711,1732,1.0331555458832196,31.558496389795543,34.832922662313514,23.088308134444663,54.64683044855407,Subclinical,train
C0167,3,9,6.089171288516417,37.36,5.873777514032416,7.015026534672392,434,11.317518284803988,1,1855,1390,4107,3294,4606,5354,7205,7066,6637,6143,6288,3963,29944,1999,1.1847775140324164,40.40462494445216,43.0560078348802,25.263269264164013,65.66789420861618,Subclinical,train
C0025,1,3,4.977,36.2,4.911,6.734,202,19.8,0,1351,1122,3171,2521,3410,3798,4731,5671,5218,5100,4316,2911,23036,1630,0.222,18.17,18.33,0.32,18.49,Healthy,train
C0590,1,3,4.139,35.77,4.118,6.719,89,17.7,0,962,766,2032,1761,2354,2830,3475,3879,3953,3647,3043,1918,16139,1203,-0.571,7.19,7.19,0.0,7.19,Healthy,train
C0039,5,15,5.697045935735345,37.0400577387849,5.529889019845786,6.852308057900629,389,14.191044403979872,0,1420,1127,3003,2618,3420,3737,5226,5336,5185,4729,4398,2850,22132,1517,0.840889019845786,24.11418272177107,28.543657966855346,18.54458178741384,42.66172961062138,Subclinical,train
C0543,3,9,4.026,36.36,3.96,6.67,128,15.06,0,1024,736,2131,1821,2352,2541,3298,3856,3694,3456,3102,2141,15351,1204,-0.729,9.62,8.94,-1.37,8.26,Healthy,train
C0059,2,6,6.16,37.21,5.96,6.85,396,8.1,1,2062,1466,4525,3476,4686,5248,7004,8229,7100,6627,6329,4507,30490,1979,1.271,44.54,45.33,19.46,64.0,Subclinical,train
C0197,3,9,4.929,35.78,4.903,6.59,118,9.23,0,1157,866,2519,2034,2953,3192,4285,4544,4254,3968,3457,2531,18865,1497,0.214,9.64,12.53,3.64,13.28,Healthy,train
C0333,4,12,6.97,37.4,6.718,7.09,510,5.2,1,1959,1473,3938,3375,5080,5419,7138,7520,7000,6534,5918,3974,30184,2109,2.029,65.58,62.25,15.72,81.3,Clinical,train
C0403,3,9,7.83,39.38,7.253,7.13,459,9.3,0,1603,1213,3272,2874,3795,4077,5656,6125,5753,5474,4957,3257,24854,1803,2.564,69.8,68.31,19.29,89.09,Clinical,train
C0329,5,15,4.686,36.92,4.56,6.854,123,23.8,0,1284,922,2535,2189,2951,3524,4325,4522,4234,3822,3558,2590,18877,1384,-0.129,15.0,14.84,-0.29,14.71,Healthy,train
C0568,2,6,5.32,36.6,5.209,6.946,320,15.26,0,1335,1031,2804,2292,3346,3561,5121,4986,4898,4485,4263,2927,20539,1488,0.52,23.08,23.89,7.36,30.43,Subclinical,train
C0137,3,9,5.218,36.0,5.168,6.59,109,16.84,0,1113,818,2322,2029,2774,2941,3877,4811,4413,4134,3770,2427,18037,1348,0.479,15.21,16.07,3.27,18.48,Healthy,train
C0575,2,6,5.929523236623535,37.23778308399902,5.734096537384277,7.030359951141113,473,12.578069129770508,1,1861,1460,3870,3340,4986,5407,7413,7323,7364,6657,5787,3832,30392,2038,1.0450965373842764,35.3190702899707,41.50072696151855,29.624743571953104,64.9457447321533,Subclinical,train
C0218,6,18,4.569,34.94,4.618,6.595,70,23.7,0,949,675,2186,1607,2148,2694,3191,3452,3266,3202,2938,1966,15087,1180,-0.071,7.25,8.41,2.62,9.87,Healthy,train
C0717,1,3,4.458,35.53,4.455,6.497,125,23.01,0,1198,927,2710,2118,3058,3679,4639,4972,4540,4161,4015,2430,19762,1419,-0.234,13.47,12.28,-0.62,12.85,Healthy,train
C0381,2,6,4.47,34.98,4.514,6.674,198,21.28,0,1389,1010,2934,2483,2983,3697,4879,5093,4707,4329,3922,2649,21188,1523,-0.175,11.45,11.45,0.0,11.45,Healthy,train
C0562,4,12,5.523,36.51,5.417,6.901,350,14.97,0,1581,1129,3312,2670,4095,4571,5522,6069,5707,5160,4406,2804,24746,1781,0.728,25.86,26.94,9.25,35.11,Subclinical,train
C0746,2,6,5.428,37.03,5.27,6.876,309,15.0,0,1326,989,2818,2376,2928,3637,4903,5274,4296,4602,4125,2895,20709,1549,0.581,23.13,24.28,8.34,31.47,Subclinical,train
C0083,1,3,4.136,35.53,4.134,6.676,160,15.82,0,1197,945,2680,2213,2834,3199,4137,4989,4886,4468,4247,2713,20077,1413,-0.555,9.13,9.13,0.0,9.13,Healthy,train
C0554,5,15,4.636,35.97,4.595,6.722,110,22.88,0,1037,732,2393,1841,2626,3041,3883,4407,4236,3966,3409,2251,17502,1322,-0.094,11.31,12.13,1.29,12.61,Healthy,train
C0477,5,15,4.547,36.41,4.468,6.824,96,19.3,0,1115,792,2498,2004,2655,3298,4400,4436,4288,3940,3425,2304,18018,1333,-0.221,9.21,9.99,2.27,11.48,Healthy,train
C0424,1,3,4.624,35.39,4.634,6.614,105,22.94,0,1017,763,2165,1774,2342,2689,3834,4069,3816,3533,3158,2356,16329,1215,-0.055,10.9,9.36,-2.52,8.38,Healthy,train
C0494,2,6,5.806,37.18,5.621,7.046,402,13.49,1,1817,1302,3602,3090,4613,5025,6608,6498,6182,5901,5899,3723,28639,1849,0.932,29.95,37.71,28.51,58.47,Subclinical,train
C0223,4,12,6.6282522462320825,38.622590077092,6.235515761592693,7.234632128255508,783,10.556576614886746,1,1923,1611,4334,3637,5201,4657,6282,7224,7190,6721,7283,4472,29806,1894,1.546515761592694,79.35007472253031,72.70817917003767,12.10918181873175,91.45925654126206,Clinical,train
C0278,2,6,4.667,35.44,4.672,6.719,96,16.19,0,1026,861,2482,1936,2507,2930,3937,4300,4006,3823,3281,2242,17679,1358,-0.017,11.95,11.78,-0.1,11.85,Healthy,train
C0428,3,9,5.984262455685168,37.1407615279656,5.797490914074845,6.937396134603583,367,15.679438744929044,0,1413,1074,3204,2503,3521,4116,5141,6236,5922,5070,4582,3000,24263,1778,1.108490914074845,27.190086130299708,31.00389377012766,22.19603865396417,49.38587094160867,Subclinical,train
C0515,6,18,4.862,35.33,4.878,6.75,159,19.37,0,1170,846,2630,2146,2633,3313,4205,4653,4224,4164,3400,2428,18282,1414,0.189,11.6,12.44,1.67,13.28,Healthy,train
C0335,4,12,6.472,37.56,6.219,6.958,427,12.41,1,1994,1325,3856,3032,4744,5570,7691,6736,7042,6674,6512,3863,31007,2118,1.53,42.68,45.37,26.93,69.61,Subclinical,train
C0225,5,15,5.399,35.4,5.409,6.594,190,15.06,0,1187,928,2911,2152,3054,3347,4486,4972,4424,4228,3842,2642,19435,1458,0.72,19.82,20.52,1.4,21.22,Healthy,train
C0124,1,3,4.247,35.25,4.267,6.659,148,22.84,0,1302,948,2527,2174,3044,3362,4651,4717,4435,3839,3628,2515,19423,1379,-0.422,9.32,6.68,-2.18,7.14,Healthy,train
C0163,4,12,4.762,35.95,4.721,6.368,128,21.12,0,1251,941,2813,2162,3064,3460,4360,4589,4118,3861,3777,2393,18207,1369,0.032,10.91,11.41,1.97,12.88,Healthy,train
C0062,6,18,4.933,35.5,4.933,6.632,137,14.84,0,1275,946,2789,2218,3190,3362,4455,5188,4919,4432,3736,2622,20755,1501,0.244,13.23,13.23,0.0,13.23,Healthy,train
C0011,2,6,4.422,34.52,4.504,6.802,175,14.4,0,1166,856,2463,2215,2766,3248,4083,4851,4519,3969,3808,2531,17920,1351,-0.185,11.72,8.57,-3.62,8.1,Healthy,train
C0147,2,6,5.808749422104743,37.88768753957327,5.545371103813437,7.001413374757539,580,11.708778103297472,1,1843,1375,4044,3427,4555,5323,7090,7667,7183,6719,6422,4383,30317,1999,0.8563711038134365,49.16048189764064,49.39284986532535,24.547677380342083,73.71425492132252,Clinical,train
C0622,2,6,6.88483663861762,37.78601226972117,6.586137394816075,6.96516336138238,410,8.551633613823798,1,2069,1477,4362,3342,4377,4392,5950,7715,7098,6792,6216,3912,30573,2034,1.8971373948160757,60.60633328399005,55.95489513297552,15.072287059353318,75.6678142369071,Clinical,train
C0706,2,6,8.0,38.67,7.518,7.11,632,10.9,1,2275,1635,4691,3843,5833,6239,8223,8987,8100,7691,7282,4527,36056,2376,2.829,83.79,77.67,11.03,94.82,Clinical,train
C0001,2,6,5.491,36.46,5.391,6.941,371,14.66,0,1463,1032,3063,2520,3320,3901,5080,5660,5334,4607,4578,3187,22506,1599,0.702,24.08,26.42,12.24,36.32,Subclinical,train
C0636,1,3,7.08,38.34,6.698,7.09,525,9.2,1,2037,1590,4452,3564,4624,5523,6532,8075,7142,7610,5761,4066,32291,2129,2.009,68.63,65.73,17.88,86.51,Clinical,train
C0106,4,12,5.953,37.13,5.769,6.816,389,15.08,0,1640,1098,3430,2863,3885,4415,5837,6011,5776,5563,4907,3146,25107,1777,1.08,28.85,34.17,23.3,52.14,Subclinical,train
C0032,1,3,3.913,35.86,3.886,6.446,130,22.32,0,1175,839,2561,2049,2612,2881,3916,4437,4153,3828,3437,2169,17293,1329,-0.803,6.77,7.41,1.31,8.08,Healthy,train
C0754,1,3,4.435,36.0,4.393,6.604,80,22.01,0,1052,744,2211,1784,2402,2614,3564,4333,3871,3656,3314,2185,16239,1311,-0.296,4.83,8.06,6.34,11.17,Healthy,train
C0721,3,9,4.048,35.19,4.072,6.517,147,19.53,0,1088,836,2393,1917,2682,3148,3796,4113,4100,3702,3536,2375,17195,1278,-0.617,9.09,8.36,-1.78,7.31,Healthy,train
C0660,3,9,6.199070675522192,37.29756664654048,5.988963932460449,6.9149937273844255,434,10.681585464387195,1,1855,1343,4174,3343,4440,5133,6699,7583,7403,6694,5946,4137,29293,1931,1.2999639324604493,38.57486670691905,42.50292002415143,27.86692316045922,66.44178986737826,Subclinical,train
C0057,4,12,4.555,35.36,4.567,6.645,123,19.33,0,1100,821,2333,1852,2764,2980,3812,4175,3596,3651,3223,2138,16659,1286,-0.122,12.17,11.38,-1.47,10.7,Healthy,train
C0157,4,12,4.92,35.64,4.907,6.662,156,19.17,0,1181,896,2473,2095,2902,3379,4231,5139,4358,4260,3682,2531,18679,1390,0.218,11.52,11.52,0.0,11.52,Healthy,train
C0013,2,6,4.644,36.02,4.598,6.774,141,16.57,0,1233,982,2859,2199,3073,3652,4642,5033,4725,4311,4022,2794,20737,1493,-0.091,12.84,11.58,-2.52,10.32,Healthy,train
C0434,5,15,4.487,35.58,4.48,6.605,122,19.5,0,1144,840,2535,2089,2702,3325,4023,4517,4300,3948,3215,2061,18072,1374,-0.209,9.88,10.65,1.38,11.26,Healthy,train
C0353,5,15,6.3000181590096025,37.27768780744204,6.0908971016788245,7.037798103574547,652,12.114311655728006,1,1888,1493,3946,3185,5021,5278,6984,7827,8145,7436,5719,4152,31825,2097,1.4018971016788242,59.30768646536715,58.28319187746824,19.770055819103693,79.07774228447086,Clinical,train
C0786,5,15,5.658514760704851,36.80375774620418,5.519007774815456,6.804501943703864,298,13.566292675651152,0,1436,1041,3055,2377,3540,3885,5081,5603,4955,4851,4074,2772,21972,1596,0.8300077748154554,23.393757746204173,25.35150225233304,12.869603942192317,36.2677056320516,Subclinical,train
C0372,1,3,5.712901654088993,37.02072545818668,5.547508270444967,6.851,319,15.033369290009956,0,1295,1011,2952,2446,3531,4046,5288,5244,4887,4722,4371,3191,21660,1611,0.8585082704449668,23.955735345761063,26.914026428464325,15.64770676112417,39.60208378253596,Subclinical,train
C0346,5,15,6.558992115927811,36.87974256526264,6.385637660429356,7.142596041932023,604,11.49516827132865,0,1628,1307,3920,3193,4265,4985,6087,6036,6039,5602,5607,3577,27579,1829,1.6966376604293565,52.43990184989471,52.414614515889085,22.26796036588061,74.72140677075987,Subclinical,train
C0110,4,12,3.968,35.66,3.956,6.675,181,17.21,0,1111,862,2424,1981,2665,2889,4012,4315,4291,3614,3648,2392,17139,1275,-0.733,8.02,8.02,0.0,8.02,Healthy,train
C0206,6,18,6.87892791072406,37.5399361460879,6.61237909530367,7.194511845796102,640,9.766240973919356,0,1883,1433,4100,3428,4537,5218,6814,6786,6686,6245,5909,3916,29501,1967,1.9233790953036696,68.41047890434072,64.96030076983413,15.999215253328495,84.40969415766922,Clinical,train
C0339,4,12,4.967,35.24,4.992,6.693,114,21.57,0,1150,890,2573,2158,2736,3236,4128,4453,4081,3512,3542,2551,17578,1424,0.303,14.63,14.66,-0.4,14.23,Healthy,train
C0079,3,9,5.432,36.74,5.304,6.886,342,13.96,0,1479,1058,3059,2446,3202,3728,4700,4712,4881,4636,4172,2776,20481,1461,0.615,23.82,24.22,8.73,32.55,Subclinical,train
C0337,3,9,4.829,34.75,4.898,6.508,194,20.29,0,1284,1055,2837,2224,3176,3552,4781,5036,4591,4370,3481,2550,20590,1476,0.209,14.33,12.83,-2.45,11.88,Healthy,train
C0303,6,18,4.643,35.67,4.628,6.533,79,18.18,0,992,779,2190,1816,2587,3022,3850,4206,3526,3608,3059,2189,16329,1304,-0.061,11.77,10.94,-0.97,10.8,Healthy,train
C0041,4,12,7.48,37.93,7.135,7.13,817,7.0,0,1651,1313,3900,3058,4240,4702,5598,6606,6279,5855,5605,4024,27856,1853,2.446,77.53,76.62,14.88,92.41,Clinical,train
C0761,1,3,4.622,35.25,4.644,6.779,250,18.76,0,1232,922,2738,2123,3159,3605,4816,5137,4695,4347,3674,2239,20634,1485,-0.045,16.33,14.83,-2.76,13.57,Healthy,train
C0697,4,12,6.288196126746918,37.26902609280472,6.074134448474805,7.016764505822149,419,13.784512411502243,0,1686,1265,3582,2661,3944,4443,6213,6313,6374,5714,4864,3329,26581,1781,1.3851344484748052,39.61057058920802,39.639744151153714,17.22886644038536,56.83943702959338,Subclinical,train
C0143,2,6,4.645,35.48,4.647,6.52,152,24.1,0,1158,875,2517,2049,2940,3388,4286,4791,4513,4156,3924,2560,19522,1419,-0.042,10.55,10.55,0.0,10.55,Healthy,train
C0281,5,15,4.826,35.45,4.831,6.551,223,18.82,0,1218,957,2560,2110,2790,3060,4239,4471,3987,3840,3446,2292,18125,1404,0.142,18.07,16.75,-2.63,15.43,Healthy,train
C0711,4,12,6.335,38.04,6.029,6.885,436,9.89,1,1860,1472,4203,3153,4316,4799,6108,6728,6894,6470,5547,3807,28146,1925,1.34,40.06,46.96,30.34,70.4,Clinical,train
C0156,2,6,4.511,34.0,4.64,6.536,187,19.1,0,1191,889,2684,2181,2863,3101,4336,4944,4534,3882,3690,2638,18296,1449,-0.049,10.85,10.08,-1.38,9.48,Healthy,train
C0688,6,18,5.962,37.27,5.761,6.929,460,9.48,0,1441,1042,2954,2319,3368,4185,5313,5297,5367,5007,4660,3122,23128,1621,1.072,35.53,37.53,20.31,55.84,Subclinical,train
C0607,2,6,5.456,36.26,5.377,6.523,150,18.64,0,1395,1043,2747,2352,2962,3349,4438,4741,4568,4336,3622,2399,19038,1437,0.688,22.46,20.91,-3.09,19.37,Healthy,train
C0652,1,3,5.194,35.4,5.204,6.583,197,14.72,0,1252,937,2635,2147,2922,3216,4317,4636,4483,4210,3834,2668,18721,1408,0.515,21.22,20.26,-1.48,19.74,Healthy,train
C0485,4,12,5.173,36.58,5.067,6.813,265,16.18,0,1298,1031,2835,2281,3167,3567,4811,5641,5071,4560,4393,2796,20962,1497,0.378,16.49,18.94,8.18,24.67,Healthy,train
C0774,6,18,4.849,35.04,4.891,6.666,158,23.38,0,1233,889,2847,2058,3154,3588,4522,4601,4519,4168,3840,2675,19692,1398,0.202,8.01,10.28,5.28,13.29,Healthy,train
C0712,5,15,4.669,36.42,4.587,6.75,53,27.19,0,1033,777,2300,1856,2422,2992,3724,4114,4044,3681,3190,2165,16783,1178,-0.102,7.61,9.25,0.35,7.96,Healthy,train
C0059,4,12,4.858,35.66,4.843,6.563,118,18.27,0,1144,860,2562,2120,2845,3311,3967,4680,4441,4124,3466,2392,17907,1358,0.154,11.27,12.26,0.23,11.5,Healthy,train
C0477,3,9,4.405,34.71,4.471,6.653,177,16.52,0,1313,947,2705,2160,2896,3425,4770,5046,4908,4131,4252,2796,20264,1400,-0.218,9.91,9.91,0.0,9.91,Healthy,train
C0792,1,3,4.697,35.02,4.74,6.608,155,15.38,0,1219,891,2656,2054,2954,3257,4370,4917,4575,4466,4121,2579,19167,1389,0.051,13.59,11.74,-2.41,11.17,Healthy,train
C0444,6,18,4.947,35.71,4.927,6.734,109,23.01,0,1177,882,2653,1964,2793,3226,4172,4770,4356,3871,3010,2291,18980,1370,0.238,12.77,12.31,-0.61,12.15,Healthy,train
C0430,1,3,4.98,36.03,4.93,6.627,199,24.25,0,1291,969,2643,2169,2963,3227,4120,4485,4151,4013,3355,2405,18700,1448,0.241,20.99,19.6,-1.14,19.86,Healthy,train
C0004,3,9,4.609,35.42,4.616,6.657,162,19.58,0,1049,784,2328,1821,2603,2836,3892,4110,3862,3623,3330,2276,16653,1237,-0.073,12.65,12.65,0.0,12.65,Healthy,train
C0704,2,6,4.345,35.29,4.362,6.471,164,19.81,0,1254,887,2571,2162,2872,3238,4229,4656,4486,3868,3694,2583,18604,1385,-0.327,8.6,8.6,0.0,8.6,Healthy,train
C0485,3,9,6.63,37.81,6.339,7.29,470,11.1,1,2192,1515,4765,3604,4817,5420,7398,8768,8008,7229,6385,4331,33630,2231,1.65,60.51,57.34,16.25,76.76,Clinical,train
C0745,1,3,6.451,37.92,6.154,7.061,359,13.64,1,2135,1613,4694,3552,4998,5689,8121,8525,8312,7602,6743,4631,33849,2251,1.465,38.97,42.99,28.35,67.32,Subclinical,train
C0418,6,18,4.687,36.17,4.627,6.615,201,22.08,0,1395,1065,3092,2618,3026,3502,5183,5266,4770,4521,4342,2731,20877,1518,-0.062,14.16,14.16,0.0,14.16,Healthy,train
C0111,3,9,6.057977663207699,37.01733790196689,5.8842359479195965,7.038733790196689,365,14.340507938532165,1,1977,1537,4129,3669,4797,5329,7222,7785,7582,7118,6281,4145,31903,2136,1.1952359479195966,31.651527479005104,38.37493160490417,28.40142285304577,60.05295033205087,Subclinical,train
C0074,2,6,5.072,35.32,5.089,6.599,175,18.68,0,1229,841,2373,1975,3067,3267,4586,4820,4431,4128,3968,2435,19627,1461,0.4,15.41,16.73,3.44,18.85,Healthy,train
C0030,3,9,6.514726969432615,38.27684949460112,6.168601878582543,6.908684949460112,470,9.056847071932532,1,1892,1454,4205,3246,4358,4800,6164,6847,6863,6415,5663,3861,28158,1896,1.4796018785825424,48.5141337249388,52.39639251725629,27.049185257365615,75.56331898230442,Clinical,train
C0570,6,18,5.184,36.59,5.077,6.822,243,16.62,0,1394,1053,3029,2430,3467,3720,4822,5253,4857,4540,4496,2836,21327,1530,0.388,18.22,17.57,4.45,22.67,Healthy,train
C0243,2,6,4.906,34.63,4.987,6.679,128,15.92,0,1146,971,2672,2207,2695,3127,4181,4477,4198,3943,3764,2512,17807,1292,0.298,11.01,11.21,-0.29,10.72,Healthy,train
C0692,2,6,6.947651679356159,37.905055649343375,6.630541003531368,6.965959398102178,553,13.22447866599957,0,1656,1233,3737,2772,3927,4110,5303,6432,5999,5798,5253,3432,25454,1787,1.9415410035313685,57.089764945387365,57.53396938100553,22.6739942954838,79.75567803707553,Clinical,train
C0289,6,18,5.646491616803099,36.71466205610744,5.516314261659918,6.981223855128615,328,14.897365607247936,0,1382,1010,3291,2586,3541,3963,5039,5593,5022,4762,4849,2856,23101,1599,0.8273142616599175,19.09168710344628,27.033809859585748,21.4275039240248,40.51563527980888,Subclinical,train
C0148,3,9,4.56,36.5,4.473,6.584,123,21.39,0,1078,803,2245,1850,2603,3038,3795,4324,4136,3694,3316,2183,17660,1312,-0.216,11.44,12.18,2.07,13.5,Healthy,train
C0672,3,9,5.901129386351687,37.29098764467062,5.700086863847368,7.062859622447983,422,14.713127411177052,1,1917,1506,4155,3685,4699,5325,7212,7489,7338,7107,6219,4148,31701,2153,1.0110868638473678,35.705737873694915,39.79192903669348,24.987366020318497,60.69310389401341,Subclinical,train
C0526,3,9,4.666,35.64,4.654,6.729,152,24.23,0,1369,900,2836,2149,2758,3226,4471,4467,4309,3962,3721,2490,18808,1386,-0.035,12.94,12.94,0.0,12.94,Healthy,train
C0450,1,3,4.245,35.54,4.242,6.692,119,21.77,0,1212,873,2469,2063,3151,3474,4738,5056,4426,4459,3975,2553,19704,1412,-0.447,9.3,8.4,-1.79,7.5,Healthy,train
C0272,6,18,5.036,36.16,4.973,6.816,164,23.22,0,1196,915,2622,2217,2830,3244,3980,4766,4456,4440,3522,2431,18776,1381,0.284,14.84,14.84,0.0,14.84,Healthy,train
C0661,1,3,6.27146222239839,37.97947221011066,5.976342779385312,7.043708334984909,531,8.946505621398366,1,1803,1462,4214,3341,4734,5116,6806,6706,6921,6100,5940,4001,28635,1873,1.2873427793853112,55.76801064822956,54.73933864423551,19.904639266549147,75.6726499147787,Clinical,train
C0527,1,3,7.47,37.9,7.129,7.21,500,6.3,1,2134,1543,4521,3781,4944,5357,7097,7996,7708,7445,6740,4272,33757,2270,2.44,71.78,66.72,14.25,86.03,Clinical,train
C0671,6,18,6.842191286679598,37.333504763029445,6.603765146718391,7.146573860038794,543,11.214346500969846,1,1876,1434,4180,3477,4643,5398,6721,7027,6878,6152,5755,3872,29592,2018,1.914765146718392,65.40222088077941,61.358259176390405,16.40986402920296,81.80903708831248,Clinical,train
C0795,6,18,4.64,36.0,4.596,6.694,168,21.63,0,1290,1023,2859,2075,3070,3342,4561,5167,4829,4267,4058,2774,20154,1444,-0.093,14.58,14.9,0.65,15.22,Healthy,train
C0207,6,18,5.062,35.12,5.099,6.553,89,24.98,0,1034,765,2321,1757,2536,2885,3857,4610,4392,4268,3625,2363,17501,1353,0.41,11.18,11.18,0.0,11.18,Healthy,train
C0729,5,15,4.584,35.6,4.575,6.533,213,20.6,0,1207,907,2556,2155,2993,3255,4663,5007,4513,4324,3673,2301,19246,1345,-0.114,13.61,12.33,-1.13,12.48,Healthy,train
C0747,1,3,4.053,35.06,4.087,6.801,144,21.59,0,1178,910,2564,2042,3030,3511,4388,4496,4315,3591,3648,2507,18790,1396,-0.602,9.16,8.19,-3.17,5.98,Healthy,train
C0037,3,9,5.006,35.76,4.981,6.673,146,21.47,0,1397,1014,2982,2315,3213,3391,4417,5097,4705,4430,4259,2884,20440,1399,0.292,14.22,14.22,0.0,14.22,Healthy,train
C0787,2,6,4.508,35.06,4.546,6.753,185,26.68,0,1276,925,2762,2268,2748,3416,4619,4910,4432,4092,3853,2368,19255,1425,-0.143,12.44,10.54,-2.58,9.86,Healthy,train
C0532,5,15,4.506,35.31,4.522,6.725,131,18.58,0,1163,886,2479,2004,2823,3628,4261,4987,4505,4336,3596,2480,19246,1388,-0.167,8.45,9.42,1.62,10.07,Healthy,train
C0051,2,6,4.306,36.35,4.236,6.723,165,22.36,0,1287,927,2639,2235,2960,3159,4415,4653,4377,3976,3747,2413,19550,1349,-0.453,13.46,13.26,0.73,14.19,Healthy,train
C0766,5,15,4.547,35.28,4.566,6.712,221,19.48,0,1339,966,3021,2247,3138,3617,4452,5179,4965,4392,3952,2874,20949,1508,-0.123,12.13,13.73,2.45,14.58,Healthy,train
C0251,5,15,4.763,35.96,4.721,6.713,201,17.01,0,1242,914,2643,2218,2890,3219,4359,4721,4263,4076,3765,2646,19340,1325,0.032,12.39,14.04,3.3,15.69,Healthy,train
C0701,5,15,5.598,36.64,5.477,6.782,243,17.72,0,1397,1013,2787,2423,3186,3774,5028,5271,5124,4888,4311,2932,21288,1549,0.788,19.28,20.57,13.26,32.54,Subclinical,train
C0750,6,18,4.216,35.08,4.25,6.64,146,22.25,0,1196,908,2657,1800,2865,3491,4238,4674,4215,3783,3739,2398,18977,1388,-0.439,7.14,8.2,1.0,8.14,Healthy,train
C0327,5,15,4.104,35.61,4.095,6.689,149,17.69,0,1025,781,2252,1914,2933,3303,4094,4574,4260,3999,3372,2312,17943,1384,-0.594,11.71,9.34,-4.74,6.97,Healthy,train
C0493,3,9,4.696,34.81,4.758,6.878,204,18.7,0,1363,1009,2840,2431,3150,3196,4649,4914,4749,4485,3797,2753,20115,1426,0.069,12.62,12.05,0.12,12.74,Healthy,train
C0765,4,12,6.7,37.74,6.415,6.86,398,10.8,0,1693,1179,3416,2771,3869,4766,6272,5966,5608,5647,4832,3142,25241,1829,1.726,45.93,47.82,17.81,63.74,Subclinical,train
C0290,1,3,4.456,35.56,4.451,6.813,192,19.76,0,1225,912,2612,1956,2855,3233,4570,5238,4764,4336,3585,2542,19857,1424,-0.238,10.61,10.61,0.0,10.61,Healthy,train
C0426,4,12,4.395,35.66,4.382,6.702,195,15.88,0,1191,888,2693,2065,2663,3119,4110,4793,4203,4168,3610,2445,18877,1341,-0.307,10.6,11.37,1.76,12.36,Healthy,train
C0569,5,15,5.299,35.71,5.278,6.684,175,16.53,0,1316,1035,3004,2410,3206,3788,4732,4908,4620,4167,4276,2859,20428,1458,0.589,21.29,22.06,-1.44,19.85,Healthy,train
C0116,6,18,4.636,36.2,4.574,6.589,66,19.01,0,995,741,2355,1784,2369,2793,3324,3687,3446,3316,2990,2043,14899,1279,-0.115,11.74,11.23,-1.21,10.53,Healthy,train
C0004,5,15,5.980067141547341,36.96459127308096,5.813310774707403,7.046,526,13.30298842523203,1,1887,1486,3931,3386,5093,5570,7643,7336,7451,6886,5746,3739,30420,2060,1.1243107747074017,36.07108815734925,43.25676758777946,32.49487800650574,68.565966163855,Subclinical,train
C0596,3,9,6.246085533047738,37.33810347179723,6.027382426165342,6.873827245754284,386,9.329793329253398,1,2039,1470,4482,3412,4687,5232,7006,8208,7172,6759,6418,4385,30696,2001,1.3383824261653423,43.00275833843325,44.756096446348415,21.655693506604507,64.65845184503776,Subclinical,train
C0644,2,6,4.784,34.65,4.861,6.532,174,18.87,0,1191,926,2655,2227,3300,3554,4344,5242,4690,4281,3737,2483,19237,1472,0.172,13.01,12.46,-0.52,12.5,Healthy,train
C0654,4,12,4.604,35.89,4.57,6.825,182,20.69,0,1190,865,2586,2209,2803,3351,4536,4713,4236,4231,3818,2464,18896,1392,-0.119,13.76,13.01,-3.28,10.48,Healthy,train
C0378,6,18,4.544,35.04,4.584,6.643,180,20.05,0,1209,885,2562,2062,2730,2971,4106,4549,3892,3780,3477,2273,18381,1340,-0.105,7.9,9.13,3.08,10.98,Healthy,train
C0442,3,9,5.565952998904376,36.935312306006736,5.413870635467217,6.835775566418243,393,13.950669033314362,0,1417,1118,2982,2662,3469,3763,5276,5264,5201,4701,4459,2761,22168,1542,0.7248706354672172,23.18629054143556,27.189485567742867,16.072199914516673,39.25792937199784,Subclinical,train
C0622,5,15,4.87,35.32,4.887,6.809,179,24.23,0,1204,899,2802,2176,2942,3174,4406,4645,4589,4235,3799,2527,19236,1370,0.198,11.08,12.26,2.35,13.43,Healthy,train
C0739,5,15,4.994,35.46,4.998,6.46,180,17.86,0,1275,986,2685,2213,3125,3536,4247,5174,4211,4490,3593,2594,19178,1398,0.309,16.66,16.66,0.0,16.66,Healthy,train
C0241,4,12,4.998,35.88,4.962,6.538,180,20.93,0,1135,938,2604,2073,3352,3704,4778,5349,4498,4314,4201,2954,19998,1473,0.273,16.11,16.92,1.44,17.55,Healthy,train
C0479,4,12,5.112,36.52,5.013,6.782,213,16.92,0,1263,1009,2833,2191,3376,3479,4648,4782,4754,4596,3939,2591,20174,1524,0.324,16.85,16.79,4.67,21.52,Healthy,train
C0126,2,6,4.752,35.78,4.727,6.673,194,20.8,0,1308,1053,2884,2434,3143,3411,4233,5327,4940,4807,4357,3034,21048,1522,0.038,14.56,14.56,0.0,14.56,Healthy,train
C0414,1,3,6.548744246688478,37.56436013816453,6.2918271858331165,7.157843582239379,510,9.914929046035072,1,1867,1399,4332,3331,5029,5066,7222,7670,7181,7055,5951,4132,31350,2072,1.602827185833117,60.5779174075443,57.92376981223679,18.28080478301142,78.848888068845,Clinical,train
C0178,4,12,4.98,35.88,4.944,6.724,246,18.05,0,1313,948,2859,2292,3044,3571,4588,5006,4563,4073,4397,2709,20208,1482,0.255,16.03,17.0,1.94,17.97,Healthy,train
C0532,1,3,4.931,35.49,4.932,6.566,111,19.99,0,1077,796,2238,1929,2907,3401,4372,4633,3979,3944,3384,2437,17920,1262,0.243,11.88,12.09,0.41,12.29,Healthy,train
C0082,2,6,5.469223120456621,36.55073699809741,5.360428611410256,6.931228323281817,365,14.572054909536355,0,1456,1035,3070,2514,3338,3905,5052,5628,5301,4609,4549,3159,22487,1596,0.6714286114102568,23.45321673621942,25.793216736219424,12.401930642758456,35.855147378977875,Subclinical,train
C0259,5,15,5.293731808011805,36.95038978297422,5.147607024205223,6.860227750417571,405,13.959377412337856,0,1390,1055,3174,2408,3518,3679,4903,5373,5404,4941,4040,2768,22383,1570,0.4586070242052238,24.077766394020355,25.84895303841656,12.221608355575984,36.29937474959634,Subclinical,train
C0559,2,6,5.018,36.33,4.939,6.714,200,18.33,0,1226,860,2642,2082,3046,3400,4583,4324,4073,3838,3366,2306,17930,1382,0.25,21.75,19.59,-3.0,18.75,Healthy,train
C0693,3,9,6.068,37.61,5.825,7.009,472,12.59,1,1962,1531,4222,3479,4815,4967,6736,7373,6813,6929,5651,3872,30315,1965,1.136,35.39,42.17,30.34,65.74,Subclinical,train
C0756,5,15,6.313319825261908,38.30940617157541,5.976047225578177,7.099631130526454,491,10.247953031560892,1,1780,1422,4036,3217,4310,4999,6373,7556,6462,6180,5538,4167,29105,1966,1.2870472255781764,58.65370688107007,55.4001620968571,17.453360349476185,76.09688279580948,Clinical,train
C0238,5,15,4.527,35.79,4.502,6.8,168,20.08,0,1125,930,2553,2100,2911,3097,4537,4829,4329,4238,3723,2530,19055,1438,-0.187,9.28,10.49,2.12,11.4,Healthy,train
C0640,6,18,4.69,35.34,4.704,6.631,54,17.07,0,964,805,2191,1818,2492,2792,3551,3999,3544,3417,2731,1919,16207,1293,0.015,7.67,7.33,-2.13,5.55,Healthy,train
C0675,3,9,4.562,36.15,4.506,6.686,174,19.13,0,1165,868,2720,2007,2906,2955,4140,4256,4164,3696,3505,2436,17617,1342,-0.183,16.51,13.51,-4.03,12.48,Healthy,train
C0674,5,15,4.669,35.68,4.653,6.677,146,15.42,0,1058,824,2530,2018,2791,3229,4108,4478,4121,3956,3567,2327,18589,1343,-0.036,12.79,12.79,0.0,12.79,Healthy,train
C0675,6,18,5.38,37.01,5.226,6.866,283,14.8,0,1358,1071,2971,2375,3441,3932,5283,5457,5123,4811,4125,2958,22603,1553,0.537,21.52,23.98,12.05,33.56,Subclinical,train
C0367,2,6,4.426,34.56,4.505,6.516,77,16.77,0,1043,840,2249,1822,2764,3144,4147,4439,4066,3995,3323,2315,17531,1284,-0.184,8.57,8.05,-1.88,6.69,Healthy,train
C0116,3,9,6.224195785045366,37.23088966943604,6.019233913735482,7.016072201873841,519,12.92787992929067,1,2174,1522,4666,3504,4618,5049,6514,7591,7078,6886,6260,4582,29362,1984,1.3302339137354822,39.86801788580833,47.069537602971,33.528174675622026,73.39619256143035,Clinical,train
C0561,5,15,4.944,35.65,4.93,6.638,180,21.81,0,1265,951,2765,2239,3053,3337,4280,4958,4659,4558,3899,2812,19733,1494,0.241,14.38,14.06,-0.62,13.75,Healthy,train
C0188,3,9,4.478,34.95,4.525,6.634,214,21.7,0,1409,1075,3133,2331,3252,3672,4652,4756,4426,4440,3751,2610,20885,1474,-0.164,10.77,11.25,1.31,12.08,Healthy,train
C0406,1,3,5.465840234147582,36.36873594762027,5.375427840367675,6.781261584940826,279,16.167473720725113,0,1388,966,2786,2305,3268,3716,4792,5383,4965,4621,4066,2796,21495,1468,0.6864278403676755,22.34607440040302,21.873279410728,10.457914269453688,32.80398866985671,Subclinical,train
C0133,6,18,5.829396509264841,36.68902030569544,5.698462130988013,6.904063769105965,312,12.94933451968225,0,1386,1010,3094,2509,3454,3722,5028,5084,5255,4773,4448,3025,21889,1545,1.0094621309880123,22.811552543761973,27.039103673469743,16.196054164462,39.01438120058159,Subclinical,train
C0265,1,3,5.374447502064434,37.24,5.197149529572225,6.903164735721979,323,14.162331643479051,0,1455,1137,3488,2666,3687,4117,5122,5902,5414,5204,4673,3455,23230,1606,0.5081495295722247,25.17493121148386,24.280564811635102,7.878294717613018,33.05195511085152,Subclinical,train
C0265,2,6,4.814,36.38,4.734,6.642,139,19.14,0,1186,960,2618,2041,2956,3288,4444,4972,4243,4277,3785,2498,19587,1444,0.045,12.83,13.82,4.2,17.03,Healthy,train
C0129,3,9,6.378369547835532,38.24936214926504,6.045348169391828,7.1934042056372185,465,8.18865264787594,1,2040,1682,4792,3605,4484,4499,5448,7377,6461,7105,6603,4574,29818,2040,1.3563481693918282,59.30951829335255,54.91093612860537,15.258012462090214,74.56809812304897,Clinical,train
C0618,6,18,5.896825695447925,36.77233505047288,5.753930166910065,6.702097692146506,410,15.688115804711313,0,1490,1141,3381,2575,3854,3945,5617,5792,5790,5386,4638,3248,23646,1635,1.064930166910065,26.077320420290143,29.993172676655085,19.58606119928922,45.66338161957937,Subclinical,train
C0299,6,18,4.277,35.79,4.253,6.667,89,18.86,0,1019,772,2115,1665,2554,2685,3436,3864,3478,3195,3185,2139,15663,1174,-0.436,5.73,6.45,2.39,8.12,Healthy,train
C0478,2,6,4.563,35.09,4.599,6.509,153,21.85,0,1239,911,2749,2028,2854,3276,4237,4269,4199,4086,3982,2381,18409,1374,-0.09,11.3,10.04,-0.09,11.21,Healthy,train
C0097,2,6,5.018,36.04,4.967,6.729,206,18.8,0,1185,976,2816,2242,3062,3518,4638,5620,4891,4610,3930,2664,21434,1588,0.278,11.8,14.02,4.43,16.24,Healthy,train
C0423,2,6,4.48,35.18,4.507,6.57,84,18.19,0,1009,736,2235,1705,2437,2774,3381,3973,3848,3600,3139,2106,15674,1102,-0.182,7.46,8.06,-0.82,6.65,Healthy,train
C0069,1,3,4.589,35.81,4.562,6.71,205,20.88,0,1216,912,2589,2226,2673,2868,4019,4411,4192,4102,3818,2379,17923,1297,-0.127,15.16,13.98,-0.68,14.48,Healthy,train
C0255,1,3,5.243,34.9,5.303,6.573,146,23.49,0,1158,906,2666,2279,2919,3254,4384,4711,4324,4207,3613,2346,19514,1445,0.614,14.63,15.25,0.13,14.75,Healthy,train
C0532,6,18,5.372,35.67,5.355,6.622,147,19.96,0,1276,912,2731,2226,3033,3546,4619,4717,4683,4349,4151,2695,20643,1475,0.666,17.38,19.33,2.61,19.99,Healthy,train
C0278,4,12,4.741,36.4,4.66,6.471,157,21.28,0,1133,827,2340,1973,2723,3154,3545,4620,4151,4024,3629,2407,17610,1280,-0.029,13.7,13.59,-0.23,13.47,Healthy,train
C0406,2,6,4.826,35.75,4.803,6.759,186,16.05,0,1101,849,2450,1978,2866,3285,3971,4559,4389,3835,3450,2263,18239,1347,0.114,14.34,14.64,-1.32,13.03,Healthy,train
C0423,4,12,6.597887342037379,37.74534083529981,6.317316638246276,7.017154936814952,572,9.928619747259807,1,1877,1421,4005,3355,4516,5273,6593,7211,7053,6400,5742,3847,29442,2008,1.6283166382462764,65.9670254957768,61.01278326831061,15.362529595196632,81.32491283781418,Clinical,train
C0015,3,9,6.427012942754565,38.443776199944764,6.067149811338618,7.014315657079732,701,9.324476001104689,1,1945,1510,4333,3607,4890,5789,7288,7931,7008,6590,6613,4465,31734,2109,1.3781498113386184,69.39086014518487,65.8104902016018,16.657681827435177,86.04854197262004,Clinical,train
C0318,4,12,4.949,36.13,4.89,6.72,210,17.37,0,1211,868,2572,2151,2861,3233,4262,4824,4518,4228,3964,2450,19093,1449,0.201,12.32,14.35,4.04,16.37,Healthy,train
C0062,4,12,7.05,37.83,6.738,7.04,582,8.0,1,2267,1552,4665,3876,4731,4823,6044,7416,7015,6926,7333,4741,31564,2044,2.049,71.28,67.39,15.92,87.19,Clinical,train
C0796,3,9,4.703,35.92,4.665,6.658,178,18.55,0,1161,863,2431,2025,2846,3407,4124,5106,4479,4597,3814,2685,19354,1491,-0.024,15.26,15.12,0.55,15.82,Healthy,train
C0265,3,9,4.654,35.95,4.614,6.761,134,16.25,0,1121,908,2374,2133,3050,3487,4660,4767,4241,4234,3669,2329,19626,1424,-0.075,12.57,12.57,0.0,12.57,Healthy,train
C0591,2,6,6.053574316552102,37.40065437792136,5.834959324223259,7.014362765012372,642,12.688557910228216,1,1885,1293,4287,3347,5328,5191,6857,7506,6907,6990,5959,3932,30952,2129,1.1459593242232595,46.50655607093755,52.46157542370084,32.71792933599124,79.22577511506736,Clinical,train
C0192,6,18,4.892,35.37,4.904,6.719,95,21.21,0,1077,796,2264,1862,2607,2812,3925,3885,3773,3199,3267,2182,16168,1265,0.215,11.8,11.46,-1.24,10.56,Healthy,train
C0128,1,3,4.359,35.26,4.379,6.775,161,17.45,0,1101,899,2515,2137,2977,3373,4151,4559,4128,3706,3298,2374,18209,1252,-0.31,9.88,10.22,0.4,10.29,Healthy,train
C0302,2,6,6.174,37.69,5.917,6.929,498,11.14,1,1868,1415,4293,2953,4390,4836,6798,7144,7041,6435,5990,3914,28826,1906,1.228,43.66,48.54,28.79,72.45,Clinical,train
C0678,3,9,6.077185798607841,37.49043246032494,5.847142552575346,6.960567539675064,591,12.25554725197198,1,1954,1477,4215,3468,4791,5048,6745,7247,7236,6569,5983,3795,30870,2032,1.158142552575347,41.96998406681181,49.52957292621259,31.396946071462214,73.36693013827403,Clinical,train
C0456,4,12,5.519,36.47,5.417,6.866,357,15.41,0,1358,1016,3212,2386,3462,3861,5395,5474,5642,5057,4335,2954,22242,1547,0.728,20.79,25.73,15.63,36.41,Subclinical,train
C0498,4,12,5.138,35.49,5.139,6.709,180,27.71,0,1352,1059,2987,2448,3334,3539,4882,5023,4641,4739,3896,2782,20944,1465,0.45,13.56,14.78,3.13,16.69,Healthy,train
C0275,2,6,4.915,35.97,4.871,6.849,131,17.2,0,1142,851,2400,2070,2960,3134,3808,4705,4259,3799,3376,2194,18887,1286,0.182,17.17,14.97,-3.81,13.36,Healthy,train
C0489,3,9,4.997,35.41,5.006,6.649,153,19.8,0,1276,983,2997,2144,3148,3636,4380,4843,4687,4500,3770,2600,20226,1499,0.317,12.83,13.12,0.67,13.51,Healthy,train
C0159,1,3,5.664680163358067,38.08269140918248,5.385026712024427,6.982223449969401,433,9.676305078093112,0,1655,1209,3404,2606,3699,4246,5662,5815,5276,5340,4714,3197,23908,1627,0.6960267120244271,33.493446644163114,34.243148318670954,15.81332574516777,49.30677238933088,Subclinical,train
C0249,6,18,5.802681693467055,37.44385376541458,5.588862562110572,7.0073496427186415,466,13.142292469170838,1,1838,1481,3828,3237,4707,5309,7105,7410,7116,6233,5820,3918,30062,2033,0.8998625621105725,37.06242991132553,40.080021995294366,24.47502474470616,61.53600880664828,Subclinical,train
C0359,4,12,6.461262771249967,38.84151614101982,6.047739681881536,7.226939109046057,849,10.46121781907886,1,1889,1628,4378,3634,5211,4594,6227,7324,7093,6617,7500,4476,29675,1856,1.358739681881537,80.30132814427715,73.68217408032963,12.502317124901191,92.80364526917836,Clinical,train
C0765,6,18,7.045011312649287,37.35552837761231,6.796328339216673,7.032154595820303,411,11.94814676089352,0,1639,1401,3569,2745,3829,4924,6544,6638,5939,6053,5271,3383,27386,1862,2.1073283392166737,46.9435436635095,48.602336325917065,21.331442385395896,68.27498604890539,Subclinical,train
C0602,3,9,5.665,36.55,5.552,6.782,293,20.38,0,1394,1010,2777,2359,3126,3756,4992,5508,5019,4881,4160,2891,21965,1619,0.863,14.92,20.26,18.38,33.3,Subclinical,train
C0023,4,12,5.105,35.67,5.089,6.541,117,19.42,0,1110,822,2510,1945,2733,3180,3814,4956,4443,3702,3720,2496,18465,1407,0.4,13.19,13.08,-0.23,12.96,Healthy,train
C0773,4,12,4.658,35.7,4.64,6.757,186,26.54,0,1321,972,2814,2232,3095,3332,4550,4939,4376,4197,3725,2512,20476,1446,-0.049,11.71,12.73,1.27,12.98,Healthy,train
C0340,1,3,4.38,36.07,4.333,6.687,112,17.84,0,1052,816,2487,1909,2852,3157,4066,4617,4057,3619,3501,2272,17448,1315,-0.356,9.42,9.58,0.87,10.29,Healthy,train
C0402,4,12,6.282762310379539,39.41912902876351,5.81256287906191,7.0431786729789945,831,12.534106635105026,1,1879,1429,3896,3365,4265,4865,6225,6832,6854,7034,6255,4081,29188,1938,1.1235628790619103,80.83497370202056,73.40995533533548,10.08568163188282,90.9206553339034,Clinical,train
C0669,5,15,4.243,35.26,4.262,6.738,157,17.97,0,1036,857,2380,2030,2589,2908,3933,4295,3909,3758,3160,2395,16903,1188,-0.427,12.08,10.66,-1.9,10.18,Healthy,train
C0203,3,9,6.2767304151747245,37.74345143951697,6.007717821986987,6.969792742699555,557,11.526729992994152,1,1962,1525,4179,3535,4773,5291,6863,7062,7244,6343,6097,3937,30803,1998,1.3187178219869875,44.12121236461127,51.18981002101754,32.025137670417976,76.14635003502924,Clinical,train
C0394,2,6,4.477,35.94,4.44,6.685,187,18.63,0,1249,921,2427,2024,3038,3222,4076,4263,4253,3910,3773,2486,18708,1428,-0.249,13.82,12.14,-1.25,12.56,Healthy,train
C0730,4,12,4.374,35.66,4.361,6.683,108,21.65,0,1082,839,2538,2137,3209,3554,4735,4564,4716,4158,3959,2589,19734,1483,-0.328,7.5,9.24,3.41,10.92,Healthy,train
C0187,4,12,4.396,36.05,4.35,6.751,150,22.86,0,1185,923,2890,2245,2797,3119,3997,4685,4594,4456,4052,2515,18914,1419,-0.339,10.75,10.28,0.53,11.28,Healthy,train
C0049,3,9,6.062,37.4,5.843,6.87,551,14.16,1,2114,1531,4728,3836,4554,5076,6124,7007,6899,7313,7244,4785,30531,1989,1.154,46.19,48.31,25.0,71.19,Clinical,train
C0290,4,12,5.685,36.93,5.531,6.801,321,13.03,0,1299,979,2852,2299,3457,3808,4535,5239,4935,4570,4305,2945,21546,1528,0.842,21.45,26.68,16.78,38.23,Subclinical,train
C0573,5,15,6.051294916131569,36.808702742344,5.906480238653854,7.025552651095272,476,14.700218487238114,1,2241,1528,4843,3552,4627,5020,6437,7596,7171,7004,6300,4733,29277,1994,1.217480238653854,28.582985825933797,40.08632904753832,40.03852366939102,68.61834184677102,Clinical,train
C0216,4,12,4.359,36.05,4.313,6.552,126,24.52,0,1038,795,2278,1918,2770,3239,4026,4248,3990,3757,3345,2088,17273,1222,-0.376,8.3,9.73,3.12,11.42,Healthy,train
C0267,1,3,5.611427045687781,37.24643121454736,5.42970551307001,6.89415682232607,530,14.639882430104777,1,1926,1503,4397,3405,4643,5132,6769,7849,6908,7161,5777,3756,30456,2130,0.740705513070009,32.48163941962735,40.41340671600192,35.19808187801325,67.66591737239752,Clinical,train
C0614,3,9,5.956,37.85,5.69,6.863,401,11.39,1,1885,1381,4344,3165,4503,5174,6356,7979,7092,6826,6157,4320,29543,1895,1.001,37.47,41.84,27.23,64.7,Subclinical,train
C0723,2,6,4.772,35.56,4.767,6.764,112,23.89,0,1070,816,2312,1800,2675,2961,3833,4375,4201,3666,3568,2235,16885,1275,0.078,11.39,11.39,0.0,11.39,Healthy,train
C0482,5,15,5.653,36.76,5.518,6.755,272,15.35,0,1284,1029,2883,2267,3372,3875,5488,5399,4969,4610,4215,2792,22307,1639,0.829,24.24,25.72,9.55,33.79,Subclinical,train
C0651,1,3,4.284,35.58,4.277,6.54,227,20.69,0,1264,922,2717,2173,3214,3504,4632,4902,4423,4370,3813,2558,19381,1437,-0.412,11.34,11.34,-0.44,10.9,Healthy,train
C0308,6,18,7.447526618147806,37.78536028336344,7.125053888311786,7.1429966341833415,383,9.22619521736616,1,2139,1696,4553,3830,4697,4933,6260,6523,7001,6621,6605,4646,29321,1870,2.4360538883117866,64.41370416058669,60.592444710741965,17.315137716520898,81.7288418771076,Clinical,train
C0340,4,12,5.264,35.4,5.274,6.615,218,17.81,0,1390,1055,2946,2437,3259,3628,4514,4674,4708,4192,4162,2679,19790,1512,0.585,15.61,17.4,4.1,19.71,Healthy,train
C0219,5,15,5.710799469203697,36.75094111834576,5.575085304289491,6.874267374395069,281,16.320676891993184,0,1367,1043,2895,2376,3468,3804,4964,5973,5530,5074,4191,2871,22515,1630,0.8860853042894906,23.86022923053196,25.713456795204355,12.394529440827116,36.25475867135908,Subclinical,train
C0481,6,18,6.185282107995823,37.49675186668656,5.9505812823270166,6.9482649626662685,412,11.61290522672237,1,1785,1343,4105,3415,4750,5257,7181,6960,6653,6233,6090,3988,30000,1947,1.261581282327017,40.92042863323884,43.624018883201536,24.231797099835877,65.14880693640755,Subclinical,train
C0398,6,18,6.41,37.82,6.127,7.18,705,11.5,1,2073,1593,4388,3540,4977,5564,7123,7802,7046,6916,6133,4244,31140,2067,1.438,67.34,64.12,18.0,85.34,Clinical,train
C0104,3,9,4.777,35.98,4.733,6.705,105,22.61,0,1152,833,2269,1840,2489,2808,3763,3986,3940,3765,3074,2139,16332,1245,0.044,10.35,10.66,-2.66,7.69,Healthy,train
C0099,1,3,6.692806846118146,38.33361440273601,6.327901113934992,7.025229452669588,514,8.736890685084795,1,1881,1404,4153,3352,4592,4981,6425,7146,6760,6223,5982,3940,28401,1852,1.6389011139349914,57.38630452281798,57.95648214774731,24.82615760433296,82.21246212715094,Clinical,train
C0669,4,12,5.295,35.57,5.288,6.613,92,19.31,0,1196,916,2619,2249,2770,3041,4114,4584,4236,3860,3478,2499,17954,1437,0.599,13.23,15.0,1.01,14.24,Healthy,train
C0079,2,6,4.818,35.61,4.808,6.519,128,21.16,0,1131,763,2349,1803,2686,3005,3987,4275,3684,3791,3285,2271,17051,1260,0.119,12.34,12.34,0.0,12.34,Healthy,train
C0459,2,6,4.927,35.93,4.887,6.692,162,24.47,0,1253,933,2617,2000,2754,3254,4492,4493,4060,4128,3696,2356,18328,1388,0.198,15.32,15.32,0.0,15.32,Healthy,train
C0361,1,3,4.74,34.89,4.795,6.703,175,18.29,0,1193,863,2494,2099,2786,3306,4321,4754,4179,3744,3814,2553,18004,1413,0.106,10.66,10.35,0.81,11.48,Healthy,train
C0387,2,6,5.481,36.86,5.339,6.891,346,14.47,0,1564,1245,3352,2825,3597,4499,5838,6046,5871,5736,4816,3117,24081,1582,0.65,21.71,24.84,12.62,34.33,Subclinical,train
C0542,1,3,4.444,35.69,4.428,6.599,173,23.83,0,1114,792,2557,2000,2835,3169,4176,4986,4322,4247,3478,2525,18734,1348,-0.261,10.87,11.73,2.21,13.08,Healthy,train
C0725,5,15,4.492,35.46,4.495,6.807,111,14.68,0,1140,878,2569,1976,2836,3159,4157,4635,4318,3752,3184,2370,18344,1297,-0.194,10.1,9.79,-0.6,9.5,Healthy,train
C0676,4,12,5.903,36.89,5.747,6.77,382,13.5,0,1471,1094,3155,2547,3783,3921,5331,5813,5408,4948,4703,3072,23279,1608,1.058,31.57,31.25,15.49,47.07,Subclinical,train
C0111,6,18,6.0,37.67,5.753,7.14,595,9.9,1,2327,1717,4585,4036,5191,5988,7489,8816,7983,7823,6607,4448,35177,2252,1.064,61.39,57.69,17.03,78.41,Clinical,train
C0588,1,3,6.607,37.16,6.399,7.09,458,12.3,1,1991,1463,4581,3497,4701,4877,6145,6952,6893,6486,5941,4064,29591,2009,1.71,44.01,48.7,32.08,76.09,Clinical,train
C0786,2,6,5.197,36.61,5.087,6.798,282,17.1,0,1333,992,2936,2306,3256,3765,4378,5263,4874,4774,4224,2659,21568,1531,0.398,17.24,18.48,8.45,25.69,Healthy,train
C0599,3,9,4.559,35.45,4.563,6.677,156,19.97,0,1126,842,2441,1970,2907,2948,4120,4133,4150,3820,3745,2290,17473,1304,-0.126,12.65,12.36,-0.58,12.07,Healthy,train
C0779,5,15,6.196,37.81,5.924,6.899,500,10.44,1,1942,1317,3944,3345,4345,5279,6668,7290,6972,6556,5701,4249,29678,1968,1.235,43.27,48.82,32.44,75.71,Clinical,train
C0150,6,18,5.335,37.11,5.172,6.871,331,14.03,0,1415,1057,3114,2482,3452,3932,4886,5431,5103,4627,4373,2987,22373,1584,0.483,19.59,21.93,13.4,32.99,Subclinical,train
C0582,3,9,6.391913954425164,36.55941119497105,6.263333235870987,6.947213199685691,373,14.548162405657566,0,1435,1081,3318,2866,3446,3771,5447,5825,5085,4940,4564,3364,22693,1654,1.5743332358709867,32.62936276751053,35.242743553680924,19.31062124231612,51.939984009826645,Subclinical,train
C0415,1,3,6.137775743549294,37.81611212822536,5.868206564802001,7.126987744731142,492,9.361121282253531,1,1811,1462,3983,3166,4822,5307,7367,7210,7185,6060,5918,3994,29962,1983,1.179206564802001,53.2908218130779,52.70716185936523,18.52182166338405,71.80339654027917,Clinical,train
C0291,6,18,4.452,36.75,4.346,6.587,229,16.81,0,1311,970,2733,2306,3421,3922,4877,5288,5036,4803,4334,2951,21237,1493,-0.343,15.26,15.33,-1.46,13.8,Healthy,train
C0787,4,12,4.481,35.2,4.507,6.518,230,19.54,0,1399,1049,3051,2507,3002,3560,4550,5393,5167,4871,4089,2707,21248,1424,-0.182,12.82,12.82,0.0,12.82,Healthy,train
C0219,4,12,5.595412096455318,36.69115553213037,5.468296543242281,6.826653226160758,397,17.657690077740575,0,1607,1126,3184,2553,3575,3844,5018,5698,5572,5210,4771,3128,23040,1601,0.7792965432422809,24.00040093117464,27.774422804935472,17.510003426003937,41.52316818201275,Subclinical,train
C0781,6,18,4.854,35.89,4.818,6.605,142,17.01,0,1129,821,2383,2027,2696,2944,4054,4279,4003,3835,3529,2267,17318,1335,0.129,13.04,12.43,-1.71,11.32,Healthy,train
C0284,6,18,7.346081005576284,35.62664832158979,7.298545086492737,6.749375701404666,360,14.469631610979835,1,1945,1539,3867,3441,3952,4168,5510,6340,6240,6266,5645,3906,28454,1914,2.6095450864927363,33.2572198400607,45.07022137194262,41.99847094705616,75.25569078711688,Clinical,train
C0245,3,9,4.185,35.58,4.179,6.587,164,21.38,0,1215,931,2793,2089,2603,3094,4103,4693,4170,4006,3466,2359,18727,1299,-0.51,8.53,8.0,-1.05,7.47,Healthy,train
C0682,3,9,6.683654517924688,37.66428876431226,6.409424757304032,7.113851196896719,553,10.184464093098438,1,1875,1452,4128,3390,4664,5328,6853,7154,6920,6191,5855,3935,29669,1998,1.7204247573040314,64.82147120814625,61.02177614714734,16.198489109681564,81.01803471937946,Clinical,train
C0078,4,12,6.094782212568884,37.31995160279308,5.883795118490727,7.009487900698272,473,12.605185522626508,1,1953,1473,4357,3484,5156,5772,7763,8136,7241,6869,6530,4379,32240,2113,1.194795118490727,39.31694186504868,43.50039419914194,28.59480745588688,67.91675738713671,Subclinical,train
C0779,1,3,4.828,35.91,4.79,6.724,196,17.73,0,1239,882,2778,2143,3056,3390,4579,4858,4234,4284,3625,2558,19137,1377,0.101,9.94,12.25,4.62,14.55,Healthy,train
C0142,2,6,5.501,37.09,5.335,6.916,322,13.82,0,1563,1086,3180,2544,3555,3918,4994,5724,5854,5459,4681,3198,23516,1682,0.646,24.42,27.68,12.94,37.36,Subclinical,train
C0770,5,15,4.681,35.7,4.663,6.798,149,17.46,0,1152,791,2328,1934,2600,2948,3875,4110,4109,3510,3526,2336,17559,1328,-0.026,7.58,9.14,3.85,11.43,Healthy,train
C0356,6,18,7.34,38.82,6.877,7.13,635,8.4,1,1965,1405,4376,3484,4490,5061,5566,7484,7021,7120,6169,4243,29908,1993,2.188,78.13,72.96,13.06,91.18,Clinical,train
C0073,6,18,6.353164477059551,38.06409938837036,6.046877457183032,7.118172362383331,359,10.514257094845982,0,1652,1255,3350,2738,3638,4242,5682,5885,5636,5128,5110,3589,24062,1720,1.3578774571830323,40.10033798156434,41.08410691124139,15.092291896051886,55.18008888373252,Subclinical,train
C0775,6,18,5.956868880420945,37.709221837522,5.705552998012981,7.045715624313215,259,9.239416039744064,1,2031,1504,4565,3706,4707,5285,7427,7792,7565,6761,6119,4246,32560,2143,1.0165529980129808,37.42877300058301,36.45402933489294,12.502221774406005,49.93099477498902,Subclinical,train
C0067,1,3,4.589,35.74,4.568,6.527,128,17.36,0,1107,929,2815,2070,2965,3238,4268,4863,4380,3963,3405,2321,19264,1393,-0.121,10.7,10.13,-2.59,8.11,Healthy,train
C0785,5,15,6.465535253040607,37.89355662654385,6.171501759059029,7.207399843387584,719,11.340014337267124,1,2107,1645,4405,3575,4918,5635,7164,7852,7065,6900,6165,4297,31166,2056,1.4825017590590297,70.88175156808641,66.15384072393748,15.594698312016083,86.47644988010249,Clinical,train
C0116,5,15,6.01475573205572,37.09533973546852,5.831938771866704,7.049274559716475,499,12.580404266631664,1,1893,1464,3876,3380,4971,5491,7501,7331,7361,6751,5772,3842,30436,2059,1.1429387718667037,35.828130125702664,43.01156051068634,32.35218342578305,68.17990928485406,Subclinical,train
C0701,2,6,3.838,35.79,3.817,6.415,144,22.57,0,1227,900,2601,2061,2775,3235,3973,4685,4278,4050,3630,2301,18484,1390,-0.872,7.05,7.22,0.34,7.39,Healthy,train
C0495,1,3,5.710786442491292,36.64718453763829,5.586262162399611,6.860485467711022,270,16.942718654947754,0,1368,1043,2841,2378,3528,3805,4902,6027,5511,5028,4137,2857,22483,1648,0.8972621623996104,22.44330262895921,24.867476748181712,12.596503979750574,35.03980660870978,Subclinical,train
C0056,2,6,5.718,36.95,5.56,6.961,339,12.53,0,1418,1040,3117,2426,3300,3923,5257,5141,4827,4800,4349,2967,21464,1536,0.871,25.87,27.96,12.73,38.59,Subclinical,train
C0419,5,15,4.442,36.05,4.396,6.65,144,18.91,0,1149,873,2646,1999,2607,3104,4014,4338,4462,3824,3241,2391,18177,1297,-0.293,12.2,12.2,0.0,12.2,Healthy,train
C0380,4,12,5.276,36.92,5.134,6.816,360,15.93,0,1328,1093,2822,2440,3671,4199,5319,5676,5468,5059,4365,2942,23183,1637,0.445,19.53,22.28,15.3,34.83,Subclinical,train
C0692,3,9,5.334617134173553,36.557831375973805,5.226965026373225,6.765774014042569,397,12.692016564779353,0,1511,1094,3231,2725,3482,3820,5192,5490,5812,4980,3944,2901,23358,1756,0.5379650263732257,22.16748163970606,26.839243909591453,14.757603287103535,36.92508492680959,Subclinical,train
C0788,1,3,4.601,35.27,4.621,6.688,186,19.14,0,1233,989,2847,2195,2908,3327,4321,4787,4356,4218,3989,2667,19517,1498,-0.068,15.13,14.48,-1.3,13.83,Healthy,train
C0739,6,18,6.483711090809497,37.24984363643741,6.268054848380336,6.935800697024412,463,14.12181100937762,1,1956,1436,4318,3421,4486,5390,6447,7275,6971,6280,6001,4330,29478,2000,1.579054848380336,38.2030686896147,46.42468606154053,37.83831292563294,76.04138161524764,Clinical,train
C0707,5,15,4.775,35.61,4.765,6.547,91,16.46,0,1066,811,2301,1876,2691,3019,4074,4278,3843,3535,3292,2239,16451,1251,0.076,12.72,12.81,-2.25,10.47,Healthy,train
C0144,1,3,5.411000115706576,36.71553374467592,5.286213729283516,6.881213497870366,302,14.05476128073212,0,1321,1030,2842,2282,3057,3294,4603,5101,4688,4407,3869,2663,20779,1518,0.5972137292835163,22.70261588843668,23.026889317041256,9.5232070963185,32.22582298475518,Subclinical,train
C0550,2,6,4.71,35.83,4.68,6.673,160,20.61,0,1120,820,2384,1960,2591,2951,3989,4378,4179,3765,3254,2250,17021,1262,-0.009,14.97,14.97,0.0,14.97,Healthy,train
C0414,4,12,4.72,35.71,4.701,6.673,160,20.56,0,1130,904,2604,2075,2982,3229,4334,4574,4136,3952,3785,2584,18067,1339,0.012,13.89,13.89,0.0,13.89,Healthy,train
C0385,6,18,4.092,36.03,4.051,6.52,118,19.25,0,1057,758,2331,1861,2767,2951,4203,4348,3891,3853,3257,2217,17293,1388,-0.638,8.13,7.58,-0.43,7.7,Healthy,train
C0783,6,18,6.91,38.56,6.508,7.21,464,9.4,0,1772,1276,3905,2993,4408,4901,5976,6516,6281,5634,5441,3653,27563,1857,1.819,53.47,55.1,20.75,74.22,Clinical,train
C0039,6,18,5.3884131839705125,36.40171112451775,5.295763460575209,6.79059889358121,322,17.781056854787582,0,1383,1039,2961,2507,3376,3862,5193,5606,5007,4903,4538,2935,21825,1536,0.6067634605752095,19.90331653595199,22.4608706246926,12.897981869870048,32.79869146053968,Subclinical,train
C0330,6,18,3.824,35.76,3.805,6.414,130,22.03,0,1051,824,2564,2004,2572,2949,3796,4426,3892,3819,3105,2015,16813,1366,-0.884,6.04,6.69,-0.1,5.95,Healthy,train
C0763,5,15,4.454,35.04,4.493,6.448,34,24.99,0,915,726,2072,1612,2201,2469,3300,4070,3590,3354,3025,2075,15289,1200,-0.196,6.0,6.8,1.66,7.66,Healthy,train
C0344,5,15,4.672,34.96,4.72,6.624,113,20.03,0,1056,760,2263,1764,2728,2976,4004,4328,4078,3699,3389,2204,16989,1320,0.031,11.55,10.66,-2.67,8.88,Healthy,train
C0214,6,18,5.272,35.24,5.298,6.722,60,19.51,0,974,757,2117,1735,2452,2737,3583,3923,3866,3432,2944,2128,16126,1214,0.609,14.51,13.85,-0.69,13.82,Healthy,train
C0610,3,9,4.554,34.72,4.621,6.732,154,15.71,0,1154,879,2630,1906,2937,3097,4058,4654,4248,4051,3388,2401,18197,1328,-0.068,10.27,9.64,-0.29,9.98,Healthy,train
C0439,4,12,5.278,36.25,5.203,6.807,235,15.05,0,1382,1043,3306,2486,3637,3866,5450,5302,4732,4355,4002,2754,22499,1614,0.514,10.69,14.99,11.35,22.04,Healthy,train
C0415,6,18,5.415,36.34,5.329,6.792,279,16.43,0,1211,951,2830,2281,3213,3679,4536,5474,5095,5175,4252,2902,21407,1494,0.64,18.12,19.93,9.65,27.78,Healthy,train
C0357,2,6,5.792388451968682,37.9543433438313,5.522445546894388,7.039285990813237,582,11.193710524939984,1,1825,1361,4027,3393,4559,5320,7083,7698,7178,6713,6404,4376,30373,2005,0.8334455468943875,50.570353151340754,50.1230339028792,23.45290629222538,74.02834515047778,Clinical,train
C0798,6,18,5.188,35.62,5.176,6.601,135,20.22,0,1275,951,2944,2174,3029,3364,4664,4980,4576,4073,3827,2496,19608,1448,0.487,18.37,17.01,-2.99,15.39,Healthy,train
C0632,6,18,5.732,36.27,5.648,6.781,414,13.82,0,1576,1222,3611,2795,4050,4669,6037,6113,5923,5444,4872,3458,24881,1724,0.959,29.98,30.19,14.16,44.14,Subclinical,train
C0708,6,18,5.635,36.74,5.502,6.961,409,14.38,0,1318,1022,2966,2454,3217,3785,4669,5590,5069,4641,4093,2737,20927,1477,0.813,27.14,28.5,15.09,42.23,Subclinical,train
C0668,3,9,5.841,37.0,5.675,6.871,314,15.05,0,1425,1152,3055,2735,3295,4035,5202,5100,5363,4645,4039,2855,22868,1616,0.986,27.25,30.15,14.79,42.03,Subclinical,train
C0753,3,9,6.354384951484518,37.1510378641026,6.157046796140383,6.913042394826817,442,10.216227184615589,1,2144,1538,4499,3780,4830,5399,6819,7223,7262,6457,6729,4245,30497,2107,1.4680467961403834,40.063914887495415,43.18334627890317,28.668226213360008,68.74422815587117,Clinical,train
C0247,4,12,4.839,35.99,4.794,6.733,221,18.8,0,1254,931,2805,2194,2879,3436,4398,4824,4504,4085,3806,2622,19788,1435,0.105,10.39,13.57,6.35,16.74,Healthy,train
C0303,3,9,5.545,36.17,5.474,6.832,283,16.14,0,1287,928,2919,2313,2959,3376,4776,4879,4553,4114,4214,2707,19581,1460,0.785,20.69,22.46,10.27,30.96,Subclinical,train
C0513,4,12,6.134124712986542,37.3065762987782,5.923809453230904,7.103446166368564,528,10.909790832598407,1,1752,1400,3912,3021,4509,5315,6721,7194,6619,6409,5956,3920,28239,1924,1.2348094532309035,41.90659191535529,46.17113874140371,27.623965908552663,69.5308211855404,Subclinical,train
C0197,2,6,5.194,35.43,5.201,6.647,77,23.13,0,1011,746,2136,1776,2503,2946,3790,4124,3898,3427,3428,2323,16068,1223,0.512,15.62,13.8,-2.76,12.87,Healthy,train
C0360,5,15,6.214,37.09,6.026,6.877,570,13.81,0,1580,1181,3129,2810,3730,4037,5527,5954,5413,4972,4534,3053,24034,1710,1.337,41.65,44.8,24.2,65.85,Subclinical,train
C0286,2,6,6.73,37.1,6.525,7.14,364,10.7,1,2224,1632,4681,4000,4998,5626,7192,8005,7670,8018,6833,4464,32950,2150,1.836,57.77,51.4,12.31,70.08,Clinical,train
C0362,5,15,4.82,34.88,4.877,6.652,175,20.78,0,1172,895,2694,2214,3008,3387,4484,4565,4992,4612,3513,2444,19562,1424,0.188,15.64,15.08,-2.51,13.14,Healthy,train
C0706,6,18,4.88,35.85,4.848,6.72,88,22.59,0,1038,780,2337,1938,2404,2805,3875,4080,3784,3065,3222,2165,16308,1281,0.159,9.43,12.25,3.85,13.28,Healthy,train
C0079,4,12,6.278,37.53,6.036,7.105,451,11.39,1,1746,1397,4071,3159,4773,5237,6590,7132,6727,6147,6007,3850,28703,1893,1.347,38.59,45.66,33.92,72.51,Clinical,train
C0183,1,3,4.986,35.45,4.991,6.624,123,15.69,0,1284,922,2811,2221,3093,3345,4754,5028,4466,4295,3952,2684,19908,1420,0.302,12.63,11.8,-0.99,11.64,Healthy,train
C0391,1,3,5.878,37.58,5.646,6.98,386,12.43,1,1901,1369,4114,3358,3937,4804,6081,7001,6380,6140,5839,3829,27511,1859,0.957,31.47,37.76,27.23,58.7,Subclinical,train
C0290,6,18,5.006,35.26,5.029,6.928,150,18.95,0,1223,906,2783,2134,2809,3209,4405,4936,4604,4517,3910,2614,19503,1393,0.34,14.15,13.61,-0.33,13.82,Healthy,train
C0301,5,15,6.485503490705203,37.90244082445386,6.18953991856549,7.233554521272532,571,8.340255152836644,1,2021,1446,4204,3488,4973,5626,6954,7470,6773,6555,6184,4069,30370,2008,1.5005399185654906,64.33287009644488,61.980835272614,18.13351038889445,82.46638048533931,Clinical,train
C0179,1,3,5.574,37.65,5.346,6.892,478,11.66,1,1786,1327,3789,3181,4793,5340,7251,7030,6525,6742,5906,4173,29350,1920,0.657,34.83,39.2,28.39,63.22,Subclinical,train
C0579,3,9,5.96524825023314,36.89858526493287,5.803935567537586,6.951660283461291,341,12.199511147017448,0,1555,1170,3423,2591,3721,4223,5271,5608,5157,5080,4379,3019,23438,1627,1.1149355675375854,27.7989546707935,29.596938428852845,15.8307456049522,43.63381381479627,Subclinical,train
C0318,1,3,4.642,34.01,4.773,6.572,200,20.55,0,1260,875,2732,2234,2967,3272,4792,4480,4893,4473,3711,2543,19406,1462,0.084,9.14,9.52,0.76,9.9,Healthy,train
C0372,6,18,6.423563332968431,38.5668676400425,6.049264588139777,6.883003622791773,564,8.712682109315505,1,1984,1339,4285,3161,4472,5718,6343,7978,7461,6490,5821,3744,30620,2147,1.3602645881397768,62.57128605390508,61.034374428130256,19.865432795559197,82.42578599916983,Clinical,train
C0312,4,12,5.914,36.83,5.765,6.881,381,15.5,0,1677,1189,3601,2786,3744,4359,5595,5622,5246,5186,4590,3054,23394,1631,1.076,27.64,30.72,18.31,45.95,Subclinical,train
C0600,5,15,6.245132837638697,37.30007156599455,6.033172639484473,6.992602862639783,425,10.31372529810895,0,1504,1108,2991,2480,3647,3983,5309,6113,6139,5236,4714,3119,24294,1685,1.3441726394844724,41.21040736852877,40.906552154893845,18.851945498316105,60.06235286684487,Subclinical,train
C0636,5,15,4.343,35.31,4.359,6.468,151,20.33,0,1197,881,2575,2030,2828,3118,3919,4294,4021,3953,3488,2375,18162,1371,-0.33,10.16,9.46,-0.84,9.32,Healthy,train
C0027,4,12,4.578,34.74,4.644,6.701,135,21.34,0,1182,851,2699,2072,2672,2965,3703,4799,4341,4152,3539,2430,18782,1427,-0.045,10.18,10.18,0.0,10.18,Healthy,train
C0157,3,9,4.422,34.97,4.467,6.753,177,20.22,0,1295,1006,2873,2436,2741,3433,4119,4666,4494,4413,3893,2716,19517,1458,-0.222,10.97,11.04,0.15,11.12,Healthy,train
C0679,1,3,5.155,36.39,5.068,6.748,209,18.1,0,1278,983,2937,2294,2992,3413,4503,5242,4918,4700,4031,2549,21320,1487,0.379,14.55,16.16,5.76,20.32,Healthy,train
C0310,4,12,5.376,35.64,5.362,6.708,133,23.43,0,1300,961,2799,2319,3016,3528,4534,4680,4251,4568,3969,2518,19973,1394,0.673,14.54,17.45,4.95,19.49,Healthy,train
C0459,4,12,4.642,35.94,4.603,6.717,126,24.25,0,1131,852,2525,1979,2456,2716,3704,3840,4052,3505,3554,2287,16709,1224,-0.086,8.82,10.36,3.06,11.89,Healthy,train
C0327,6,18,4.475,35.46,4.478,6.612,151,15.72,0,1198,907,2552,1931,2721,3173,4189,4849,4223,3843,3703,2523,18607,1416,-0.211,10.56,9.51,-0.64,9.92,Healthy,train
C0062,1,3,5.071,34.62,5.156,6.671,119,20.55,0,1189,905,2797,2193,2704,3592,4229,4450,4214,3697,3650,2489,18648,1378,0.467,9.52,9.43,2.12,11.63,Healthy,train
C0026,3,9,4.629,35.74,4.608,6.587,280,21.83,0,1267,892,2609,2284,3192,3649,4720,4969,4301,4594,3813,2610,19628,1433,-0.081,17.95,17.05,0.5,18.44,Healthy,train
C0396,4,12,5.762990735049382,36.820399860567626,5.618487217120284,6.904576454184427,306,15.101625219004063,0,1453,1112,3303,2633,3208,3856,4957,5164,5267,4703,4387,2901,21445,1555,0.9294872171202836,26.4053904580102,27.152684083543,9.413928247094288,35.8111069321967,Subclinical,train
C0661,3,9,4.823,35.12,4.858,6.64,208,14.86,0,1251,902,2684,2133,2851,3231,4286,4443,4063,3783,3605,2518,18629,1346,0.169,14.22,14.3,-0.65,13.57,Healthy,train
C0766,4,12,4.548,36.21,4.487,6.562,82,13.75,0,1017,806,2314,1754,2713,2864,3742,4270,4082,3592,3005,2152,17129,1258,-0.202,6.58,8.78,4.44,11.02,Healthy,train
C0619,4,12,4.547,35.99,4.505,6.722,186,19.23,0,1173,817,2378,2065,2699,3253,4153,4410,4022,3576,3453,2247,17722,1286,-0.184,12.56,13.12,0.42,12.98,Healthy,train
C0726,1,3,5.175,35.38,5.187,6.737,63,20.22,0,1007,725,2069,1774,2602,2916,3841,4270,3784,3502,3111,2022,16408,1320,0.498,13.23,13.87,1.27,14.51,Healthy,train
C0447,5,15,6.1,38.2,5.787,7.07,711,9.3,1,2217,1646,4549,3750,4983,5557,7155,8354,7898,7514,6431,4502,33760,2249,1.098,67.29,62.76,17.34,84.63,Clinical,train
C0496,4,12,4.252,35.51,4.251,6.604,174,18.25,0,1169,976,2748,2166,3259,3700,4881,4463,4314,3757,4061,2660,19764,1470,-0.438,9.14,9.35,-0.59,8.56,Healthy,train
C0141,5,15,5.53744918293274,37.20004839720691,5.358445956452279,6.998731044427291,471,11.674104651672074,1,1795,1181,3544,2854,4180,5034,6435,6387,6781,6077,5221,3618,27861,1859,0.6694459564522784,30.238093910499245,35.827524720960724,31.02148664704083,61.24708459064065,Subclinical,train
C0150,3,9,5.687,37.1,5.514,6.906,325,13.79,0,1357,1043,3127,2406,3226,3812,5232,5770,5563,5224,4404,2933,22700,1554,0.825,28.16,28.26,12.22,40.38,Subclinical,train
C0249,1,3,5.725,36.61,5.604,6.896,183,13.79,0,1320,935,2680,2253,3101,3825,4880,4890,4402,4277,3933,2730,20028,1386,0.915,22.78,22.64,7.51,30.29,Subclinical,train
C0199,3,9,4.81,34.95,4.86,6.684,126,19.87,0,1059,829,2490,2003,2613,3188,3801,4247,4192,3707,3194,2273,17616,1372,0.171,9.5,9.99,0.98,10.48,Healthy,train
C0764,1,3,6.145054220855271,37.42481223647472,5.9201293262653865,7.07671624650975,674,11.316120212038388,1,1845,1207,4225,3290,5592,5188,7024,7369,6946,6954,5961,3951,31303,2135,1.231129326265387,51.78060984905242,56.63067946423524,30.81532699389092,82.60074907941804,Clinical,train
C0046,1,3,7.718494346400598,38.74549354122532,7.250395638155534,6.876893356825585,811,5.475072639499538,0,1997,1465,4194,3260,4240,5067,6224,6486,6465,6555,5629,3769,29164,1908,2.5613956381555334,85.17162572895033,78.36103270904961,12.396448416664937,97.56807414561526,Clinical,train
C0505,4,12,5.753,37.42,5.543,6.929,432,11.6,1,1859,1322,3883,3180,4035,4829,6232,6987,6370,5830,5448,3983,27954,1931,0.854,34.32,39.37,25.29,59.61,Subclinical,train
C0483,2,6,5.192,35.54,5.188,6.686,173,20.65,0,1255,978,2908,2239,3392,3824,5090,5347,4741,4318,4203,2698,21100,1508,0.499,17.12,17.55,0.86,17.98,Healthy,train
C0067,6,18,4.983,35.96,4.939,6.73,229,18.06,0,1349,1006,2840,2357,3283,3752,4752,4984,4444,4517,4156,2731,20669,1488,0.25,11.09,14.84,7.5,18.59,Healthy,train
C0647,4,12,5.619,37.11,5.447,7.083,412,12.66,1,1745,1236,3598,2887,4046,4795,6478,6462,5991,5936,5566,3603,26342,1876,0.758,30.43,35.66,23.04,53.47,Subclinical,train
C0181,4,12,5.739887130935113,36.75013863925843,5.60374653401854,6.893534659814607,321,12.736851519011235,0,1319,986,2787,2256,3485,3865,4962,5515,5187,4660,4247,2783,21337,1499,0.9147465340185392,23.877346811904516,26.539564505643263,14.834771930134812,38.709207852008426,Subclinical,train
C0591,3,9,5.578,36.81,5.439,6.846,383,16.87,0,1579,1130,3252,2577,3600,3907,5045,5739,5531,5207,4746,3192,23089,1604,0.75,24.52,27.44,15.86,40.39,Subclinical,train
C0477,1,3,4.577,35.82,4.549,6.619,169,19.33,0,1160,900,2444,2159,2875,3409,4317,4596,4291,4241,3612,2582,18401,1450,-0.14,13.51,13.61,-0.31,13.2,Healthy,train
C0694,6,18,5.025,34.92,5.08,6.635,100,22.05,0,1079,778,2203,1827,2448,2965,3564,4383,4037,3607,3386,2279,16495,1315,0.391,11.47,10.09,-1.52,9.95,Healthy,train
C0630,5,15,4.862,35.72,4.842,6.563,124,8.91,0,1156,909,2651,2014,2992,3473,4402,4816,4376,4112,3615,2498,19279,1412,0.153,12.99,12.99,0.0,12.99,Healthy,train
C0117,1,3,5.228,36.92,5.087,6.863,395,11.56,1,1738,1374,3660,3187,4407,4668,6411,6736,6336,6255,5563,3719,26556,1795,0.398,23.42,29.93,24.15,47.57,Subclinical,train
C0391,5,15,6.8032248302693885,36.75704082552877,6.640723922033394,7.082435940378478,567,13.30542738621143,1,2168,1552,4063,3579,4513,4614,5693,7097,6714,6873,6015,4193,30768,2094,1.951723922033394,47.57137536555114,51.522403669016754,30.908566790767946,78.47879816549163,Clinical,train
C0624,3,9,6.055000232378886,37.304049186151815,5.836462147539709,6.941739145589927,326,11.87008158962155,0,1492,1121,3283,2556,3664,4228,5140,5601,5303,5118,4311,2940,23280,1631,1.147462147539709,30.978509225147448,30.883292136946,14.44095342811065,45.4194626532581,Subclinical,train
C0516,3,9,6.055039930259638,36.62948317803399,5.924572050296139,6.960363870818747,339,15.506746087499002,0,1704,1262,3734,2676,3842,4529,6040,6201,6344,5650,4606,3372,26488,1794,1.2355720502961394,28.713162183193457,29.69913223180401,14.519621651829056,43.23278383502251,Subclinical,train
C0729,1,3,4.716,35.3,4.734,6.571,126,17.02,0,1068,799,2254,1851,2480,2780,3573,4129,3666,3696,3332,2388,16132,1213,0.045,10.77,12.59,2.77,13.54,Healthy,train
C0530,2,6,4.501,35.81,4.474,6.733,88,21.72,0,1019,851,2403,1868,2495,2698,3598,3960,3506,3551,2990,2179,16066,1173,-0.215,7.79,9.78,3.19,10.99,Healthy,train
C0118,6,18,4.93,36.54,4.833,6.743,100,23.87,0,1097,839,2353,1765,2719,2561,3845,4660,4109,3807,3445,2296,16708,1243,0.144,12.48,12.48,0.0,12.48,Healthy,train
C0092,2,6,4.501,35.83,4.473,6.54,102,18.12,0,989,818,2218,1707,2585,2922,3715,4202,3741,3454,3036,2023,16624,1296,-0.216,7.92,7.34,-0.33,7.59,Healthy,train
C0263,1,3,4.884,36.73,4.77,6.471,160,20.6,0,1157,846,2584,2037,3064,3532,4307,4744,4544,4192,3548,2470,19101,1379,0.081,13.24,14.39,2.3,15.54,Healthy,train
C0322,2,6,6.094924186821149,37.85452874318498,5.824848679924252,7.042868009110454,444,11.908680647980816,1,1891,1445,4377,3211,4424,4901,6787,7138,6614,6247,5614,3757,29441,1975,1.1358486799242526,40.55528297683953,44.56037767370355,27.52434046320948,68.07396306794406,Subclinical,train
C0782,4,12,4.205,36.0,4.165,6.584,161,17.54,0,1295,886,2757,2244,3323,3749,4663,5487,5323,4591,4139,2844,20922,1441,-0.524,10.24,10.24,0.0,10.24,Healthy,train
C0047,5,15,4.695,35.4,4.704,6.831,196,18.94,0,1205,852,2671,2056,2639,3130,3916,4461,4091,3817,3837,2384,17622,1298,0.015,13.06,11.04,-3.01,10.05,Healthy,train
C0036,4,12,4.666,35.02,4.709,6.608,216,15.73,0,1188,895,2627,1975,2592,2997,4095,4307,3801,4008,3516,2419,17853,1303,0.02,13.57,13.84,0.16,13.73,Healthy,train
C0004,4,12,4.948,35.37,4.96,6.72,175,18.12,0,1027,829,2267,1938,2854,3305,3873,4578,4063,3721,3470,2331,18015,1288,0.271,15.96,15.63,-0.65,15.31,Healthy,train
C0485,6,18,4.461,35.82,4.434,6.793,125,15.9,0,1191,966,2628,2026,2700,3282,4089,4768,4313,4068,3592,2203,18615,1474,-0.255,10.57,9.09,-2.97,7.6,Healthy,train
C0503,5,15,6.703267261274991,37.42653488984031,6.45734273018688,7.011745035413366,388,12.123699665464295,1,2068,1603,4392,3629,4464,4452,5995,6630,7023,6501,6405,4447,28858,1919,1.76834273018688,40.97785119396765,45.64657453458284,32.119179236310224,73.09703043027787,Clinical,train
C0786,1,3,4.849,35.63,4.837,6.727,148,22.67,0,1004,840,2330,1696,2662,3189,4191,4398,4035,3970,3604,2345,16890,1325,0.148,11.76,14.04,2.28,14.04,Healthy,train
C0599,2,6,4.748,35.04,4.789,6.692,203,24.87,0,1230,887,2458,2115,2988,3239,4566,4713,4554,4088,3624,2370,18820,1399,0.1,16.3,14.92,-3.37,12.93,Healthy,train
C0728,2,6,4.82,35.42,4.827,6.66,188,19.75,0,1301,984,2812,2202,2974,3579,4776,5085,4678,4690,3913,2614,21448,1532,0.138,13.39,13.06,1.09,14.48,Healthy,train
C0070,1,3,5.399,36.74,5.272,6.891,300,13.64,0,1311,1028,2844,2272,3053,3264,4596,5060,4661,4385,3868,2667,20794,1526,0.583,23.27,23.43,9.19,32.46,Subclinical,train
C0457,5,15,5.820429841619257,37.05285968323852,5.648047041738407,6.904524894909295,357,14.489330746060553,0,1409,1068,2999,2532,3341,3863,4764,5661,5435,5006,4418,3114,22361,1643,0.9590470417384066,29.62611703958779,29.887628516815145,12.78021742602244,42.39983672878381,Subclinical,train
C0393,5,15,6.27,38.08,5.963,7.03,549,8.4,1,1816,1477,4246,3382,4726,5089,6855,6611,6965,6090,5926,4035,28621,1869,1.274,59.61,56.77,16.77,76.38,Clinical,train
C0799,5,15,4.678,36.18,4.618,6.792,66,19.71,0,941,701,1938,1502,2412,2652,3337,3636,3375,3205,2895,1966,14723,1188,-0.071,8.58,10.33,3.59,12.17,Healthy,train
C0425,3,9,5.431737984471197,37.00887770098761,5.2763912256563295,6.866561149506195,286,14.82805747530976,0,1365,1080,2980,2415,3424,3943,5273,5416,5149,4792,4115,2946,22632,1560,0.5873912256563291,22.1630773340997,24.67245849064488,12.35750992939497,34.51058726349467,Subclinical,train
C0451,5,15,4.897,35.26,4.919,6.516,102,18.59,0,1057,776,2237,1892,2642,3137,3970,4532,3976,3873,3269,2201,17200,1237,0.23,10.37,12.13,2.69,13.05,Healthy,train
C0009,5,15,4.814,35.43,4.82,6.55,192,19.74,0,1197,912,2656,2177,2892,3151,4374,4595,4231,4082,3564,2522,18630,1356,0.131,13.74,14.23,-0.15,13.58,Healthy,train
C0798,1,3,5.431282666427583,36.930034421093865,5.283763734825957,6.829797329004067,382,15.711751341208403,0,1334,1075,2813,2403,3655,4147,5364,5747,5446,5067,4391,2940,23133,1623,0.5947637348259567,23.420846779146714,25.696720382461525,15.799212449419857,39.22005922856657,Subclinical,train
C0672,1,3,3.887,34.89,3.932,6.829,155,20.43,0,1166,919,2510,2026,3115,3570,4802,4610,4148,3997,3637,2380,19016,1474,-0.757,7.28,5.94,-2.68,4.6,Healthy,train
C0595,2,6,6.658,37.59,6.394,7.002,405,11.55,1,2073,1578,4360,3627,4492,4488,6027,6658,7006,6603,6417,4466,28919,1922,1.705,44.2,47.55,29.4,73.6,Clinical,train
C0791,2,6,6.170475113519188,36.96170961973334,5.997827464542219,7.033680503690505,408,12.453592366626264,1,1795,1359,4065,3254,4777,5302,7336,8044,7061,6399,6160,3938,30426,2109,1.3088274645422182,34.270086563579795,40.21457800803229,27.079691132387836,61.348136932630254,Subclinical,train
C0515,3,9,6.551553505713151,37.75667758609243,6.268763620671668,6.979161522986962,536,11.3357387936785,1,1949,1460,4207,3398,4531,5278,6566,7335,6927,6361,6042,4210,29536,1981,1.579763620671668,52.98745172090021,55.08447758419558,27.21316523192453,80.20424137811119,Clinical,train
C0156,1,3,5.526977786005928,36.546424853541616,5.41705373173391,6.811,393,13.52891634906545,0,1524,1101,3194,2680,3514,3901,5132,5488,5660,4966,4057,2917,23268,1718,0.72805373173391,23.836869133423058,28.233414073191383,15.698644205828089,39.535044057721386,Subclinical,train
C0755,4,12,4.989,35.55,4.984,6.533,148,21.01,0,1196,899,2707,2136,3103,3622,4544,5191,4594,4022,3801,2938,19660,1395,0.295,13.61,15.09,3.31,16.93,Healthy,train
C0049,1,3,6.694138612637551,37.71967165474073,6.412019846952632,7.110737738947091,503,8.67786783158728,0,1682,1300,3496,2817,3900,4304,5525,6168,5861,5867,4902,3404,26067,1765,1.723019846952632,53.473441397904736,54.362051119984166,20.539923103116507,74.01373337049479,Clinical,train
C0277,2,6,5.038,35.62,5.027,6.515,151,20.43,0,1208,908,2630,2200,3146,3545,4824,4943,4632,4205,3928,2693,20074,1364,0.338,14.73,14.73,0.0,14.73,Healthy,train
C0433,2,6,5.927,36.99,5.759,6.861,328,15.98,0,1431,1118,2924,2570,3751,4185,5627,5555,5580,5167,4764,3235,23038,1565,1.07,23.84,27.17,18.84,42.68,Subclinical,train
C0107,6,18,4.879,35.33,4.895,6.564,167,19.19,0,1333,1022,2950,2462,3123,3696,4827,5307,5079,4961,4186,2866,21768,1614,0.206,15.56,12.67,-1.73,13.83,Healthy,train
C0428,1,3,6.219,37.81,5.946,7.061,370,11.8,0,1613,1227,3390,2733,3666,4282,5650,5817,5659,5037,5075,3499,24034,1703,1.257,37.6,38.97,15.88,53.47,Subclinical,train
C0039,3,9,4.367,36.57,4.278,6.886,148,22.78,0,1102,856,2504,1867,2774,2937,3880,4485,4248,3954,3614,2400,17586,1330,-0.411,11.09,11.01,0.88,11.97,Healthy,train
C0581,6,18,4.377,34.91,4.426,6.705,168,16.64,0,1254,893,2681,2097,2867,3269,4373,4900,4484,4392,3660,2466,19401,1515,-0.263,7.21,8.16,0.72,7.93,Healthy,train
C0068,2,6,5.937328047344344,37.03889547286076,5.763810498237332,6.889408943667511,467,14.93977832706932,0,1356,1018,2764,2254,3629,4007,5550,5947,5400,5120,4507,2940,23003,1581,1.0748104982373317,37.53710433149767,37.84734063965841,17.392689345628288,54.92979367712597,Subclinical,train
C0101,3,9,4.619,36.61,4.522,6.641,131,20.8,0,1088,846,2287,1928,2726,3132,4086,4179,3935,3942,3273,2294,17786,1319,-0.167,13.26,13.74,0.95,14.21,Healthy,train
C0611,4,12,4.499,34.86,4.554,6.639,151,20.11,0,1090,835,2265,1972,2526,2861,4064,4423,4072,3808,3309,2310,16978,1277,-0.135,8.42,9.24,1.64,10.06,Healthy,train
C0173,5,15,5.118,36.16,5.054,6.782,258,17.52,0,1224,939,2811,2246,3379,3603,4501,5380,4981,4270,4064,2604,20413,1435,0.365,19.99,18.29,0.79,20.79,Healthy,train
C0072,4,12,6.048006114799428,37.16522296794038,5.856423952234658,6.998072692033614,401,11.341130200780055,0,1505,1123,3077,2545,3636,3937,5289,6089,6150,5256,4623,3067,24159,1694,1.167423952234658,35.92634690576188,37.057134974092286,17.48068426489929,53.40598657707309,Subclinical,train
C0271,4,12,4.818,35.08,4.856,6.684,247,19.66,0,1402,1099,3310,2708,3121,3535,4566,5715,5103,4971,4478,3019,22067,1578,0.167,14.75,16.52,3.55,18.29,Healthy,train
C0566,3,9,5.188,36.53,5.086,6.679,172,19.78,0,1313,972,2902,2314,3256,3783,5052,4967,4639,3874,3942,2673,19950,1381,0.397,17.47,18.63,2.16,19.63,Healthy,train
C0476,4,12,4.518,34.71,4.586,6.665,94,12.76,0,1033,804,2308,1748,2459,2767,3477,3922,3791,3465,3142,2138,15738,1158,-0.103,6.94,8.23,2.58,9.53,Healthy,train
C0422,2,6,5.814,37.06,5.642,7.009,614,12.33,1,1989,1527,4387,3483,4364,4711,5798,7239,7175,6919,5701,4121,29183,1914,0.953,43.58,47.48,27.74,71.32,Clinical,train
C0200,4,12,4.767,35.06,4.807,6.639,32,18.26,0,1105,801,2390,1822,2622,2824,3738,3955,3879,3624,3580,2243,16412,1229,0.118,8.62,8.42,-0.99,7.64,Healthy,train
C0034,3,9,6.28,37.45,6.047,7.13,645,8.1,0,1788,1268,3674,2912,3778,3937,5604,6572,6276,5917,5225,3549,26404,1787,1.358,52.78,55.46,23.41,76.2,Clinical,train
C0603,4,12,5.266,35.31,5.285,6.679,191,13.96,0,1414,995,3012,2403,3269,3806,4742,5396,5088,4710,3938,2643,21970,1456,0.596,15.85,16.47,1.24,17.09,Healthy,train
C0770,1,3,4.913,35.93,4.873,6.705,101,15.17,0,1234,898,2643,2121,2741,3228,4327,4328,4060,3963,3219,2297,18458,1396,0.184,12.11,11.88,-0.91,11.2,Healthy,train
C0766,1,3,4.879,35.76,4.855,6.633,123,26.49,0,1229,900,2555,2151,2714,3058,4307,4167,4213,3773,3297,2283,17774,1364,0.166,13.87,13.87,0.0,13.87,Healthy,train
C0545,4,12,5.08,36.05,5.027,6.718,229,18.49,0,1118,903,2380,2051,2888,3322,4260,4838,4525,4136,3688,2505,18453,1309,0.338,15.24,17.78,5.09,20.32,Healthy,train
C0266,5,15,6.359112600161808,37.51954953860379,6.114231220650328,7.106092346104948,633,9.008490848011968,0,1765,1260,3672,2883,3803,3958,5573,6560,6230,5895,5213,3521,26301,1790,1.4252312206503277,53.23931674452918,55.56867115406842,23.412897897441823,76.65931674452918,Clinical,train
C0325,1,3,4.618,35.13,4.65,6.684,162,22.41,0,1235,940,2723,2064,2733,3304,4237,4614,4449,3918,3543,2696,18440,1399,-0.039,12.6,12.6,0.0,12.6,Healthy,train
C0524,1,3,5.108,34.8,5.176,6.623,116,16.42,0,1220,932,2610,2011,3054,3205,3906,4629,4204,4227,3649,2493,17713,1302,0.487,12.66,14.16,0.59,13.25,Healthy,train
C0249,5,15,5.046,35.34,5.061,6.717,217,25.68,0,1367,1002,3061,2310,2990,3569,4856,5609,5204,4742,4032,2725,21810,1579,0.372,13.39,13.39,0.0,13.39,Healthy,train
C0003,4,12,4.958,35.05,5.0,6.509,190,15.19,0,1261,1017,2749,2203,3116,3469,4635,4923,4728,4771,3740,2613,20002,1482,0.311,12.87,12.89,1.37,14.24,Healthy,train
C0193,3,9,7.467261033614575,37.9882352749048,7.114617653783319,7.113621328933024,778,7.418566038378266,0,1667,1317,3897,3072,4253,4738,5797,6607,6242,5867,5618,4002,27872,1852,2.4256176537833194,75.93216964479949,75.00943067841406,15.5588049231091,91.49097456790858,Clinical,train
C0793,5,15,4.436,34.95,4.482,6.582,114,16.68,0,971,720,2089,1706,2417,2846,3334,3831,3742,3540,3100,2100,15318,1208,-0.207,11.75,8.84,-5.82,5.93,Healthy,train
C0273,2,6,5.841952204810541,36.70340073146622,5.708544117034595,6.996341388260771,477,13.905966383054826,0,1522,1000,3260,2522,3611,4510,5687,6022,5725,5109,4840,3090,24614,1607,1.019544117034595,31.436336662179343,34.16492910877857,18.83990547837142,50.2904306910803,Subclinical,train
C0249,4,12,4.768,35.32,4.784,6.607,167,18.27,0,1407,1022,3021,2444,3217,3813,4733,5476,5369,4727,3998,2804,21826,1581,0.095,14.05,11.33,-5.43,8.62,Healthy,train
C0185,1,3,4.831,35.32,4.848,6.735,161,19.45,0,1292,948,2681,2075,2809,3170,4015,4607,4469,4075,3493,2452,18759,1405,0.159,12.6,12.92,3.48,16.08,Healthy,train
C0152,6,18,5.816,36.79,5.673,6.965,406,10.64,1,1914,1499,4100,3533,4577,5494,7157,7167,7263,6729,6346,4133,30879,2040,0.984,29.31,36.71,27.32,56.63,Subclinical,train
C0192,5,15,4.911,35.77,4.886,6.597,129,25.05,0,1094,832,2547,1886,2777,3124,3852,4034,3900,3496,3342,2203,17453,1332,0.197,15.24,13.31,-3.16,12.08,Healthy,train
C0302,6,18,5.97,37.23,5.774,6.891,370,15.19,0,1419,1139,3039,2481,3306,3730,5124,5518,5127,4813,4259,3077,22015,1452,1.085,25.69,30.83,23.87,49.57,Subclinical,train
C0682,4,12,4.605,36.6,4.509,6.622,129,20.67,0,1108,863,2220,1814,2566,2940,4141,4434,4108,3809,3590,2325,17908,1282,-0.18,10.15,11.99,1.44,11.6,Healthy,train
C0358,5,15,4.843,35.99,4.798,6.743,187,18.02,0,1235,931,2586,2135,2763,3208,3894,4275,4005,3752,3549,2586,17758,1359,0.109,10.82,13.33,5.03,15.85,Healthy,train
C0406,5,15,6.143,37.31,5.932,7.105,532,10.84,1,1751,1403,3921,3020,4507,5323,6725,7213,6631,6423,5958,3926,28229,1927,1.243,42.23,46.4,27.6,69.83,Subclinical,train
C0258,1,3,5.398078550628231,37.307604206247326,5.211707335628425,6.992722243331908,452,17.157200472893262,0,1354,1085,3071,2295,3979,3993,5775,5562,5148,4640,4148,3327,22943,1668,0.5227073356284256,30.823374297921447,31.92069766457904,14.414352802090216,45.23507242709508,Subclinical,train
C0298,2,6,7.47,38.73,7.012,6.9,592,6.6,1,2259,1575,4646,3882,5250,6221,7314,7694,7417,7278,6016,4085,33157,2265,2.323,77.03,71.94,13.92,90.95,Clinical,train
C0448,6,18,4.975,35.4,4.984,6.558,134,23.49,0,1237,861,2587,2143,3061,3587,4302,4826,4644,3867,3527,2555,19119,1409,0.295,18.32,16.43,-4.24,14.08,Healthy,train
C0666,6,18,5.445,34.56,5.542,6.539,58,17.55,0,1003,817,2397,1836,2735,3129,4043,4441,3890,3712,3163,2085,17619,1346,0.853,10.33,11.75,2.85,13.18,Healthy,train
C0400,2,6,4.558,36.24,4.494,6.639,187,21.68,0,1295,974,2847,2422,3294,3788,5155,5497,4949,4538,4240,2887,21450,1463,-0.195,14.44,13.11,-1.46,12.98,Healthy,train
C0317,4,12,4.77,35.73,4.749,6.664,165,19.84,0,1233,971,2670,2343,2916,3296,4542,4786,4772,4202,4289,2877,18950,1364,0.06,14.78,14.78,0.0,14.78,Healthy,train
C0495,4,12,6.54,37.41,6.303,7.15,603,8.4,1,2265,1779,4819,3858,5428,5555,7276,8044,7776,7421,6327,4456,33220,2180,1.614,65.16,60.32,15.54,80.7,Clinical,train
C0502,3,9,5.098,35.34,5.113,6.707,235,20.08,0,1496,1026,3273,2623,3620,4191,5313,5992,5731,5386,4585,3011,24539,1773,0.424,21.37,18.42,-3.41,17.96,Healthy,train
C0328,5,15,5.220558188781752,36.83411349081315,5.0882122453580685,6.871,312,15.54226679109828,0,1511,1082,3462,2495,3369,4015,5076,5309,4969,4969,4541,3141,22077,1678,0.3992122453580682,22.399955186162344,21.91978198114123,8.750801419258663,31.15075660542101,Subclinical,train
C0051,5,15,4.268,36.08,4.221,6.728,96,19.2,0,1050,750,2136,1753,2544,2954,3934,4076,4023,3553,3362,2151,16757,1245,-0.468,7.35,7.95,1.08,8.43,Healthy,train
C0179,4,12,5.513014628877789,36.51767717710133,5.406458159560204,6.811,404,13.513310467569292,0,1518,1095,3176,2682,3524,3909,5140,5492,5689,4983,4039,2923,23246,1726,0.7174581595602044,24.087384599545555,28.75251497348456,16.103575762544125,40.19131244274392,Subclinical,train
C0121,5,15,6.885691683520959,37.36173487425919,6.643937729296674,6.991455351605644,593,11.502585996049037,1,1991,1598,4337,3384,4662,5180,6714,7403,7330,6684,6048,3992,31008,2018,1.9549377292966736,60.13865246290332,60.38774031074608,21.68974816998169,81.828400632885,Clinical,train
C0057,2,6,4.817,35.07,4.856,6.769,125,19.85,0,1031,732,1971,1802,2476,2841,3829,4089,3946,3778,3197,2045,16505,1236,0.167,6.37,9.07,4.55,10.92,Healthy,train
C0583,6,18,5.562457287897342,37.48678680109504,5.349651062801321,7.031351509479447,636,12.921869882732713,1,1835,1169,4231,3366,5537,5125,6968,7502,6782,7050,5905,3868,30942,2159,0.660651062801322,37.47847409986072,46.68713313761522,37.64619707608096,75.12467117594167,Clinical,train
C0045,5,15,4.657,35.91,4.621,6.837,195,22.7,0,1178,893,2685,2144,2886,3150,4317,4807,4510,4228,3775,2453,18994,1358,-0.068,14.43,13.67,-1.51,12.92,Healthy,train
C0752,1,3,6.58,38.71,6.179,7.24,775,13.4,1,2130,1463,4147,3587,5303,6142,7926,8027,7809,7461,6643,4540,33524,2180,1.49,76.62,70.75,13.38,90.0,Clinical,train
C0670,4,12,5.717129968891275,37.31884428745203,5.518396870351149,6.798566510253767,358,11.584265260689117,0,1397,1112,3029,2391,3362,3878,5249,5495,5199,5336,4402,3249,23201,1640,0.8293968703511482,29.631543818213324,28.73242488529816,11.964675278068963,41.61046244525691,Subclinical,train
C0360,4,12,4.679,36.37,4.602,6.728,42,27.2,0,1069,743,2210,1889,2809,2989,4092,4257,4011,3651,3109,2161,17197,1307,-0.087,9.31,9.31,0.0,9.31,Healthy,train
C0013,4,12,6.418,37.11,6.222,6.881,354,16.51,0,1552,1184,3299,2507,3688,4330,5125,6092,5778,5326,4690,3413,23992,1644,1.533,31.63,35.29,22.76,54.4,Subclinical,train
C0029,6,18,4.893,35.61,4.883,6.709,189,17.98,0,1227,995,2720,2171,2954,3243,4368,4541,4129,4095,3570,2334,19602,1481,0.194,13.16,14.22,0.84,14.01,Healthy,train
C0753,4,12,5.510431871575652,36.72955318832914,5.381520127236105,6.909039147798492,325,16.012675336656546,0,1400,1051,3139,2491,3341,3979,5206,5630,4802,4787,4435,3043,21455,1530,0.6925201272361051,22.85991699947109,24.03388297082286,11.511357035118351,34.37127403458944,Subclinical,train
C0275,1,3,4.828,36.18,4.766,6.633,186,13.78,0,1127,858,2592,2064,3260,3599,4658,4601,4447,4256,3818,2447,19322,1404,0.077,15.02,15.8,1.17,16.19,Healthy,train
C0221,5,15,4.917,35.64,4.904,6.674,161,22.4,0,1188,934,2709,2107,2768,3364,4176,4227,4208,3887,3445,2392,18151,1387,0.215,14.86,14.86,0.0,14.86,Healthy,train
C0120,3,9,6.292731313290595,37.04099555538035,6.108631757752561,6.959398222152138,451,11.328615753179577,1,1850,1347,4125,3302,4485,5253,6891,7311,7293,6483,5825,3993,29304,1941,1.4196317577525606,38.86066990031194,43.18423757437182,28.679585452538504,67.54025535285044,Subclinical,train
C0800,6,18,4.401,35.88,4.369,6.56,249,19.79,0,1264,936,2707,2251,2873,3206,4611,4853,4389,4055,3884,2726,18805,1327,-0.32,14.11,13.84,-0.53,13.58,Healthy,train
C0581,1,3,5.253557932793976,35.826821591133864,5.23341374654458,6.731440263954754,422,14.877909750196588,0,1545,1199,3587,2775,4145,4893,6229,5951,5961,5471,4797,3457,24766,1741,0.5444137465445803,22.312536990692298,23.208748720549544,13.368950366970118,35.68148735766242,Subclinical,train
C0678,6,18,3.971,36.6,3.888,6.419,182,20.69,0,1188,870,2717,2178,3174,3568,4475,4506,4316,4162,3420,2455,18643,1348,-0.801,10.11,10.12,1.22,11.33,Healthy,train
C0293,6,18,4.857,35.72,4.837,6.695,165,14.69,0,1348,998,2851,2280,2704,3184,4305,5171,5050,4798,4046,2549,20321,1447,0.148,17.3,16.07,-2.46,14.83,Healthy,train
C0628,1,3,4.739,35.21,4.765,6.687,165,21.52,0,1202,872,2555,2054,2784,3412,4032,4544,4354,4104,3851,2557,18498,1360,0.076,9.26,10.81,2.3,11.55,Healthy,train
C0468,2,6,6.918423460414709,37.47774970892708,6.659033389071144,7.089230200901712,519,5.284677900811673,1,1958,1476,3957,3373,5072,5419,7107,7511,6985,6514,5905,3961,30181,2098,1.9700333890711448,65.77321957367027,62.20689125049588,15.587594555094476,81.36081412876474,Clinical,train
C0456,1,3,4.882,35.6,4.873,6.559,175,21.6,0,1417,1026,2774,2288,3064,3434,4602,4985,4875,4290,3876,2586,20294,1441,0.184,15.46,15.46,0.0,15.46,Healthy,train
C0557,1,3,4.931,35.21,4.958,6.78,223,21.37,0,1305,1040,3118,2400,3427,4024,4752,5371,5244,4530,4502,3007,21964,1528,0.269,17.68,17.68,0.0,17.68,Healthy,train
C0719,6,18,4.606,35.19,4.633,6.733,104,17.49,0,1079,782,2443,1808,2577,3171,3769,4420,3938,3581,3574,2451,16589,1309,-0.056,8.6,9.39,-0.23,8.38,Healthy,train
C0108,3,9,6.53,37.78944986141236,6.2459907862877095,7.170128455142109,507,8.988439037210204,1,1887,1408,4335,3346,4850,5158,7152,7704,7094,6883,5969,4178,31282,2059,1.5569907862877097,61.81277287817247,58.385358797949365,17.167961534660975,78.97411056454749,Clinical,train
C0190,4,12,4.403,35.63,4.392,6.649,99,19.21,0,1016,784,2209,1671,2303,2755,3442,3877,3758,3701,3342,2109,15817,1154,-0.297,10.54,9.13,-2.72,7.83,Healthy,train
C0309,1,3,4.91,35.45,4.915,6.603,179,21.35,0,1270,906,2643,2086,2684,3190,3810,4622,4708,4161,3371,2442,18708,1312,0.226,16.35,15.27,-2.53,13.81,Healthy,train
C0251,1,3,6.666056417812958,37.97030391203938,6.353086809016896,7.020907371523214,502,10.958673348729548,1,1868,1355,4119,3393,4374,4207,5429,6927,6940,6929,5680,4054,28531,1958,1.6640868090168954,51.10682994175869,51.80387811326328,28.272349390501525,79.37917933226021,Clinical,train
C0481,2,6,6.019,37.84,5.751,7.039,428,12.99,0,1770,1264,3815,2931,4028,4559,6326,5903,6083,5285,5460,3675,25520,1832,1.062,36.29,38.9,17.74,54.03,Subclinical,train
C0364,5,15,5.8551209889025975,37.79245108790278,5.599401627501382,6.994312568538023,774,12.04925340513717,1,1935,1388,4050,3471,4678,5122,6554,7356,7143,6031,6257,4328,28724,2002,0.9104016275013824,56.440773215871786,59.42542808967036,30.0834449847726,86.52421820064438,Clinical,train
C0296,6,18,5.132,35.93,5.09,6.713,230,17.48,0,1255,933,2649,2120,2923,3504,4594,4706,4520,4127,3661,2404,19590,1422,0.401,15.57,17.94,4.74,20.31,Healthy,train
C0317,1,3,5.421,36.36,5.332,6.776,325,18.06,0,1394,1041,2988,2535,3341,3767,5127,5701,4988,4937,4552,2956,21787,1550,0.643,20.31,23.11,13.13,33.44,Subclinical,train
C0057,3,9,4.629,34.64,4.705,6.518,171,17.26,0,1216,927,2737,2224,2911,3311,4640,4381,4376,4110,3604,2514,18963,1439,0.016,9.43,11.67,3.18,12.61,Healthy,train
C0127,4,12,8.09,38.62,7.61,7.19,680,12.1,1,2279,1635,4719,4063,5010,4903,5840,8415,7965,7855,7043,4653,33665,2174,2.921,83.43,80.46,13.35,96.78,Clinical,train
C0149,6,18,4.425,35.83,4.397,6.687,83,19.39,0,1018,736,2155,1797,2409,2707,3546,4017,3825,3469,3326,2133,16619,1173,-0.292,9.01,9.35,1.53,10.54,Healthy,train
C0206,5,15,5.167,36.56,5.063,6.813,245,16.0,0,1393,1067,2859,2518,3292,3983,4635,5788,4868,5121,4489,3203,23130,1720,0.374,21.25,19.92,3.17,24.42,Healthy,train
C0012,1,3,4.331,35.85,4.302,6.633,124,19.83,0,1185,907,2459,1965,3068,3332,4082,4769,4279,4212,3268,2481,18398,1359,-0.387,12.85,10.37,-4.57,8.27,Healthy,train
C0626,5,15,4.347,35.73,4.328,6.418,174,18.52,0,1399,985,2943,2152,2912,3268,4350,4411,4479,3932,3844,2788,19388,1414,-0.361,11.33,11.33,0.0,11.33,Healthy,train
C0790,6,18,6.352,37.45,6.117,7.061,594,11.7,1,1995,1627,4438,3498,4978,5348,6346,7441,7313,7110,6482,4305,31383,2054,1.428,49.57,53.01,28.55,78.11,Clinical,train
C0325,4,12,6.736,37.2,6.518,6.885,397,11.6,0,1639,1269,3661,2835,3850,4198,5632,6452,5843,5386,5029,3459,25121,1688,1.829,46.07,44.84,15.82,61.89,Subclinical,train
C0633,6,18,4.53,35.55,4.526,6.773,181,23.55,0,1295,899,2767,2271,3127,3528,4596,4755,4456,4129,3768,2554,19396,1418,-0.163,15.05,13.81,-2.39,12.66,Healthy,train
C0691,5,15,5.322,36.46,5.225,6.776,271,17.16,0,1305,1073,2979,2398,3191,3676,4754,5267,4933,4555,4251,2726,21851,1503,0.536,15.9,19.25,11.89,27.79,Healthy,train
C0502,6,18,4.629,34.98,4.675,6.461,116,17.21,0,1057,850,2356,1842,2632,3298,4033,4445,4056,3789,3510,2272,17980,1372,-0.014,9.02,8.75,-0.55,8.48,Healthy,train
C0233,3,9,5.013,35.21,5.041,6.533,85,24.25,0,1065,759,2121,1753,2441,2918,3829,4496,4359,3777,3611,2398,17234,1252,0.352,11.53,10.44,0.57,12.1,Healthy,train
C0654,6,18,7.29,37.86,6.963,7.15,499,10.3,0,1895,1408,4018,3167,3632,4039,4994,6058,5909,5418,4960,3616,24750,1719,2.274,61.77,58.64,16.34,78.1,Clinical,test
C0729,4,12,5.889,36.44,5.784,6.856,362,14.19,0,1392,1137,3115,2648,3106,3618,4767,6118,5181,5043,4353,3060,23648,1735,1.095,26.08,29.37,18.1,44.18,Subclinical,test
C0523,4,12,4.811,35.4,4.82,6.689,162,28.86,0,1145,831,2357,2038,2754,3263,4047,4706,4539,4030,3347,2332,18164,1389,0.131,16.31,14.29,-1.16,15.15,Healthy,test
C0436,1,3,4.957,35.66,4.942,6.549,124,20.52,0,1174,847,2547,1989,2750,3008,4196,4557,4291,3759,3609,2470,18070,1420,0.253,13.19,13.19,0.0,13.19,Healthy,test
C0541,4,12,4.836,35.26,4.858,6.455,137,20.1,0,1133,856,2456,2021,2852,3380,4125,4704,4159,4200,3336,2432,18354,1360,0.169,15.17,12.49,-3.78,11.38,Healthy,test
C0276,1,3,4.819,35.7,4.801,6.667,138,20.9,0,1264,848,2731,2096,2833,3270,4218,5311,4386,4188,3744,2544,19242,1370,0.112,16.16,16.16,0.0,16.16,Healthy,test
C0099,5,15,4.901,36.18,4.838,6.654,130,24.3,0,1126,845,2437,2027,2766,3176,4121,4271,4231,3850,3689,2481,17550,1329,0.149,12.95,13.34,2.9,15.85,Healthy,test
C0305,6,18,5.052,36.08,4.996,6.777,163,23.72,0,1279,957,2568,2185,2745,3461,4333,5197,4586,4343,3716,2586,20041,1436,0.307,15.94,15.88,1.75,17.69,Healthy,test
C0630,2,6,3.902,35.14,3.929,6.7,153,14.57,0,1161,955,2735,2078,2888,3189,4341,4853,4475,4252,4003,2712,19401,1436,-0.76,8.6,8.79,0.38,8.98,Healthy,test
C0168,5,15,5.11,35.4,5.12,6.749,77,18.65,0,1270,821,2615,2080,2871,3148,4021,4656,4225,4468,3593,2399,18589,1346,0.431,12.5,12.08,-0.3,12.19,Healthy,test
C0732,6,18,5.232,35.53,5.229,6.63,60,23.62,0,989,789,2162,1773,2505,2875,3633,3674,3715,3583,3375,2174,15788,1252,0.54,10.46,13.06,5.38,15.84,Healthy,test
C0120,6,18,4.967,35.68,4.95,6.737,122,21.51,0,1246,934,2639,2332,2971,3398,4400,4350,4469,4112,3627,2458,19708,1453,0.261,13.59,15.35,1.35,14.94,Healthy,test
C0018,3,9,4.734,36.36,4.657,6.711,144,18.11,0,1254,900,2483,2289,2966,3507,4419,4525,4406,4075,3655,2406,19084,1358,-0.032,14.05,13.65,0.2,14.25,Healthy,test
C0466,3,9,4.609,36.02,4.563,6.723,87,19.75,0,1016,747,2283,1863,2496,2838,3898,4058,3818,3574,3085,2109,16386,1237,-0.126,10.94,10.26,-1.27,9.67,Healthy,test
C0038,1,3,4.83,35.89,4.794,6.672,154,21.44,0,1123,763,2430,1875,2682,2975,4087,4768,3979,3654,3641,2262,17902,1304,0.105,14.09,14.09,0.0,14.09,Healthy,test
C0476,1,3,4.812,35.84,4.781,6.677,155,23.12,0,1152,858,2516,1986,2922,3466,4109,4797,4724,4278,3720,2587,19555,1454,0.092,11.98,11.98,0.0,11.98,Healthy,test
C0620,6,18,4.78,35.24,4.804,6.579,140,24.15,0,1222,902,2631,2006,2670,3211,3988,4338,4341,3947,3435,2466,18507,1384,0.115,14.03,12.75,-2.73,11.3,Healthy,test
C0643,2,6,4.533,35.72,4.514,6.919,87,24.4,0,1073,814,2403,1902,2688,3078,3558,4211,3659,3756,3072,2208,16636,1280,-0.175,9.7,9.53,-0.34,9.36,Healthy,test
C0277,4,12,4.76,35.37,4.772,6.79,189,23.5,0,1170,925,2702,2132,3081,3420,4372,4527,4366,4117,3633,2586,19198,1351,0.083,12.66,13.18,-0.83,11.83,Healthy,test
C0615,2,6,4.958,35.94,4.917,6.71,182,19.65,0,1267,1061,2967,2473,3218,3964,5033,5721,5211,4912,4550,2979,21686,1555,0.228,10.53,14.98,8.9,19.42,Healthy,test
C0030,5,15,4.64,35.93,4.602,6.805,174,21.99,0,1176,918,2724,2151,2982,3277,4482,4548,4620,4317,3806,2463,19200,1452,-0.087,10.48,11.71,0.41,10.89,Healthy,test
C0669,2,6,4.818,35.38,4.829,6.561,184,25.63,0,1138,842,2382,2016,2386,3043,3965,4216,3953,3737,3119,2052,17540,1249,0.14,10.89,11.76,1.73,12.62,Healthy,test
C0780,4,12,5.646,36.45,5.544,6.961,327,14.6,0,1471,1081,3032,2699,3899,4314,5407,5977,5514,5301,4709,3076,24237,1678,0.855,18.24,22.81,17.93,36.17,Subclinical,test
C0219,1,3,4.586,35.82,4.558,6.583,174,23.49,0,1212,841,2503,2091,2645,3153,3930,4807,4664,4127,3789,2398,19162,1328,-0.131,12.1,12.1,0.0,12.1,Healthy,test
C0211,3,9,4.915,34.17,5.039,6.727,125,15.92,0,1240,926,2665,2188,3084,3484,4779,4465,4319,4050,3643,2698,19470,1374,0.35,9.4,10.14,1.18,10.58,Healthy,test
C0608,3,9,5.191,35.0,5.24,6.68,84,26.07,0,1057,778,2377,1892,2393,2938,3805,4157,3891,3444,3018,2101,16490,1273,0.551,11.66,13.12,3.25,14.92,Healthy,test
C0469,4,12,4.683,36.2,4.621,6.597,126,19.05,0,1121,788,2315,1858,2495,2863,4080,4109,3806,3505,2947,2168,16409,1274,-0.068,14.43,14.05,-1.86,12.56,Healthy,test
C0625,5,15,5.845,37.76,5.594,7.009,577,14.33,1,2377,1725,4612,3810,4923,5282,7117,7718,7580,6855,6787,4955,31386,2125,0.905,43.65,48.91,28.04,71.69,Clinical,test
C0775,3,9,4.78,35.02,4.824,6.759,203,19.46,0,1269,966,2907,2377,3060,3512,4570,5047,4213,4178,3871,2789,20021,1370,0.135,11.79,13.7,3.69,15.48,Healthy,test
C0218,5,15,4.789,35.89,4.754,6.7,207,16.54,0,1279,980,2669,2383,2928,3475,4514,4701,4115,4291,3690,2441,18971,1392,0.065,13.31,13.85,0.88,14.19,Healthy,test
C0006,5,15,4.492,35.98,4.451,6.71,112,22.86,0,1073,822,2371,1835,2737,3076,3856,4757,4246,3915,3265,2152,17588,1293,-0.238,12.61,13.26,3.24,15.85,Healthy,test
C0127,1,3,4.5,34.68,4.57,6.69,85,12.43,0,993,747,2205,1827,2516,2633,3480,3855,3694,3442,3025,2078,16307,1223,-0.119,8.21,8.21,0.0,8.21,Healthy,test
C0780,2,6,4.93,35.82,4.9,6.746,184,17.41,0,1249,991,2730,2273,3041,3900,5014,5350,4859,4711,3966,2813,20618,1524,0.211,12.37,13.2,1.67,14.04,Healthy,test
C0101,6,18,7.16,37.68,6.863,7.05,631,8.2,1,2011,1536,4242,3486,4836,5729,6960,7744,6979,7128,6221,4684,30637,2096,2.174,75.05,69.44,13.2,88.25,Clinical,test
C0552,4,12,4.276,35.19,4.301,6.744,88,17.14,0,1110,779,2366,1889,2331,2755,3901,4241,3813,3648,3100,2001,16287,1319,-0.388,6.41,7.36,1.23,7.64,Healthy,test
C0764,4,12,4.854,36.04,4.804,6.559,138,15.57,0,1217,848,2520,2006,2699,2965,3715,4399,4039,3813,3554,2263,16698,1223,0.115,15.51,13.68,-4.16,11.35,Healthy,test
C0530,5,15,4.784,35.23,4.809,6.63,150,21.11,0,1121,794,2415,1921,2558,3318,4179,4649,4079,3969,3707,2492,17939,1320,0.12,12.19,12.44,1.39,13.58,Healthy,test
C0663,4,12,4.789,35.95,4.748,6.801,94,19.53,0,1115,790,2187,1898,2491,2936,3818,4315,4124,3646,3331,2285,16677,1271,0.059,13.66,11.66,-1.43,12.23,Healthy,test
C0620,3,9,4.957,35.2,4.985,6.624,124,23.23,0,1208,882,2809,2138,2674,3103,4495,4586,4387,3840,3499,2319,18075,1416,0.296,12.22,12.16,0.52,12.74,Healthy,test
C0395,5,15,4.714,36.0,4.669,6.661,168,20.46,0,1265,896,2714,2093,2835,3167,4150,4612,4379,4262,3638,2763,19086,1462,-0.02,17.49,14.85,-4.95,12.53,Healthy,test
C0613,6,18,4.89,34.25,5.006,6.589,130,17.78,0,1108,812,2465,2107,2541,2744,3832,4636,4261,3781,3509,2260,17535,1351,0.317,11.72,11.35,-0.83,10.89,Healthy,test
C0550,1,3,4.551,35.8,4.525,6.741,117,18.47,0,1085,858,2434,1979,2520,2963,3879,4276,4050,4043,3379,2270,17915,1399,-0.164,9.71,9.71,0.0,9.71,Healthy,test
C0366,2,6,5.106,36.04,5.054,6.716,176,17.11,0,1216,914,2637,2242,3139,3371,4367,5105,4610,4536,3548,2515,20799,1499,0.365,11.18,14.21,6.06,17.24,Healthy,test
C0092,3,9,4.797,35.39,4.807,6.649,102,28.62,0,1232,904,2806,2082,3228,3556,4834,4778,4402,4110,3563,2426,19685,1360,0.118,10.81,11.06,-1.33,9.48,Healthy,test
C0112,5,15,4.521,34.12,4.64,6.573,199,18.92,0,1189,911,2663,2086,2795,3308,4533,4732,4566,4306,3830,2514,19303,1441,-0.049,9.48,10.45,1.55,11.02,Healthy,test
C0093,2,6,5.027,35.88,4.991,6.721,175,17.23,0,1199,936,2641,2228,2923,3193,4524,5011,4402,4042,3760,2501,19482,1375,0.302,11.19,12.65,2.92,14.11,Healthy,test
C0503,3,9,5.328,36.1,5.267,6.829,301,16.55,0,1283,1000,2917,2406,3169,3543,4586,5166,5017,4270,4207,2646,20829,1507,0.578,22.5,21.04,6.7,29.19,Healthy,test
C0667,3,9,5.152,35.55,5.147,6.505,104,17.86,0,1238,874,2626,2051,2744,3060,3635,4655,4342,4074,3371,2467,17929,1415,0.458,15.72,14.76,-0.13,15.58,Healthy,test
C0455,5,15,4.566,35.87,4.534,6.707,110,19.87,0,1052,799,2263,1683,2576,2903,3734,4161,3937,3653,3705,2392,16146,1298,-0.155,9.02,9.66,2.51,11.53,Healthy,test
C0299,1,3,4.854,35.5,4.854,6.604,94,16.57,0,1072,854,2566,2055,2688,3036,4038,4321,4118,3877,3631,2274,18122,1444,0.165,15.24,15.24,0.0,15.24,Healthy,test
C0723,1,3,4.261,35.34,4.274,6.76,152,18.14,0,1179,818,2568,1949,2800,3111,4012,4664,4281,3937,3464,2391,18182,1325,-0.415,10.04,10.04,0.0,10.04,Healthy,test
C0751,2,6,5.305,35.97,5.258,6.696,176,20.43,0,1169,934,2570,1917,2801,2962,4322,4648,4354,4076,3931,2705,18323,1289,0.569,14.5,17.43,5.86,20.36,Healthy,test
C0779,4,12,4.288,35.79,4.264,6.529,149,20.13,0,1257,885,2791,1978,2646,3146,3963,4277,3932,4010,3544,2446,17848,1396,-0.425,9.61,9.18,-0.93,8.68,Healthy,test
C0251,6,18,6.63,37.66,6.358,7.02,486,9.5,1,1966,1499,4330,3472,4472,4516,5514,6713,6813,6061,5688,3961,28775,1928,1.669,64.78,59.8,13.69,78.47,Clinical,test
C0754,4,12,5.488,36.67,5.366,6.921,369,14.73,0,1356,1132,3342,2707,3793,4229,5549,5652,5238,5029,4464,2918,22883,1549,0.677,24.9,26.6,10.85,35.74,Subclinical,test
C0052,4,12,4.309,35.96,4.271,6.682,136,21.35,0,1089,873,2536,1923,2576,3183,3871,4619,4509,3880,3715,2298,17578,1245,-0.418,8.11,9.49,1.23,9.34,Healthy,test
C0402,3,9,4.875,34.58,4.96,6.709,116,20.8,0,1213,891,2604,1953,2791,3353,3969,3993,3824,3767,3658,2404,17287,1368,0.271,7.14,9.26,2.38,9.52,Healthy,test
C0623,3,9,5.367,36.28,5.287,6.798,260,17.57,0,1526,1128,3140,2570,3564,4084,5272,6085,5611,5319,4232,2738,23231,1670,0.598,15.7,19.16,12.85,28.55,Healthy,test
C0074,1,3,4.766,35.94,4.726,6.673,160,19.81,0,1335,971,2853,2320,3109,3565,4768,5034,4630,4747,3719,2794,20535,1470,0.037,15.09,15.09,0.0,15.09,Healthy,test
C0508,4,12,5.667,36.73,5.535,6.906,359,15.88,0,1386,1096,2987,2479,3207,3655,4821,5260,5070,4337,4202,3082,20360,1544,0.846,27.49,28.74,13.77,41.27,Subclinical,test
C0002,6,18,5.033,35.76,5.008,6.467,103,20.08,0,997,855,2435,1948,2694,2955,4007,4329,4140,3827,3201,2342,17550,1271,0.319,14.77,15.51,1.19,15.97,Healthy,test
C0616,1,3,4.878,35.46,4.882,6.45,202,18.3,0,1204,982,2707,2116,2981,3647,4780,4971,4449,4319,3937,2654,19812,1489,0.193,15.62,15.62,0.0,15.62,Healthy,test
C0343,3,9,4.508,35.47,4.511,6.723,141,24.14,0,1169,848,2505,2075,2842,3360,4217,4627,4660,4368,3542,2437,19004,1390,-0.178,11.45,11.21,1.79,13.24,Healthy,test
C0122,4,12,5.636,36.79,5.498,6.871,312,15.17,0,1448,988,3044,2313,3121,3497,4717,5119,4548,4388,4144,2987,20556,1562,0.809,25.75,25.26,10.45,36.19,Subclinical,test
C0093,4,12,5.71,36.62,5.588,6.881,311,13.62,0,1455,1012,2970,2493,3499,4040,5220,5513,5289,4619,4367,2983,22548,1531,0.899,21.64,23.76,13.88,35.52,Subclinical,test
C0221,3,9,4.324,35.73,4.305,6.621,172,16.74,0,1317,973,2839,2416,3268,3930,4877,5023,4940,4541,4353,2742,21709,1513,-0.384,10.59,9.97,-0.38,10.22,Healthy,test
C0161,3,9,4.83,35.28,4.85,6.545,174,25.51,0,1247,908,2625,2130,2893,3186,4303,4985,4529,4071,3414,2333,18912,1420,0.161,12.75,10.84,-1.52,11.23,Healthy,test
C0274,4,12,4.741,35.63,4.729,6.514,146,17.68,0,1128,830,2605,2011,2851,3212,4079,4670,4241,4022,3356,2327,18599,1355,0.04,17.64,13.71,-7.26,10.38,Healthy,test
C0704,3,9,4.741,35.32,4.757,6.753,119,17.88,0,1034,795,2266,1891,2660,3044,3922,4160,3829,3484,3032,2272,16930,1242,0.068,12.32,10.17,-1.92,10.4,Healthy,test
C0535,1,3,4.327,35.59,4.32,6.673,136,19.84,0,1114,765,2371,1892,2818,2877,3987,3937,3879,3928,3483,2261,17682,1382,-0.369,7.92,7.92,0.0,7.92,Healthy,test
C0333,6,18,4.332,35.98,4.292,6.594,207,19.4,0,1203,950,2758,2184,3049,3429,4499,4731,4314,4390,3663,2612,19232,1350,-0.397,10.53,12.08,0.85,11.38,Healthy,test
C0304,4,12,4.797,35.47,4.8,6.677,181,21.62,0,1217,884,2779,2215,2862,3194,4363,4951,4819,4533,3960,2569,19825,1472,0.111,14.87,14.6,0.31,15.18,Healthy,test
C0730,6,18,5.176,35.36,5.19,6.684,157,24.02,0,1273,995,2725,2440,3182,3654,4758,4365,4135,3949,3717,2475,19868,1390,0.501,15.24,15.12,-0.34,14.9,Healthy,test
C0542,6,18,7.31,38.49,6.895,7.16,801,9.4,1,2160,1600,4746,3906,5178,5554,7478,8500,7594,7006,6070,4051,32937,2124,2.206,80.48,77.3,14.92,95.4,Clinical,test
C0315,5,15,4.413,35.59,4.405,6.704,158,22.16,0,1271,835,2597,2084,2821,3448,4233,4919,4690,4217,3885,2521,19489,1439,-0.284,12.9,11.13,-3.3,9.6,Healthy,test
C0568,1,3,5.065,35.91,5.026,6.56,123,18.3,0,1172,864,2546,2000,2736,3323,4225,4074,3960,3969,3643,2373,18059,1348,0.337,16.78,16.78,0.0,16.78,Healthy,test
C0792,6,18,4.602,35.47,4.605,6.594,37,17.4,0,1042,707,2141,1705,2439,2928,3581,4102,3687,3656,2869,1946,16225,1215,-0.084,8.96,7.71,-0.34,8.62,Healthy,test
C0715,5,15,4.741,36.12,4.685,6.705,103,16.75,0,1096,797,2319,1954,2496,2855,3656,3969,3846,3724,3442,2333,16516,1247,-0.004,13.46,12.96,0.74,14.2,Healthy,test
C0297,3,9,4.34,35.41,4.347,6.592,142,14.31,0,1205,955,2676,2173,3073,3289,4449,4850,4758,4133,4067,2665,19636,1429,-0.342,9.03,9.45,-0.43,8.6,Healthy,test
C0190,3,9,4.531,35.92,4.495,6.73,231,19.45,0,1244,948,2660,2199,2932,3296,4174,4734,4269,4312,3788,2536,19095,1436,-0.194,16.93,14.86,-4.28,12.65,Healthy,test
C0016,2,6,4.97,35.91,4.931,6.75,195,20.62,0,1235,975,2762,2193,2930,3398,4473,5285,4735,4578,4030,2912,20548,1574,0.242,9.58,12.08,5.0,14.58,Healthy,test
C0337,6,18,4.754,34.63,4.833,6.64,147,18.45,0,1161,813,2451,1993,2781,3228,4155,4206,3636,3518,3393,2321,17294,1205,0.144,12.26,10.43,-1.39,10.87,Healthy,test
C0441,6,18,4.476,35.73,4.456,6.853,198,20.47,0,1296,917,2572,2139,3164,3586,4694,4914,4348,4308,4017,2694,19582,1393,-0.233,12.88,12.37,-0.05,12.83,Healthy,test
C0043,6,18,5.263,35.35,5.278,6.622,163,16.57,0,1275,943,2835,2299,2992,3212,4434,4950,4751,4587,3811,2611,20005,1396,0.589,14.78,15.8,0.11,14.89,Healthy,test
C0769,4,12,5.284,35.84,5.25,6.76,38,19.87,0,1026,732,2317,1793,2377,2764,3621,4010,3716,3563,3474,2358,15559,1183,0.561,10.37,12.32,1.57,11.94,Healthy,test
C0543,5,15,4.956,35.38,4.967,6.621,169,16.57,0,1177,901,2482,1941,3262,3478,4691,4587,4334,3953,3974,2476,18833,1374,0.278,11.58,14.04,6.33,17.91,Healthy,test
C0006,6,18,4.687,36.15,4.629,6.694,115,22.93,0,1119,769,2412,1907,2715,3330,4035,4730,4450,4190,3471,2345,17883,1328,-0.06,15.85,13.82,-2.82,13.02,Healthy,test
C0130,3,9,4.82,35.89,4.784,6.625,148,17.78,0,1088,831,2536,1909,2862,3330,4183,4313,4120,4070,3469,2351,18749,1370,0.095,13.99,13.06,-1.18,12.81,Healthy,test
C0269,3,9,4.445,35.11,4.478,6.695,137,16.64,0,1177,897,2473,2061,2721,3290,3882,4612,4733,4173,3630,2597,18119,1327,-0.211,7.25,8.91,2.78,10.03,Healthy,test
C0478,6,18,4.418,34.97,4.462,6.707,176,19.13,0,1214,915,2547,2010,3156,3429,4418,4750,4397,3987,3721,2644,19804,1393,-0.227,9.13,9.02,-1.52,7.61,Healthy,test
C0541,1,3,4.514,35.33,4.529,6.445,137,21.15,0,1233,891,2536,2132,3175,3266,4435,4847,4296,4219,3654,2538,19695,1339,-0.16,11.53,11.53,0.0,11.53,Healthy,test
C0578,6,18,6.81,37.81,6.511,7.15,675,10.8,1,2280,1677,4640,4050,4622,5045,6807,7131,7327,7477,6622,4272,32401,2196,1.822,73.43,67.45,15.58,89.01,Clinical,test
C0306,2,6,4.816,35.82,4.787,6.726,206,19.2,0,1208,868,2595,2093,3135,3403,4750,5191,4958,4649,3655,2533,19888,1439,0.098,15.82,14.39,-2.87,12.95,Healthy,test
C0257,6,18,4.582,35.08,4.619,6.637,135,17.44,0,1276,954,2773,2145,2902,3395,4476,5015,4364,3929,3998,2792,19646,1358,-0.07,11.5,10.78,-0.91,10.58,Healthy,test
C0534,6,18,4.471,35.19,4.497,6.551,201,19.72,0,1136,805,2299,2010,2988,3155,4161,4360,4271,3935,3610,2436,17814,1405,-0.192,10.77,11.81,1.48,12.25,Healthy,test
C0701,1,3,4.007,35.87,3.979,6.723,130,17.16,0,998,776,2253,1840,2518,2898,3752,4293,4277,3581,3395,2294,16527,1242,-0.71,5.77,5.77,0.0,5.77,Healthy,test
C0463,5,15,5.966,37.68,5.719,6.914,539,13.06,1,1929,1348,4047,3549,4739,5502,6821,7217,6968,6878,6392,4288,30258,2059,1.03,42.09,44.87,27.46,69.55,Subclinical,test
C0124,4,12,4.243,34.9,4.291,6.606,128,24.01,0,1046,829,2456,1857,2533,2932,3543,4247,3783,3697,3295,2347,16706,1321,-0.398,9.17,8.0,-1.71,7.46,Healthy,test
C0300,3,9,5.123,34.57,5.214,6.624,115,16.76,0,1287,956,2817,2072,3119,3356,4326,4939,4712,4211,3840,2554,19951,1505,0.525,16.56,14.53,-3.9,12.66,Healthy,test
C0680,1,3,4.401,35.91,4.367,6.667,124,19.72,0,1164,830,2342,1984,2793,3263,4161,4745,4648,4146,3283,2293,18294,1412,-0.322,9.99,9.99,0.0,9.99,Healthy,test
C0015,2,6,4.911,35.87,4.876,6.709,178,19.14,0,1174,804,2354,2004,2905,3289,4159,4629,4229,3802,3435,2394,18263,1358,0.187,12.12,15.31,6.39,18.5,Healthy,test
C0784,1,3,4.928,35.23,4.953,6.668,185,25.1,0,1391,1005,2978,2343,3077,3686,4727,4933,4704,4388,4189,2819,20546,1442,0.264,16.33,16.33,0.0,16.33,Healthy,test
C0467,3,9,5.107,35.62,5.095,6.49,164,18.29,0,1239,990,2749,2245,3070,3383,4575,4843,4947,4546,3809,2574,19970,1424,0.406,15.25,15.79,2.17,17.43,Healthy,test
C0186,3,9,5.339,36.05,5.283,6.838,275,17.53,0,1411,1043,3005,2693,3627,4211,5455,6012,5264,5075,4450,3185,23427,1641,0.594,15.73,17.22,11.38,27.11,Healthy,test
C0150,5,15,4.508,35.73,4.488,6.769,188,19.17,0,1207,943,2498,2092,3021,3273,4212,4863,4752,4376,3801,2513,19123,1431,-0.201,12.44,12.54,0.44,12.89,Healthy,test
C0488,3,9,5.294,36.22,5.222,6.801,214,15.49,0,1258,925,2588,2087,2938,3388,4481,5078,4780,4490,3926,2647,19227,1442,0.533,20.23,19.5,1.93,22.16,Healthy,test
C0237,5,15,4.325,35.09,4.359,6.588,122,17.12,0,1062,781,1971,1757,2607,2826,3819,4117,3792,3590,3070,2111,16506,1248,-0.33,6.77,6.95,0.52,7.28,Healthy,test
C0540,4,12,4.536,36.1,4.484,6.654,145,19.02,0,1177,895,2658,2038,2644,2937,4006,4991,4527,4132,3298,2298,18088,1371,-0.205,9.05,10.89,4.64,13.69,Healthy,test
C0040,3,9,5.637,36.51,5.529,6.792,266,16.57,0,1577,1136,3083,2427,3671,4023,5382,6063,5392,5267,4418,3085,23758,1632,0.84,19.83,21.23,11.8,31.63,Subclinical,test
C0594,1,3,5.0,35.71,4.98,6.66,166,22.65,0,1171,865,2646,2026,3090,3482,4762,4355,4507,4322,3772,2468,19844,1418,0.291,14.31,14.31,0.0,14.31,Healthy,test
C0190,6,18,4.64,35.79,4.614,6.738,236,18.4,0,1216,873,2773,2113,2709,3199,4145,4738,4323,4059,3572,2302,18784,1483,-0.075,15.22,15.23,1.57,16.8,Healthy,test
C0552,3,9,4.223,35.26,4.242,6.743,88,16.66,0,1031,789,2429,1790,2473,2778,3675,3873,3764,3693,3021,2030,16457,1322,-0.447,8.03,7.44,-1.62,6.41,Healthy,test
C0064,6,18,4.212,35.06,4.247,6.68,108,21.44,0,1063,816,2312,1818,2576,2818,3724,3838,3700,3526,3195,2290,17125,1270,-0.442,6.78,6.64,0.81,7.59,Healthy,test
C0553,5,15,4.803,35.26,4.825,6.8,188,20.59,0,1346,1053,2842,2200,3128,3738,4589,4908,4525,4395,4025,2757,19779,1443,0.136,14.19,14.38,-0.89,13.3,Healthy,test
C0762,3,9,5.175,35.42,5.183,6.687,182,14.25,0,1338,1033,2845,2206,3327,3763,4778,5366,5040,4781,4027,2683,21555,1541,0.494,17.09,15.84,-2.52,14.57,Healthy,test
C0345,5,15,4.986,35.42,4.994,6.687,145,21.49,0,1109,825,2319,1934,2954,3305,4265,5019,4466,4262,3629,2471,18230,1269,0.305,9.59,11.33,2.47,12.06,Healthy,test
C0079,1,3,4.75,35.75,4.727,6.673,157,20.59,0,1171,935,2633,2164,2935,3263,4478,4673,4486,4149,3917,2576,19129,1442,0.038,13.79,13.79,0.0,13.79,Healthy,test
C0290,2,6,4.767,36.32,4.693,6.639,186,14.6,0,1066,855,2341,1844,2994,3530,4626,4829,4049,4040,3782,2307,18519,1296,0.004,17.43,16.81,-1.24,16.19,Healthy,test
C0236,6,18,4.64,35.94,4.601,6.612,126,17.55,0,1091,907,2438,2035,2930,3264,3945,4620,4359,3938,3823,2587,18303,1343,-0.088,12.52,12.2,0.47,12.99,Healthy,test
C0600,3,9,5.481,36.22,5.406,6.748,229,16.36,0,1427,1074,3240,2371,3078,3492,4585,5436,5146,4612,4358,2900,21588,1521,0.717,16.47,19.46,10.11,26.57,Healthy,test
C0315,4,12,4.453,35.54,4.45,6.682,148,22.6,0,1196,881,2469,2054,3062,3281,4446,4948,4284,3976,3919,2637,19019,1364,-0.239,10.89,11.25,2.0,12.9,Healthy,test
C0429,6,18,4.517,35.13,4.549,6.69,209,19.43,0,1300,1027,2799,2312,3122,3592,4380,5075,4547,4458,4050,2833,20514,1502,-0.14,11.16,10.68,0.22,11.39,Healthy,test
C0567,1,3,4.821,35.84,4.79,6.671,158,18.24,0,1024,835,2323,1868,2658,3245,4026,4648,4425,4297,3481,2174,18121,1364,0.101,15.24,15.24,0.0,15.24,Healthy,test
C0117,2,6,4.821,34.7,4.894,6.722,140,19.65,0,1220,902,2561,2131,2755,3403,4178,4668,4325,4158,3603,2207,18573,1441,0.205,10.99,10.27,-1.43,9.56,Healthy,test
C0099,3,9,4.797,36.25,4.729,6.648,116,23.77,0,1079,796,2444,1874,2618,3080,3922,4093,3908,3701,3653,2431,16201,1238,0.04,14.57,12.38,-3.35,11.22,Healthy,test
C0464,2,6,4.532,36.64,4.434,6.541,107,18.75,0,1191,783,2349,1951,2833,3155,3991,4237,4159,3845,3541,2350,17422,1288,-0.255,12.26,12.92,1.34,13.59,Healthy,test
C0076,5,15,4.925,35.63,4.913,6.572,81,21.6,0,1202,832,2441,1984,2596,2809,3637,4609,4253,3985,3502,2383,17507,1323,0.224,12.73,11.84,0.02,12.75,Healthy,test
C0184,4,12,4.746,35.72,4.726,6.551,57,18.74,0,1146,793,2247,1924,2475,2845,3614,4160,3833,3149,3023,2037,16046,1223,0.037,10.26,10.92,1.52,11.77,Healthy,test
C0501,2,6,4.617,35.66,4.603,6.473,106,26.01,0,1130,852,2314,2012,2911,3280,4139,4297,4150,3994,3243,2267,17491,1361,-0.086,12.71,10.57,-4.28,8.43,Healthy,test
C0626,4,12,4.831,35.43,4.837,6.596,189,20.44,0,1204,939,2563,2064,2724,3337,3915,4392,4322,4112,3527,2413,17898,1376,0.148,15.65,16.2,0.69,16.35,Healthy,test
C0732,1,3,5.059,35.54,5.055,6.662,74,23.06,0,1018,755,2302,1759,2609,3002,4055,4387,3961,3455,3370,2368,17295,1285,0.366,11.03,11.03,0.0,11.03,Healthy,test
C0025,5,15,4.586,35.38,4.596,6.893,173,21.11,0,1178,855,2642,2023,2877,3113,4264,4745,4128,4044,3622,2377,19043,1428,-0.093,11.13,11.83,1.17,12.29,Healthy,test
C0565,4,12,4.645,35.39,4.655,6.692,182,18.53,0,1298,934,2812,2126,3113,3555,4629,4473,4649,4094,3720,2720,19623,1403,-0.034,12.46,12.35,-1.15,11.31,Healthy,test
C0081,5,15,4.212,35.25,4.232,6.675,137,19.96,0,1159,878,2710,2042,2867,3238,4050,4433,4098,3860,3374,2165,17925,1340,-0.457,7.06,8.19,0.49,7.55,Healthy,test
C0431,5,15,4.77,35.82,4.741,6.686,189,20.15,0,1236,890,2608,2095,3066,3480,4536,4541,4482,3884,3754,2527,19110,1443,0.052,14.12,14.73,1.44,15.57,Healthy,test
C0342,2,6,4.985,36.03,4.935,6.732,251,19.82,0,1426,1079,3269,2492,3305,3735,4586,5315,5011,4733,3911,2945,21964,1499,0.246,10.9,15.87,9.94,20.84,Healthy,test
C0432,5,15,4.386,35.26,4.406,6.765,138,23.47,0,1100,772,2279,1810,2579,2864,3766,4030,3960,3730,3242,2200,17177,1269,-0.283,8.78,8.91,-1.07,7.72,Healthy,test
C0319,3,9,5.013,36.54,4.914,6.785,240,16.7,0,1424,1011,2988,2360,3328,3523,4605,5033,4919,4685,3727,2986,21204,1449,0.225,13.19,16.49,6.4,19.59,Healthy,test
C0223,2,6,4.294,35.53,4.292,6.615,189,18.08,0,1241,962,2694,2318,3046,3407,4622,5105,4602,4557,3865,2708,19993,1452,-0.397,12.52,10.68,-3.68,8.84,Healthy,test
C0571,3,9,4.988,35.95,4.945,6.607,206,23.6,0,1269,1005,2814,2190,2901,3359,4389,4317,4417,4165,3640,2646,19278,1391,0.256,20.97,18.31,-3.01,17.96,Healthy,test
C0213,5,15,4.651,34.77,4.716,6.732,152,22.93,0,1217,914,2548,2081,3189,3521,4894,4908,4257,4467,3644,2407,20031,1471,0.027,11.78,10.55,-4.22,7.55,Healthy,test
C0311,6,18,5.145,35.76,5.12,6.601,136,23.86,0,1124,842,2578,2078,2801,3121,4043,4174,4329,3830,3597,2318,18118,1352,0.431,14.66,16.05,3.22,17.87,Healthy,test
C0341,5,15,4.863,35.56,4.857,6.66,168,21.21,0,1238,852,2390,2069,2767,3371,4307,4570,4480,3868,3779,2510,18194,1289,0.168,14.89,14.89,-0.25,14.64,Healthy,test
C0068,3,9,4.63,35.33,4.645,6.63,154,17.26,0,1213,906,2597,2181,3202,3143,4446,4907,4413,3950,3974,2593,19128,1397,-0.044,10.65,11.2,0.06,10.71,Healthy,test
C0283,3,9,4.781,35.46,4.785,6.816,161,23.45,0,1379,1002,2839,2460,3287,3815,4962,5296,4499,4403,4230,2876,21245,1505,0.096,12.98,13.31,0.56,13.54,Healthy,test
C0022,6,18,4.699,35.17,4.728,6.498,136,20.55,0,1206,830,2612,1978,2762,2990,4441,4647,4199,4210,3367,2151,18319,1318,0.039,13.67,11.26,-2.54,11.12,Healthy,test
C0412,4,12,5.135,35.77,5.109,6.583,185,22.32,0,1178,885,2481,2122,2716,3393,4339,4732,4468,4158,3709,2348,18829,1429,0.42,18.9,16.77,-2.11,16.79,Healthy,test
C0642,1,3,4.611,33.98,4.744,6.718,138,19.76,0,1282,913,2488,2100,2942,3632,4717,4976,4688,4335,3943,2732,20039,1368,0.055,5.29,5.29,0.0,5.29,Healthy,test
C0544,2,6,4.72,35.46,4.724,6.707,169,17.47,0,1295,978,2653,2213,3247,3817,5320,5592,5033,4605,4058,2704,21752,1548,0.035,13.17,11.15,-4.04,9.13,Healthy,test
C0627,3,9,4.866,34.65,4.945,6.503,154,16.75,0,1154,921,2442,2046,2799,3166,3980,4485,4331,3941,3612,2358,18533,1369,0.256,10.92,10.87,2.04,12.96,Healthy,test
C0706,5,15,5.425,35.26,5.45,6.669,99,21.5,0,1185,908,2439,2109,2896,3391,4429,4443,4171,4202,3868,2522,18465,1384,0.761,16.53,16.82,-0.19,16.34,Healthy,test
C0172,3,9,4.581,36.06,4.532,6.633,154,13.75,0,1220,888,2591,2117,2840,3425,4205,4210,4210,3966,3397,2262,17981,1419,-0.157,14.79,12.99,-3.99,10.8,Healthy,test
C0341,3,9,4.765,35.58,4.758,6.638,185,21.82,0,1249,905,2424,2076,2910,3459,4326,4645,4784,4119,4106,2709,19769,1338,0.069,16.48,16.44,-1.34,15.14,Healthy,test
C0518,6,18,6.92,38.16,6.57,7.27,575,7.6,1,2020,1446,4464,3603,4679,5440,6433,6917,6893,6763,6224,4265,30329,2126,1.881,72.51,64.69,10.47,82.98,Clinical,test
C0654,2,6,5.154,36.02,5.103,6.727,186,18.07,0,1312,974,3002,2256,2928,3270,4230,4588,4304,4190,3692,2521,19568,1420,0.414,10.77,15.21,8.88,19.65,Healthy,test
C0511,5,15,5.177,35.44,5.183,6.717,196,26.4,0,1290,919,2738,2504,2926,3413,4370,5140,4861,4871,3774,2627,20164,1529,0.494,16.85,17.38,1.48,18.33,Healthy,test
C0068,4,12,4.649,35.31,4.666,6.66,161,17.32,0,1232,921,2727,2140,2926,3570,4454,5030,4345,4633,4114,2553,19639,1443,-0.023,10.71,10.65,-0.12,10.59,Healthy,test
C0705,6,18,4.877,35.53,4.874,6.701,73,18.74,0,953,695,1995,1632,2327,2821,3384,4036,3724,3449,2991,2220,15683,1170,0.185,11.68,12.74,1.09,12.77,Healthy,test
C0412,3,9,5.279,35.81,5.248,6.562,183,22.74,0,1269,915,2535,2186,3104,3459,4466,5353,4775,3830,3773,2450,20333,1439,0.559,14.63,18.41,4.27,18.9,Healthy,test
C0698,1,3,4.456,35.92,4.42,6.578,137,17.02,0,1115,791,2568,2127,2773,2877,3960,4339,3962,3834,3493,2369,17222,1270,-0.269,9.95,9.95,0.0,9.95,Healthy,test
C0331,4,12,4.212,35.47,4.214,6.423,212,21.77,0,1306,1034,2976,2412,3156,3467,4455,4860,4313,4128,3629,2397,20674,1466,-0.475,10.42,10.2,-1.0,9.42,Healthy,test
C0034,1,3,4.456,35.37,4.467,6.756,247,18.1,0,1183,856,2466,2072,2714,2977,3928,4603,3988,3888,3609,2384,17504,1265,-0.222,16.35,16.35,0.0,16.35,Healthy,test
C0800,1,3,5.008,35.98,4.962,6.613,171,18.24,0,1192,801,2464,1913,3003,3336,4549,5209,4727,4343,4070,2515,19677,1429,0.273,17.45,17.45,0.0,17.45,Healthy,test
C0235,2,6,4.493,35.06,4.531,6.569,216,22.92,0,1322,995,2836,2318,3359,3732,4915,5202,5151,4845,4377,3014,21506,1495,-0.158,12.23,11.85,-0.75,11.48,Healthy,test
C0708,2,6,5.099,36.29,5.022,6.59,189,19.12,0,1333,993,3080,2233,3296,3905,4859,5371,5260,4847,4220,2919,21439,1533,0.333,18.04,18.41,0.73,18.77,Healthy,test
C0634,6,18,4.45,35.54,4.447,6.624,156,25.77,0,1199,921,2593,2072,2783,3095,4323,4703,4443,4381,3446,2200,19293,1367,-0.242,11.37,10.13,-0.84,10.53,Healthy,test
C0294,1,3,4.892,35.03,4.936,6.502,148,20.56,0,1399,987,2778,2217,3035,3394,4300,4873,4608,3965,3843,2544,19524,1380,0.247,12.97,12.97,0.0,12.97,Healthy,test
C0792,3,9,4.953,35.33,4.969,6.63,42,17.81,0,987,733,2088,1800,2506,2750,3925,4292,3857,3503,3134,2039,16901,1341,0.28,8.77,7.82,-1.1,7.67,Healthy,test
C0014,4,12,4.314,35.83,4.287,6.742,98,18.46,0,974,713,2090,1687,2433,2819,3690,3971,3497,3497,3042,2044,15814,1197,-0.402,9.05,9.09,0.99,10.04,Healthy,test
C0595,4,12,5.673,36.24,5.593,6.856,371,16.88,0,1481,1034,3430,2476,3561,4196,5568,6398,5469,5342,4798,3128,23281,1623,0.904,26.83,28.48,14.09,40.92,Subclinical,test
C0772,5,15,4.92,35.46,4.924,6.564,162,16.45,0,1166,844,2490,2025,2831,3317,4158,4303,4047,3640,3585,2351,17519,1376,0.235,13.97,14.27,0.74,14.71,Healthy,test
C0710,5,15,4.622,36.06,4.573,6.795,146,16.37,0,1197,945,2778,2017,3044,3475,4568,4730,4761,4228,3936,2813,19406,1429,-0.116,13.98,12.68,-2.92,11.06,Healthy,test
C0076,3,9,4.98,35.68,4.963,6.547,67,21.91,0,1086,883,2350,2077,2492,2910,3655,4506,4241,3919,3266,2350,17571,1303,0.274,11.94,10.51,-1.9,10.04,Healthy,test
C0604,2,6,4.311,35.07,4.346,6.609,177,16.13,0,1399,1012,2916,2246,3256,3844,4697,5542,4965,4378,4214,2837,20310,1515,-0.343,13.39,11.85,-3.07,10.31,Healthy,test
C0507,2,6,4.506,35.82,4.479,6.591,211,17.41,0,1179,871,2657,2247,3158,3503,4444,4805,4483,4233,3819,2505,19493,1418,-0.21,11.98,11.89,-0.18,11.8,Healthy,test
C0789,4,12,5.069,35.99,5.022,6.655,129,15.84,0,1281,888,2920,2175,2918,3213,4278,4516,3972,3847,3565,2435,18386,1393,0.333,11.96,14.24,3.23,15.19,Healthy,test
C0051,6,18,4.705,36.05,4.656,6.457,166,18.79,0,1223,964,2638,2146,3118,3240,4409,4692,4364,4218,3656,2440,18875,1383,-0.033,16.44,15.36,-1.4,15.04,Healthy,test
C0337,2,6,5.025,34.59,5.112,6.622,147,18.75,0,1221,850,2533,2188,2858,3523,4279,4483,3885,3774,3522,2305,17825,1300,0.423,10.28,9.51,-1.55,8.73,Healthy,test
C0338,5,15,6.738,37.32,6.505,7.002,615,10.31,0,1612,1244,3890,3134,3613,3778,4924,6478,5870,5785,5570,3836,24871,1730,1.816,59.92,56.99,17.61,77.53,Clinical,test
C0140,3,9,4.711,35.32,4.727,6.725,158,22.25,0,1068,802,2204,1903,2613,2981,3833,4073,3875,3840,3539,2318,16494,1212,0.038,13.1,12.71,-2.09,11.02,Healthy,test
C0722,2,6,4.966,36.19,4.901,6.709,204,18.68,0,1139,948,2580,2019,2594,3180,4223,4808,4626,4319,3597,2625,18985,1432,0.212,13.32,16.05,5.45,18.77,Healthy,test
C0283,6,18,4.987,35.54,4.983,6.79,178,23.48,0,1337,1036,3013,2342,3627,3930,5054,4923,4811,4073,4169,2822,21497,1543,0.294,12.67,12.65,1.18,13.84,Healthy,test
C0087,6,18,5.203,34.91,5.261,6.668,60,17.22,0,1154,784,2621,1894,2860,2985,4121,4290,3812,3685,3400,2194,17357,1315,0.572,14.87,12.44,-2.67,12.19,Healthy,test
C0719,1,3,4.992,35.75,4.968,6.666,147,19.8,0,1151,846,2541,2012,3128,3435,4246,4655,4605,4200,3623,2405,19506,1467,0.279,16.51,16.51,0.0,16.51,Healthy,test
C0169,3,9,5.06,35.58,5.052,6.596,180,12.58,0,1191,953,2729,2263,3084,3496,4526,4686,4465,4291,3888,2628,19328,1480,0.363,11.63,13.81,4.61,16.25,Healthy,test
C0036,3,9,4.754,34.81,4.816,6.574,173,22.19,0,1088,851,2381,1817,2868,3415,4216,4868,4420,4029,3468,2445,18331,1457,0.127,15.76,14.22,-1.38,14.38,Healthy,test
C0124,2,6,4.46,34.71,4.527,6.637,114,24.08,0,1041,807,2285,1894,2615,2941,4113,3974,3887,3593,3236,2180,17015,1366,-0.162,6.86,7.12,0.52,7.38,Healthy,test
C0315,2,6,4.45,35.58,4.443,6.67,156,22.44,0,1311,927,2856,2276,3061,3480,4745,4853,4771,4214,3798,2820,20052,1435,-0.246,11.3,10.63,-1.34,9.96,Healthy,test
C0133,1,3,5.168,35.43,5.175,6.619,165,18.68,0,1112,860,2549,1957,3162,3478,4466,5247,4447,3962,3987,2541,19386,1343,0.486,15.94,15.94,0.0,15.94,Healthy,test
C0115,2,6,4.641,35.4,4.65,6.709,138,26.66,0,1187,896,2580,2197,2861,3174,4035,4485,4081,4073,3625,2535,18552,1396,-0.039,8.29,9.91,3.23,11.53,Healthy,test
C0290,3,9,4.673,36.36,4.597,6.608,177,13.95,0,1111,789,2393,1953,3139,3517,4772,4945,4501,4105,3889,2457,19510,1477,-0.092,16.19,16.21,-1.17,15.02,Healthy,test
C0392,3,9,5.096,35.4,5.106,6.541,148,19.14,0,1176,858,2574,2059,3084,3674,4757,4999,4300,4122,3793,2403,19918,1446,0.417,18.04,17.12,-0.77,17.28,Healthy,test
C0248,5,15,4.471,35.87,4.44,6.42,89,17.68,0,1017,783,2424,1822,2613,3098,3844,3876,3811,3219,3303,2124,16478,1271,-0.249,8.87,9.55,-0.88,7.99,Healthy,test
C0547,2,6,4.701,36.57,4.605,6.735,115,23.42,0,1111,805,2475,1937,2899,2875,4088,4670,4402,3912,3427,2475,17762,1303,-0.084,12.48,13.49,2.04,14.51,Healthy,test
C0044,5,15,6.415,37.67,6.151,6.973,407,11.95,1,2141,1477,4429,3605,4685,5223,7312,6850,6762,6519,5640,3860,29467,1983,1.462,42.03,45.97,26.6,68.63,Subclinical,test
C0020,5,15,4.584,34.88,4.638,6.62,90,17.94,0,931,730,2121,1725,2291,2742,3424,3782,3478,3445,3429,2337,14629,1135,-0.051,9.85,7.73,-0.63,9.22,Healthy,test
C0798,3,9,4.259,35.7,4.243,6.806,111,24.99,0,1178,914,2718,2115,2661,2866,3930,4259,4053,3739,3272,2272,17793,1278,-0.446,8.68,7.21,-1.74,6.94,Healthy,test
C0060,4,12,5.685,37.1,5.512,6.976,357,14.4,0,1463,1085,3102,2608,3562,4107,5153,6229,5730,5238,4973,3310,24251,1690,0.823,24.94,27.0,16.0,40.94,Subclinical,test
C0306,3,9,5.181,36.21,5.111,6.801,330,16.64,0,1392,1041,3039,2295,3238,4115,5078,5506,5357,4853,4052,2617,22671,1562,0.422,12.95,18.78,14.61,27.56,Healthy,test
C0646,5,15,4.306,34.89,4.356,6.456,169,27.7,0,1303,999,2774,2346,3103,3446,4452,4738,4529,4285,3644,2623,19419,1410,-0.333,10.96,9.8,-1.56,9.39,Healthy,test
C0645,6,18,7.36,37.96,7.016,6.89,690,6.7,1,2079,1584,4598,3781,4686,4922,6082,8189,7733,7618,6072,4303,32506,2145,2.327,82.04,73.9,10.54,92.58,Clinical,test
C0201,4,12,4.235,34.96,4.278,6.821,151,20.35,0,1218,883,2528,2240,3183,3651,4587,4234,4239,3960,3757,2426,18606,1328,-0.411,7.76,7.26,1.67,9.43,Healthy,test
C0346,1,3,4.948,35.43,4.955,7.042,185,24.76,0,1260,932,2849,2226,3225,3489,4296,5231,4895,4440,4242,2648,20009,1481,0.266,16.67,16.67,0.0,16.67,Healthy,test
C0585,4,12,4.667,35.2,4.694,6.635,142,19.93,0,1214,883,2546,2065,2554,3025,3884,4672,4356,4177,3392,2394,18074,1351,0.005,10.87,11.79,0.75,11.62,Healthy,test
C0273,1,3,5.158,35.82,5.127,6.658,258,17.5,0,1321,1048,2989,2542,3402,3896,4825,5845,5652,4912,4534,2914,22001,1572,0.438,22.1,22.1,0.0,22.1,Healthy,test
C0182,3,9,4.29,35.72,4.272,6.839,118,22.28,0,1049,774,2245,1938,2782,3260,4020,4510,4384,4126,3312,2334,18160,1337,-0.417,8.98,8.95,0.31,9.29,Healthy,test
C0430,6,18,5.06,36.37,4.976,6.655,186,17.2,0,1132,859,2422,1815,2486,2877,3681,4180,4321,3784,3283,2298,16975,1286,0.287,19.6,18.95,-0.93,18.67,Healthy,test
C0529,4,12,4.974,34.96,5.025,6.654,102,18.24,0,1111,845,2547,1906,2975,3064,4014,4306,4412,3663,3636,2492,18548,1417,0.336,10.84,11.44,1.07,11.9,Healthy,test
C0051,4,12,4.76,36.19,4.698,6.441,162,18.68,0,1251,947,2746,2186,2923,3345,4302,4827,4597,4198,3727,2458,19491,1449,0.009,17.05,15.38,-2.44,14.6,Healthy,test
C0580,2,6,4.692,34.87,4.748,6.615,154,15.54,0,1273,917,2824,2293,2948,3513,4367,5212,4871,4632,4045,2866,20080,1455,0.059,10.45,12.02,3.13,13.59,Healthy,test
C0077,1,3,4.764,35.78,4.739,6.673,162,18.92,0,1317,932,2818,2314,2826,3347,3966,4603,4525,4162,3694,2363,18137,1446,0.05,15.56,15.56,0.0,15.56,Healthy,test
C0791,3,9,5.12,36.22,5.05,6.807,242,18.6,0,1355,995,2769,2379,3423,3924,5077,5271,4800,4795,4383,2979,21334,1623,0.361,19.61,18.92,5.49,25.09,Healthy,test
C0683,3,9,4.796,35.17,4.826,6.564,74,24.27,0,976,736,2243,1594,2402,2717,3621,4324,3981,3598,3378,2166,16247,1211,0.137,10.44,9.78,-2.74,7.71,Healthy,test
C0600,4,12,6.098,36.73,5.955,6.811,322,15.24,0,1505,1147,3435,2748,3378,3857,5018,5769,5449,5106,4612,3059,24006,1693,1.266,26.57,29.7,19.49,46.07,Subclinical,test
C0503,1,3,4.768,35.55,4.763,6.678,138,21.47,0,1172,887,2399,1949,2789,3046,3907,4359,3883,3737,3330,2407,16879,1271,0.074,11.43,11.43,0.0,11.43,Healthy,test
C0018,4,12,4.706,36.33,4.632,6.728,153,19.28,0,1263,918,2710,2105,3050,3446,4380,4539,4297,4084,3684,2400,18696,1328,-0.057,14.25,14.94,2.27,16.52,Healthy,test
C0107,4,12,5.934,37.12,5.751,6.931,277,16.07,0,1474,1142,3360,2707,3552,3916,5596,5842,5644,4747,4465,3100,22713,1588,1.062,22.67,26.62,16.3,38.97,Subclinical,test
C0269,5,15,4.729,35.06,4.769,6.671,144,16.11,0,1194,855,2519,1913,2824,3197,4194,5085,4319,4149,3790,2532,17080,1323,0.08,10.82,10.73,0.54,11.35,Healthy,test
C0718,6,18,4.718,35.28,4.738,6.607,133,22.95,0,1179,878,2693,1997,2773,3447,4174,4760,4470,4068,3752,2394,19208,1346,0.049,12.98,12.4,-2.17,10.81,Healthy,test
C0414,5,15,5.852,37.8,5.596,7.039,442,11.77,0,1516,1173,3491,2681,3602,4520,5505,6337,5966,5860,5203,3391,25117,1771,0.907,37.36,38.13,15.26,52.62,Subclinical,test
C0549,2,6,4.754,36.04,4.705,6.611,122,14.79,0,1125,871,2417,2001,2790,3060,4116,4173,4206,4156,3516,2489,18237,1379,0.016,14.09,12.91,-2.35,11.74,Healthy,test
C0748,6,18,4.169,35.27,4.187,6.562,186,22.94,0,1155,887,2580,1902,2904,3160,4446,4771,4098,3991,3347,2404,18691,1387,-0.502,10.25,10.04,-1.09,9.16,Healthy,test
C0519,5,15,6.133,37.18,5.937,6.987,604,11.66,1,1897,1564,4135,3424,4634,4952,6264,7469,7209,7044,6490,4057,29291,1948,1.248,44.11,49.32,30.14,74.25,Clinical,test
C0748,3,9,4.248,35.16,4.275,6.576,182,22.85,0,1205,898,2542,2132,3074,3581,4738,5187,4724,4302,3490,2350,19015,1481,-0.414,12.15,10.42,-3.53,8.63,Healthy,test
C0583,3,9,5.573,36.08,5.512,6.816,278,15.66,0,1482,1094,3175,2540,3640,3831,5047,5684,5141,4822,4259,3155,22946,1588,0.823,16.49,19.63,15.26,31.75,Subclinical,test
C0698,5,15,4.47,36.04,4.424,6.541,133,17.29,0,1163,876,2383,1911,2552,3090,3802,4262,4246,4154,3383,2429,17791,1343,-0.265,9.84,10.64,3.6,13.44,Healthy,test
C0262,3,9,4.52,35.27,4.54,6.583,184,9.67,0,1201,945,2520,2190,2876,3044,4005,4957,5000,4182,3743,2375,18829,1391,-0.149,10.71,10.48,-1.21,9.5,Healthy,test
C0078,2,6,5.065,36.1,5.007,6.741,226,18.11,0,1259,955,2775,2284,3361,3630,4880,5411,4684,4456,4321,2774,21101,1580,0.318,12.15,15.45,6.6,18.75,Healthy,test
C0498,2,6,4.578,35.91,4.542,6.615,161,19.7,0,1135,863,2410,2090,2882,3179,4301,4732,4699,3951,3546,2581,18187,1305,-0.147,12.75,11.25,-3.01,9.74,Healthy,test
C0102,2,6,5.271,36.21,5.2,6.699,187,18.31,0,1287,922,2863,2148,3072,3357,4496,4999,4534,4372,3907,2430,19247,1358,0.511,7.93,13.56,11.26,19.19,Healthy,test
C0653,3,9,4.349,35.14,4.379,6.675,124,19.78,0,1074,804,2340,1825,2867,3281,4428,4278,4081,3906,3500,2260,17934,1379,-0.31,6.92,7.58,1.82,8.75,Healthy,test
C0119,4,12,4.286,35.28,4.304,6.69,127,18.8,0,1190,890,2445,2038,2932,3324,4166,4674,4648,4423,3860,2463,19182,1410,-0.385,9.74,9.02,-1.29,8.45,Healthy,test
C0138,4,12,4.763,35.6,4.754,6.504,116,19.81,0,1067,809,2326,1861,2736,3165,3919,4148,3871,3788,3360,2077,17008,1341,0.065,14.73,12.26,-3.92,10.81,Healthy,test
C0664,5,15,4.513,35.47,4.516,6.751,153,19.93,0,1165,796,2592,1951,2699,3111,4146,4147,3704,3645,3695,2528,17903,1353,-0.173,11.13,10.27,0.07,11.2,Healthy,test
C0079,6,18,7.44,37.95,7.094,7.14,529,8.5,0,1834,1392,3837,3159,4306,4998,6981,6956,6209,5747,5410,4191,28289,1808,2.405,66.33,65.32,19.19,85.53,Clinical,test
C0549,6,18,4.731,36.08,4.679,6.632,136,16.08,0,1102,899,2413,2034,2885,3218,3915,4309,4037,3604,3571,2274,17374,1316,-0.01,9.87,12.38,2.31,12.18,Healthy,test
C0788,4,12,4.971,34.97,5.021,6.615,184,20.75,0,1351,1021,2919,2168,2993,3283,4442,4993,4637,4507,3604,2518,20382,1465,0.332,13.14,14.27,0.9,14.04,Healthy,test
C0476,2,6,5.007,36.03,4.957,6.738,215,16.05,0,1291,1016,2819,2178,3323,3585,4815,5431,5339,4900,4110,2768,21939,1613,0.268,11.98,14.25,4.55,16.53,Healthy,test
C0424,3,9,5.124,36.49,5.028,6.764,306,18.92,0,1425,987,3088,2557,3574,4187,5003,5384,5161,4818,4673,2989,22042,1634,0.339,17.45,20.19,10.32,27.76,Healthy,test
C0270,4,12,3.998,36.68,3.908,6.43,196,21.38,0,1256,897,2662,2085,3147,3563,4424,4453,4188,4156,3536,2538,18867,1336,-0.781,8.94,9.45,1.17,10.11,Healthy,test
C0302,4,12,5.502,36.62,5.385,6.906,301,14.28,0,1273,1003,2862,2266,3302,3907,5012,5496,4979,4690,4070,2905,21434,1496,0.696,24.55,25.09,9.61,34.17,Subclinical,test
C0197,4,12,4.779,34.9,4.833,6.701,124,20.7,0,1182,852,2390,1908,2654,3190,4243,4173,4123,3861,3482,2357,17441,1300,0.144,9.85,11.14,3.24,13.09,Healthy,test
C0130,2,6,4.936,36.01,4.888,6.627,155,18.33,0,1192,837,2430,2008,2746,3332,4291,4697,4239,3860,3549,2440,18332,1469,0.199,12.37,13.18,1.62,13.99,Healthy,test
C0751,5,15,6.224,37.59,5.977,6.87,414,11.23,0,1316,1070,3155,2355,3483,4056,4856,5916,4694,4799,4353,3123,21957,1512,1.288,38.23,38.71,18.24,56.46,Subclinical,test
C0545,3,9,4.572,36.29,4.503,6.546,97,13.83,0,1011,739,2212,1824,2239,2716,3275,3913,3842,3296,3070,1893,16248,1286,-0.186,10.85,11.37,0.6,11.45,Healthy,test
C0691,6,18,7.19,38.87,6.73,7.12,683,7.6,1,2006,1596,4567,3646,5028,4895,6608,7492,7530,6366,6914,4687,30567,2089,2.041,80.93,73.8,11.42,92.35,Clinical,test
C0701,6,18,3.846,35.67,3.834,6.681,137,17.57,0,1058,786,2319,1923,2609,2983,3749,4671,4400,4006,3499,2315,17284,1361,-0.855,7.09,7.13,-0.36,6.73,Healthy,test
C0007,5,15,4.781,35.66,4.766,6.366,177,21.33,0,1311,1034,2799,2269,3134,3918,5121,5212,4876,4605,3996,2666,21701,1561,0.077,17.33,14.5,-3.93,13.41,Healthy,test
C0023,3,9,4.612,35.79,4.587,6.619,172,18.68,0,1236,916,2577,2100,3115,3400,4232,4789,4359,4241,3600,2528,18789,1429,-0.102,13.82,14.99,-0.37,13.45,Healthy,test
C0557,4,12,5.184,35.85,5.15,6.565,107,20.74,0,1018,768,2345,1758,2721,3086,3863,4745,4316,3664,3657,2432,17118,1281,0.461,11.89,16.3,4.38,16.26,Healthy,test
C0218,3,9,4.836,35.83,4.806,6.689,199,16.08,0,1221,952,2869,2219,3024,3403,4158,4780,4837,4169,3627,2394,18580,1377,0.117,11.37,12.89,2.68,14.05,Healthy,test
C0102,3,9,5.528,36.77,5.395,6.748,253,17.01,0,1244,990,3069,2232,3160,3881,4765,5211,4865,4452,4200,2731,21117,1527,0.706,19.19,19.18,11.23,30.42,Subclinical,test
C0029,5,15,5.42,34.76,5.496,6.708,146,21.99,0,1197,907,2696,2068,3115,3425,4439,4732,4307,4193,3433,2654,19718,1514,0.807,14.72,16.31,3.81,18.53,Healthy,test
C0555,3,9,5.013,35.31,5.031,6.55,63,22.91,0,1038,779,2269,1820,2430,2755,3453,4212,3792,3526,3419,2371,16267,1247,0.342,12.62,12.15,-1.39,11.23,Healthy,test
C0671,4,12,4.681,35.53,4.678,6.566,108,12.11,0,1158,847,2410,1953,2607,2842,3618,4610,4070,3803,3499,2425,17291,1306,-0.011,7.78,8.45,2.51,10.29,Healthy,test
C0557,3,9,5.225,35.85,5.19,6.54,117,20.78,0,1065,826,2419,1907,2673,3132,4084,4315,4318,3905,3644,2529,17069,1372,0.501,20.75,16.08,-8.86,11.89,Healthy,test
C0065,2,6,4.663,36.39,4.584,6.752,49,26.87,0,1041,789,2340,1938,2754,3035,3837,3923,3953,3632,3189,2226,16767,1197,-0.105,9.31,9.52,0.42,9.73,Healthy,test
C0603,6,18,4.56,35.1,4.595,6.352,92,19.06,0,1144,891,2397,2168,2631,3262,3880,4069,4209,4165,3501,2320,17399,1264,-0.094,11.06,10.27,-1.26,9.8,Healthy,test
C0383,1,3,4.911,35.38,4.922,6.583,222,18.88,0,1189,899,2577,2114,2981,3215,4259,4771,4480,4114,3620,2361,19328,1428,0.233,18.07,18.07,0.0,18.07,Healthy,test
C0756,2,6,4.775,35.99,4.731,6.723,141,19.06,0,1240,911,2719,2211,3224,3604,4937,4789,4634,4056,3766,2728,20013,1563,0.042,14.91,14.14,-1.53,13.38,Healthy,test
C0001,5,15,4.626,35.39,4.636,6.478,138,17.49,0,1131,849,2432,2018,2611,3142,4182,4765,4474,3748,3447,2516,17907,1359,-0.053,8.85,10.24,1.54,10.39,Healthy,test
C0342,6,18,7.03,38.15,6.676,7.18,1023,7.1,1,2338,1767,4968,3972,4737,4545,5994,7292,7306,7536,6729,4248,31753,2165,1.987,87.25,80.68,7.78,95.03,Clinical,test
C0017,4,12,5.401,37.31,5.215,6.851,431,16.39,0,1434,1018,3008,2362,3380,3554,4958,5312,5606,4627,4269,2821,21889,1492,0.526,27.08,30.91,18.12,45.2,Subclinical,test
C0032,5,15,4.661,35.63,4.649,6.678,127,20.67,0,1211,953,2779,2250,2813,3207,4004,4573,4438,3973,3540,2712,19108,1450,-0.04,11.09,11.05,2.94,14.02,Healthy,test
C0387,6,18,4.708,35.17,4.738,6.57,202,28.55,0,1206,850,2440,2036,2960,3746,4641,4648,4344,4108,3897,2545,19980,1491,0.049,12.04,12.72,-0.43,11.61,Healthy,test
C0463,4,12,5.383,37.06,5.223,6.831,407,14.23,0,1437,1076,3108,2610,3531,4057,5011,5560,5273,4692,4641,3097,23343,1571,0.534,22.96,27.65,19.13,42.09,Subclinical,test
C0160,4,12,4.322,36.52,4.238,6.796,115,18.71,0,1138,833,2553,2040,2897,3335,4560,4641,4141,3960,3591,2402,18712,1369,-0.451,11.74,10.66,-2.47,9.27,Healthy,test
C0216,6,18,7.29,38.04,6.938,7.11,650,9.7,1,2335,1708,4721,3903,5223,5119,6197,7288,6781,7269,6904,4515,30818,2039,2.249,72.74,69.95,18.42,91.17,Clinical,test
C0108,4,12,5.094,36.03,5.043,6.764,131,22.46,0,1269,1006,2750,2184,3120,3352,4670,4439,4265,4556,3524,2350,19435,1471,0.354,19.86,16.61,-5.84,14.02,Healthy,test
C0227,4,12,4.195,34.66,4.262,6.611,204,13.18,0,1302,1014,2809,2195,2943,3449,4109,4924,4623,4509,4032,2758,19426,1326,-0.427,7.67,7.73,-0.6,7.07,Healthy,test
C0089,1,3,4.74,35.73,4.719,6.665,171,19.75,0,1162,878,2327,2031,2681,3042,3998,5005,4455,4293,3908,2650,18320,1333,0.03,12.84,12.84,0.0,12.84,Healthy,test
C0676,1,3,4.71,36.05,4.661,6.551,171,19.74,0,1230,860,2677,1905,2973,2823,4096,4324,4277,3913,3354,2549,18503,1403,-0.028,12.92,12.92,0.0,12.92,Healthy,test
C0790,2,6,4.355,36.4,4.281,6.822,110,20.78,0,1043,740,2355,1851,2519,2831,3654,4073,3950,3788,3273,2115,16856,1313,-0.408,8.29,8.87,1.15,9.44,Healthy,test
C0077,4,12,5.529,36.49,5.425,6.891,376,15.21,0,1495,1212,3276,2709,3384,4164,4804,5963,5538,5391,4456,3016,23054,1631,0.736,25.63,26.99,11.78,37.41,Subclinical,test
C0155,6,18,4.159,36.03,4.117,6.674,112,18.27,0,1052,812,2427,1937,2819,3215,4091,4606,3962,3875,3209,2352,18033,1304,-0.572,8.45,7.4,-2.18,6.27,Healthy,test
C0131,5,15,5.284,35.39,5.295,6.696,42,19.83,0,1040,758,2416,1812,2529,2951,3673,4230,3952,3699,3169,2240,16872,1358,0.606,15.35,14.19,-1.94,13.41,Healthy,test
C0614,4,12,5.027,35.93,4.986,6.574,172,21.54,0,1213,880,2587,2083,2772,3284,4253,4663,4479,3985,3503,2394,18656,1356,0.297,17.25,16.32,-0.41,16.84,Healthy,test
C0147,1,3,4.54,35.6,4.531,6.762,87,18.38,0,949,793,2255,1805,2463,2785,3847,3980,3779,3511,3195,2003,15993,1163,-0.158,8.37,8.37,0.0,8.37,Healthy,test
C0534,1,3,4.451,35.43,4.457,6.555,184,19.91,0,1172,885,2584,2052,3198,3388,4586,4704,4476,4179,3722,2564,19380,1386,-0.232,10.97,10.97,0.0,10.97,Healthy,test
C0463,1,3,4.777,35.78,4.752,6.667,168,19.62,0,1141,883,2328,2042,2780,3042,4217,4455,4090,3764,3599,2409,17591,1288,0.063,13.68,13.68,0.0,13.68,Healthy,test
C0151,5,15,4.529,35.92,4.493,6.664,151,26.1,0,1212,914,2558,1958,2915,3194,4159,4734,4288,4191,3494,2508,18409,1354,-0.196,9.2,10.29,-0.58,8.62,Healthy,test
C0097,1,3,4.535,35.9,4.501,6.603,254,23.05,0,1306,930,2703,2076,3224,3567,4862,4706,4787,3971,3907,2726,19773,1391,-0.188,14.76,14.76,0.0,14.76,Healthy,test
C0624,1,3,4.611,34.82,4.671,6.7,211,18.58,0,1368,1035,2972,2467,3301,3643,4814,5263,4784,4432,4019,2847,20696,1431,-0.018,10.14,10.14,0.0,10.14,Healthy,test
C0294,4,12,4.867,35.04,4.91,6.556,138,20.52,0,1191,936,2731,2345,2904,3221,4300,4737,4629,4277,3884,2580,19539,1422,0.221,12.46,12.04,0.11,12.57,Healthy,test
C0352,6,18,4.387,35.94,4.35,6.593,161,16.97,0,1221,907,2690,2117,2857,3467,4433,5104,4396,4452,3834,2422,19633,1506,-0.339,10.48,10.18,0.09,10.57,Healthy,test
C0704,5,15,4.862,35.27,4.883,6.754,131,17.97,0,1137,820,2267,1856,2723,3161,4050,4553,4030,3650,3577,2355,17499,1302,0.194,11.8,11.39,0.17,11.97,Healthy,test
C0416,4,12,4.365,35.36,4.377,6.624,137,20.02,0,1072,819,2406,1986,2699,2929,3881,4711,4207,3967,3304,2311,17438,1288,-0.312,11.26,11.1,0.92,12.17,Healthy,test
C0649,3,9,3.989,35.54,3.986,6.626,182,24.65,0,1156,868,2604,2042,2945,3090,4682,5017,4778,4378,3614,2436,20044,1419,-0.703,8.39,7.52,-1.49,6.9,Healthy,test
C0123,6,18,4.314,35.45,4.318,6.682,156,15.82,0,1128,896,2710,1987,2844,3381,4255,4952,4547,4217,4077,2799,18820,1380,-0.371,8.99,7.64,-0.66,8.33,Healthy,test
C0799,3,9,5.329,36.46,5.232,6.773,236,17.77,0,1199,946,2634,2175,3287,3566,4836,4711,4905,4183,3845,2646,20357,1494,0.543,17.48,17.11,6.78,24.26,Healthy,test
C0244,5,15,4.6,35.77,4.576,6.558,161,19.42,0,1240,898,2642,1957,3071,3386,4403,4868,4319,3982,3796,2399,19124,1405,-0.113,10.31,12.72,4.0,14.31,Healthy,test
C0472,5,15,5.355,36.03,5.301,6.608,165,21.72,0,1149,829,2565,1940,2867,3236,4089,4343,4127,3754,3400,2232,17651,1317,0.612,19.75,20.17,-0.56,19.19,Healthy,test
C0642,5,15,4.542,34.03,4.669,6.721,158,20.25,0,1278,954,2664,2208,3205,3750,5211,4933,4903,4350,4168,2635,19927,1442,-0.02,7.53,7.64,0.82,8.35,Healthy,test
C0722,5,15,6.181,38.23,5.86,6.929,490,11.87,1,1853,1385,3837,3240,4250,4905,6263,7406,7363,6444,5682,3677,29479,1970,1.171,43.37,47.91,28.67,72.05,Clinical,test
C0091,6,18,4.189,36.36,4.121,6.851,162,24.92,0,1124,855,2267,1907,2984,3743,4494,4531,4007,3906,3591,2346,18184,1434,-0.568,7.75,10.67,4.75,12.49,Healthy,test
C0453,6,18,5.298,36.1,5.238,6.608,246,17.78,0,1277,972,2837,2354,3190,3609,4853,5214,4801,4446,3639,2524,20436,1448,0.549,21.27,21.98,1.64,22.91,Healthy,test
C0517,4,12,4.522,36.25,4.458,6.827,156,23.35,0,1220,865,2552,2107,2934,3175,4072,4483,4081,3986,3527,2424,18520,1349,-0.231,10.23,12.12,2.06,12.3,Healthy,test
C0116,2,6,4.917,35.06,4.958,6.511,133,17.78,0,1269,996,2590,2136,2790,3330,4353,4820,4744,4238,3379,2587,19911,1504,0.269,11.63,12.3,1.34,12.97,Healthy,test
C0168,1,3,5.038,35.39,5.049,6.768,74,18.68,0,1125,785,2492,1901,2709,3082,4013,4577,4426,3967,3333,2259,18530,1394,0.36,9.98,9.98,0.0,9.98,Healthy,test
C0710,3,9,4.627,35.98,4.585,6.773,153,17.12,0,1345,957,2736,2205,3121,3376,4947,4867,4770,4503,4115,2821,20945,1481,-0.104,10.32,12.05,2.67,12.99,Healthy,test
C0165,1,3,4.682,35.78,4.657,6.673,168,21.61,0,1332,983,2695,2285,3060,3611,4686,5146,4801,4447,3812,2760,20164,1451,-0.032,12.68,12.68,0.0,12.68,Healthy,test
C0615,6,18,6.82,37.69,6.536,7.04,511,8.9,1,2253,1665,4791,3815,5201,5441,7436,8933,8646,7665,7664,4835,34513,2274,1.847,65.25,61.29,16.94,82.2,Clinical,test
C0776,5,15,4.805,36.01,4.758,6.703,164,22.9,0,1082,803,2461,1984,2692,2929,4165,4636,4136,3944,3410,2166,17976,1299,0.069,13.91,13.23,1.43,15.34,Healthy,test
C0487,1,3,4.885,35.34,4.9,6.61,120,22.17,0,931,707,2209,1808,2691,2893,3909,4543,3954,3694,3093,2024,16716,1252,0.211,12.66,12.66,0.0,12.66,Healthy,test
C0122,5,15,6.131,37.31,5.92,6.973,407,12.81,0,1480,1057,3090,2489,3221,3857,5207,5411,4988,4643,4399,3018,22061,1599,1.231,36.19,38.51,17.41,53.6,Subclinical,test
C0280,1,3,4.572,36.66,4.471,6.605,136,20.46,0,1083,808,2385,1913,2617,3058,3895,4265,4056,3719,3530,2299,17640,1274,-0.218,13.26,13.26,0.0,13.26,Healthy,test
C0218,4,12,4.667,35.61,4.657,6.712,193,16.14,0,1255,886,2870,2284,2902,3589,4510,4886,4367,4170,3942,2608,20202,1456,-0.032,14.05,12.91,-0.74,13.31,Healthy,test
C0422,6,18,4.37,36.25,4.308,6.644,128,20.46,0,1176,879,2644,2248,3061,3472,4669,5058,4615,4112,3969,2578,19384,1398,-0.381,12.74,12.83,-4.02,8.72,Healthy,test
C0435,2,6,4.559,35.82,4.531,6.487,157,20.7,0,1312,969,2806,2185,3111,3519,4793,4546,4243,4093,3832,2513,19480,1447,-0.158,6.52,9.97,6.89,13.41,Healthy,test
C0657,6,18,4.549,35.69,4.533,6.534,168,19.93,0,1078,820,2632,1901,2966,3577,4472,4492,4359,4103,3743,2565,18821,1304,-0.156,7.37,10.41,5.16,12.53,Healthy,test
C0243,5,15,4.723,35.19,4.751,6.604,104,18.07,0,1055,838,2297,2025,2754,2766,4149,4127,4000,3944,3444,2375,17013,1222,0.062,10.82,10.17,-0.39,10.44,Healthy,test
C0223,3,9,4.403,35.44,4.408,6.656,175,18.27,0,1246,868,2694,2078,2823,3431,4359,4902,4512,4211,3938,2681,19079,1394,-0.281,8.84,10.91,2.54,11.38,Healthy,test
C0114,3,9,4.573,34.57,4.654,6.563,80,17.33,0,1104,810,2275,1835,2931,3255,4256,4652,4308,3948,3314,2397,18362,1371,-0.035,7.19,8.66,2.09,9.29,Healthy,test
C0586,5,15,7.084,37.58,6.804,7.009,511,10.7,1,2111,1428,4557,3594,4366,4648,6093,7860,6712,7125,6146,4274,30569,2008,2.115,54.28,57.78,30.23,84.51,Clinical,test
C0670,2,6,4.443,36.13,4.39,6.701,138,22.24,0,1285,965,2931,2236,2843,3094,4322,5443,4851,4276,4109,2630,19815,1521,-0.299,13.21,11.01,-4.38,8.82,Healthy,test
C0411,4,12,4.464,35.59,4.456,6.556,164,23.96,0,1370,995,2869,2347,3091,3643,4443,4628,4266,4080,3946,2855,19323,1451,-0.233,10.71,11.05,-0.09,10.62,Healthy,test
C0475,6,18,4.72,34.86,4.777,6.468,163,22.46,0,1341,997,2727,2186,2981,3257,4155,5144,4729,4653,4088,2879,19583,1438,0.088,12.47,12.18,-1.85,10.62,Healthy,test
C0638,5,15,4.377,35.22,4.4,6.715,94,18.9,0,1078,824,2438,1897,2583,2997,4144,4149,3807,3347,3435,2250,16842,1282,-0.289,6.32,7.41,0.97,7.29,Healthy,test
C0217,2,6,4.565,36.25,4.5,6.638,181,18.51,0,1277,923,2820,2087,2739,3600,4090,4504,4124,3895,3418,2370,17955,1355,-0.189,13.17,13.24,0.15,13.32,Healthy,test
C0548,2,6,4.995,36.09,4.939,6.718,104,19.86,0,1047,803,2396,1869,2879,3328,4356,4485,4211,4103,3556,2309,17751,1323,0.25,15.9,16.49,1.18,17.08,Healthy,test
C0043,4,12,5.21,35.33,5.227,6.634,160,16.11,0,1259,934,2638,2194,2978,3348,4496,4997,4702,4422,3689,2544,19513,1352,0.538,16.44,16.67,1.3,17.75,Healthy,test
C0648,3,9,4.079,36.54,3.998,6.467,103,16.95,0,1182,868,2436,1809,2585,3035,3946,3847,3756,3677,3269,2202,17075,1275,-0.691,12.05,10.24,-3.91,8.14,Healthy,test
C0799,6,18,6.79,38.51,6.402,7.05,492,9.7,1,1982,1443,3957,3146,4862,5088,6045,6599,6442,6407,6725,4266,27957,1903,1.713,61.72,60.8,19.3,81.02,Clinical,test
C0733,3,9,4.424,35.11,4.457,6.441,113,18.5,0,1056,816,2383,1867,2584,2950,3582,4841,4171,3871,3197,2307,17122,1270,-0.232,8.49,8.35,-0.74,7.75,Healthy,test
C0390,3,9,4.756,35.62,4.745,6.619,189,21.04,0,1216,890,2628,2131,3004,3473,4342,4610,4240,4049,3951,2532,19437,1394,0.056,15.41,15.7,-2.11,13.3,Healthy,test
C0695,4,12,5.023,34.88,5.082,6.657,173,22.81,0,1267,940,2659,2102,2961,3466,4722,4954,4963,4052,4079,2733,20290,1459,0.393,17.92,15.67,-3.87,14.06,Healthy,test
C0577,3,9,4.834,36.49,4.743,6.451,129,16.71,0,1199,881,2349,1996,2746,3152,4291,4345,3793,3761,3761,2459,17918,1357,0.054,10.66,13.82,4.89,15.55,Healthy,test
C0474,2,6,4.849,35.02,4.893,6.765,225,20.13,0,1389,996,3033,2324,3394,3835,5112,6133,5192,4444,4155,3063,22708,1531,0.204,17.68,16.56,-2.23,15.45,Healthy,test
C0698,6,18,4.418,36.03,4.374,6.568,144,17.97,0,1107,849,2537,1990,2604,2822,3763,4442,4449,3592,3272,2261,17814,1358,-0.315,13.44,10.56,-5.02,8.41,Healthy,test
C0681,3,9,5.184,36.49,5.086,6.816,227,16.03,0,1348,947,2970,2400,3021,3460,4514,5035,5014,4552,4191,2898,19851,1459,0.397,15.87,17.74,8.51,24.38,Healthy,test
C0425,1,3,4.446,36.42,4.368,6.747,165,22.58,0,1153,942,2725,2121,3155,3393,4233,5258,4902,4366,3831,2678,20228,1400,-0.321,12.72,12.72,0.0,12.72,Healthy,test
C0682,2,6,4.286,34.97,4.329,6.457,48,24.82,0,876,740,2117,1722,2290,2532,3405,3516,3402,3260,3222,2045,14839,1191,-0.36,3.82,4.18,0.71,4.53,Healthy,test
C0644,4,12,4.798,35.95,4.757,6.569,138,21.78,0,1130,805,2287,1997,2797,3246,4207,4005,3787,3426,3327,2149,16943,1304,0.068,12.52,12.6,-0.92,11.6,Healthy,test
C0135,2,6,4.634,35.79,4.608,6.673,82,18.87,0,954,706,2002,1688,2270,2661,3538,3850,3583,3339,2921,2027,15445,1191,-0.081,10.38,10.51,0.25,10.63,Healthy,test
C0617,4,12,4.507,35.58,4.5,6.616,151,23.01,0,1162,902,2695,2117,2900,3512,4289,4582,4464,3805,3583,2523,18688,1384,-0.189,12.98,10.61,-2.78,10.2,Healthy,test
C0530,4,12,4.708,35.27,4.729,6.632,163,21.02,0,1107,884,2559,2087,2824,3402,3999,4134,4116,3958,3743,2498,17708,1296,0.04,11.55,11.0,0.64,12.19,Healthy,test
C0569,1,3,4.407,35.67,4.393,6.676,164,19.52,0,1083,862,2295,1996,2752,3070,3965,4040,3692,3813,3513,2242,17101,1212,-0.296,12.0,12.0,0.0,12.0,Healthy,test
C0201,5,15,4.22,35.08,4.254,6.793,140,21.54,0,1166,897,2622,2177,3150,3510,4514,4563,4750,4349,3555,2326,20185,1491,-0.435,9.43,8.78,-0.27,9.16,Healthy,test
C0336,5,15,4.23,34.77,4.289,6.598,143,22.43,0,1124,859,2387,2056,2849,3380,4116,4531,4284,3937,3568,2388,17903,1381,-0.4,6.55,6.86,-1.53,5.01,Healthy,test
C0280,5,15,4.528,36.63,4.431,6.595,127,21.21,0,1138,829,2403,1847,2504,3033,4062,4188,4022,3505,3454,2225,16677,1243,-0.258,11.6,11.06,-0.16,11.44,Healthy,test
C0007,3,9,4.788,35.72,4.768,6.391,167,21.01,0,1378,969,2906,2384,3311,3712,4596,5529,5119,4526,4018,2547,21937,1603,0.079,13.13,12.23,-0.38,12.75,Healthy,test
C0635,1,3,5.586,35.67,5.568,6.576,166,21.11,0,1206,886,2587,2173,3159,3400,4486,5132,4724,4319,4141,2606,19851,1392,0.879,22.26,22.26,0.0,22.26,Healthy,test
C0385,1,3,4.417,35.79,4.393,6.675,159,20.96,0,1127,839,2488,2160,2679,3042,3848,4348,4121,3888,3449,2233,17413,1325,-0.296,9.35,9.35,0.0,9.35,Healthy,test
C0113,3,9,5.048,36.11,4.989,6.731,135,16.24,0,1224,921,2562,2170,2902,3059,4072,4638,4407,4172,3856,2608,18207,1442,0.3,15.11,14.41,-1.47,13.64,Healthy,test
C0315,6,18,4.281,35.63,4.27,6.704,148,22.18,0,1199,869,2581,2016,3174,3202,4427,4829,4499,4093,3751,2573,19952,1540,-0.419,9.6,10.36,-1.01,8.59,Healthy,test
C0101,2,6,5.168,35.93,5.126,6.712,219,19.07,0,1275,923,2788,2200,2909,3341,4367,5060,4433,4262,3903,2717,19273,1408,0.437,9.99,16.1,12.21,22.2,Healthy,test
C0321,4,12,4.642,36.08,4.591,6.594,175,22.78,0,1231,896,2499,2180,3016,3287,4674,4395,4247,3986,3774,2243,19161,1456,-0.098,17.03,15.02,-5.61,11.42,Healthy,test
C0413,4,12,4.563,35.5,4.563,6.574,102,16.79,0,987,733,2073,1693,2402,2598,3631,4036,3616,3414,2865,2047,15163,1200,-0.126,5.28,7.31,2.65,7.93,Healthy,test
C0457,4,12,4.529,34.88,4.582,6.74,130,21.53,0,1140,862,2425,2152,2606,3106,4001,4499,4326,4053,3481,2372,18046,1497,-0.107,8.42,8.12,0.61,9.03,Healthy,test
C0233,5,15,4.492,36.05,4.445,6.516,232,20.57,0,1362,1006,2706,2245,3282,3908,4592,4961,4693,4436,3646,2527,21028,1502,-0.244,14.97,14.59,0.87,15.84,Healthy,test
C0582,2,6,5.185,36.01,5.135,6.743,201,16.64,0,1342,955,2933,2123,3188,3575,5087,4816,4768,4001,4113,2870,21049,1459,0.446,11.1,15.31,8.42,19.52,Healthy,test
C0090,5,15,4.7,36.15,4.642,6.706,120,22.81,0,1064,868,2370,2003,2894,3036,4262,4766,4161,3890,3584,2292,18973,1327,-0.047,16.01,13.87,-3.03,12.98,Healthy,test
C0371,4,12,4.57,35.54,4.567,6.555,146,19.54,0,1110,865,2569,1944,2574,3286,4448,4715,4307,4328,3739,2439,18368,1322,-0.122,8.97,8.88,-0.04,8.93,Healthy,test
C0629,5,15,4.252,35.08,4.286,6.722,191,20.82,0,1240,964,2865,2237,3005,3272,4100,4917,4485,4136,3730,2804,18483,1348,-0.403,12.55,10.62,-4.95,7.59,Healthy,test
C0763,4,12,5.087,34.43,5.19,6.847,129,14.2,0,1414,991,2926,2249,3019,3504,4421,5174,5106,4580,4084,2847,20540,1503,0.501,12.85,12.45,0.84,13.7,Healthy,test
C0598,5,15,6.416,37.04,6.228,7.009,238,11.69,1,1785,1304,3596,3048,4677,5116,6813,6885,5995,5874,5296,3877,27443,1868,1.539,30.29,36.62,26.49,56.78,Subclinical,test
C0026,2,6,4.832,34.5,4.924,6.539,86,25.53,0,1067,838,2297,2050,2707,3073,3883,4407,4013,3806,3697,2301,17163,1393,0.235,12.57,12.35,-0.45,12.12,Healthy,test
C0521,6,18,4.982,36.14,4.921,6.554,120,24.82,0,1006,704,2050,1674,2367,2551,3191,3957,3691,3479,3118,2028,15198,1187,0.232,16.02,13.53,-5.94,10.08,Healthy,test
C0533,1,3,5.178,36.43,5.087,6.447,190,23.84,0,1314,951,2821,2439,3140,3636,4493,5403,4760,4587,3793,2720,20918,1523,0.398,21.95,21.95,0.0,21.95,Healthy,test
C0314,4,12,5.058,35.08,5.098,6.713,245,22.26,0,1482,1027,3030,2427,3386,3973,4887,5230,5068,4392,4475,2832,21911,1563,0.409,20.05,18.45,-1.34,18.71,Healthy,test
C0187,5,15,4.278,36.02,4.236,6.575,192,18.47,0,1170,891,2660,2080,2997,3463,4384,4191,4446,3791,3738,2586,18605,1322,-0.453,12.02,10.86,-0.57,11.45,Healthy,test
C0261,1,3,4.505,34.94,4.553,6.646,144,21.24,0,1121,821,2532,1958,2408,2856,3464,4324,3858,3645,3558,2383,16758,1225,-0.136,8.42,8.42,0.0,8.42,Healthy,test
C0339,2,6,4.99,34.82,5.054,6.591,166,20.04,0,1252,855,2630,2099,2976,3617,4368,4830,4455,4054,3746,2495,19356,1409,0.365,9.09,11.22,4.25,13.34,Healthy,test
C0196,3,9,4.799,35.45,4.804,6.581,180,21.58,0,1246,948,2512,2218,3138,3582,4529,4891,4720,4115,3569,2706,19526,1433,0.115,11.68,11.63,-1.49,10.19,Healthy,test
C0253,6,18,4.361,35.61,4.352,6.673,123,20.81,0,1133,894,2397,2118,2984,3305,4278,5103,4519,4202,3974,2395,19277,1422,-0.337,12.13,10.47,-1.46,10.66,Healthy,test
C0166,5,15,4.997,35.66,4.982,6.433,114,21.1,0,1098,865,2487,1986,2743,3261,3995,4549,4229,4014,3413,2224,17841,1364,0.293,16.06,12.46,-5.64,10.42,Healthy,test
C0737,1,3,4.932,35.64,4.919,6.676,158,21.17,0,1186,900,2552,2084,3160,3319,4424,4386,4174,3993,3797,2517,18578,1355,0.23,14.3,14.3,0.0,14.3,Healthy,test
C0447,4,12,4.392,34.74,4.455,6.678,89,16.55,0,1122,850,2297,1757,2571,3018,3518,3745,3802,3522,3224,2254,16744,1224,-0.234,7.22,8.65,-0.79,6.43,Healthy,test
C0411,2,6,4.449,35.52,4.447,6.58,168,23.77,0,1275,955,2711,2216,3008,3268,4677,4640,4435,3969,3968,2622,19498,1403,-0.242,10.08,10.95,1.74,11.82,Healthy,test
C0055,2,6,4.699,35.91,4.662,6.579,207,18.4,0,1340,936,2772,2268,3301,3596,4798,5082,4753,4337,4132,2788,21006,1555,-0.027,15.11,14.8,-0.61,14.5,Healthy,test
C0762,5,15,5.097,35.35,5.112,6.703,181,14.18,0,1353,950,2822,2248,2965,3591,4743,5408,4943,4369,4040,2496,20563,1495,0.423,14.93,15.96,3.46,18.39,Healthy,test
C0468,5,15,5.484,37.33,5.293,6.973,392,13.09,1,1892,1468,4122,3280,4487,5438,6862,7408,6491,5753,6005,3944,28796,2005,0.604,31.19,34.31,18.22,49.41,Subclinical,test
C0546,2,6,4.556,36.57,4.463,6.76,181,18.38,0,1209,922,2558,2124,3010,3297,4152,4650,4530,4112,3825,2544,18477,1332,-0.226,16.8,14.8,-4.0,12.8,Healthy,test
C0383,4,12,4.767,35.39,4.777,6.562,221,18.84,0,1153,898,2577,2029,2763,3238,4233,4596,4204,3905,3396,2353,18336,1407,0.088,17.02,15.31,-3.55,13.47,Healthy,test
C0352,3,9,4.151,36.0,4.112,6.634,141,17.32,0,1206,945,2473,1973,2959,3228,4584,4938,5123,4635,3899,2657,19527,1364,-0.577,9.76,9.34,-1.73,8.02,Healthy,test
C0369,1,3,4.82,35.04,4.862,6.669,164,19.59,0,1176,928,2663,2148,2945,3232,4320,4427,4276,4057,3698,2367,18303,1296,0.173,15.21,15.21,0.0,15.21,Healthy,test
C0113,2,6,4.926,36.08,4.872,6.686,131,17.09,0,1141,876,2567,2014,2594,3097,4125,4606,4183,4010,3821,2582,17914,1281,0.183,14.5,14.8,0.61,15.11,Healthy,test
C0773,6,18,4.856,35.84,4.825,6.54,127,20.6,0,1151,857,2408,1984,2655,3103,4177,4735,4427,4167,3630,2608,18051,1326,0.136,14.49,12.94,-1.33,13.16,Healthy,test
C0641,3,9,4.55,34.89,4.603,6.585,55,23.67,0,1000,709,2035,1654,2344,2659,3457,3605,3523,2977,3007,1967,14754,1214,-0.086,8.11,7.28,-0.86,7.25,Healthy,test
C0285,3,9,4.556,35.01,4.598,6.623,103,26.06,0,1228,980,2643,2258,3002,3450,4397,4854,4527,4311,3622,2508,19590,1406,-0.091,7.47,8.31,1.01,8.48,Healthy,test
C0380,2,6,4.433,35.89,4.4,6.763,87,20.75,0,1055,823,2211,1816,2391,2886,3716,4179,3629,3788,3071,2045,16228,1226,-0.289,13.52,12.05,-2.94,10.58,Healthy,test
C0110,1,3,4.531,35.3,4.548,6.706,150,17.15,0,1240,906,2967,2172,2834,3112,4164,4817,4483,4247,3749,2631,18663,1345,-0.141,10.18,10.18,0.0,10.18,Healthy,test
C0559,5,15,4.902,35.69,4.884,6.724,154,22.78,0,1262,933,2603,2091,2772,3195,4092,4858,4414,4018,3639,2629,18712,1410,0.195,16.68,15.67,-1.66,15.02,Healthy,test
C0248,2,6,4.596,35.61,4.586,6.499,95,16.7,0,1082,810,2370,1886,2706,2993,3682,3711,3562,3307,3297,2220,15539,1288,-0.103,9.49,8.38,-2.21,7.27,Healthy,test
C0477,6,18,7.28,38.71,6.836,6.98,637,8.3,1,2370,1705,4661,4047,5123,5272,7442,8190,7756,7469,6770,4792,33060,2202,2.147,75.54,73.82,18.26,93.79,Clinical,test
C0773,3,9,4.825,35.79,4.798,6.486,123,22.07,0,1152,869,2584,2022,2899,3559,4290,4408,4115,4256,3492,2374,18816,1454,0.109,9.96,11.12,-0.69,9.27,Healthy,test
C0035,6,18,7.08,38.04,6.738,7.21,791,9.1,1,2219,1685,4971,3939,5489,6316,8683,9142,8274,7460,6649,4762,35710,2300,2.049,78.11,73.65,15.17,93.28,Clinical,test
C0022,4,12,4.702,35.1,4.738,6.498,144,19.82,0,1170,890,2705,2168,2761,3447,4403,4868,4214,4444,3876,2450,18787,1409,0.049,11.77,11.11,-2.78,8.99,Healthy,test
C0721,1,3,5.56,35.32,5.579,6.645,147,23.44,0,1193,899,2669,2170,2898,3365,4476,5030,4696,4444,3984,2790,19752,1392,0.89,18.56,18.56,0.0,18.56,Healthy,test
C0556,3,9,4.76,35.29,4.779,6.683,197,19.27,0,1313,964,2994,2244,3069,3313,4387,5101,4605,3922,4130,2859,19909,1461,0.09,13.83,14.42,0.48,14.31,Healthy,test
C0077,2,6,4.999,35.83,4.968,6.724,196,18.88,0,1331,944,2642,2213,2977,3079,4150,4988,4796,4692,3939,2531,20487,1468,0.279,15.56,16.75,2.38,17.94,Healthy,test
C0586,3,9,5.62,36.45,5.519,6.801,278,14.69,0,1454,1127,3220,2434,3239,3895,4641,5335,5428,4631,4437,2870,22868,1630,0.83,22.78,22.8,11.77,34.56,Subclinical,test
C0098,6,18,5.428,34.7,5.511,6.519,105,18.33,0,1252,930,2718,2141,2818,3352,4222,4776,4500,4265,3382,2439,19346,1409,0.822,16.2,15.02,-0.72,15.48,Healthy,test
C0800,2,6,4.765,36.0,4.72,6.614,176,19.27,0,1060,870,2541,1946,2712,3255,4504,4806,4774,3841,3834,2580,19623,1333,0.031,17.45,16.59,-1.72,15.73,Healthy,test
C0039,4,12,4.541,35.4,4.55,6.579,81,21.3,0,943,722,2161,1641,2573,2878,3661,3616,3688,3657,3279,2130,15607,1211,-0.139,8.52,9.65,1.98,10.5,Healthy,test
C0205,5,15,4.854,36.42,4.769,6.634,164,22.27,0,1087,879,2393,1943,2710,2995,4136,4583,4179,3590,3362,2472,17430,1306,0.08,16.43,15.95,-3.87,12.56,Healthy,test
C0183,2,6,4.811,36.36,4.732,6.703,146,19.73,0,1099,826,2400,2063,2696,3186,3826,4524,3976,4248,3339,2283,17995,1398,0.043,17.83,15.7,-4.25,13.58,Healthy,test
C0525,4,12,4.969,35.05,5.011,6.566,133,28.13,0,1020,789,2266,1778,2724,3039,4074,4573,3837,3619,3407,2303,17570,1365,0.322,11.8,13.47,1.74,13.54,Healthy,test
C0125,5,15,6.313,37.86,6.03,6.929,544,10.37,1,2074,1519,4441,3589,4703,5519,7314,7850,8062,6938,6338,4093,32679,2262,1.341,47.61,51.0,29.9,77.51,Clinical,test
C0170,1,3,4.603,36.05,4.555,6.648,97,22.6,0,1112,814,2260,1878,2458,2904,3907,3868,3803,3527,3130,2133,16352,1265,-0.134,8.01,8.01,0.0,8.01,Healthy,test
C0590,3,9,4.878,33.93,5.024,6.639,154,18.96,0,1098,794,2445,1739,2988,3023,3957,5009,4656,4494,3485,2444,18085,1340,0.335,14.08,12.8,-2.85,11.23,Healthy,test
C0354,3,9,4.886,35.18,4.916,6.685,162,23.3,0,1176,924,2760,2360,2816,3312,4184,4745,4292,4083,3845,2446,18653,1383,0.227,11.95,11.93,-0.72,11.23,Healthy,test
C0469,6,18,4.973,36.15,4.912,6.56,140,17.81,0,1173,821,2552,2003,2612,3046,3864,4251,4067,3698,3148,2234,17380,1411,0.223,9.77,12.6,5.71,15.47,Healthy,test
C0573,1,3,4.692,35.54,4.688,6.67,160,22.1,0,1163,917,2426,1926,3027,3547,4288,4509,3897,3879,3865,2571,18055,1287,-0.001,11.31,11.31,0.0,11.31,Healthy,test
C0329,2,6,4.9,35.94,4.859,6.738,183,18.76,0,1329,995,2746,2254,3204,3186,4299,4836,4679,4390,3997,2454,19523,1433,0.17,11.76,13.02,2.51,14.27,Healthy,test
C0303,2,6,4.969,34.48,5.065,6.565,123,19.84,0,1239,915,2621,2182,2918,3550,4309,4912,3942,3692,3641,2386,18682,1308,0.376,10.25,10.96,1.42,11.67,Healthy,test
C0388,4,12,4.68,35.28,4.7,6.646,128,21.19,0,1185,926,2642,2274,2822,3413,4202,4915,4547,4641,3709,2593,20026,1487,0.011,13.26,10.85,-2.3,10.96,Healthy,test
C0746,3,9,4.806,36.57,4.708,6.542,167,28.16,0,1192,873,2424,1995,2769,2961,3958,4365,4132,3885,3498,2343,17844,1347,0.019,14.56,14.77,2.29,16.85,Healthy,test
C0317,6,18,5.068,35.42,5.076,6.569,113,16.53,0,1135,870,2549,1785,2887,2942,4146,4180,3998,3763,3384,2461,18273,1370,0.387,14.34,13.88,-0.78,13.56,Healthy,test
C0435,3,9,4.63,35.93,4.592,6.509,153,19.96,0,1304,953,2723,2229,3161,3628,4710,4847,4190,4074,4032,2590,19739,1398,-0.097,13.41,10.03,-3.26,10.15,Healthy,test
C0478,3,9,4.426,34.93,4.474,6.669,182,19.09,0,1340,915,2627,2236,3293,3503,4580,4770,4387,4324,3913,2712,19502,1379,-0.215,9.9,9.71,0.9,10.8,Healthy,test
C0589,5,15,5.752,37.36,5.549,6.958,421,14.23,0,1366,1018,3097,2484,3701,4016,5439,5570,5226,5245,4524,3207,22762,1501,0.86,32.12,34.21,17.64,49.76,Subclinical,test
C0390,1,3,4.973,35.61,4.963,6.624,194,22.07,0,1174,907,2484,2026,3065,3464,4626,4862,4468,3820,4095,2596,18385,1243,0.274,18.39,18.39,0.0,18.39,Healthy,test
C0543,1,3,4.992,35.24,5.017,6.656,177,15.76,0,1168,869,2800,2172,3308,3687,4780,5051,4346,4139,4125,2590,20032,1428,0.328,14.19,14.19,0.0,14.19,Healthy,test
C0261,3,9,4.503,34.99,4.547,6.644,154,20.7,0,1172,817,2384,1937,2536,2826,3671,4320,3927,3948,3586,2372,17827,1330,-0.142,10.06,9.57,0.16,10.22,Healthy,test
C0495,5,15,4.798,35.69,4.781,6.741,119,24.77,0,1194,923,2589,1955,2760,3288,4609,4659,4511,4208,3627,2512,19912,1349,0.092,13.11,13.61,-0.05,13.06,Healthy,test
C0473,1,3,4.279,35.39,4.288,6.601,147,19.01,0,1103,858,2467,2077,2739,3030,3748,3983,3903,3522,3257,2210,17053,1283,-0.401,6.73,6.73,0.0,6.73,Healthy,test
C0281,3,9,4.227,35.27,4.245,6.466,84,22.62,0,968,741,2095,1703,2575,2991,3756,3874,3879,3571,3261,2083,16698,1298,-0.444,7.2,7.45,1.42,8.61,Healthy,test
C0413,6,18,4.576,35.65,4.563,6.576,103,17.04,0,1100,753,2104,1719,2454,2752,3510,3913,3449,3425,2821,2225,15840,1221,-0.126,10.04,9.16,-0.53,9.51,Healthy,test
C0688,1,3,4.634,35.88,4.601,6.67,142,18.59,0,1165,856,2245,1984,2769,3210,3975,4584,4298,3742,3439,2426,17559,1328,-0.088,10.81,10.81,0.0,10.81,Healthy,test
C0216,3,9,5.309,36.29,5.229,6.792,299,16.17,0,1526,1083,3108,2492,3354,3851,4935,5129,5012,4407,4135,2726,22251,1660,0.54,18.56,18.84,9.08,27.64,Healthy,test
C0723,6,18,4.048,35.25,4.067,6.788,141,17.5,0,1079,843,2360,1900,2473,2848,3794,4286,4044,3751,3305,2370,16907,1339,-0.622,10.18,10.09,-2.16,8.02,Healthy,test
C0737,4,12,5.885,36.65,5.756,6.921,413,14.56,0,1515,1108,3253,2708,3615,4060,5457,5631,5441,4957,4639,3164,22650,1579,1.067,33.4,33.84,17.09,50.49,Subclinical,test
C0626,6,18,4.918,35.51,4.917,6.574,207,21.1,0,1282,942,2674,2296,2965,3463,4035,5153,4334,4174,3503,2549,19949,1550,0.228,13.81,15.51,2.57,16.38,Healthy,test
C0625,4,12,5.498,37.17,5.324,6.896,427,15.68,0,1663,1178,3624,2856,3826,4378,5365,5857,5663,5290,5170,3341,23937,1646,0.635,31.38,31.17,12.27,43.65,Subclinical,test
C0319,2,6,4.672,36.12,4.617,6.718,189,19.23,0,1280,958,2536,2278,3089,3381,4569,4698,4707,4261,3705,2518,19718,1399,-0.072,16.69,14.94,-3.5,13.19,Healthy,test
C0239,1,3,4.665,35.84,4.635,6.589,155,21.73,0,1102,780,2400,1979,2597,3090,3947,4568,3973,3980,3764,2546,17857,1303,-0.054,11.89,11.89,0.0,11.89,Healthy,test
C0226,6,18,4.96,35.35,4.974,6.619,121,15.62,0,1224,904,2670,2261,2794,3330,4514,4759,4671,4323,4112,2645,19560,1416,0.285,11.29,11.71,0.92,12.2,Healthy,test
C0690,3,9,4.569,35.06,4.607,6.722,173,26.8,0,1275,897,2594,2136,2968,3323,4502,4788,4519,4169,3609,2452,19278,1334,-0.082,8.84,10.21,1.74,10.58,Healthy,test
C0004,2,6,4.461,36.24,4.398,6.713,95,22.92,0,1207,942,2585,2000,2767,3283,4194,4915,4292,4035,3492,2358,17969,1289,-0.291,13.33,12.12,-2.41,10.92,Healthy,test
C0623,4,12,5.652,36.98,5.493,6.891,348,14.31,0,1490,1053,3319,2644,3743,4382,5648,6099,5641,5532,4329,3140,24930,1741,0.804,28.55,28.0,11.2,39.75,Subclinical,test
C0369,6,18,4.81,35.24,4.834,6.689,162,19.73,0,1122,831,2569,2080,2839,3358,4226,4471,4241,3893,3451,2436,18416,1389,0.145,13.37,12.43,-1.64,11.73,Healthy,test
C0510,2,6,4.584,35.76,4.561,6.633,134,21.81,0,1073,820,2399,1983,2833,3300,3944,4726,4456,4157,3413,2317,18742,1386,-0.128,11.47,11.13,-0.68,10.79,Healthy,test
C0325,3,9,4.945,36.0,4.898,6.656,220,18.18,0,1243,881,2947,2174,2765,3232,3991,4643,4243,3896,3845,2686,18614,1371,0.209,14.46,18.08,4.9,19.35,Healthy,test
C0527,5,15,4.831,35.35,4.845,6.728,187,18.64,0,1055,809,2267,1899,2857,3329,4095,4519,4027,3950,3442,2344,18389,1347,0.156,20.12,15.74,-7.58,12.54,Healthy,test
C0335,6,18,4.788,35.12,4.823,6.376,145,22.87,0,1180,886,2743,2298,3077,3398,4530,4445,4506,4272,3601,2381,19401,1385,0.134,14.36,12.5,-1.61,12.75,Healthy,test
C0639,4,12,4.045,35.11,4.075,6.723,187,21.06,0,1216,878,2353,1955,2975,3168,4374,4482,4061,3924,3641,2421,18056,1374,-0.614,6.45,7.06,0.85,7.29,Healthy,test
C0122,2,6,4.626,35.98,4.584,6.718,185,18.47,0,1139,863,2480,1925,2543,3232,4170,4103,3879,3827,3955,2452,17337,1380,-0.105,11.97,12.9,1.85,13.83,Healthy,test
C0669,1,3,4.715,35.35,4.728,6.616,161,25.37,0,968,765,2207,1835,2436,2751,3542,3755,3763,3542,3197,2191,15905,1198,0.039,10.89,10.89,0.0,10.89,Healthy,test
C0165,2,6,4.982,35.8,4.954,6.726,182,17.96,0,1322,1025,3155,2341,3393,3546,5095,5517,4900,4688,4294,2926,22298,1535,0.265,12.68,13.93,2.49,15.17,Healthy,test
C0585,2,6,4.846,35.23,4.871,6.688,144,20.1,0,1153,904,2690,2057,2693,3245,4115,4621,4372,4041,3574,2718,18690,1421,0.182,14.44,13.66,-1.58,12.87,Healthy,test
C0228,4,12,5.443,35.44,5.449,6.6,164,19.66,0,1147,911,2558,1902,2696,3039,4196,4812,4604,4022,3606,2566,18656,1428,0.76,17.96,18.44,0.24,18.2,Healthy,test
C0576,3,9,3.823,36.03,3.785,6.744,100,21.87,0,907,721,2012,1707,2327,2903,3493,4023,3571,3344,3009,1935,14844,1182,-0.904,6.29,4.82,-2.42,3.87,Healthy,test
C0193,1,3,5.123,35.46,5.127,6.635,146,22.02,0,1189,912,2766,2115,2942,3104,4108,5284,4893,4119,4053,2416,19471,1463,0.438,14.98,14.98,0.0,14.98,Healthy,test
C0146,5,15,6.069,37.22,5.871,7.119,365,13.35,1,1934,1511,4217,3590,4832,5762,7293,7672,7593,7482,5856,3997,32481,2108,1.182,34.76,38.18,25.75,60.51,Subclinical,test
C0372,3,9,4.955,35.75,4.931,6.687,167,24.55,0,1232,953,2532,2163,2938,3419,4656,4989,4924,4467,3882,2515,19673,1425,0.242,16.56,14.67,-3.85,12.71,Healthy,test
C0404,2,6,4.429,35.89,4.396,6.845,113,17.69,0,1126,848,2423,1945,2618,2889,3809,4466,4321,3902,3564,2265,17329,1342,-0.293,9.02,9.88,1.73,10.75,Healthy,test
C0486,3,9,3.865,35.69,3.851,6.714,191,17.03,0,1147,862,2403,2013,2821,3029,3979,4692,4161,3900,3344,2466,17655,1248,-0.838,8.84,8.61,0.14,8.98,Healthy,test
C0606,3,9,4.679,35.59,4.671,6.502,156,25.99,0,1173,947,2567,2307,3483,3777,4673,5160,5100,4532,4073,2919,21534,1558,-0.018,11.44,12.22,0.96,12.4,Healthy,test
C0357,1,3,4.964,35.43,4.971,6.613,237,24.73,0,1324,970,2808,2360,3294,3962,4936,5314,5314,4355,4282,2815,21685,1597,0.282,15.0,15.0,0.0,15.0,Healthy,test
C0731,5,15,5.847,37.15,5.664,7.024,397,8.62,1,2069,1473,4191,3542,5035,5803,7127,6684,6121,6621,5622,3783,29176,1985,0.975,30.96,36.82,26.49,57.45,Subclinical,test
C0194,2,6,5.047,35.57,5.04,6.711,95,24.39,0,1092,790,2072,1884,2489,2804,3630,4200,3870,3583,3376,2213,16678,1251,0.351,10.6,11.19,1.18,11.78,Healthy,test
C0007,1,3,4.783,35.65,4.769,6.436,169,20.94,0,1366,941,2925,2116,3420,3817,5026,5376,4824,4878,3870,2751,22068,1601,0.08,10.81,10.81,0.0,10.81,Healthy,test
C0461,4,12,4.754,36.12,4.698,6.653,202,22.43,0,1471,1045,3178,2520,3302,3638,4884,5189,4969,4429,4141,2938,21505,1465,0.009,14.09,15.04,-0.24,13.85,Healthy,test
C0486,6,18,3.869,35.88,3.841,6.662,179,17.08,0,1135,883,2400,2031,2699,2945,4064,4535,3979,3870,3399,2352,17407,1328,-0.848,7.51,7.6,-0.08,7.43,Healthy,test
C0374,5,15,5.401,35.59,5.392,6.631,151,19.27,0,1377,1001,2781,2405,3140,3705,4727,4783,4815,4617,4121,2785,20701,1559,0.703,19.99,19.06,-0.17,19.82,Healthy,test
C0615,1,3,4.507,35.61,4.498,6.669,150,21.93,0,1354,1006,2637,2101,3235,3716,4527,5547,5221,4613,4471,2952,21065,1526,-0.191,10.53,10.53,0.0,10.53,Healthy,test
C0333,5,15,4.492,35.69,4.476,6.593,199,18.84,0,1217,997,2633,2282,3005,3562,4474,4745,5080,4413,3858,2670,19672,1456,-0.213,14.32,12.0,-3.79,10.53,Healthy,test
C0285,6,18,4.594,35.29,4.612,6.634,101,26.31,0,1231,912,2639,2032,2935,3340,4356,4907,4717,4092,3753,2627,18997,1353,-0.077,7.03,9.19,3.82,10.85,Healthy,test
C0790,1,3,4.379,36.31,4.312,6.836,105,21.21,0,1012,741,2127,1716,2464,2926,3526,4042,3763,3640,3006,2193,16277,1202,-0.377,8.29,8.29,0.0,8.29,Healthy,test
C0375,5,15,5.034,35.61,5.023,6.663,209,26.07,0,1247,1007,2898,2478,3470,4158,4732,5469,4626,4746,3990,2645,21950,1526,0.334,15.82,18.92,3.45,19.27,Healthy,test
C0783,3,9,5.138,35.48,5.14,6.825,218,20.58,0,1309,982,2680,2457,3281,3673,4817,5250,4826,4914,4459,2879,20759,1487,0.451,16.72,17.7,2.81,19.53,Healthy,test
C0669,6,18,4.973,35.21,5.0,6.619,163,26.05,0,1048,817,2333,1771,2517,2880,3595,4147,3643,3429,3238,2280,16087,1191,0.311,14.69,13.64,0.32,15.01,Healthy,test
C0315,1,3,4.476,35.52,4.474,6.661,156,22.87,0,1256,899,2686,2333,3186,3393,4340,4991,4851,4145,3685,2529,19633,1361,-0.215,11.3,11.3,0.0,11.3,Healthy,test
C0202,1,3,4.612,35.55,4.608,6.664,153,22.63,0,1281,921,2626,2307,2843,3314,4272,4930,4722,4210,3903,2588,19723,1414,-0.081,15.46,15.46,0.0,15.46,Healthy,test
C0796,4,12,5.107,35.69,5.089,6.809,139,20.1,0,1247,946,2547,2405,3142,3763,4923,5662,4558,4884,3806,2612,21084,1449,0.4,15.05,15.52,1.49,16.54,Healthy,test
C0312,1,3,5.193,35.58,5.185,6.719,181,20.42,0,1313,968,2821,2369,3204,3867,4895,5417,5085,4774,3952,2716,21505,1490,0.496,17.12,17.12,0.0,17.12,Healthy,test
C0762,4,12,5.051,35.51,5.05,6.681,172,13.66,0,1217,971,2715,2290,3067,3374,4241,4930,4585,4340,3889,2422,19999,1495,0.361,14.57,15.53,0.36,14.93,Healthy,test
C0285,2,6,4.41,35.14,4.44,6.627,97,25.05,0,1163,852,2584,1986,2697,3326,4217,4415,4375,3820,3758,2530,18524,1358,-0.249,8.98,8.23,-1.51,7.47,Healthy,test
C0648,2,6,4.088,36.51,4.01,6.458,83,18.03,0,1151,797,2255,1963,2542,2934,3731,3910,3667,3409,3165,2223,16695,1324,-0.679,10.54,11.29,1.51,12.05,Healthy,test
C0707,6,18,7.31,37.71,7.003,7.25,590,9.4,1,2115,1704,4478,3797,4571,4692,6424,7295,7152,6440,6512,4409,29925,2018,2.314,76.09,69.93,13.61,89.7,Clinical,test
C0299,3,9,4.865,35.52,4.863,6.57,88,17.32,0,1083,848,2500,1876,2653,3100,4095,4026,4119,3760,3659,2444,17410,1295,0.174,10.47,12.61,1.65,12.12,Healthy,test
C0786,4,12,4.852,34.59,4.936,6.542,184,19.19,0,1298,964,2798,2166,3285,3797,4578,4835,4692,4344,3476,2607,20528,1532,0.247,11.88,12.69,-0.02,11.86,Healthy,test
C0382,5,15,6.093,37.39,5.874,6.921,533,9.51,1,1838,1433,4048,3262,4469,5319,7413,7126,7038,6284,6015,3687,29942,1913,1.185,39.75,44.97,31.96,71.71,Clinical,test
C0374,1,3,5.429,35.82,5.396,6.611,150,20.8,0,1314,952,2678,2175,3225,3363,4324,4851,4602,4108,3982,2827,19708,1439,0.707,19.06,19.06,0.0,19.06,Healthy,test
C0610,2,6,5.046,35.48,5.048,6.677,87,18.65,0,1191,907,2476,2188,2704,3167,4039,4730,4314,3935,3892,2716,18868,1382,0.359,15.07,13.9,-2.34,12.73,Healthy,test
C0240,2,6,4.79,35.24,4.814,6.687,135,20.07,0,1216,933,2545,2050,2806,3318,4364,5140,4645,4091,3844,2779,19464,1391,0.125,12.04,12.47,0.85,12.89,Healthy,test
C0103,3,9,5.309,36.14,5.244,6.785,244,14.89,0,1288,989,2800,2250,3308,3897,4928,4712,4555,4545,3927,2689,20543,1556,0.555,14.48,16.68,10.64,25.11,Healthy,test
C0080,6,18,4.704,35.03,4.746,6.605,183,15.15,0,1157,889,2701,2133,2805,3262,3785,4391,3898,3485,3479,2489,17806,1283,0.057,13.73,12.6,-3.22,10.51,Healthy,test
C0182,6,18,4.442,35.79,4.418,6.799,113,21.49,0,998,777,2152,1900,2582,2915,3976,4460,4160,3958,3326,2414,17501,1358,-0.271,9.48,9.62,1.04,10.52,Healthy,test
C0587,4,12,4.346,35.66,4.333,6.76,170,13.47,0,1173,918,2451,2186,2960,3234,4031,4445,4361,4055,3583,2441,18249,1355,-0.356,11.09,10.68,0.01,11.1,Healthy,test
C0717,3,9,5.001,34.91,5.057,6.548,110,24.32,0,1172,942,2573,1896,2729,3048,3905,4676,4234,4085,3764,2336,18070,1363,0.368,11.62,12.59,1.02,12.64,Healthy,test
C0431,1,3,4.732,35.85,4.701,6.679,183,18.16,0,1160,844,2530,2144,3276,3320,4750,4516,4087,4026,3611,2399,19562,1436,0.012,16.65,16.65,0.0,16.65,Healthy,test
C0377,5,15,5.988,36.99,5.818,7.017,465,11.47,1,2101,1617,4550,3971,5364,6097,8012,8156,8354,7180,6028,4320,35134,2397,1.129,35.11,42.04,30.05,65.16,Subclinical,test
C0205,1,3,4.793,36.32,4.718,6.671,186,22.94,0,1167,900,2679,2167,2980,3444,4287,4693,4274,4385,3871,2640,18756,1381,0.029,16.69,16.69,0.0,16.69,Healthy,test
C0365,5,15,4.754,35.53,4.751,6.734,145,23.98,0,1157,947,2818,2119,2936,3363,3989,4310,3921,3804,3692,2459,18471,1295,0.062,11.43,11.02,-1.5,9.93,Healthy,test
C0575,4,12,5.62,36.82,5.479,6.861,444,14.85,0,1588,1214,3334,2767,3714,4452,5700,6130,5647,5435,5007,3306,25478,1704,0.79,21.43,28.62,25.02,46.45,Subclinical,test
C0735,6,18,4.876,34.82,4.939,6.471,164,15.58,0,1274,932,2662,2227,3022,3282,4701,4797,4876,4196,3864,2500,19612,1353,0.25,14.24,13.72,-0.19,14.05,Healthy,test
C0050,3,9,4.921,35.8,4.893,6.613,126,24.34,0,1041,871,2479,2040,2777,2989,3826,4107,3796,3563,3095,2148,16863,1269,0.204,12.61,13.3,2.63,15.24,Healthy,test
C0782,5,15,4.089,35.35,4.101,6.494,152,21.43,0,1102,829,2345,1951,2674,2988,4165,4563,4286,4191,3270,2316,17721,1353,-0.588,8.65,7.09,-2.03,6.62,Healthy,test
C0555,5,15,4.985,35.4,4.994,6.62,88,23.08,0,1012,789,2148,1809,2545,2778,3502,3927,3903,3595,3703,2200,16318,1252,0.305,11.49,11.1,-0.9,10.59,Healthy,test
C0749,3,9,5.089,35.77,5.063,6.519,138,21.25,0,1169,839,2595,2122,2836,3351,4221,4450,4439,4194,3536,2452,18464,1347,0.374,14.65,14.39,-0.15,14.51,Healthy,test
C0347,4,12,4.434,35.77,4.411,6.447,117,22.56,0,1049,748,2165,1668,2602,3102,4118,4014,3901,3381,3444,2253,16519,1366,-0.278,8.65,9.82,0.69,9.34,Healthy,test
C0729,3,9,5.325,36.19,5.255,6.776,266,17.4,0,1333,977,2936,2304,3145,3551,4284,5548,4898,4607,4231,2757,20632,1407,0.566,17.86,18.94,8.22,26.08,Healthy,test
C0325,2,6,4.677,36.11,4.623,6.639,214,16.97,0,1184,936,2566,2264,2700,3041,4146,4594,4583,3773,3889,2632,18881,1389,-0.066,20.44,17.45,-5.98,14.46,Healthy,test
C0577,1,3,4.884,36.27,4.813,6.445,132,17.04,0,1182,821,2339,1989,2719,3087,4267,4454,4242,3806,3624,2568,18354,1337,0.124,15.26,15.26,0.0,15.26,Healthy,test
C0499,2,6,4.086,36.13,4.037,6.707,92,17.1,0,984,791,2180,1714,2351,2794,3545,4244,3784,3502,3142,2100,16660,1235,-0.652,9.98,9.7,-0.56,9.42,Healthy,test
C0072,1,3,4.872,35.15,4.904,6.729,153,19.58,0,1422,1007,2837,2324,3266,3620,4582,5167,5050,4621,4233,2741,20899,1546,0.215,11.78,11.78,0.0,11.78,Healthy,test
C0412,5,15,5.389,35.98,5.34,6.62,186,21.72,0,1225,900,2582,2115,3063,3434,4490,4912,4551,4166,3527,2610,19212,1373,0.651,16.79,18.43,2.81,19.6,Healthy,test
C0521,4,12,5.034,36.05,4.981,6.505,143,25.23,0,1012,765,2224,1763,2386,2881,3712,4401,3995,3739,3322,2307,16370,1296,0.292,13.43,15.02,1.07,14.5,Healthy,test
C0493,4,12,5.475,37.34,5.284,6.926,381,16.17,0,1378,1072,3112,2537,3561,3853,5036,5200,5349,4980,4055,2907,22203,1576,0.595,25.01,27.71,15.01,40.03,Subclinical,test
C0701,4,12,3.946,35.82,3.922,6.7,134,16.02,0,1108,826,2560,1848,2668,2941,3907,4690,4481,4075,3407,2353,18441,1505,-0.767,10.06,8.09,-2.49,7.57,Healthy,test
C0161,6,18,4.842,35.42,4.849,6.549,168,26.45,0,1224,839,2587,2085,2830,3400,4163,4703,4115,3731,3275,2394,18256,1307,0.16,12.31,12.18,0.81,13.12,Healthy,test
C0279,6,18,4.778,35.96,4.736,6.745,91,15.09,0,1097,854,2391,1971,2703,3105,3961,4114,3524,3604,3363,2144,16651,1272,0.047,10.13,9.97,0.16,10.29,Healthy,test
C0178,6,18,4.974,35.2,5.002,6.78,153,18.78,0,1265,996,2813,2253,3193,3679,4922,5041,4761,4113,4294,2667,20502,1381,0.313,14.48,14.48,0.41,14.89,Healthy,test
C0144,2,6,4.806,35.55,4.801,6.649,93,20.71,0,1022,792,2250,1819,2628,3019,3629,4499,4172,3813,3407,2274,16816,1294,0.112,11.09,10.71,-0.78,10.32,Healthy,test
C0058,3,9,3.743,35.71,3.728,6.449,130,22.53,0,1107,858,2443,1999,2522,3080,3831,4244,4267,3749,3443,2228,16735,1302,-0.961,7.39,7.07,-0.62,6.77,Healthy,test
C0416,1,3,4.444,35.38,4.454,6.585,122,19.48,0,1103,791,2375,1871,2515,2845,3856,4276,3913,3805,3371,2170,16992,1362,-0.235,10.82,10.82,0.0,10.82,Healthy,test
C0529,1,3,4.977,35.08,5.017,6.645,97,18.52,0,1168,837,2532,1958,2965,3254,4210,4607,4455,3970,4007,2579,18519,1353,0.328,10.73,10.73,0.0,10.73,Healthy,test
C0445,6,18,4.759,35.37,4.771,6.567,42,20.97,0,997,699,2305,1748,2414,2713,3368,3939,3605,3392,3164,2050,15483,1207,0.082,9.57,9.97,-1.43,8.13,Healthy,test
C0479,1,3,4.886,35.35,4.9,6.606,194,20.63,0,1373,1073,3121,2443,3438,3715,4890,5768,5109,4734,4110,2859,21125,1470,0.211,15.33,15.33,0.0,15.33,Healthy,test
C0575,1,3,4.883,35.77,4.858,6.67,174,20.71,0,1365,947,2819,2275,3026,3347,4759,4812,4369,4176,3982,2549,20847,1472,0.169,17.05,17.05,0.0,17.05,Healthy,test
C0314,5,15,4.899,34.98,4.947,6.701,240,21.81,0,1323,1036,2767,2380,3262,3733,4812,4985,4874,4382,4277,2702,21153,1501,0.258,18.71,18.02,-3.41,15.3,Healthy,test
C0417,2,6,4.893,35.31,4.911,6.699,198,28.29,0,1432,1012,3214,2527,3517,4065,5149,5400,4482,4733,4115,2660,21521,1547,0.222,17.48,15.79,-3.39,14.1,Healthy,test
C0567,6,18,7.05,38.42,6.659,7.09,810,10.3,0,1548,1150,3361,2606,3966,3748,5010,5952,5991,5795,5060,3349,24859,1762,1.97,72.33,71.62,17.85,90.18,Clinical,test
C0534,3,9,4.742,35.31,4.759,6.503,186,19.23,0,1104,792,2626,1878,2828,3410,4219,4726,4622,4124,3901,2591,19106,1447,0.07,11.33,12.01,2.41,13.74,Healthy,test
C0191,1,3,5.049,35.46,5.053,6.686,94,22.47,0,1056,810,2342,1966,2609,3121,3817,3984,3770,3555,3544,2466,16379,1255,0.364,15.11,15.11,0.0,15.11,Healthy,test
C0389,3,9,4.595,35.23,4.619,6.532,154,20.7,0,1235,996,2827,2240,2967,3237,4474,5263,5010,4627,3931,2504,20520,1520,-0.07,11.65,11.29,-1.77,9.88,Healthy,test
C0391,4,12,5.464,36.84,5.325,6.841,335,13.11,0,1269,1023,2923,2277,3026,3479,4960,5423,4481,4330,4227,2951,20876,1552,0.636,24.18,25.88,10.14,34.32,Subclinical,test
C0395,1,3,4.789,36.04,4.74,6.708,171,21.24,0,1372,948,2785,2364,3011,3438,4376,5137,4668,4730,3939,2756,20337,1434,0.051,14.58,14.58,0.0,14.58,Healthy,test
C0139,3,9,5.424,36.26,5.346,6.761,204,15.9,0,1347,1095,3136,2413,3424,3962,5085,5274,5080,4448,4141,2702,21726,1587,0.657,15.43,18.21,7.79,23.22,Healthy,test
C0255,4,12,6.183,36.31,6.088,6.916,299,15.61,0,1290,987,2979,2304,3285,3446,4949,5416,5134,4623,4299,2913,21830,1562,1.399,29.49,30.87,15.07,44.56,Subclinical,test
C0587,3,9,4.438,35.68,4.423,6.769,191,13.41,0,1148,825,2498,2072,2941,3188,4214,4460,4111,4006,3461,2427,18400,1472,-0.266,9.87,11.23,1.22,11.09,Healthy,test
C0705,5,15,5.073,35.68,5.056,6.724,94,18.27,0,1018,746,2148,1771,2342,2834,3831,4013,4116,3692,3187,2290,16639,1264,0.367,13.76,12.08,-2.07,11.68,Healthy,test
C0041,6,18,4.826,35.62,4.815,6.781,97,24.05,0,1072,772,2386,1886,2686,3144,4147,4107,4115,3564,3404,2245,17131,1353,0.126,13.62,12.54,-0.54,13.08,Healthy,test
C0038,3,9,5.232,36.29,5.153,6.792,253,16.48,0,1199,971,2590,1996,2750,3461,4335,4744,4485,3947,3802,2444,19124,1413,0.464,17.48,18.87,7.56,25.04,Healthy,test
C0265,5,15,4.822,35.38,4.833,6.861,160,23.74,0,1211,923,2715,2032,3039,3341,4368,4997,4510,4332,4027,2526,19918,1436,0.144,8.74,12.16,6.49,15.23,Healthy,test
C0686,2,6,4.588,35.49,4.589,6.667,126,26.83,0,1143,921,2346,2056,2993,3320,4367,4433,4434,4186,3432,2290,18259,1296,-0.1,7.48,8.53,2.09,9.57,Healthy,test
C0470,1,3,4.687,35.85,4.656,6.691,208,20.63,0,1187,929,2638,2207,2687,3200,3758,4708,4564,3922,3694,2392,18597,1355,-0.033,16.86,16.86,0.0,16.86,Healthy,test
C0509,3,9,4.901,36.02,4.853,6.519,118,11.73,0,1231,918,2615,2081,2692,2993,3944,4488,4116,3991,3810,2390,18522,1345,0.164,11.56,11.49,0.6,12.16,Healthy,test
C0528,5,15,4.915,35.86,4.881,6.711,155,20.56,0,1188,897,2778,2065,3136,3556,4337,4747,4697,4149,3825,2539,19144,1386,0.192,16.83,17.51,0.47,17.3,Healthy,test
C0405,4,12,4.649,35.21,4.675,6.566,172,19.72,0,1273,883,2547,2121,3034,3372,4268,4981,4413,4428,3458,2254,19321,1428,-0.014,10.6,11.29,-0.11,10.49,Healthy,test
C0668,2,6,4.539,35.07,4.576,6.585,208,17.34,0,1249,952,2737,2356,3177,3661,4668,5210,4702,4376,4338,2716,21136,1484,-0.113,10.53,11.06,1.07,11.59,Healthy,test
C0187,2,6,4.119,36.21,4.063,6.607,209,18.47,0,1191,902,2773,2012,2969,3298,4636,4806,4415,4359,4046,2534,19614,1450,-0.626,10.84,8.77,-4.15,6.69,Healthy,test
C0075,3,9,4.197,36.38,4.127,6.67,118,14.4,0,935,828,2090,1756,2264,2616,3383,3753,3611,3630,2934,2085,15588,1165,-0.562,8.26,9.26,1.64,9.9,Healthy,test
C0442,2,6,4.699,35.1,4.735,6.669,119,16.89,0,1094,853,2437,2001,2662,3032,3892,4538,3998,3647,3400,2428,17816,1308,0.046,11.18,9.89,-2.58,8.6,Healthy,test
C0491,6,18,6.5,38.05,6.185,7.04,692,12.2,1,2172,1650,4683,3640,4845,4865,6436,8257,7462,7553,6578,4373,31305,2076,1.496,72.01,66.17,14.09,86.1,Clinical,test
C0241,5,15,4.938,35.58,4.93,6.743,176,17.69,0,1282,914,2691,2241,3107,3434,4451,5017,4450,4177,3447,2213,19500,1442,0.241,13.05,14.2,2.49,15.55,Healthy,test
C0212,1,3,4.345,36.57,4.257,6.574,230,16.22,0,1364,1023,2747,2399,3153,3773,4815,5478,4945,4822,4397,2931,21476,1528,-0.432,10.9,10.9,0.0,10.9,Healthy,test
C0182,2,6,4.25,35.68,4.235,6.817,129,22.19,0,1084,796,2362,1847,2718,3156,4233,4742,4584,4169,3645,2356,18641,1438,-0.454,8.57,8.77,0.41,8.98,Healthy,test
C0393,6,18,4.266,35.72,4.248,6.699,131,18.29,0,974,738,2128,1800,2709,3009,3978,3988,3980,3592,3141,2165,17020,1293,-0.441,5.64,7.91,0.85,6.49,Healthy,test
C0427,1,3,4.45,35.17,4.478,6.776,130,22.92,0,1044,791,2375,1853,2535,2908,3887,4670,4375,3655,3439,2419,17473,1409,-0.211,10.17,10.17,0.0,10.17,Healthy,test
C0693,1,3,4.674,35.63,4.662,6.664,162,19.9,0,1233,828,2485,2093,2808,3094,4211,4576,3972,3841,3685,2463,18460,1329,-0.027,9.49,9.49,0.0,9.49,Healthy,test
C0566,6,18,4.66,35.4,4.669,6.691,193,20.18,0,1176,880,2424,1964,2765,3007,4162,4234,4306,4062,3556,2425,17848,1333,-0.02,12.08,12.77,1.07,13.15,Healthy,test
C0538,4,12,4.302,34.68,4.369,6.759,182,15.39,0,1190,879,2412,2093,2830,3419,4040,4773,4472,4328,3639,2541,19012,1477,-0.32,5.88,9.52,5.84,11.72,Healthy,test
C0598,6,18,7.03,37.57,6.754,7.14,282,8.5,1,1901,1498,4331,3401,4998,5255,7483,7150,6952,6387,6276,4217,30538,2013,2.065,56.78,52.49,13.62,70.4,Clinical,test
C0586,1,3,4.727,35.68,4.711,6.673,152,22.29,0,1252,985,2735,2211,2945,3209,4112,4567,4341,4078,3673,2638,18755,1325,0.022,11.06,11.06,0.0,11.06,Healthy,test
C0342,3,9,5.301,36.25,5.225,6.813,373,17.08,0,1569,1119,3175,2687,3263,3944,4938,5392,4997,4539,4055,2907,22415,1607,0.536,20.84,21.29,11.3,32.14,Subclinical,test
C0291,4,12,5.799,36.62,5.676,6.851,308,11.92,0,1427,1051,3282,2225,3547,4000,4738,5219,5550,4734,4467,2949,22200,1560,0.987,25.65,26.52,10.89,36.54,Subclinical,test
C0525,2,6,5.034,35.17,5.066,6.557,129,28.96,0,1087,841,2407,1941,2956,3353,4171,3987,4140,3834,3507,2447,18269,1314,0.377,15.01,15.05,0.08,15.09,Healthy,test
C0553,4,12,4.758,35.14,4.791,6.792,190,21.07,0,1387,1024,2947,2464,3113,3675,4834,5282,5081,4732,4678,2990,20743,1553,0.102,15.66,14.84,-1.47,14.19,Healthy,test
C0771,2,6,5.108,35.88,5.071,6.686,145,22.79,0,1262,975,2758,2393,3190,3423,4628,4399,4367,3989,3852,2587,18484,1388,0.382,16.86,15.2,-3.34,13.53,Healthy,test
C0178,1,3,5.023,35.06,5.065,6.79,165,18.17,0,1481,1005,2872,2270,3193,3994,4813,4648,4857,4226,4126,2945,20809,1510,0.376,13.19,13.19,0.0,13.19,Healthy,test
C0011,6,18,4.624,35.83,4.595,6.569,153,18.64,0,1153,841,2474,2083,2670,3244,4222,4386,3765,3828,3596,2395,17572,1302,-0.094,13.36,13.16,-2.18,11.18,Healthy,test
C0605,3,9,4.446,35.43,4.452,6.545,75,24.54,0,1021,763,2129,1731,2447,2936,3706,3909,3873,3491,3248,2319,16066,1259,-0.237,8.5,9.18,0.09,8.59,Healthy,test
C0624,6,18,4.808,34.9,4.863,6.745,221,17.4,0,1363,970,3049,2452,3418,3740,5016,5147,4689,4539,4215,2783,21211,1516,0.174,9.02,10.67,2.29,11.31,Healthy,test
C0355,5,15,4.552,35.78,4.528,6.453,118,18.04,0,1030,856,2161,1798,2617,3071,4155,4185,4295,4143,3541,2392,18102,1245,-0.161,11.17,10.25,-2.8,8.37,Healthy,test
C0212,4,12,4.568,36.68,4.466,6.629,222,16.36,0,1350,959,2798,2299,3240,3475,4787,5086,4484,4362,4633,2989,20640,1572,-0.223,16.62,14.96,0.33,16.95,Healthy,test
C0569,2,6,4.903,35.9,4.866,6.733,194,18.24,0,1149,900,2668,2091,2788,3483,4426,4506,4378,3977,3813,2599,18176,1369,0.177,12.0,13.93,3.87,15.87,Healthy,test
C0090,1,3,4.723,36.12,4.667,6.684,115,21.55,0,1158,814,2462,2063,2984,3549,4655,4599,4362,3940,3599,2358,18205,1357,-0.022,10.94,10.94,0.0,10.94,Healthy,test
C0682,5,15,4.306,35.18,4.332,6.469,35,25.04,0,866,705,2031,1678,2345,2462,3193,3598,3383,3085,2894,2122,14142,1149,-0.357,6.75,6.13,-0.75,6.0,Healthy,test
C0551,1,3,4.346,36.01,4.304,6.545,139,16.54,0,945,780,2416,1925,2706,3087,3844,4597,4120,3911,3844,2493,18133,1368,-0.385,9.09,9.09,0.0,9.09,Healthy,test
C0391,3,9,5.027,36.45,4.936,6.767,272,17.29,0,1230,969,2668,2158,3141,3035,4480,4628,4357,4068,4119,2596,19316,1496,0.247,19.12,16.72,5.06,24.18,Healthy,test
C0036,2,6,4.791,34.91,4.845,6.609,174,20.83,0,1006,843,2385,1988,2893,3172,4025,4495,4445,4172,3492,2278,18108,1347,0.156,12.52,14.14,3.24,15.76,Healthy,test
C0457,3,9,4.572,34.78,4.635,6.686,129,21.75,0,1203,889,2567,2221,2886,3309,4179,4598,4479,4135,3823,2553,19089,1437,-0.054,6.91,8.5,1.51,8.42,Healthy,test
C0225,4,12,4.994,35.21,5.022,6.581,168,17.4,0,1193,855,2376,1990,2922,3244,3878,4808,4296,4070,3643,2465,18297,1380,0.333,14.14,14.98,-0.17,13.97,Healthy,test
C0644,6,18,4.7,35.91,4.663,6.581,128,21.86,0,1158,792,2468,1827,2786,3173,4013,3811,3563,3298,3030,2040,17218,1338,-0.026,8.61,11.27,5.0,13.61,Healthy,test
C0511,3,9,5.05,35.29,5.07,6.65,208,26.2,0,1414,983,2823,2324,3132,3492,4439,5220,4879,4723,3815,2674,20822,1441,0.381,21.2,17.18,-4.23,16.97,Healthy,test
C0332,3,9,4.909,35.5,4.909,6.427,171,17.65,0,1227,947,2657,2238,2773,3312,4157,4446,4169,4151,3853,2486,18907,1403,0.22,13.73,13.09,-1.27,12.46,Healthy,test
C0194,3,9,4.945,35.52,4.943,6.724,85,24.13,0,999,785,2185,1773,2325,2904,3533,3993,3775,3581,3104,2050,15928,1185,0.254,11.78,11.38,-0.01,11.77,Healthy,test
C0609,3,9,4.437,36.21,4.377,6.742,67,20.2,0,889,713,1981,1597,2493,2803,3595,3631,3191,3071,3135,1981,14748,1143,-0.312,10.23,8.88,-1.65,8.58,Healthy,test
C0568,6,18,5.075,35.76,5.05,6.595,125,19.73,0,1132,839,2622,1926,2815,3248,4036,4128,3995,3862,3754,2475,18355,1355,0.361,16.16,14.07,-3.48,12.68,Healthy,test
C0403,2,6,5.002,35.78,4.975,6.72,120,22.31,0,1273,901,2693,2082,2972,2998,4128,4761,4450,4072,3666,2587,19665,1392,0.286,13.46,14.31,1.68,15.15,Healthy,test
C0591,1,3,4.733,35.51,4.732,6.726,106,13.74,0,1132,797,2453,1851,2785,3142,3967,4354,4109,3708,3284,2147,17329,1271,0.043,9.99,9.99,0.0,9.99,Healthy,test
C0142,3,9,4.688,35.67,4.673,6.633,185,18.17,0,1312,937,2778,2312,3106,3765,4551,5230,4731,4142,3830,2573,20553,1486,-0.016,11.04,12.04,2.14,13.18,Healthy,test
C0353,6,18,4.069,35.42,4.075,6.572,100,18.31,0,1089,843,2393,1900,2662,2839,3920,4181,3581,3894,3361,2377,16951,1238,-0.614,5.74,7.17,-0.29,5.45,Healthy,test
C0727,5,15,4.289,36.19,4.233,6.751,191,19.33,0,1276,931,2635,2058,2937,3393,4471,4743,4273,4004,4132,2566,18896,1336,-0.456,11.77,11.96,0.16,11.93,Healthy,test
C0257,2,6,4.704,35.14,4.736,6.634,136,17.17,0,1191,888,2731,2303,3028,3712,4337,4895,4246,3999,3908,2686,19488,1402,0.047,10.02,10.87,1.71,11.73,Healthy,test
C0716,3,9,5.142,36.51,5.043,6.77,252,18.57,0,1371,1060,2987,2446,3510,3929,5149,5841,5333,4680,4306,2915,22177,1534,0.354,14.88,17.33,7.13,22.01,Healthy,test
C0407,4,12,5.341,36.75,5.214,6.881,370,13.55,0,1298,962,2976,2354,3289,4172,4957,5857,5079,4990,4165,2841,22829,1598,0.525,17.47,22.65,16.22,33.7,Subclinical,test
C0407,6,18,5.98,37.81,5.718,7.11,611,8.3,1,1980,1331,4111,3136,4352,4532,5520,7022,6822,6384,6011,3626,27959,1882,1.029,60.99,56.01,12.35,73.35,Clinical,test
C0158,5,15,4.863,34.88,4.92,6.669,34,17.1,0,1024,818,2332,1739,2405,2762,3926,4227,3812,3477,3357,2265,15925,1180,0.231,5.8,7.37,2.88,8.68,Healthy,test
C0317,3,9,5.127,35.43,5.134,6.568,121,17.3,0,1147,882,2664,2185,2706,3350,4222,4477,3986,3716,3674,2557,18058,1342,0.445,11.23,13.28,4.49,15.72,Healthy,test
C0795,2,6,5.071,35.11,5.109,6.556,154,23.91,0,1159,895,2474,2068,2916,3376,4578,4420,4479,4165,3490,2388,18955,1414,0.42,16.37,15.5,-1.75,14.63,Healthy,test
C0151,3,9,4.597,35.83,4.568,6.706,146,25.21,0,1155,836,2459,1959,2985,3109,4275,4733,4365,4128,3824,2436,18197,1357,-0.121,9.4,11.56,3.67,13.07,Healthy,test
C0348,2,6,4.962,35.24,4.987,6.833,148,15.91,0,1104,820,2446,1951,2876,3196,4060,4249,4078,3864,3681,2487,17454,1330,0.298,14.48,14.19,-0.59,13.9,Healthy,test
C0170,5,15,4.672,35.99,4.629,6.642,129,21.5,0,1106,827,2359,1939,2616,3072,4097,4150,4038,3710,3489,2296,17006,1330,-0.06,6.67,10.01,4.42,11.09,Healthy,test
C0220,4,12,4.732,35.93,4.693,6.614,127,16.36,0,1171,858,2544,1994,3081,3198,4365,4619,4378,4122,3322,2365,18792,1418,0.004,11.92,11.39,-0.26,11.65,Healthy,test
C0305,4,12,5.119,36.09,5.062,6.76,155,24.7,0,1216,923,2654,2118,2888,3341,4238,4836,4765,4020,3657,2590,19089,1393,0.373,15.06,15.68,-1.05,14.01,Healthy,test
C0084,4,12,5.812,36.86,5.662,6.871,303,14.18,0,1440,1082,3050,2455,3446,3600,5066,5344,4957,4586,4413,2713,21713,1667,0.973,24.89,27.38,15.69,40.59,Subclinical,test
C0695,1,3,4.929,35.02,4.974,6.623,182,23.19,0,1314,935,2508,2022,3012,3399,4500,4712,4337,4102,3583,2712,19219,1505,0.285,15.36,15.36,0.0,15.36,Healthy,test
C0361,4,12,4.415,35.49,4.416,6.605,192,20.72,0,1266,923,2620,2159,2853,3425,4359,5005,4797,4373,3529,2330,19893,1496,-0.273,11.59,11.62,1.1,12.69,Healthy,test
C0761,6,18,4.606,36.01,4.561,6.539,208,16.85,0,1235,882,2557,2001,2925,3263,4196,4732,4411,4031,3839,2418,18175,1370,-0.128,12.57,13.95,-0.68,11.89,Healthy,test
C0203,1,3,4.505,35.14,4.536,6.6,109,16.45,0,1140,825,2531,2067,2921,3265,4066,4390,4377,4218,3343,2378,18755,1456,-0.153,8.74,8.74,0.0,8.74,Healthy,test
C0126,3,9,4.592,35.27,4.612,6.48,107,25.29,0,1198,903,2636,2159,3271,3357,4572,4460,4575,4267,3632,2475,19623,1365,-0.077,12.05,9.89,-1.62,10.43,Healthy,test
C0162,4,12,4.188,35.69,4.173,6.779,146,27.59,0,1272,977,2733,2206,2798,3525,4200,4954,4625,4181,3940,2686,19388,1461,-0.516,5.71,8.22,2.83,8.54,Healthy,test
C0306,1,3,4.822,35.74,4.8,6.673,166,20.79,0,1203,944,2712,2201,2904,3310,4541,5263,4695,4346,3496,2352,20593,1513,0.111,15.82,15.82,0.0,15.82,Healthy,test
C0722,1,3,4.596,35.72,4.577,6.668,182,22.7,0,1199,865,2478,2012,2679,3122,3854,4723,4220,4244,3296,2447,18693,1300,-0.112,13.32,13.32,0.0,13.32,Healthy,test
C0513,2,6,4.503,35.2,4.529,6.662,133,15.36,0,1100,866,2479,1983,2759,3147,3785,4365,4132,4179,3279,2602,17391,1332,-0.16,8.05,9.3,2.51,10.56,Healthy,test
C0098,3,9,5.451,34.59,5.545,6.538,122,18.79,0,1175,1005,2817,2246,2819,3353,4226,5054,4525,4333,3784,2636,19807,1423,0.856,17.32,16.08,-3.27,14.05,Healthy,test
C0274,5,15,5.165,35.81,5.135,6.531,137,17.6,0,1106,854,2433,1845,2753,3022,4341,4461,4062,4130,3504,2415,17657,1307,0.446,10.38,15.8,8.99,19.37,Healthy,test
C0232,3,9,5.383,36.18,5.313,6.829,259,18.89,0,1357,1003,2957,2306,3136,3936,5251,5172,4979,4504,3998,2939,22542,1632,0.624,18.86,16.88,5.22,24.08,Healthy,test
C0646,6,18,4.243,35.03,4.281,6.469,193,26.27,0,1250,950,2914,2166,2976,3344,4491,4560,4253,4173,3850,2514,19090,1426,-0.408,9.39,9.13,-2.35,7.04,Healthy,test
C0570,1,3,4.903,36.36,4.823,6.836,138,21.28,0,1138,905,2796,2136,2921,3413,4503,5123,4422,4301,3561,2527,19418,1411,0.134,15.85,15.85,0.0,15.85,Healthy,test
C0776,4,12,4.55,36.08,4.5,6.691,158,22.89,0,1081,772,2536,1946,2734,2959,3881,4471,3977,4055,3103,2344,18003,1310,-0.189,10.43,11.63,3.48,13.91,Healthy,test
C0228,6,18,5.387,35.51,5.386,6.626,177,20.18,0,1224,886,2670,2126,2748,3084,4295,4858,4705,4060,3531,2547,19043,1433,0.697,19.07,19.37,1.78,20.85,Healthy,test
C0664,3,9,4.419,35.4,4.427,6.765,162,19.46,0,1145,831,2696,2040,2842,3085,4462,4405,4033,3686,3597,2575,18587,1363,-0.262,8.92,8.56,-0.44,8.47,Healthy,test
C0215,3,9,4.54,35.89,4.506,6.689,205,20.39,0,1192,952,2543,1975,3067,3352,4513,4623,3952,4146,3734,2594,18604,1376,-0.183,10.25,11.97,1.61,11.85,Healthy,test
C0663,1,3,4.891,35.87,4.857,6.803,83,20.53,0,1013,821,2266,1845,2544,2946,3732,3978,4030,3807,3191,2177,17080,1261,0.168,9.87,9.87,0.0,9.87,Healthy,test
C0164,6,18,4.899,35.71,4.879,6.525,143,19.28,0,1106,889,2290,1951,2896,3497,3919,4541,4189,4096,3353,2196,18132,1353,0.19,14.4,13.07,-3.19,11.21,Healthy,test
C0318,3,9,4.906,35.12,4.941,6.564,194,19.3,0,1219,916,2887,2306,3040,3418,4655,4807,4653,4076,3953,2744,20006,1399,0.252,10.66,12.37,1.83,12.49,Healthy,test
C0626,3,9,4.982,35.35,4.996,6.602,200,21.25,0,1426,950,2746,2288,2909,3187,4399,4877,4620,4444,3691,2468,19605,1420,0.307,16.61,17.16,-0.96,15.65,Healthy,test
C0019,6,18,4.977,35.54,4.973,6.735,172,16.66,0,1098,819,2280,2090,2462,3125,4042,4492,4341,3990,3669,2398,17516,1366,0.284,14.22,15.22,-0.54,13.67,Healthy,test
C0643,1,3,4.731,35.61,4.721,6.863,81,24.82,0,1045,812,2380,1838,2684,2916,3891,4247,3682,3429,3107,2035,16492,1244,0.032,9.7,9.7,0.0,9.7,Healthy,test
C0743,5,15,4.409,36.03,4.365,6.814,183,19.04,0,1251,960,2671,2122,3029,3125,4347,4906,4550,3935,3647,2516,19292,1367,-0.324,14.87,14.4,-1.8,13.07,Healthy,test
C0584,2,6,4.854,35.51,4.853,6.777,140,24.48,0,1235,913,2791,2245,3324,3681,4548,5012,4768,4521,4125,2788,20012,1423,0.164,16.59,14.39,-4.39,12.2,Healthy,test
C0769,1,3,5.003,35.79,4.975,6.758,55,18.97,0,958,688,2108,1650,2156,2518,3473,4089,3535,3262,3165,2092,14879,1152,0.286,11.13,11.13,0.0,11.13,Healthy,test
C0504,2,6,5.044,36.87,4.913,6.575,157,22.25,0,1392,1003,2962,2222,3030,3597,4425,5209,4917,4598,3996,2608,21209,1504,0.224,16.96,17.43,0.94,17.9,Healthy,test
C0656,2,6,4.12,35.04,4.156,6.619,208,22.47,0,1304,919,2650,2163,3005,3499,4567,5175,4512,4549,3958,2703,19505,1398,-0.533,11.82,10.35,-2.94,8.88,Healthy,test
C0559,3,9,5.054,35.42,5.062,6.683,142,22.14,0,1218,878,2625,2129,2715,3129,4176,5002,4371,4388,3935,2533,19304,1397,0.373,14.71,15.88,0.58,15.29,Healthy,test
C0347,5,15,4.45,36.02,4.406,6.453,117,23.23,0,986,761,2222,1733,2722,2811,4049,3965,3939,3401,3245,2001,16613,1332,-0.283,9.34,9.49,1.14,10.48,Healthy,test
C0465,4,12,4.735,35.13,4.768,6.559,111,20.36,0,1065,790,2181,1786,2566,3234,3718,4218,3987,3570,3318,2343,16920,1248,0.079,11.55,12.22,0.0,11.55,Healthy,test
C0075,5,15,4.552,36.27,4.485,6.696,137,15.1,0,950,791,2247,1741,2265,2745,3498,4166,3824,3670,3272,2229,16247,1293,-0.204,10.16,11.48,4.22,14.38,Healthy,test
C0601,3,9,5.11,35.43,5.117,6.743,254,16.17,0,1369,1071,3177,2531,3012,4050,4889,5770,4848,4522,4366,3104,21396,1561,0.428,19.61,20.02,0.99,20.59,Healthy,test
C0110,5,15,4.393,35.2,4.418,6.716,119,16.26,0,1174,832,2541,2093,2744,3079,3757,4558,4278,3521,3548,2484,17693,1323,-0.271,7.72,8.13,1.01,8.73,Healthy,test
C0464,4,12,4.618,36.49,4.531,6.537,104,18.81,0,1200,848,2473,1992,2480,3417,4023,4215,4114,3670,3584,2283,18302,1379,-0.158,9.64,12.18,3.66,13.31,Healthy,test
C0255,6,18,7.99,37.05,7.755,7.18,496,11.7,1,1860,1389,4347,3410,4565,5696,6943,8314,7392,7416,5943,4198,31969,2102,3.066,77.91,70.66,11.59,89.5,Clinical,test
C0761,4,12,4.623,36.08,4.572,6.535,205,17.99,0,1243,934,2599,2038,2803,3192,3914,4612,4478,4004,3469,2499,18437,1243,-0.117,15.21,15.17,2.19,17.4,Healthy,test
C0164,5,15,4.742,35.81,4.714,6.503,182,18.1,0,1087,822,2442,2002,3064,3387,4546,4647,4085,4192,3380,2181,19092,1385,0.025,13.61,14.39,0.79,14.4,Healthy,test
C0509,5,15,4.841,36.08,4.788,6.517,102,11.35,0,1192,842,2508,1964,2780,3058,3885,4554,4040,3982,3512,2376,17764,1316,0.099,9.97,10.8,0.29,10.26,Healthy,test
C0464,5,15,4.694,36.7,4.587,6.489,99,18.22,0,1039,850,2286,1977,2795,3059,3957,4016,4041,3593,3604,2266,16512,1267,-0.102,13.31,10.74,-4.02,9.28,Healthy,test
C0446,3,9,4.718,35.57,4.712,6.669,132,23.36,0,1222,875,2639,2174,3105,3384,4436,4658,4213,4252,3754,2470,18709,1361,0.023,9.08,11.39,2.15,11.23,Healthy,test
C0700,3,9,4.704,36.84,4.584,6.469,167,20.16,0,1203,863,2518,1904,3035,3546,4226,4930,4318,4186,3671,2641,19096,1363,-0.105,15.54,14.47,-0.91,14.63,Healthy,test
C0131,1,3,5.445,35.35,5.461,6.697,64,19.44,0,1079,788,2399,1700,2556,2925,4085,4140,3688,3695,3442,2172,16865,1199,0.772,13.23,13.23,0.0,13.23,Healthy,test
C0126,1,3,4.534,35.16,4.563,6.438,94,25.15,0,1100,935,2676,2073,2988,3462,4314,4651,4619,4069,3623,2467,18605,1384,-0.126,7.21,7.21,0.0,7.21,Healthy,test
C0235,6,18,4.613,34.98,4.659,6.609,215,21.48,0,1383,1009,2893,2287,3184,3601,5054,5275,5594,4503,4477,3122,21079,1463,-0.03,9.68,11.42,1.65,11.32,Healthy,test
C0089,6,18,7.61,37.98,7.251,6.97,552,12.2,1,2034,1540,4695,3320,4925,5526,7367,8325,8239,7147,7004,4598,32997,2168,2.562,74.53,69.67,15.0,89.53,Clinical,test
C0134,4,12,4.933,36.61,4.829,6.72,91,18.61,0,1161,815,2366,2041,2687,3191,4016,4554,4259,4089,3367,2145,18540,1340,0.14,17.5,15.86,-2.32,15.18,Healthy,test
C0476,3,9,5.378,36.67,5.258,6.825,278,15.59,0,1376,1045,2928,2425,3457,3872,4805,5526,4967,4656,4009,2954,21819,1451,0.569,16.53,18.6,10.77,27.3,Healthy,test
C0388,1,3,4.569,35.35,4.582,6.637,121,22.12,0,1234,888,2757,2169,3036,3368,4261,4953,4828,4453,3629,2704,19340,1456,-0.107,10.48,10.48,0.0,10.48,Healthy,test
C0440,1,3,4.564,35.55,4.56,6.678,144,21.62,0,1097,738,2368,1913,2701,3045,4206,4779,4137,4012,3492,2480,18420,1428,-0.129,12.64,12.64,0.0,12.64,Healthy,test
C0153,5,15,4.428,36.61,4.335,6.865,143,21.88,0,1205,844,2459,2044,2810,2989,3974,4697,4380,4152,3711,2365,17516,1298,-0.354,12.42,12.32,0.16,12.57,Healthy,test
C0342,1,3,4.792,35.68,4.776,6.675,184,18.22,0,1278,1020,2784,2584,2961,3310,4009,4774,4679,3988,3593,2349,19408,1409,0.087,10.9,10.9,0.0,10.9,Healthy,test
C0288,3,9,5.523,36.29,5.44,6.801,193,16.52,0,1368,1015,2952,2363,3261,3481,4785,4714,4541,4509,4482,2921,20989,1451,0.751,13.93,18.6,10.36,24.29,Healthy,test
C0196,6,18,4.875,35.46,4.879,6.576,182,21.42,0,1236,978,2709,2107,3161,3685,5158,4714,4311,4092,3790,2715,19817,1376,0.19,13.53,13.41,-0.71,12.82,Healthy,test
C0594,2,6,5.088,35.79,5.06,6.682,177,18.95,0,1248,925,2529,2085,3233,3613,4835,4908,4680,4348,3919,2596,19837,1411,0.371,14.31,16.72,4.82,19.13,Healthy,test
C0100,4,12,5.466,36.97,5.313,6.856,365,15.08,0,1448,1087,3371,2465,3607,4043,5370,5704,5459,5083,4593,3037,23826,1625,0.624,27.79,28.12,12.89,40.68,Subclinical,test
C0585,1,3,4.934,35.18,4.964,6.632,134,18.75,0,1213,910,2676,2092,2689,3144,3977,4908,4484,4075,3523,2514,18070,1323,0.275,14.44,14.44,0.0,14.44,Healthy,test
C0773,2,6,4.685,35.89,4.65,6.482,117,20.57,0,1147,914,2542,1986,2938,3137,4623,4797,4433,4111,3949,2353,18919,1411,-0.039,14.14,12.05,-4.18,9.96,Healthy,test
C0466,5,15,4.75,36.0,4.705,6.752,77,21.88,0,990,714,2199,1701,2264,2707,3418,4089,3460,3547,3084,2050,15708,1170,0.016,11.47,10.4,-1.42,10.05,Healthy,test
C0544,6,18,4.79,35.59,4.782,6.682,161,17.04,0,1251,932,2783,2303,3281,3560,4787,5243,4628,4465,4042,2656,20728,1490,0.093,12.12,11.88,1.4,13.52,Healthy,test
C0768,5,15,6.081,36.58,5.956,6.841,566,10.88,1,2299,1553,4511,3757,5254,5662,8075,8458,7258,6662,6747,4279,33038,2152,1.267,44.14,48.25,26.48,70.62,Clinical,test
C0756,3,9,4.924,36.23,4.856,6.795,175,16.31,0,1385,984,2925,2342,3254,4011,5076,5511,5263,4681,4469,2935,22076,1516,0.167,13.38,14.97,3.23,16.61,Healthy,test
C0523,3,9,5.005,35.34,5.02,6.653,149,28.87,0,1136,862,2669,1985,2780,3416,4256,4740,4383,3953,3263,2187,18671,1422,0.331,11.4,13.4,4.91,16.31,Healthy,test
C0606,5,15,4.973,35.61,4.963,6.492,136,25.94,0,1262,998,2788,2252,3255,3812,4985,5236,5027,4467,4124,2708,21011,1486,0.274,9.22,12.57,6.88,16.1,Healthy,test
C0692,6,18,6.52,38.69,6.125,7.18,547,10.4,0,1681,1288,3878,2831,4201,4809,6068,6938,6244,5931,5382,3724,27385,1858,1.436,54.03,55.49,22.12,76.15,Clinical,test
C0397,1,3,4.663,34.14,4.783,6.65,147,23.68,0,1077,815,2363,1880,2538,2993,3805,4383,4178,3821,3422,2134,16618,1311,0.094,8.5,8.5,0.0,8.5,Healthy,test
C0767,4,12,5.904,36.88,5.749,6.866,287,15.41,0,1470,1061,2972,2425,3556,4016,4775,5922,5287,5077,4612,3201,22696,1643,1.06,25.4,28.13,15.63,41.03,Subclinical,test
C0516,5,15,4.732,35.72,4.712,6.711,152,17.57,0,1256,921,2695,1986,2755,3307,4248,4782,4400,4146,3773,2535,17907,1282,0.023,13.49,12.72,-2.51,10.98,Healthy,test
C0565,3,9,4.743,35.4,4.752,6.721,201,18.94,0,1332,981,2885,2221,3200,3394,4889,5279,4980,4196,4216,2728,21198,1482,0.063,13.28,13.3,-0.82,12.46,Healthy,test
C0730,3,9,4.899,35.4,4.908,6.74,147,23.47,0,1291,940,2702,2038,2889,3335,4130,4252,4101,4133,3355,2336,18558,1349,0.219,13.21,14.36,1.11,14.32,Healthy,test
C0607,3,9,4.284,35.96,4.247,6.558,231,19.76,0,1231,892,2652,2060,2954,3471,4238,4717,4241,4343,3903,2678,19060,1355,-0.442,13.58,12.11,-4.92,8.66,Healthy,test
C0508,2,6,4.947,35.94,4.906,6.729,197,20.84,0,1200,872,2618,2208,2701,2990,4002,4623,4214,3869,3602,2256,17658,1274,0.217,14.86,16.16,2.59,17.45,Healthy,test
C0539,6,18,4.381,34.65,4.452,6.457,205,22.42,0,1347,1031,2769,2246,3283,3514,4476,4937,4687,4277,4054,2799,21138,1517,-0.237,6.21,9.48,4.12,10.33,Healthy,test
C0314,3,9,5.137,35.13,5.173,6.746,239,21.58,0,1292,962,2771,2247,3243,3629,4429,5071,4845,4172,4082,2697,20202,1461,0.484,16.59,19.25,3.46,20.05,Healthy,test
C0028,3,9,4.785,34.31,4.893,6.725,134,21.98,0,1118,924,2632,2031,3132,3517,4817,4306,4426,4246,3653,2557,19136,1341,0.204,10.05,11.09,2.26,12.3,Healthy,test
C0145,4,12,5.659,36.76,5.524,6.901,390,15.25,0,1483,1138,3189,2517,3780,4283,5576,5828,5513,5379,4811,3438,24041,1723,0.835,24.83,28.72,19.49,44.32,Subclinical,test
C0584,6,18,4.803,35.34,4.818,6.8,134,24.37,0,1247,911,2644,2143,3256,3536,5073,4850,4428,4610,3918,2719,20236,1405,0.129,13.44,12.15,0.23,13.67,Healthy,test
C0579,2,6,5.28,35.4,5.29,6.666,202,20.65,0,1145,901,2658,2169,3040,3122,4402,4788,4645,3974,3764,2453,18939,1434,0.601,22.85,21.13,-3.44,19.41,Healthy,test
C0686,4,12,4.84,35.34,4.855,6.674,151,26.09,0,1187,943,2523,2170,2989,3636,4479,5011,4538,4365,3547,2547,19334,1451,0.166,12.19,11.71,1.17,13.36,Healthy,test
C0042,5,15,6.462,37.39,6.23,6.921,367,11.03,1,2038,1483,4190,3462,5161,5691,7724,7623,7287,6453,6618,4342,31264,2106,1.541,43.11,45.01,22.98,66.08,Subclinical,test
C0291,3,9,5.345,36.25,5.269,6.773,232,14.85,0,1237,1011,2836,2363,3095,3695,4599,5110,4870,4447,4176,2820,20841,1488,0.58,17.38,19.09,8.27,25.65,Healthy,test
C0705,3,9,4.913,35.72,4.892,6.686,99,17.66,0,943,774,1957,1798,2362,2852,3549,4028,3857,3498,3142,2028,16079,1210,0.203,15.94,14.08,-5.14,10.81,Healthy,test
C0755,3,9,4.916,35.59,4.908,6.774,191,16.79,0,1188,902,2540,2108,2904,3104,3979,4596,4345,4252,3802,2457,19035,1386,0.219,15.22,15.75,-2.4,12.82,Healthy,test
C0207,4,12,4.829,34.95,4.879,6.684,155,23.53,0,1405,952,2828,2430,3075,3496,4610,4840,4381,4241,3825,2708,20140,1414,0.19,10.18,12.28,3.12,13.3,Healthy,test
C0629,1,3,4.308,35.06,4.344,6.764,182,20.48,0,1236,1003,2841,2245,2853,3246,4163,4488,4659,4414,3634,2604,19158,1387,-0.345,10.97,10.97,0.0,10.97,Healthy,test
C0620,1,3,5.087,35.3,5.106,6.615,124,23.12,0,1260,1031,2508,2070,2726,3423,4490,4824,4513,4189,3826,2531,19535,1373,0.417,11.52,11.52,0.0,11.52,Healthy,test
C0619,3,9,5.443,36.12,5.379,6.85,285,16.76,0,1575,1095,3166,2650,3440,4074,5428,5212,5436,4798,4536,3288,22992,1552,0.69,18.21,20.58,10.04,28.25,Healthy,test
C0470,4,12,4.507,35.78,4.483,6.715,210,19.32,0,1272,914,2628,2044,2586,3369,3923,4762,4234,4281,3633,2402,18580,1419,-0.206,14.86,14.37,-2.56,12.29,Healthy,test
C0589,6,18,6.18,38.0,5.886,7.07,537,12.0,0,1519,1114,3413,2518,4357,4477,5841,6577,5707,5826,4810,3089,26168,1837,1.197,49.76,49.45,16.71,66.47,Subclinical,test
C0224,4,12,4.821,35.41,4.829,6.481,64,24.56,0,998,709,2169,1664,2169,2545,3323,3559,3513,3350,3060,1996,14839,1175,0.14,11.29,11.2,2.29,13.58,Healthy,test
C0012,4,12,5.509,36.97,5.355,6.791,426,15.53,0,1515,1094,3496,2695,3565,4177,5019,5955,5361,5049,4872,3432,22266,1628,0.666,23.51,28.84,20.2,43.71,Subclinical,test
C0320,2,6,4.874,36.09,4.819,6.774,140,19.88,0,1257,857,2642,2166,3036,3266,4286,4485,4287,3736,3537,2563,18167,1362,0.13,15.08,14.63,-0.89,14.19,Healthy,test
C0072,2,6,5.018,35.33,5.034,6.74,156,20.12,0,1317,959,3084,2330,3168,3742,4677,5224,4582,4674,4257,2759,21761,1504,0.345,11.78,13.57,3.58,15.36,Healthy,test
C0366,3,9,5.238,36.3,5.158,6.782,210,16.19,0,1288,971,2877,2251,3248,3466,4811,5268,4712,4227,3558,2571,20861,1541,0.469,17.24,17.05,5.5,22.74,Healthy,test
C0651,5,15,4.82,35.34,4.835,6.674,156,19.94,0,1280,1033,2832,2304,3279,3484,5072,5373,4631,4306,4127,2676,20613,1547,0.146,13.51,12.36,-2.77,10.74,Healthy,test
C0189,6,18,6.45,38.54,6.077,7.1,952,9.3,1,1940,1403,4147,3494,4620,5517,6652,7741,7193,6524,6182,4364,30794,2038,1.388,83.44,76.85,10.04,93.47,Clinical,test
C0323,3,9,5.074,34.93,5.129,6.433,154,20.69,0,1250,889,2563,2059,3083,3657,4628,4823,4629,4128,3801,2540,19565,1453,0.44,11.7,13.31,3.86,15.57,Healthy,test
C0205,6,18,4.834,36.17,4.772,6.63,171,23.03,0,1145,808,2317,1911,2921,3098,3961,4225,4145,3819,3813,2500,17882,1326,0.083,12.56,15.58,5.21,17.77,Healthy,test
C0243,1,3,5.005,35.06,5.047,6.607,104,17.68,0,1181,894,2784,2052,2968,3354,4103,4892,4336,4068,3997,2561,18896,1480,0.358,13.66,13.66,0.0,13.66,Healthy,test
C0418,4,12,5.686,36.55,5.573,6.941,348,15.61,0,1429,1119,3412,2707,3281,4019,5131,6088,5767,5315,4645,3325,24546,1756,0.884,25.79,26.96,13.98,39.77,Subclinical,test
C0668,6,18,4.546,35.13,4.578,6.584,208,17.5,0,1224,1014,2821,2362,3182,3633,4493,5228,4866,4324,3933,2823,20501,1496,-0.111,9.55,11.7,2.88,12.43,Healthy,test
C0046,4,12,5.655,36.67,5.529,6.806,416,15.76,0,1431,1086,3135,2463,3665,4052,5134,5373,4771,4676,4453,3011,22198,1518,0.84,26.88,29.03,14.77,41.65,Subclinical,test
C0528,6,18,5.153,35.68,5.135,6.712,149,22.5,0,1267,907,2612,1985,2980,3714,4671,4747,4563,3905,4006,2538,18569,1406,0.446,17.3,16.55,-1.77,15.53,Healthy,test
C0102,4,12,5.689,37.27,5.498,6.811,334,13.01,0,1350,1040,2904,2435,3392,3891,5382,5437,4805,4618,4072,2788,22063,1625,0.809,30.42,29.89,9.64,40.06,Subclinical,test
C0129,6,18,4.613,36.25,4.547,6.664,108,24.55,0,1121,855,2513,1977,2823,3171,4064,4331,3949,3912,3172,2187,17527,1321,-0.142,13.38,13.1,-1.2,12.18,Healthy,test
C0697,5,15,3.892,35.35,3.903,6.663,110,17.78,0,1054,795,2319,1844,2369,2788,3603,4054,3924,3646,3339,2134,16161,1254,-0.786,5.06,6.7,0.27,5.33,Healthy,test
C0710,6,18,4.783,35.95,4.742,6.774,158,16.5,0,1293,935,2506,2122,3178,3377,4274,5156,4933,4505,3888,2710,20745,1482,0.053,11.06,13.22,3.56,14.62,Healthy,test
C0035,3,9,5.399,36.46,5.301,6.822,315,16.38,0,1437,1071,3009,2337,3636,4192,5251,5768,5388,5168,4297,2946,23170,1581,0.612,20.19,21.54,11.15,31.34,Subclinical,test
C0590,2,6,4.998,34.06,5.135,6.645,138,19.12,0,1066,832,2381,1918,2864,3247,4090,4459,4370,4298,3550,2442,18378,1358,0.446,13.08,13.58,1.0,14.08,Healthy,test
C0642,6,18,4.403,34.14,4.517,6.724,146,20.68,0,1221,906,2457,2037,3193,3496,4733,4669,4408,4336,3890,2565,19409,1497,-0.172,8.35,8.9,2.46,10.81,Healthy,test
C0715,3,9,4.703,36.07,4.652,6.7,109,18.0,0,1154,875,2338,1968,2555,2690,3613,4312,4312,3822,3586,2579,17226,1344,-0.037,10.07,11.51,1.15,11.23,Healthy,test
C0616,5,15,4.662,35.29,4.681,6.502,222,19.37,0,1265,952,2713,2237,3167,3508,4502,4657,4535,4131,4073,2781,20182,1391,-0.008,14.84,12.83,-4.56,10.28,Healthy,test
C0454,2,6,5.229,35.83,5.196,6.84,237,20.82,0,1275,1025,2867,2372,3413,3852,5140,5903,5054,4978,4384,3122,22347,1612,0.507,19.19,19.92,1.47,20.66,Healthy,test
C0220,5,15,4.921,35.84,4.889,6.604,127,18.95,0,1241,950,2682,1909,3014,3464,4496,4939,4197,4266,3220,2250,19307,1435,0.2,11.65,12.62,2.63,14.28,Healthy,test
C0182,5,15,4.441,35.7,4.424,6.822,108,21.83,0,1045,737,2083,1744,2596,2844,3910,4394,4167,3809,3424,2421,16545,1284,-0.265,8.86,9.21,0.61,9.48,Healthy,test
C0665,4,12,4.874,35.32,4.891,6.702,174,19.68,0,1179,840,2499,2274,2817,3184,4410,4761,4301,3774,3876,2373,19267,1408,0.202,10.07,11.98,2.53,12.6,Healthy,test
C0296,2,6,4.88,36.07,4.827,6.703,185,19.19,0,1171,911,2429,2053,2781,2994,4424,4703,4325,3887,4061,2571,18285,1335,0.138,14.7,15.19,0.97,15.67,Healthy,test
C0168,3,9,5.043,35.51,5.042,6.742,67,18.6,0,1153,838,2410,2107,2783,3243,4371,4992,4542,4177,3438,2426,18779,1339,0.353,13.3,11.61,-1.75,11.55,Healthy,test
C0539,3,9,4.434,34.74,4.498,6.47,197,21.29,0,1284,1020,2763,2324,3168,3869,4754,4622,4404,4087,4104,2871,20582,1457,-0.191,4.76,7.7,6.25,11.01,Healthy,test
C0128,2,6,4.206,35.29,4.223,6.498,163,19.76,0,1203,916,2761,2033,2770,3169,4458,4720,4169,3991,3848,2533,19490,1438,-0.466,8.6,9.11,1.02,9.62,Healthy,test
C0649,2,6,3.949,35.51,3.948,6.616,186,24.76,0,1105,893,2706,1908,3074,3095,4314,5086,4770,4292,3411,2284,19520,1398,-0.741,7.26,7.83,1.12,8.39,Healthy,test
C0203,5,15,4.765,35.3,4.783,6.617,123,15.42,0,1249,891,2620,2082,2888,3420,4329,4812,4331,4163,3393,2418,19316,1428,0.094,12.67,10.95,-0.31,12.36,Healthy,test
C0264,4,12,4.016,35.97,3.98,6.614,201,19.09,0,1163,825,2422,1993,2903,3214,4344,4836,4262,4633,3647,2471,19491,1362,-0.709,8.82,8.42,-0.2,8.62,Healthy,test
C0518,1,3,4.674,35.71,4.655,6.679,168,21.52,0,1225,855,2588,2127,2889,3236,4188,4425,4336,3931,3529,2495,18736,1359,-0.034,12.1,12.1,0.0,12.1,Healthy,test
C0385,3,9,5.162,36.25,5.088,6.813,282,17.17,0,1329,990,2757,2352,3319,3665,4671,5219,4958,4525,3888,2546,21881,1578,0.399,19.63,16.9,2.1,21.73,Healthy,test
C0788,5,15,5.072,34.97,5.123,6.654,185,22.04,0,1303,984,2983,2412,3132,3439,4651,5314,5049,4864,4285,2834,21511,1515,0.434,14.04,13.56,-0.54,13.5,Healthy,test
C0597,1,3,4.698,35.68,4.682,6.674,152,23.01,0,1058,859,2336,2019,2863,3458,4297,4150,4166,4029,3756,2474,17838,1332,-0.007,14.0,14.0,0.0,14.0,Healthy,test
C0662,6,18,4.214,34.52,4.292,6.538,145,21.1,0,1173,870,2451,2052,2629,2821,4110,4465,4078,3754,3489,2332,17654,1370,-0.397,8.9,8.04,-2.0,6.9,Healthy,test
C0549,5,15,4.675,36.03,4.628,6.679,120,16.35,0,1191,837,2690,1996,2631,3161,4332,4392,4045,3702,3393,2268,18329,1318,-0.061,15.08,12.32,-5.21,9.87,Healthy,test
C0758,2,6,4.372,36.45,4.293,6.672,176,22.68,0,1220,912,2912,2312,3041,3505,4539,4496,4796,4145,3662,2609,19608,1426,-0.396,13.09,12.9,-0.37,12.72,Healthy,test
C0724,2,6,4.717,35.08,4.755,6.693,57,17.64,0,1116,872,2464,1940,2634,2989,3953,4134,4280,3932,3145,2018,16987,1295,0.066,8.52,8.71,0.39,8.91,Healthy,test
C0118,5,15,4.317,35.97,4.278,6.516,107,19.29,0,1075,776,2240,1888,2501,3149,4109,4305,4073,3592,3189,2432,17263,1296,-0.411,7.7,8.04,0.61,8.31,Healthy,test
C0462,6,18,6.54,38.3,6.192,7.14,604,10.2,1,2033,1408,4475,3618,4728,5671,7356,8455,7027,7066,5997,4266,31125,2009,1.503,65.74,61.88,18.76,84.49,Clinical,test
C0228,3,9,5.327,35.53,5.324,6.591,165,19.39,0,1192,913,2776,2191,2787,3102,3973,4775,4445,4305,3842,2433,19198,1331,0.635,19.16,18.26,-1.2,17.96,Healthy,test
C0161,1,3,4.727,35.29,4.746,6.549,166,25.62,0,1124,901,2774,2140,2817,3285,4311,4477,4011,3895,3458,2098,18341,1320,0.057,8.54,8.54,0.0,8.54,Healthy,test
C0220,3,9,4.819,35.86,4.786,6.612,128,17.83,0,1211,876,2546,1991,2796,3222,4140,4642,4296,3996,3556,2287,18694,1437,0.097,10.59,11.07,1.33,11.92,Healthy,test
C0230,4,12,4.43,35.04,4.469,6.687,181,16.02,0,1210,891,2450,2184,2960,3157,4467,4551,4622,4169,3756,2611,18476,1371,-0.22,8.76,10.23,0.57,9.34,Healthy,test
C0655,6,18,7.01,38.84,6.565,6.96,391,9.8,1,2187,1731,4759,3668,5053,4588,6466,7249,7016,6628,6849,4491,30879,2064,1.876,61.63,57.52,16.53,78.17,Clinical,test
C0260,3,9,5.037,36.46,4.945,6.597,120,18.93,0,1107,908,2574,2074,2970,3224,3990,4826,4233,3935,3397,2483,17911,1270,0.256,16.31,14.78,-2.23,14.08,Healthy,test
C0073,2,6,4.699,35.43,4.705,6.635,101,17.32,0,1124,816,2363,1781,2767,2952,3785,4207,4040,3592,3462,2260,17140,1292,0.016,7.28,9.41,4.27,11.55,Healthy,test
C0003,5,15,4.76,34.89,4.815,6.812,206,18.38,0,1295,993,2827,2218,2989,3512,4431,5030,4693,4346,3969,2666,19425,1429,0.126,10.79,12.2,1.83,12.62,Healthy,test
C0045,6,18,4.057,35.1,4.088,6.712,138,20.0,0,1028,854,2297,1814,2487,2583,3642,4071,3901,3676,3388,2345,16588,1286,-0.601,7.59,7.47,-1.9,5.69,Healthy,test
C0507,3,9,4.629,35.96,4.589,6.576,210,17.77,0,1144,896,2561,2016,3011,3134,4448,4915,4503,4153,3655,2352,18712,1369,-0.1,11.8,12.85,2.96,14.76,Healthy,test
C0650,3,9,5.463,36.38,5.372,6.801,211,18.64,0,1413,1101,3134,2613,3518,3941,5109,5848,5725,5012,4296,3012,23496,1652,0.683,18.48,17.98,6.15,24.63,Healthy,test
C0446,6,18,4.86,35.58,4.853,6.693,143,24.15,0,1258,976,2682,2230,2960,3530,4230,5065,4409,4327,3700,2513,19026,1492,0.164,12.19,13.11,2.98,15.18,Healthy,test
C0309,4,12,4.347,35.32,4.362,6.765,244,21.34,0,1269,944,2812,2346,3124,3399,4886,5126,4842,4685,4598,2703,21296,1459,-0.327,10.54,11.0,-0.95,9.59,Healthy,test
C0230,1,3,4.328,35.03,4.367,6.727,166,15.01,0,1329,919,2504,2164,3177,3570,4621,4780,4465,4169,3540,2767,19163,1424,-0.322,12.15,12.15,0.0,12.15,Healthy,test
C0193,5,15,5.225,35.57,5.218,6.648,139,23.17,0,1189,848,2607,2014,2959,3245,4267,4559,4388,4130,3592,2541,17598,1365,0.529,19.2,16.92,-2.18,17.02,Healthy,test
C0474,5,15,4.945,35.11,4.982,6.76,218,20.34,0,1502,1038,3117,2606,3264,3809,5119,5537,5257,4759,4407,3295,22656,1644,0.293,19.53,17.78,-3.72,15.81,Healthy,test
C0189,3,9,5.241,36.44,5.147,6.789,369,16.61,0,1323,955,2976,2466,3222,3813,4635,5269,4962,4508,4173,2838,20788,1471,0.458,18.84,22.88,15.2,34.04,Subclinical,test
C0134,1,3,4.883,36.68,4.774,6.736,82,19.21,0,1007,811,2245,1849,2656,2996,3996,4259,4235,3668,3176,2265,17254,1299,0.085,12.52,12.52,0.0,12.52,Healthy,test
C0719,3,9,4.919,36.56,4.82,6.752,268,16.44,0,1268,939,2661,2048,3136,3776,4608,5183,4661,4348,3926,2664,20963,1502,0.131,12.46,16.17,7.07,19.53,Healthy,test
C0137,5,15,4.655,36.06,4.605,6.71,119,23.6,0,1068,822,2412,2007,2705,2855,3468,3880,3514,3252,3355,2197,16024,1208,-0.084,10.21,11.89,3.3,13.51,Healthy,test
C0185,2,6,5.102,36.17,5.037,6.752,175,18.1,0,1242,944,2924,2251,3093,3330,4556,4753,4057,3966,3590,2345,19180,1447,0.348,16.21,16.91,1.39,17.61,Healthy,test
C0136,6,18,4.703,35.68,4.687,6.667,222,18.02,0,1372,1024,2981,2133,3178,3356,4577,5383,5098,4670,4083,2878,21410,1597,-0.002,14.52,16.82,2.93,17.45,Healthy,test
C0234,6,18,4.737,34.71,4.808,6.558,175,23.51,0,1163,870,2554,1912,2814,3273,4045,4832,4377,3948,3516,2369,18443,1390,0.119,10.37,10.35,1.28,11.65,Healthy,test
C0579,4,12,4.989,35.21,5.016,6.637,211,21.62,0,1153,857,2586,2030,2840,3348,4346,4867,4330,4269,3531,2498,18651,1354,0.327,18.51,17.51,-3.91,14.6,Healthy,test
C0009,2,6,4.538,35.73,4.518,6.668,127,16.15,0,1126,833,2346,1876,2652,2910,3943,4290,4102,3786,3431,2425,17298,1357,-0.171,12.79,12.24,-1.1,11.69,Healthy,test
C0402,5,15,4.863,34.63,4.943,6.785,141,21.35,0,1211,938,2705,2118,2920,3290,4447,4459,3898,3971,3710,2410,19008,1443,0.254,11.63,11.15,0.67,12.3,Healthy,test
C0279,3,9,4.627,35.85,4.596,6.729,76,15.94,0,1086,867,2302,2007,2715,2872,3989,4015,3675,3354,3174,2261,16279,1219,-0.093,10.79,11.78,1.38,12.16,Healthy,test
C0689,5,15,5.062,36.46,4.97,6.663,158,19.14,0,1321,952,2844,2248,3224,3545,4580,4621,4333,4209,4084,2588,19483,1432,0.281,19.63,17.48,-4.3,15.33,Healthy,test
C0361,5,15,4.27,35.37,4.281,6.578,197,21.16,0,1304,925,2672,2303,3083,3552,4525,5406,5159,4812,3696,2434,20161,1387,-0.408,12.69,11.05,-3.83,8.86,Healthy,test
C0777,1,3,4.558,35.25,4.58,6.659,137,22.54,0,1180,822,2536,2178,2650,2980,4099,4489,4527,3968,3084,2293,18189,1477,-0.109,8.82,8.82,0.0,8.82,Healthy,test
C0612,2,6,4.874,35.05,4.916,6.689,186,24.57,0,1232,956,2610,2160,2922,3552,4670,4852,4389,4396,3780,2437,19427,1389,0.227,16.69,14.43,-4.52,12.17,Healthy,test
C0655,3,9,5.321,36.76,5.194,6.745,205,17.77,0,1491,1116,3187,2433,3553,3869,5258,5833,5141,4704,4338,3156,22813,1616,0.505,15.63,17.68,9.58,25.22,Healthy,test
C0789,6,18,4.969,35.95,4.927,6.692,126,15.05,0,1139,873,2488,1866,2991,2961,4271,4122,4438,3567,3453,2272,18500,1435,0.238,14.36,14.2,-1.32,13.04,Healthy,test
C0757,6,18,4.425,35.73,4.406,6.688,209,19.83,0,1166,860,2755,2090,3158,3478,4742,4717,4252,4059,3926,2730,18955,1439,-0.283,12.88,11.68,-0.97,11.91,Healthy,test
C0363,6,18,4.367,36.32,4.299,6.614,169,19.54,0,1148,820,2543,2034,2834,3144,4228,4473,4003,3959,3441,2636,18588,1347,-0.39,14.7,13.63,-2.43,12.27,Healthy,test
C0415,4,12,4.97,36.05,4.918,6.775,224,23.84,0,1305,935,2699,2275,3068,3562,4659,5360,4858,4607,3692,2867,20834,1598,0.229,17.79,18.88,1.31,19.11,Healthy,test
C0650,6,18,7.03,38.03,6.692,7.14,422,11.4,0,1701,1277,3863,2914,4471,4774,6304,7064,6710,6082,5423,3464,28138,1876,2.003,56.39,56.38,16.99,73.38,Clinical,test
C0029,4,12,5.261,34.55,5.356,6.66,149,21.36,0,1290,872,2626,2155,2926,3510,4661,4696,4411,4453,3943,2617,19996,1446,0.667,15.69,14.83,-0.97,14.72,Healthy,test
C0140,4,12,4.671,35.39,4.681,6.708,133,22.2,0,1050,833,2165,1836,2517,3074,3951,4049,3805,3376,3284,2172,16723,1366,-0.008,11.02,11.84,0.39,11.41,Healthy,test
C0728,1,3,4.878,35.82,4.848,6.662,122,20.48,0,1203,830,2369,2003,2671,3227,3961,4105,3889,3871,3424,2285,17503,1329,0.159,14.35,14.35,0.0,14.35,Healthy,test
C0108,6,18,5.016,36.16,4.953,6.741,128,22.34,0,1206,874,2608,2071,3304,3654,4742,4701,4143,4290,3407,2322,18708,1298,0.264,18.42,15.83,-3.37,15.06,Healthy,test
C0506,4,12,5.269,34.64,5.355,6.582,62,17.9,0,987,784,2208,1838,2517,3050,3655,4287,3516,3322,3128,2258,15941,1236,0.666,17.22,14.18,-5.07,12.15,Healthy,test
C0245,5,15,5.14,34.68,5.22,6.671,174,24.15,0,1140,867,2583,1915,2904,3025,4228,4516,4296,3792,3694,2479,18126,1315,0.531,13.3,14.4,0.64,13.94,Healthy,test
C0359,2,6,4.88,36.15,4.82,6.592,175,17.54,0,1156,909,2543,1922,2974,3271,4614,4642,4278,4248,3812,2924,18936,1360,0.131,14.69,14.89,0.39,15.08,Healthy,test
C0592,3,9,4.836,36.31,4.762,6.414,139,20.44,0,1051,879,2335,1842,2815,3080,4023,4362,4312,3978,3511,2485,17784,1355,0.073,13.47,14.52,2.9,16.37,Healthy,test
C0185,4,12,5.411,37.53,5.202,6.981,387,16.23,0,1418,1115,3154,2474,3339,3758,4928,5203,4779,4656,3962,2823,21156,1519,0.513,25.24,27.78,15.27,40.51,Subclinical,test
C0537,2,6,4.531,34.64,4.605,6.617,102,23.42,0,1049,816,2340,1885,2500,2743,3557,4120,3814,3732,2862,1957,16722,1255,-0.084,7.03,6.27,-1.51,5.52,Healthy,test
C0127,2,6,4.479,34.8,4.539,6.683,75,13.86,0,1084,824,2217,1752,2389,2555,3695,4046,3715,3499,3089,2077,16121,1162,-0.15,8.21,7.58,-1.26,6.94,Healthy,test
C0385,4,12,5.462,36.71,5.336,6.916,400,15.92,0,1498,1123,3179,2727,3673,3963,4858,5659,5237,4973,4473,2893,23727,1702,0.647,21.73,27.01,17.94,39.68,Subclinical,test
C0731,6,18,6.32,37.7,6.056,7.16,507,4.7,1,2042,1511,4306,3474,5246,5835,7149,7030,7099,6385,6062,3743,31152,2053,1.367,57.45,53.92,15.91,73.36,Clinical,test
C0524,6,18,6.55,38.02,6.236,6.95,742,11.4,1,2062,1563,4400,3822,4777,5156,6810,7820,7343,7378,6751,5058,32448,2146,1.547,71.19,69.02,18.48,89.67,Clinical,test
C0228,1,3,5.252,35.48,5.254,6.656,164,19.78,0,1271,860,2572,2233,2859,3195,4276,4725,4524,4103,3744,2461,18707,1403,0.565,17.67,17.67,0.0,17.67,Healthy,test
C0215,5,15,4.696,36.23,4.631,6.644,205,21.49,0,1165,920,2519,2156,2998,3258,4404,4521,4129,4237,3858,2558,18814,1364,-0.058,13.66,14.39,4.0,17.66,Healthy,test
C0229,1,3,4.756,35.01,4.8,6.626,157,18.07,0,1046,774,2243,1866,2937,3076,4423,4521,4049,4016,3499,2363,18005,1346,0.111,12.47,12.47,0.0,12.47,Healthy,test
C0518,2,6,5.038,35.88,5.002,6.746,206,17.47,0,1227,933,2650,2205,2983,3591,4578,4890,4368,4043,3744,2554,19926,1362,0.313,12.1,15.76,7.33,19.43,Healthy,test
C0195,2,6,4.646,35.39,4.656,6.429,178,23.91,0,1172,841,2587,2187,3161,3572,4335,4802,4588,4067,3573,2554,19161,1400,-0.033,9.17,10.93,3.51,12.68,Healthy,test
C0673,4,12,5.482,36.73,5.354,6.781,337,15.29,0,1419,1067,3022,2453,3251,3715,5010,6024,5244,4407,4650,3097,22190,1583,0.665,25.21,25.23,7.53,32.74,Subclinical,test
C0501,4,12,4.44,35.66,4.427,6.509,129,25.84,0,1188,986,2644,2166,2958,3549,4561,4776,4627,4101,3577,2532,19507,1399,-0.262,10.07,9.49,-0.09,9.98,Healthy,test
C0584,1,3,4.944,35.46,4.948,6.822,136,23.78,0,1269,882,2626,2062,3283,3772,4913,4969,4808,4417,4059,2792,20280,1548,0.259,16.59,16.59,0.0,16.59,Healthy,test
C0619,1,3,4.917,35.55,4.912,6.681,174,21.68,0,1159,1024,2804,2361,2952,3654,4519,5006,4217,4155,3976,2692,20432,1501,0.223,15.28,15.28,0.0,15.28,Healthy,test
C0217,3,9,4.434,36.15,4.379,6.595,179,19.96,0,1240,913,2519,2209,2788,3395,4097,4304,4664,3949,3453,2382,19226,1428,-0.31,13.32,12.73,-1.63,11.69,Healthy,test
C0633,2,6,4.276,35.01,4.316,6.533,142,19.65,0,1081,854,2496,2005,2900,3088,4020,4930,4153,4053,3312,2210,18506,1339,-0.373,5.62,6.54,1.85,7.47,Healthy,test
C0047,4,12,4.965,36.34,4.886,6.592,270,23.72,0,1224,971,2976,2257,3190,3329,4590,5565,4859,4534,4249,2774,21129,1607,0.197,26.38,23.4,-2.17,24.21,Healthy,test
C0203,2,6,4.689,35.26,4.71,6.587,128,15.94,0,1228,891,2628,2074,2770,3185,4368,4868,4436,4038,3566,2387,18672,1399,0.021,8.74,9.53,1.59,10.33,Healthy,test
C0202,4,12,5.563,37.1,5.394,6.796,309,15.18,0,1442,1005,2926,2496,3362,3713,5068,5801,5158,4792,4399,3149,22261,1658,0.705,23.34,25.76,14.13,37.47,Subclinical,test
C0623,6,18,6.63,38.08,6.305,7.13,580,7.4,1,2221,1636,4417,4012,5322,5285,6747,7709,8100,8262,6143,4290,32392,2112,1.616,63.43,62.03,19.49,82.92,Clinical,test
C0160,2,6,4.523,36.42,4.444,6.806,112,19.32,0,1198,828,2476,1956,2971,3285,4220,4515,4084,4063,3685,2471,18093,1330,-0.245,12.15,11.57,-1.17,10.98,Healthy,test
C0233,2,6,4.518,35.88,4.485,6.5,230,19.98,0,1295,1062,2769,2195,3121,3677,4662,5293,4943,4187,4061,2717,20755,1485,-0.204,12.87,14.15,2.56,15.43,Healthy,test
C0172,4,12,4.721,36.08,4.669,6.595,166,15.4,0,1141,867,2493,2043,2883,3236,4387,4549,3972,3803,3261,2266,18633,1304,-0.02,10.8,12.69,1.67,12.47,Healthy,test
C0050,1,3,4.824,35.81,4.796,6.612,126,23.97,0,1145,865,2552,1842,2746,2949,4008,4042,3918,3477,3468,2261,17360,1263,0.107,12.04,12.04,0.0,12.04,Healthy,test
C0772,6,18,4.784,35.41,4.792,6.532,133,16.6,0,1126,814,2529,1944,2813,3026,3863,4203,3873,3781,3222,2304,17353,1268,0.103,14.71,13.05,-4.23,10.48,Healthy,test
C0759,6,18,4.764,35.43,4.77,6.845,102,23.27,0,1047,812,2348,1914,2425,2745,3534,4113,3727,3768,3347,2213,16650,1291,0.081,9.67,10.06,1.3,10.97,Healthy,test
C0104,2,6,4.29,35.66,4.277,6.76,121,21.99,0,1084,770,2262,1848,2849,3082,4070,4145,3871,3618,3477,2346,16861,1342,-0.412,10.46,7.63,-5.67,4.8,Healthy,test
C0523,1,3,4.845,35.53,4.842,6.705,153,28.56,0,1208,925,2394,2077,3020,3189,4529,4880,4528,3918,3197,2330,18926,1371,0.153,12.5,12.5,0.0,12.5,Healthy,test
C0150,2,6,4.302,35.74,4.282,6.775,182,19.28,0,1201,891,2625,2069,2945,3282,4442,5015,4525,4353,3755,2709,19998,1416,-0.407,10.61,10.43,-0.36,10.25,Healthy,test
C0731,2,6,4.712,35.74,4.691,6.729,178,15.94,0,1298,944,2660,2162,3236,3812,4716,4691,4074,4058,3520,2408,19558,1428,0.002,12.24,11.46,-1.55,10.69,Healthy,test
C0093,3,9,5.227,36.27,5.151,6.792,234,16.25,0,1287,1018,2852,2410,3215,3434,4635,5354,4941,4453,4226,2577,20750,1464,0.462,14.11,15.65,7.53,21.64,Healthy,test
C0105,3,9,4.759,35.12,4.793,6.536,96,16.42,0,1038,774,2279,1800,2534,2914,3762,4114,3792,3535,3693,2397,16738,1269,0.104,10.65,10.33,1.27,11.92,Healthy,test
C0190,2,6,4.602,35.79,4.577,6.771,243,19.33,0,1283,897,2602,2026,2777,3199,4287,4576,4904,4207,3954,2632,18987,1422,-0.112,15.02,15.97,1.91,16.93,Healthy,test
C0509,1,3,4.651,36.22,4.587,6.564,113,11.68,0,1152,862,2323,2174,2589,3193,3722,4372,4115,4043,3360,2230,17417,1345,-0.102,10.75,10.75,0.0,10.75,Healthy,test
C0144,3,9,4.595,35.55,4.591,6.662,78,19.93,0,1031,783,2077,1779,2387,2667,3648,4358,4005,3786,3141,2056,16941,1251,-0.098,10.32,9.1,-4.42,5.9,Healthy,test
C0574,4,12,4.504,35.07,4.541,6.624,196,23.38,0,1298,901,2538,2148,3180,3422,4532,4834,4597,4146,3821,2749,20270,1492,-0.148,11.9,11.24,-0.28,11.63,Healthy,test
C0702,4,12,5.513,35.66,5.496,6.682,173,16.77,0,1351,1023,3102,2441,3164,3587,4568,5181,4722,4638,4418,2810,20403,1436,0.807,19.85,20.53,0.61,20.46,Healthy,test
C0419,6,18,5.258,35.16,5.292,6.481,148,22.09,0,1204,969,2777,2362,3030,3419,4404,4986,4848,4637,4002,2787,19677,1434,0.603,14.04,14.86,1.62,15.66,Healthy,test
C0169,4,12,4.709,35.75,4.687,6.544,185,12.97,0,1186,931,2464,2034,2788,3224,4168,4503,4148,4130,4011,2485,18120,1339,-0.002,16.25,13.69,-3.05,13.2,Healthy,test
C0030,6,18,4.622,35.96,4.582,6.852,191,20.97,0,1227,926,2654,2102,3045,3285,4200,4717,4305,4001,3455,2345,18962,1453,-0.107,10.89,11.64,2.66,13.55,Healthy,test
C0305,3,9,4.959,36.14,4.899,6.766,155,23.52,0,1240,969,2665,2167,2644,3365,3921,4722,4332,4185,3715,2360,18237,1326,0.21,17.96,15.95,-2.9,15.06,Healthy,test
C0120,4,12,5.066,35.68,5.049,6.688,144,21.71,0,1381,1008,2810,2314,3166,3589,4584,4957,4900,4491,3873,2522,19730,1378,0.36,14.83,15.19,2.69,17.52,Healthy,test
C0309,3,9,4.289,35.09,4.322,6.766,256,21.85,0,1370,996,2861,2407,3265,3968,4950,5437,4863,4759,4423,2856,21600,1521,-0.367,12.88,12.88,-2.34,10.54,Healthy,test
C0516,4,12,4.699,35.72,4.679,6.701,167,17.18,0,1278,932,2624,2153,3071,3583,4540,4751,4204,4010,3798,2630,19729,1318,-0.01,13.69,12.83,-0.2,13.49,Healthy,test
C0486,2,6,3.847,35.79,3.826,6.684,173,17.48,0,1184,879,2426,2104,2772,3245,4231,4643,3956,3898,3484,2380,17816,1414,-0.863,8.02,8.43,0.82,8.84,Healthy,test
C0165,3,9,5.383,36.05,5.327,6.801,215,16.71,0,1372,1108,2884,2509,3213,3897,5025,5728,5239,4964,4146,2951,21641,1578,0.638,15.17,17.08,8.21,23.39,Healthy,test
C0719,2,6,4.765,35.9,4.729,6.701,181,16.62,0,1212,860,2561,2126,2954,3305,4647,4840,4445,4186,3859,2388,19550,1415,0.04,16.51,14.49,-4.05,12.46,Healthy,test
C0606,1,3,4.929,35.67,4.913,6.488,137,26.34,0,1207,901,2868,2323,3409,3793,4908,5370,5232,4579,4035,2902,21935,1550,0.224,12.82,12.82,0.0,12.82,Healthy,test
C0771,3,9,5.299,35.7,5.279,6.646,138,22.44,0,1335,991,2797,2223,3249,3485,4464,4413,4319,4123,3900,2492,18864,1371,0.59,13.53,16.24,4.8,18.33,Healthy,test
C0722,3,9,5.323,36.72,5.2,6.767,257,16.38,0,1198,978,2972,2250,2869,3440,4292,5077,5067,4606,3839,2657,20480,1524,0.511,18.77,20.14,9.55,28.32,Healthy,test
C0027,6,18,4.644,35.42,4.651,6.809,156,20.3,0,1124,807,2371,1935,2763,3226,4032,4118,3964,3674,3534,2416,17625,1300,-0.038,12.66,11.5,-1.84,10.82,Healthy,test
C0637,4,12,4.9,35.55,4.895,6.548,154,20.07,0,1131,877,2638,2120,3179,3661,4905,4897,4869,4275,4012,2783,20117,1486,0.206,16.93,14.17,-4.96,11.97,Healthy,test
C0601,6,18,5.047,35.39,5.058,6.711,264,16.19,0,1378,1033,3037,2412,3215,3495,5011,4917,5145,4565,4347,2917,20340,1431,0.369,21.08,21.08,-1.64,19.44,Healthy,test
C0256,6,18,4.996,35.49,4.997,6.481,180,17.19,0,1290,918,2743,2272,2972,3381,4538,5140,4569,4174,3908,2609,19741,1387,0.308,15.14,14.51,-0.37,14.77,Healthy,test
C0314,1,3,5.119,35.09,5.159,6.733,257,21.03,0,1330,1043,2953,2369,3364,3799,4838,5098,4931,4620,4082,2865,22346,1554,0.47,21.11,21.11,0.0,21.11,Healthy,test
C0254,5,15,4.85,35.82,4.821,6.533,131,16.49,0,1313,915,2774,2214,2746,3409,4248,4796,4281,4209,3629,2438,18920,1409,0.132,10.86,10.7,2.27,13.13,Healthy,test
C0157,1,3,4.329,35.79,4.305,6.661,142,20.66,0,1210,960,2778,2023,2870,3341,4305,5206,4913,4525,3727,2580,19619,1343,-0.384,8.11,8.11,0.0,8.11,Healthy,test
C0755,2,6,4.909,35.69,4.891,6.754,188,15.63,0,1114,881,2557,2079,2811,3151,4312,4739,4283,3957,3496,2420,18309,1456,0.202,19.2,17.21,-3.99,15.22,Healthy,test
C0559,4,12,5.109,35.65,5.094,6.709,144,22.45,0,1188,946,2572,2308,2945,3129,4391,5081,4364,4387,3793,2601,18789,1295,0.405,15.29,15.56,1.39,16.68,Healthy,test
C0356,1,3,4.689,35.8,4.662,6.673,143,21.33,0,1158,812,2313,2101,2742,3157,3942,4697,4178,3990,3562,2514,17994,1330,-0.027,12.5,12.5,0.0,12.5,Healthy,test
C0355,3,9,4.757,35.75,4.734,6.46,118,18.11,0,1134,882,2458,1904,2861,3199,4170,5089,4451,4319,3307,2464,19327,1449,0.045,10.59,11.36,0.61,11.2,Healthy,test
C0534,2,6,4.46,35.36,4.472,6.53,206,19.95,0,1140,841,2360,2097,2833,3526,4014,4671,4084,3972,3505,2561,18415,1389,-0.217,10.97,11.15,0.36,11.33,Healthy,test
C0748,2,6,4.404,35.15,4.433,6.558,199,22.76,0,1134,948,2648,1972,2935,3340,4485,4579,4275,4063,3649,2494,19034,1461,-0.256,10.47,11.31,1.69,12.15,Healthy,test
C0059,6,18,6.43,37.21,6.221,7.08,506,6.8,1,1990,1512,4343,3436,4745,5052,6116,7325,6534,6766,6814,4477,28832,1877,1.532,56.63,53.82,18.87,75.5,Clinical,test
C0677,4,12,4.703,35.32,4.719,6.572,115,17.42,0,959,778,2152,1759,2387,2706,3548,3973,3705,3516,3074,2120,16145,1215,0.03,13.46,10.81,-2.69,10.77,Healthy,test
C0334,5,15,5.103,36.08,5.047,6.667,155,25.03,0,1112,896,2643,1981,2936,3238,4044,4429,4338,4152,3467,2386,18744,1399,0.358,11.98,16.3,8.95,20.92,Healthy,test
C0695,3,9,5.21,34.99,5.26,6.647,180,22.78,0,1335,979,2898,2092,3244,3514,4799,4957,5077,4606,4176,2732,21077,1503,0.571,15.04,16.11,2.88,17.92,Healthy,test
C0354,2,6,4.798,35.14,4.831,6.721,166,22.4,0,1181,950,2665,2253,2797,3441,4336,4473,4464,4074,3794,2534,18187,1324,0.142,12.6,12.27,-0.65,11.95,Healthy,test
C0215,4,12,4.475,36.03,4.43,6.65,198,21.07,0,1177,909,2719,2314,3143,3321,4470,4698,4471,4129,3864,2608,19213,1412,-0.259,11.85,11.92,1.81,13.66,Healthy,test
C0753,2,6,4.154,35.92,4.121,6.697,161,19.53,0,1144,888,2586,1942,2849,3143,4334,4299,4106,3828,3627,2228,17495,1347,-0.568,8.34,9.89,3.08,11.43,Healthy,test
C0749,4,12,4.915,35.74,4.893,6.541,140,21.18,0,1073,861,2553,2120,2626,3261,4058,4004,4008,4020,3541,2353,17785,1325,0.204,14.51,14.84,0.85,15.36,Healthy,test
C0097,5,15,4.803,35.86,4.77,6.586,281,22.3,0,1325,1020,2621,2319,3345,3487,4905,5240,4712,4407,3890,2978,20166,1448,0.081,19.51,19.22,0.19,19.7,Healthy,test
C0664,4,12,4.624,35.48,4.626,6.799,164,19.66,0,1083,867,2422,2034,2680,3195,4153,4266,3749,3609,3788,2673,17202,1372,-0.063,8.47,9.51,2.66,11.13,Healthy,test
C0720,5,15,6.718,37.3,6.488,7.061,395,9.82,1,1979,1466,4452,3249,4862,5440,6801,8013,7250,7262,5773,3869,31546,2048,1.799,42.34,46.59,29.43,71.78,Clinical,test
C0312,5,15,5.138,35.52,5.136,6.689,176,20.54,0,1239,986,2771,2408,3242,3576,4659,4844,4822,4588,3927,2678,20488,1520,0.447,19.1,17.99,-2.86,16.24,Healthy,test
C0605,2,6,4.635,35.32,4.651,6.554,64,25.12,0,938,778,2089,1748,2501,2925,3711,3944,3809,3477,3248,2209,15932,1249,-0.038,10.45,9.47,-1.95,8.5,Healthy,test
C0570,2,6,4.64,36.49,4.553,6.818,136,20.98,0,1147,849,2628,1957,2677,3246,3971,4683,4092,3789,3344,2199,17934,1365,-0.136,15.85,13.93,-3.84,12.01,Healthy,test
C0253,4,12,4.537,35.46,4.54,6.679,102,21.79,0,1169,848,2406,1950,2934,3420,4208,4361,4451,4103,3417,2543,18296,1441,-0.149,10.92,9.01,-2.3,8.62,Healthy,test
C0687,2,6,4.357,35.01,4.398,6.756,99,15.69,0,1165,841,2563,1895,2614,3133,3881,4300,4064,3600,3263,2377,17549,1311,-0.291,10.52,10.36,-0.31,10.21,Healthy,test
C0122,6,18,6.69,37.89,6.386,7.09,520,11.1,0,1480,1158,3252,2708,3419,3596,4520,5554,5118,5503,5009,3029,22366,1599,1.697,53.6,54.06,18.78,72.38,Clinical,test
C0285,4,12,4.516,35.04,4.555,6.662,89,25.46,0,1099,889,2452,2036,2675,3427,4254,4696,4630,4054,3283,2300,18320,1371,-0.134,8.48,8.55,1.2,9.69,Healthy,test
C0505,1,3,4.877,35.86,4.844,6.837,126,17.0,0,1120,833,2714,1946,2884,3478,4150,4101,4732,3899,3477,2163,18874,1401,0.155,14.8,14.8,0.0,14.8,Healthy,test
C0385,2,6,4.829,35.97,4.786,6.732,241,20.39,0,1274,1013,2887,2218,3107,3593,4614,4907,4662,4157,3933,2544,20279,1482,0.097,9.35,14.49,10.29,19.63,Healthy,test
C0742,2,6,4.837,35.91,4.799,6.741,202,17.82,0,1238,909,2655,2146,2906,3291,4466,4580,4442,4031,3903,2610,19363,1470,0.11,12.3,15.22,5.85,18.15,Healthy,test
C0511,2,6,5.282,35.47,5.285,6.718,207,26.11,0,1341,1044,2836,2244,3146,3548,4819,5470,5228,4832,4031,2708,21619,1529,0.596,13.39,17.29,7.81,21.2,Healthy,test
C0404,6,18,4.321,35.96,4.283,6.793,100,18.61,0,1036,782,2281,1862,2650,2858,3813,4225,4160,3787,3377,2151,16927,1310,-0.406,8.64,8.36,-1.18,7.46,Healthy,test
C0500,5,15,4.802,35.62,4.791,6.778,182,19.57,0,1193,841,2477,1963,2690,2950,3945,4391,4181,3758,3612,2471,17438,1318,0.102,14.98,12.75,-1.75,13.23,Healthy,test
C0229,2,6,4.921,35.1,4.958,6.634,149,18.94,0,1073,837,2516,1952,2820,3399,4540,4502,4305,4115,3637,2739,18711,1426,0.269,12.47,13.21,1.48,13.95,Healthy,test
C0455,6,18,4.463,35.89,4.43,6.687,117,18.72,0,1128,801,2256,1992,2777,3084,4187,4444,4078,3767,3695,2503,17586,1184,-0.259,11.53,10.01,-2.06,9.48,Healthy,test
C0096,6,18,4.357,35.95,4.32,6.553,128,24.78,0,1055,827,2262,1912,2712,2956,4002,3947,3964,3822,3245,2071,16788,1313,-0.369,10.77,10.2,-1.17,9.6,Healthy,test
C0366,5,15,6.104,37.21,5.906,6.965,355,12.56,0,1451,1011,3327,2536,3542,3828,5295,5625,5236,5291,4348,2858,23254,1581,1.217,35.18,35.84,14.41,49.59,Subclinical,test
C0354,5,15,4.918,35.22,4.944,6.664,161,22.68,0,1256,915,2644,2237,2778,3184,4201,4652,4148,3880,3631,2517,18329,1391,0.255,14.63,13.51,0.02,14.65,Healthy,test
C0573,3,9,5.244,36.58,5.136,6.779,246,17.21,0,1318,920,2767,2210,3211,3692,4761,5073,4570,4060,4325,2719,20036,1416,0.447,14.99,16.71,8.85,23.84,Healthy,test
C0572,4,12,4.894,35.71,4.874,6.618,145,22.58,0,1231,957,2490,2206,2886,3540,4280,4974,4615,4281,4200,2705,19069,1450,0.185,12.84,12.76,-0.94,11.9,Healthy,test
C0699,1,3,4.386,36.12,4.334,6.659,71,15.9,0,1174,854,2520,1990,2435,2757,3748,4322,4188,3677,3492,2429,17027,1344,-0.355,9.57,9.57,0.0,9.57,Healthy,test
C0632,3,9,5.525,36.19,5.453,6.838,252,16.47,0,1571,1090,3397,2542,3674,4160,5438,5673,5479,5115,4427,3242,23293,1600,0.764,16.74,19.15,11.14,27.87,Healthy,test
C0517,2,6,4.59,36.21,4.528,6.806,162,22.28,0,1238,922,2642,2051,3032,3223,4303,4723,4139,4028,3646,2519,18480,1437,-0.161,8.66,11.24,5.17,13.83,Healthy,test
C0785,4,12,4.519,35.86,4.488,6.76,125,15.79,0,1206,928,2641,2192,2633,3192,3800,4364,4265,4028,3679,2448,19050,1467,-0.201,8.2,8.74,2.22,10.43,Healthy,test
C0473,6,18,4.445,35.26,4.465,6.63,145,18.71,0,1080,810,2482,1911,2598,3010,3984,3807,3782,3444,3348,2122,17374,1302,-0.224,12.82,8.53,-5.47,7.35,Healthy,test
C0709,4,12,4.686,35.11,4.721,6.794,113,20.66,0,1006,706,2129,1704,2514,2786,3621,4056,3552,3315,3193,1978,16131,1211,0.032,10.92,9.31,-0.26,10.66,Healthy,test
C0270,2,6,3.814,36.61,3.734,6.452,194,21.57,0,1186,890,2391,2079,2963,3302,4211,4322,4243,3829,3760,2610,17895,1336,-0.955,10.71,10.01,-1.4,9.31,Healthy,test
C0652,6,18,4.736,36.09,4.683,6.633,116,17.68,0,1182,900,2511,2124,2587,3039,3875,4783,4460,3775,3473,2546,17547,1394,-0.006,13.11,11.06,-2.51,10.6,Healthy,test
C0138,5,15,4.919,35.62,4.908,6.479,107,21.38,0,1072,758,2189,1852,2617,2945,4011,4123,4134,3710,3210,2206,17676,1409,0.219,10.81,12.93,2.45,13.26,Healthy,test
C0634,3,9,4.362,35.53,4.36,6.591,147,24.65,0,1193,877,2475,2108,2820,3199,3977,4633,4280,4039,3273,2189,19098,1410,-0.329,11.05,10.89,-1.45,9.59,Healthy,test
C0574,2,6,4.322,34.96,4.366,6.623,207,24.37,0,1244,960,2829,1987,2989,3364,4517,4544,4526,4157,4226,2609,19421,1401,-0.323,10.21,10.2,-0.03,10.18,Healthy,test
C0545,1,3,4.728,36.34,4.653,6.565,112,14.62,0,1031,773,2310,1875,2356,2632,3689,3906,3669,3523,3158,2087,15778,1223,-0.036,11.82,11.82,0.0,11.82,Healthy,test
C0382,2,6,5.075,35.79,5.047,6.707,221,18.99,0,1201,951,2592,2372,3040,3526,4637,4889,4463,4145,4049,2670,19911,1389,0.358,13.44,16.49,6.1,19.54,Healthy,test
C0025,2,6,4.647,35.3,4.665,6.93,174,20.9,0,1216,844,2590,2080,2975,3243,4081,4727,4645,4124,3441,2394,19411,1440,-0.024,9.72,10.68,1.93,11.65,Healthy,test
C0443,1,3,4.699,36.52,4.608,6.631,118,17.68,0,1045,809,2133,1793,2428,2802,3558,3868,3632,3502,2961,2009,16061,1257,-0.081,11.95,11.95,0.0,11.95,Healthy,test
C0678,5,15,4.894,36.29,4.821,6.766,196,20.23,0,1378,1059,3065,2461,3202,3740,4689,5493,5013,5123,4181,2675,22797,1624,0.132,16.89,16.22,-0.51,16.38,Healthy,test
C0069,5,15,6.274,37.31,6.058,6.885,347,12.09,1,1860,1449,4184,3313,4301,4962,6138,7859,7149,6583,6038,3987,29803,2048,1.369,32.48,38.08,28.98,61.46,Subclinical,test
C0617,5,15,4.221,35.63,4.211,6.61,144,23.11,0,1179,884,2789,1956,3036,3507,4416,4626,4391,4025,3193,2442,18177,1400,-0.478,10.2,9.86,-3.82,6.39,Healthy,test
C0213,2,6,4.688,34.82,4.749,6.766,146,23.49,0,1297,976,2753,2239,3140,3660,4905,5131,4697,4485,3839,2515,20853,1593,0.06,12.86,12.37,-0.97,11.89,Healthy,test
C0595,5,15,6.111,36.53,5.991,6.951,490,14.66,1,2079,1497,4316,3442,4837,5824,7809,8440,7565,7090,6816,4502,32414,2126,1.302,40.92,45.12,26.67,67.6,Subclinical,test
C0412,2,6,5.062,35.9,5.024,6.582,186,21.9,0,1167,915,2437,2070,2842,3209,4303,4468,4487,3931,3638,2400,18546,1323,0.335,21.7,18.16,-7.07,14.63,Healthy,test
C0586,6,18,8.05,38.29,7.623,7.14,662,7.7,1,2319,1787,5227,4257,4762,5358,6970,8394,7666,7921,6442,4780,34271,2300,2.934,84.51,78.16,11.19,95.7,Clinical,test
C0638,6,18,4.363,35.37,4.374,6.714,92,18.71,0,1068,811,2253,1845,2607,2953,3695,4076,3629,3677,3337,2148,16586,1275,-0.315,7.29,7.02,0.15,7.44,Healthy,test
C0334,3,9,4.857,36.02,4.809,6.711,151,24.83,0,1196,867,2706,1952,2893,3091,4076,4557,3860,3912,3427,2195,18358,1337,0.12,12.81,14.71,3.19,16.0,Healthy,test
C0467,6,18,5.026,35.32,5.043,6.531,146,18.73,0,1203,959,2634,2184,2830,3148,3998,4847,4781,4172,3744,2399,19269,1393,0.354,15.5,13.49,-2.42,13.08,Healthy,test
C0749,2,6,4.774,35.86,4.741,6.551,137,22.08,0,1100,838,2517,1958,2502,3109,3713,4172,4291,3686,3179,2298,17498,1323,0.052,14.01,14.33,0.64,14.65,Healthy,test
C0129,2,6,4.611,36.14,4.555,6.67,118,26.09,0,1264,894,2524,2155,2880,3244,4214,4564,3941,3799,3213,2256,17905,1325,-0.134,11.41,12.01,1.19,12.6,Healthy,test
C0204,6,18,4.297,34.87,4.348,6.633,190,16.66,0,1255,997,2878,2302,3027,3427,4394,4807,4568,4216,4071,2789,19786,1417,-0.341,7.05,6.16,-0.45,6.6,Healthy,test
C0158,6,18,4.902,35.02,4.947,6.635,41,17.69,0,1072,783,2122,1782,2403,2893,3645,4105,3771,3476,3338,2292,16058,1125,0.258,8.68,7.09,-1.89,6.78,Healthy,test
C0172,5,15,4.75,35.94,4.71,6.625,161,14.65,0,1111,817,2444,2034,2713,3159,3916,4349,3939,3626,3264,1973,17166,1355,0.021,12.47,12.37,1.37,13.85,Healthy,test
C0446,1,3,4.691,35.52,4.689,6.682,148,23.1,0,1239,908,2732,2104,2761,3491,4374,4838,4491,4139,3935,2650,19024,1345,0.0,13.85,13.85,0.0,13.85,Healthy,test
C0002,4,12,5.143,35.75,5.119,6.467,94,20.25,0,1124,819,2544,1961,2849,3157,4025,4471,4361,3700,3305,2391,18451,1398,0.43,14.52,14.93,1.26,15.78,Healthy,test
C0519,2,6,4.984,36.0,4.937,6.721,224,19.2,0,1203,890,2710,2120,3146,3703,4606,5375,4648,4561,3936,2622,20575,1454,0.248,12.2,15.22,6.04,18.23,Healthy,test
C0686,5,15,4.716,35.37,4.728,6.689,138,26.39,0,1189,915,2544,2087,2982,3396,4481,4669,4453,4172,3565,2273,18935,1425,0.039,13.36,12.55,-1.23,12.12,Healthy,test
C0169,5,15,5.02,35.58,5.012,6.594,184,13.62,0,1235,902,2624,2257,3121,3311,4251,4678,4331,3871,4001,2536,18972,1454,0.323,13.2,14.85,1.89,15.09,Healthy,test
C0470,3,9,4.753,35.73,4.732,6.729,202,21.45,0,1223,951,2268,2088,2569,3083,3837,4397,4331,4233,3773,2282,18354,1332,0.043,15.95,15.89,-1.09,14.86,Healthy,test
C0646,2,6,4.302,35.02,4.341,6.495,185,26.57,0,1242,985,2803,2411,3280,3462,4676,4659,4637,4412,3887,2634,20484,1434,-0.348,7.34,8.38,2.06,9.41,Healthy,test
C0071,4,12,4.036,35.68,4.022,6.725,150,18.61,0,1175,902,2659,1939,2926,3257,4250,4697,4287,4109,4050,2678,18370,1319,-0.667,6.45,7.16,0.78,7.23,Healthy,test
C0364,2,6,4.186,35.81,4.161,6.734,114,20.83,0,1137,853,2350,1934,2777,3131,4101,4181,3784,3694,3420,2493,17083,1336,-0.528,9.48,7.65,-3.66,5.82,Healthy,test
C0012,2,6,4.85,35.89,4.814,6.693,234,18.9,0,1335,934,2752,2247,2893,3573,4726,4786,5214,4464,4103,2958,20607,1470,0.125,13.28,16.29,6.03,19.31,Healthy,test
C0520,3,9,4.724,35.67,4.709,6.74,165,22.62,0,1365,917,2689,2214,2955,3652,4331,4842,4667,4601,3633,2520,19203,1420,0.02,13.79,13.86,0.38,14.17,Healthy,test
C0447,2,6,4.72,34.96,4.768,6.687,90,15.32,0,1113,834,2397,1977,2675,2940,3757,3795,3778,3319,3215,2155,16804,1279,0.079,9.34,10.81,2.94,12.28,Healthy,test
C0137,1,3,4.474,36.02,4.43,6.71,126,22.88,0,1181,854,2633,2009,2640,3059,3860,4159,3723,3647,3381,2381,16634,1327,-0.259,8.82,8.82,0.0,8.82,Healthy,test
C0371,5,15,4.329,35.6,4.321,6.586,151,19.92,0,1107,878,2348,2008,2738,3195,4203,4586,4677,4146,3671,2307,18184,1369,-0.368,8.93,8.05,-2.67,6.26,Healthy,test
C0680,2,6,4.565,36.01,4.521,6.644,125,20.62,0,1191,881,2555,2031,2997,3578,4519,4638,4361,3965,3500,2239,18487,1317,-0.168,9.99,11.42,2.86,12.85,Healthy,test
C0340,2,6,4.987,36.0,4.94,6.716,198,17.63,0,1231,864,2824,2106,2947,3485,4353,4991,4875,4453,3782,2808,20722,1477,0.251,9.91,14.59,9.37,19.28,Healthy,test
C0147,4,12,4.509,35.54,4.506,6.775,77,19.13,0,1024,754,2349,1694,2347,2714,3459,4268,3796,3280,3263,2121,15437,1177,-0.183,7.57,7.69,1.85,9.42,Healthy,test
C0345,2,6,4.92,35.3,4.939,6.728,146,21.65,0,1163,888,2358,1989,2926,3028,4062,5041,4758,4112,3646,2549,20001,1402,0.25,10.63,12.27,3.28,13.91,Healthy,test
C0563,5,15,4.804,35.1,4.841,6.602,98,19.41,0,1186,899,2432,2081,2791,3255,4063,4099,4077,3593,3592,2272,17529,1355,0.152,10.31,10.41,1.11,11.42,Healthy,test
C0258,2,6,4.471,35.16,4.5,6.543,78,18.42,0,1006,753,2096,1790,2406,2718,3265,3861,3613,3467,3072,2142,15173,1222,-0.189,10.08,8.77,-2.61,7.46,Healthy,test
C0558,1,3,4.548,35.83,4.519,6.723,182,18.53,0,1188,962,2623,1898,3141,3314,4318,4744,4200,3907,3767,2491,19060,1459,-0.17,10.05,10.05,0.0,10.05,Healthy,test
C0427,2,6,4.143,35.17,4.169,6.781,148,22.77,0,1113,815,2399,1854,2683,2987,4190,4994,4384,4344,3673,2425,18149,1387,-0.52,10.17,8.45,-3.44,6.73,Healthy,test
C0454,1,3,5.082,35.94,5.04,6.855,221,21.05,0,1406,1070,3066,2456,3354,3688,5215,5369,5261,4877,4298,2822,22400,1558,0.351,19.19,19.19,0.0,19.19,Healthy,test
C0494,3,9,5.246,35.01,5.295,6.659,188,18.38,0,1332,993,2762,2275,2808,3290,4582,4918,4737,4437,3858,2667,19532,1477,0.606,16.68,17.63,0.71,17.39,Healthy,test
C0420,2,6,4.532,35.17,4.56,6.706,160,23.34,0,1258,920,2568,2140,3077,3270,4621,4625,4349,4054,3709,2593,18427,1367,-0.129,9.54,8.77,-1.53,8.01,Healthy,test
C0452,6,18,5.071,35.7,5.052,6.547,112,17.56,0,1238,856,2565,2018,3053,3047,4251,4909,4458,4032,3521,2220,19081,1458,0.363,11.5,12.71,3.87,15.36,Healthy,test
C0686,1,3,4.508,35.29,4.526,6.68,122,25.54,0,1220,841,2499,1999,3029,3231,4477,4746,4352,3953,3437,2323,18017,1360,-0.163,7.48,7.48,0.0,7.48,Healthy,test
C0490,4,12,3.853,35.88,3.825,6.606,165,18.6,0,1198,917,2775,2270,2911,3262,4225,4633,4449,4012,3820,2651,19695,1373,-0.864,4.82,6.84,3.51,8.33,Healthy,test
C0757,1,3,4.576,35.8,4.55,6.658,207,19.8,0,1268,918,2798,2221,3316,3790,4873,5318,4629,4228,4180,2755,20695,1461,-0.139,14.28,14.28,0.0,14.28,Healthy,test
C0776,1,3,4.672,35.93,4.634,6.763,152,22.54,0,1031,800,2389,1831,2572,3064,3890,4623,4202,4126,3223,2175,17914,1236,-0.055,12.2,12.2,0.0,12.2,Healthy,test
C0509,4,12,4.562,36.08,4.512,6.553,118,11.37,0,1181,902,2536,1900,2631,2942,3962,4303,4407,3962,3442,2427,17587,1323,-0.177,12.16,11.23,-2.18,9.97,Healthy,test
C0740,3,9,4.772,35.48,4.774,6.643,209,19.12,0,1198,955,2803,2119,3246,3678,4991,5266,4891,4634,4177,2701,20646,1524,0.085,14.76,15.64,0.81,15.56,Healthy,test
C0329,3,9,5.224,36.37,5.138,6.825,245,19.79,0,1315,1068,3174,2369,3284,3806,4797,5694,5210,4766,4413,2895,21449,1459,0.449,14.27,16.5,9.18,23.45,Healthy,test
C0048,2,6,4.185,35.92,4.152,6.68,140,20.83,0,1247,933,2637,2074,2884,3259,4388,4724,4459,4269,3671,2420,19528,1419,-0.537,10.56,9.02,-3.09,7.47,Healthy,test
C0037,4,12,5.291,36.22,5.219,6.566,155,19.17,0,1212,942,2834,2146,2840,3061,4247,4592,4070,3885,3622,2525,18589,1317,0.53,20.85,20.14,-0.65,20.2,Healthy,test
C0199,2,6,4.423,36.16,4.368,6.693,83,23.05,0,1191,796,2429,2051,2705,2979,3876,4079,3630,3410,3339,2099,17014,1273,-0.321,8.82,8.74,-0.15,8.67,Healthy,test
C0523,6,18,4.922,35.45,4.927,6.664,142,28.94,0,1071,854,2485,1940,2732,3245,4017,4432,4377,3802,3028,2246,18287,1319,0.238,11.4,13.18,1.59,12.99,Healthy,test
C0781,5,15,5.048,35.33,5.064,6.737,173,19.06,0,1339,1029,3104,2311,2935,3564,4754,4905,4640,4585,3647,2470,20427,1488,0.375,14.33,17.02,4.38,18.71,Healthy,test
C0699,6,18,4.445,36.09,4.395,6.669,48,15.8,0,1115,814,2495,1985,2525,2698,3636,4209,3844,3759,3360,2229,16937,1265,-0.294,9.49,8.23,-3.54,5.95,Healthy,test
C0488,6,18,7.39,37.52,7.106,7.14,488,6.7,1,2076,1431,4500,3575,4441,4503,5937,7177,6685,7095,6036,4255,29264,2025,2.417,67.2,64.68,18.61,85.81,Clinical,test
C0387,1,3,4.815,35.11,4.851,6.596,196,27.99,0,1201,925,2578,2231,3313,3860,4812,4769,4826,4523,3975,2718,19985,1431,0.162,12.73,12.73,0.0,12.73,Healthy,test
C0619,2,6,4.896,35.86,4.863,6.75,221,18.99,0,1388,958,2889,2223,3440,3793,4903,5123,4944,4327,4227,2739,21136,1457,0.174,15.28,16.74,2.93,18.21,Healthy,test
C0526,4,12,4.355,35.81,4.329,6.784,142,19.08,0,1143,805,2357,1882,2627,2945,3861,3974,3954,3603,3226,2218,16581,1255,-0.36,9.83,9.71,-0.17,9.67,Healthy,test
C0338,3,9,5.452,36.24,5.375,6.798,337,15.38,0,1371,1051,2865,2374,3174,3781,4727,5176,5183,4614,4774,3073,21408,1558,0.686,17.97,22.51,15.56,33.53,Subclinical,test
C0374,3,9,5.297,35.76,5.271,6.656,167,20.4,0,1301,991,2849,2317,3243,3592,4478,5148,4664,4135,4102,2576,20548,1554,0.582,20.63,19.02,-3.25,17.38,Healthy,test
C0294,3,9,4.923,35.16,4.955,6.552,129,19.87,0,1292,893,2635,2235,3054,3264,4652,4499,4405,4129,3745,2450,19374,1450,0.266,11.1,12.18,1.36,12.46,Healthy,test
C0076,4,12,4.798,35.71,4.779,6.578,78,20.5,0,1154,807,2429,1966,2484,2573,3512,4498,4185,4039,3378,2117,17767,1288,0.09,10.04,11.57,2.7,12.73,Healthy,test
C0265,4,12,4.589,35.38,4.599,6.811,168,25.31,0,1160,858,2623,2084,2823,3245,3972,4429,4101,4093,3586,2355,18121,1329,-0.09,12.52,11.56,-3.78,8.74,Healthy,test
C0744,2,6,4.661,34.89,4.715,6.668,183,18.77,0,1283,934,2641,2133,2810,3280,4316,4611,4485,4190,4063,2581,18665,1387,0.026,8.9,9.78,1.76,10.66,Healthy,test
C0049,4,12,5.871,37.09,5.694,6.991,247,17.97,0,1451,1087,3006,2494,3465,3965,4933,5337,4914,4730,4486,2944,22010,1592,1.005,23.33,25.15,12.71,36.04,Subclinical,test
C0691,2,6,4.968,36.17,4.905,6.723,211,20.66,0,1258,901,2757,2129,2916,3409,4586,4544,4224,3944,3958,2702,18386,1427,0.216,12.35,15.77,6.84,19.2,Healthy,test
C0510,1,3,4.493,35.74,4.473,6.639,138,21.9,0,1103,893,2439,2039,2712,3313,4307,4525,4541,4507,3476,2272,18981,1425,-0.216,11.47,11.47,0.0,11.47,Healthy,test
C0711,3,9,5.328,36.31,5.246,6.81,338,18.12,0,1474,1091,3205,2513,3553,4113,5171,5535,5232,4876,4433,2951,22916,1549,0.557,18.59,20.54,13.34,31.93,Subclinical,test
C0176,5,15,5.015,34.99,5.064,6.654,113,18.79,0,1256,921,2584,2049,2730,3043,4183,4188,4225,3774,3482,2470,17341,1359,0.375,13.76,12.85,-1.76,12.0,Healthy,test
C0564,3,9,4.65,34.56,4.733,6.529,166,21.74,0,1160,915,2729,2157,2969,3245,4250,4824,4611,4184,3517,2543,19545,1451,0.044,14.5,13.13,-1.1,13.4,Healthy,test
C0727,3,9,4.413,36.11,4.362,6.773,185,19.94,0,1195,935,2530,2200,3188,3294,4375,4759,4210,4303,4222,2703,18690,1379,-0.327,7.99,11.18,4.19,12.18,Healthy,test
C0143,1,3,4.182,35.94,4.147,6.633,101,18.89,0,960,730,2226,1849,2296,2614,3558,4047,3663,3473,3295,2318,16213,1209,-0.542,8.54,8.54,0.0,8.54,Healthy,test
C0424,5,15,6.162,37.37,5.943,6.921,563,13.59,1,2041,1561,4236,3634,5004,5858,7776,7448,7182,6598,6428,4416,31763,2187,1.254,46.74,49.64,27.68,74.42,Clinical,test
C0716,2,6,4.748,35.95,4.707,6.71,197,19.79,0,1399,965,2831,2317,3159,3675,4493,5410,4744,4766,4297,2851,20869,1434,0.018,15.1,14.99,-0.23,14.88,Healthy,test
C0289,2,6,4.515,35.85,4.485,6.844,190,24.73,0,1194,855,2635,2063,3026,3486,4394,4871,4573,4222,3979,2944,19523,1435,-0.204,11.42,11.58,0.31,11.73,Healthy,test
C0596,2,6,4.737,35.63,4.725,6.706,139,17.39,0,1163,866,2477,1995,2933,3367,4087,4415,4383,3932,3526,2364,17762,1342,0.036,11.12,10.33,-1.58,9.54,Healthy,test
C0167,2,6,4.416,36.55,4.328,6.695,178,26.16,0,1340,930,2860,2321,3217,3751,4694,5247,5093,4804,4118,2629,21041,1506,-0.361,13.0,12.32,-1.37,11.63,Healthy,test
C0092,4,12,5.017,35.25,5.041,6.628,108,27.34,0,1267,926,2675,2164,3162,3646,4515,4717,4528,3994,3525,2612,19139,1447,0.352,9.48,10.7,2.34,11.83,Healthy,test
C0009,6,18,4.593,35.85,4.562,6.694,139,16.41,0,1040,818,2477,1828,2671,3195,4121,4282,4143,3899,3509,2411,18059,1405,-0.127,12.99,11.32,-2.07,10.92,Healthy,test
C0177,3,9,4.51,35.62,4.5,6.755,174,22.23,0,1284,891,2704,2100,2867,3425,4378,5079,4495,4219,3800,2417,19162,1409,-0.189,11.41,11.26,-0.02,11.39,Healthy,test
C0217,5,15,4.561,36.13,4.506,6.685,177,18.65,0,1271,884,2548,2063,2709,3334,4286,4343,4169,4138,3675,2367,18627,1309,-0.183,11.54,13.25,4.97,16.51,Healthy,test
